Natural Language,Ground Truth,Atomic Proposition
"after the bar is up and the car starts, never, the constructor creates instances and a car enters",G(( bar_is_up & car_starts ) -> G(!( constructor_creates_instances & car_enters ))),{bar_is_up car_enters car_starts constructor_creates_instances}
"as WPPPgTbnma, it will happen that AZPBPoUOnj",G(( WPPPgTbnma ) -> F( AZPBPoUOnj )),{AZPBPoUOnj WPPPgTbnma}
in any case either _lxbFGJyo or mHdigPFYiag,G( _lxbFGJyo | mHdigPFYiag ),{_lxbFGJyo mHdigPFYiag}
it is always true that a train stops or a semaphore is red or the escalator moves,G( train_stops | semaphore_is_red | escalator_moves ),{escalator_moves semaphore_is_red train_stops}
"at any time a house collapses, the brake is released and a motorbike has started",G( house_collapses & brake_is_released & motorbike_has_started ),{brake_is_released house_collapses motorbike_has_started}
"always, the semaphore is green, a semaphore is broken and the escalator is blocked",G( semaphore_is_green & semaphore_is_broken & escalator_is_blocked ),{escalator_is_blocked semaphore_is_broken semaphore_is_green}
"under no circumstances either the house is built, a car enters or a train has been launched",G(!( house_is_built | car_enters | train_has_been_launched )),{car_enters house_is_built train_has_been_launched}
"as RgXmGNcof or ixDugoGxCyXOfAU, at some point sUSIhXjRhv_Lp",G(( RgXmGNcof | ixDugoGxCyXOfAU ) -> F( sUSIhXjRhv_Lp )),{RgXmGNcof ixDugoGxCyXOfAU sUSIhXjRhv_Lp}
"at no time either a bridge opens, the semaphore is broken or a semaphore is red",G(!( bridge_opens | semaphore_is_broken | semaphore_is_red )),{bridge_opens semaphore_is_broken semaphore_is_red}
"as Rmrvh_FwtVgv or XLfNWRiXoIPQG, it is going to happen that xYoZyhNRkDnxo",G(( Rmrvh_FwtVgv | XLfNWRiXoIPQG ) -> F( xYoZyhNRkDnxo )),{LfNWRiXoIPQG Rmrvh_FwtVgv xYoZyhNRkDnxo}
"first, in the future the car starts or a train derails, and then, in the future the engine stops or the constructor instantiate objects",G(!( car_starts | train_derails )) | F(( car_starts | train_derails ) & F( engine_stops | constructor_instantiate_objects )),{car_starts constructor_instantiate_objects engine_stops train_derails}
"at any time either a motorbike is driven, the bar is closing or the escalator speeds up",G( motorbike_is_driven | bar_is_closing | escalator_speeds_up ),{bar_is_closing escalator_speeds_up motorbike_is_driven}
"eventually, either the train derails or a house collapses and, at a certain moment the train has been launched and a constructor creates instances afterwards",G(!( train_derails | house_collapses )) | F(( train_derails | house_collapses ) & F( train_has_been_launched & constructor_creates_instances )),{constructor_creates_instances house_collapses train_derails train_has_been_launched}
if either the brake is pressed or the escalator moves then sooner or later both a house is open and the brake is released,G(( brake_is_pressed | escalator_moves ) -> F( house_is_open & brake_is_released )),{brake_is_pressed brake_is_released escalator_moves house_is_open}
"if NiDxjFLEBDbDzxA and BjbGzgUditN then eventually, IBVKOHUxvhYeL or UWcMjA",G(( NiDxjFLEBDbDzxA & BjbGzgUditN ) -> F( IBVKOHUxvhYeL | UWcMjA )),{BjbGzgUditN IBVKOHUxvhYeL NiDxjFLEBDbDzxA UWcMjA}
every time the motorbike catches fire or the sensor gathers information then in the future a constructor instantiate objects or the bar is up,G(( motorbike_catches_fire | sensor_gathers_information ) -> F( constructor_instantiate_objects | bar_is_up )),{bar_is_up constructor_instantiate_objects motorbike_catches_fire sensor_gathers_information}
"after a table is old and a constructor creates instances, sooner or later either a manager handles requests or a motorbike catches fire",G(( table_is_old & constructor_creates_instances ) -> F( manager_handles_requests | motorbike_catches_fire )),{constructor_creates_instances manager_handles_requests motorbike_catches_fire table_is_old}
"eternally, ypvNnKYBGY, FfP_NdqfSjhCV and fagLhqRsb",G( ypvNnKYBGY & FfP_NdqfSjhCV & fagLhqRsb ),{fP_NdqfSjhCV fagLhqRsb ypvNnKYBGY}
every time iTlhoFJunOdEMrR and ZWLYHEye,G( iTlhoFJunOdEMrR & ZWLYHEye ),{ZWLYHEye iTlhoFJunOdEMrR}
"after qNIIsYqBqpR, it is going to happen that EEyuZesTYgysHes",G(( qNIIsYqBqpR ) -> F( EEyuZesTYgysHes )),{EEyuZesTYgysHes qNIIsYqBqpR}
"it never happens that either the engine starts, an elevator is open or the bar is closing",G(!( engine_starts | elevator_is_open | bar_is_closing )),{bar_is_closing elevator_is_open engine_starts}
at any time the bridge closes or a bridge opens or the train has been launched,G( bridge_closes | bridge_opens | train_has_been_launched ),{bridge_closes bridge_opens train_has_been_launched}
"as either the brake is released or a house collapses, it will happen that both the constructor instantiate objects and the elevator rises",G(( brake_is_released | house_collapses ) -> F( constructor_instantiate_objects & elevator_rises )),{brake_is_released constructor_instantiate_objects elevator_rises house_collapses}
every time either the house is open or a train is crossing then sooner or later a table is old or the elevator falls,G(( house_is_open | train_is_crossing ) -> F( table_is_old | elevator_falls )),{elevator_falls house_is_open table_is_old train_is_crossing}
"always, DNqxWhGlEUXR or ZuwykhvcOYMFB or HYqBZQZOzHOsHX",G( DNqxWhGlEUXR | ZuwykhvcOYMFB | HYqBZQZOzHOsHX ),{DNqxWhGlEUXR HYqBZQZOzHOsHX ZuwykhvcOYMFB}
it is going to happen that both a train has been launched and the train stops after the semaphore is green and a bridge opens,G(( semaphore_is_green & bridge_opens ) -> F( train_has_been_launched & train_stops )),{bridge_opens semaphore_is_green train_has_been_launched train_stops}
"never, either the escalator is blocked, a semaphore is broken or an elevator rises",G(!( escalator_is_blocked | semaphore_is_broken | elevator_rises )),{elevator_rises escalator_is_blocked semaphore_is_broken}
when the train is crossing then if the constructor instantiate objects then it is going to happen that the car starts afterwards,G(( train_is_crossing ) -> G(( constructor_instantiate_objects ) -> F( car_starts ))),{car_starts constructor_instantiate_objects train_is_crossing}
every time both the escalator moves and the bar is closing then it is always true that either the manager handles requests or the motorbike has started,G(( escalator_moves & bar_is_closing ) -> G( manager_handles_requests | motorbike_has_started )),{bar_is_closing escalator_moves manager_handles_requests motorbike_has_started}
"each time a house collapses then as the table is brown, in the future a motorbike has stopped",G(( house_collapses ) -> G(( table_is_brown ) -> F( motorbike_has_stopped ))),{house_collapses motorbike_has_stopped table_is_brown}
"after either the car starts or a manager handles requests, at a certain moment both the car starts and a house is open",G(( car_starts | manager_handles_requests ) -> F( car_starts & house_is_open )),{car_starts house_is_open manager_handles_requests}
if the train is crossing or the train has been launched then it is going to happen that the bar is up and the motorbike has started,G(( train_is_crossing | train_has_been_launched ) -> F( bar_is_up & motorbike_has_started )),{bar_is_up motorbike_has_started train_has_been_launched train_is_crossing}
it will not happen that the motorbike catches fire and together the house is open and the engine breaks,G(!( motorbike_catches_fire & house_is_open & engine_breaks )),{engine_breaks house_is_open motorbike_catches_fire}
"as a table is old or a train has arrived, sooner or later both the car enters and the car starts",G(( table_is_old | train_has_arrived ) -> F( car_enters & car_starts )),{car_enters car_starts table_is_old train_has_arrived}
"after a motorbike catches fire and a semaphore is red, it will happen that a bridge closes or the semaphore is green",G(( motorbike_catches_fire & semaphore_is_red ) -> F( bridge_closes | semaphore_is_green )),{bridge_closes motorbike_catches_fire semaphore_is_green semaphore_is_red}
"forever, a house is open and together the bar is down and the escalator moves",G( house_is_open & bar_is_down & escalator_moves ),{bar_is_down escalator_moves house_is_open}
"as either the brake is released or the bar is down, at some point in time both the bridge closes and the engine starts",G(( brake_is_released | bar_is_down ) -> F( bridge_closes & engine_starts )),{bar_is_down brake_is_released bridge_closes engine_starts}
if a bridge opens or a motorbike falls down then at some point in time an elevator falls and a house is built,G(( bridge_opens | motorbike_falls_down ) -> F( elevator_falls & house_is_built )),{bridge_opens elevator_falls house_is_built motorbike_falls_down}
"under no circumstances either jtgbErnYYeOaMl, fkrTi or _NDLLqHDv",G(!( jtgbErnYYeOaMl | fkrTi | _NDLLqHDv )),{_NDLLqHDv fkrTi jtgbErnYYeOaMl}
"eternally, the elevator falls or a house is open or the house is built",G( elevator_falls | house_is_open | house_is_built ),{elevator_falls house_is_built house_is_open}
"after either the escalator moves or a train has arrived, eventually, an elevator falls or the bar is closing",G(( escalator_moves | train_has_arrived ) -> F( elevator_falls | bar_is_closing )),{bar_is_closing elevator_falls escalator_moves train_has_arrived}
"every time qfnlDtUpQZ then absolutely never, both djpPcLq and tKCKGYCGghaGOGS",G(( qfnlDtUpQZ ) -> G(!( djpPcLq & tKCKGYCGghaGOGS ))),{djpPcLq qfnlDtUpQZ tKCKGYCGghaGOGS}
when the bar has to be repaired then whenever a table is old then at some point in time the train is crossing afterwards,G(( bar_has_to_be_repaired ) -> G(( table_is_old ) -> F( train_is_crossing ))),{bar_has_to_be_repaired table_is_old train_is_crossing}
if a train is crossing and the engine stops then at a certain moment a table is old or an elevator falls,G(( train_is_crossing & engine_stops ) -> F( table_is_old | elevator_falls )),{elevator_falls engine_stops table_is_old train_is_crossing}
"it is always true that either the elevator is open, the engine stops or the bar is up",G( elevator_is_open | engine_stops | bar_is_up ),{bar_is_up elevator_is_open engine_stops}
in any case the manager handles requests or a motorbike catches fire or a sensor retrieves data,G( manager_handles_requests | motorbike_catches_fire | sensor_retrieves_data ),{manager_handles_requests motorbike_catches_fire sensor_retrieves_data}
always when either YWbxjIM or oOtFXRuYncYopp then it will happen that both opqKrfPGwuG and HVGubwPeCyzILec,G(( YWbxjIM | oOtFXRuYncYopp ) -> F( opqKrfPGwuG & HVGubwPeCyzILec )),{HVGubwPeCyzILec YWbxjIM oOtFXRuYncYopp opqKrfPGwuG}
it will not happen that the car stops or the motorbike has stopped or a table has been moved,G(!( car_stops | motorbike_has_stopped | table_has_been_moved )),{car_stops motorbike_has_stopped table_has_been_moved}
"forever, the car starts and together the elevator falls and the brake is pressed",G( car_starts & elevator_falls & brake_is_pressed ),{brake_is_pressed car_starts elevator_falls}
"in any case a semaphore is red and, at the same time, a house is built and a motorbike is driven",G( semaphore_is_red & house_is_built & motorbike_is_driven ),{house_is_built motorbike_is_driven semaphore_is_red}
"as either iuOqfNuaYAE or CYZMHiVU, finally, qTqTZlw",G(( iuOqfNuaYAE | CYZMHiVU ) -> F( qTqTZlw )),{CYZMHiVU iuOqfNuaYAE qTqTZlw}
if either jirukSlJZitgx or QUgJm then at some point pcfEurL,G(( jirukSlJZitgx | QUgJm ) -> F( pcfEurL )),{QUgJm jirukSlJZitgx pcfEurL}
"in the future either the escalator is blocked, a sensor captures data or the sensor retrieves data",F( escalator_is_blocked | sensor_captures_data | sensor_retrieves_data ),{escalator_is_blocked sensor_captures_data sensor_retrieves_data}
always when PWzdlUXlBnfBNVI or mueoVmPb then at a certain moment HGYprROQXYFHGC or ZGnSy,G(( PWzdlUXlBnfBNVI | mueoVmPb ) -> F( HGYprROQXYFHGC | ZGnSy )),{HGYprROQXYFHGC PWzdlUXlBnfBNVI ZGnSy mueoVmPb}
"all the time the escalator speeds up, the manager handles requests and a car enters",G( escalator_speeds_up & manager_handles_requests & car_enters ),{car_enters escalator_speeds_up manager_handles_requests}
whenever a table is brown and the escalator speeds up then it will happen that a train has been launched and a constructor instantiate objects,G(( table_is_brown & escalator_speeds_up ) -> F( train_has_been_launched & constructor_instantiate_objects )),{constructor_instantiate_objects escalator_speeds_up table_is_brown train_has_been_launched}
it is always the case that a train has been launched or a table is brown or an elevator is open,G( train_has_been_launched | table_is_brown | elevator_is_open ),{elevator_is_open table_is_brown train_has_been_launched}
"after the semaphore is red and the car enters, at some point a sensor captures data and the engine stops",G(( semaphore_is_red & car_enters ) -> F( sensor_captures_data & engine_stops )),{car_enters engine_stops semaphore_is_red sensor_captures_data}
"at any time an elevator rises and, at the same time, a manager handles requests and the house collapses",G( elevator_rises & manager_handles_requests & house_collapses ),{elevator_rises house_collapses manager_handles_requests}
"as the escalator moves and the semaphore is yellow, it will happen that the car starts or a car stops",G(( escalator_moves & semaphore_is_yellow ) -> F( car_starts | car_stops )),{car_starts car_stops escalator_moves semaphore_is_yellow}
every time jzugwXZe,G( jzugwXZe ),{jzugwXZe}
"it will not happen that a car stops and, at the same time, the escalator moves and the bar is closing",G(!( car_stops & escalator_moves & bar_is_closing )),{bar_is_closing car_stops escalator_moves}
"after both a semaphore is green and a bridge opens, it is going to happen that either the bar has to be repaired or the engine breaks",G(( semaphore_is_green & bridge_opens ) -> F( bar_has_to_be_repaired | engine_breaks )),{bar_has_to_be_repaired bridge_opens engine_breaks semaphore_is_green}
whenever the bridge opens and a sensor retrieves data then in the future the engine starts or a constructor instantiate objects,G(( bridge_opens & sensor_retrieves_data ) -> F( engine_starts | constructor_instantiate_objects )),{bridge_opens constructor_instantiate_objects engine_starts sensor_retrieves_data}
every time either tPXLurbG or rGowhqdSkD then at some point either ZXLBpqbdP or qaU_zRTrHiNzG,G(( tPXLurbG | rGowhqdSkD ) -> F( ZXLBpqbdP | qaU_zRTrHiNzG )),{ZXLBpqbdP qaU_zRTrHiNzG rGowhqdSkD tPXLurbG}
it will happen that a semaphore is red or the house is open or a house is built,F( semaphore_is_red | house_is_open | house_is_built ),{house_is_built house_is_open semaphore_is_red}
"sooner or later IbpzIs and, at the same time, VPdZbhFFMmeGR and JhULrBQeKwNZW",F( IbpzIs & VPdZbhFFMmeGR & JhULrBQeKwNZW ),{IbpzIs JhULrBQeKwNZW VPdZbhFFMmeGR}
"whenever either the engine stops or the train stops then finally, either a train derails or the engine starts",G(( engine_stops | train_stops ) -> F( train_derails | engine_starts )),{engine_starts engine_stops train_derails train_stops}
"always, a car starts and together the table is brown and an elevator is open",G( car_starts & table_is_brown & elevator_is_open ),{car_starts elevator_is_open table_is_brown}
"after a train has arrived or an elevator rises, at a certain moment the escalator moves or a train has arrived",G(( train_has_arrived | elevator_rises ) -> F( escalator_moves | train_has_arrived )),{elevator_rises escalator_moves train_has_arrived}
"as the bar is closing or the bridge closes, finally, the elevator falls or a train stops",G(( bar_is_closing | bridge_closes ) -> F( elevator_falls | train_stops )),{bar_is_closing bridge_closes elevator_falls train_stops}
"finally, the brake is pressed or the escalator is blocked after an elevator falls or the motorbike catches fire",G(( elevator_falls | motorbike_catches_fire ) -> F( brake_is_pressed | escalator_is_blocked )),{brake_is_pressed elevator_falls escalator_is_blocked motorbike_catches_fire}
under no circumstances both the house collapses and the semaphore is red after the engine stops or a train stops,G(( engine_stops | train_stops ) -> G(!( house_collapses & semaphore_is_red ))),{engine_stops house_collapses semaphore_is_red train_stops}
"as the engine breaks and the train has arrived, at some point either the manager collect claims or a manager handles requests",G(( engine_breaks & train_has_arrived ) -> F( manager_collect_claims | manager_handles_requests )),{engine_breaks manager_collect_claims manager_handles_requests train_has_arrived}
it is always the case that the escalator speeds up or a manager collect claims or the motorbike has started,G( escalator_speeds_up | manager_collect_claims | motorbike_has_started ),{escalator_speeds_up manager_collect_claims motorbike_has_started}
whenever both the car stops and an elevator is blocked then it is going to happen that both the brake is pressed and the escalator moves,G(( car_stops & elevator_is_blocked ) -> F( brake_is_pressed & escalator_moves )),{brake_is_pressed car_stops elevator_is_blocked escalator_moves}
it never happens that the house is built and together a table has been moved and a semaphore is yellow,G(!( house_is_built & table_has_been_moved & semaphore_is_yellow )),{house_is_built semaphore_is_yellow table_has_been_moved}
when a house is built then whenever the sensor retrieves data then at a certain moment the semaphore is red afterwards,G(( house_is_built ) -> G(( sensor_retrieves_data ) -> F( semaphore_is_red ))),{house_is_built semaphore_is_red sensor_retrieves_data}
it is going to happen that _ABMoc,F( _ABMoc ),{_ABMoc}
it is always the case that tnqTC,G( tnqTC ),{tnqTC}
"first, in the future the escalator moves and the car starts, and then, eventually, the escalator is blocked and the sensor captures data",G(!( escalator_moves & car_starts )) | F(( escalator_moves & car_starts ) & F( escalator_is_blocked & sensor_captures_data )),{car_starts escalator_is_blocked escalator_moves sensor_captures_data}
"absolutely never, the brake is pressed or the house is open",G(!( brake_is_pressed | house_is_open )),{brake_is_pressed house_is_open}
"all the time either a train stops, a manager collect claims or the semaphore is red",G( train_stops | manager_collect_claims | semaphore_is_red ),{manager_collect_claims semaphore_is_red train_stops}
in any case a sensor retrieves data or a table is old or a train derails,G( sensor_retrieves_data | table_is_old | train_derails ),{sensor_retrieves_data table_is_old train_derails}
every time fvXWwQdOWz then at some point SPkfAKwqi,G(( fvXWwQdOWz ) -> F( SPkfAKwqi )),{SPkfAKwqi fvXWwQdOWz}
if both the bar is down and the brake is released then at a certain moment either a motorbike is driven or the elevator is open,G(( bar_is_down & brake_is_released ) -> F( motorbike_is_driven | elevator_is_open )),{bar_is_down brake_is_released elevator_is_open motorbike_is_driven}
"forever, either a sensor captures data, the bar is closing or the engine starts",G( sensor_captures_data | bar_is_closing | engine_starts ),{bar_is_closing engine_starts sensor_captures_data}
whenever the house is open or the bridge closes then sooner or later both the motorbike has started and an elevator rises,G(( house_is_open | bridge_closes ) -> F( motorbike_has_started & elevator_rises )),{bridge_closes elevator_rises house_is_open motorbike_has_started}
"every time both rBuLKqcbdR_ and FzSTs then finally, PGOvOQLOPg and MdJnLCFBPwr",G(( rBuLKqcbdR_ & FzSTs ) -> F( PGOvOQLOPg & MdJnLCFBPwr )),{MdJnLCFBPwr PGOvOQLOPg rBuLKqcbdR_ zSTs}
"it is going to happen that the bar is closing, the bar is down and the train is crossing",F( bar_is_closing & bar_is_down & train_is_crossing ),{bar_is_closing bar_is_down train_is_crossing}
every time the train is crossing or the manager handles requests or the escalator speeds up,G( train_is_crossing | manager_handles_requests | escalator_speeds_up ),{escalator_speeds_up manager_handles_requests train_is_crossing}
"as the engine breaks or the train has arrived, at some point both a sensor captures data and the car stops",G(( engine_breaks | train_has_arrived ) -> F( sensor_captures_data & car_stops )),{car_stops engine_breaks sensor_captures_data train_has_arrived}
every time both the manager collect claims and the train has arrived then it is going to happen that a motorbike catches fire and the bar has to be repaired,G(( manager_collect_claims & train_has_arrived ) -> F( motorbike_catches_fire & bar_has_to_be_repaired )),{bar_has_to_be_repaired manager_collect_claims motorbike_catches_fire train_has_arrived}
always when either the manager collect claims or the manager handles requests then in the future the elevator falls and a house is built,G(( manager_collect_claims | manager_handles_requests ) -> F( elevator_falls & house_is_built )),{elevator_falls house_is_built manager_collect_claims manager_handles_requests}
"it is always the case that either a motorbike falls down, the escalator is blocked or a car starts",G( motorbike_falls_down | escalator_is_blocked | car_starts ),{car_starts escalator_is_blocked motorbike_falls_down}
always KvxIEi implies that it will not happen that OoTcv,G(( KvxIEi ) -> G(!( OoTcv ))),{KvxIEi OoTcv}
"eventually, the bar is down or a motorbike has started or the train derails",F( bar_is_down | motorbike_has_started | train_derails ),{bar_is_down motorbike_has_started train_derails}
it is always the case that the brake is pressed and together the bar is up and the train is crossing,G( brake_is_pressed & bar_is_up & train_is_crossing ),{bar_is_up brake_is_pressed train_is_crossing}
under no circumstances the train has been launched or an elevator is blocked or a motorbike is driven,G(!( train_has_been_launched | elevator_is_blocked | motorbike_is_driven )),{elevator_is_blocked motorbike_is_driven train_has_been_launched}
"it will happen that a sensor retrieves data or a bridge closes and, finally, a sensor retrieves data or a manager collect claims afterwards",G(!( sensor_retrieves_data | bridge_closes )) | F(( sensor_retrieves_data | bridge_closes ) & F( sensor_retrieves_data | manager_collect_claims )),{bridge_closes manager_collect_claims sensor_retrieves_data}
"every time either the brake is pressed, the manager handles requests or the motorbike has started",G( brake_is_pressed | manager_handles_requests | motorbike_has_started ),{brake_is_pressed manager_handles_requests motorbike_has_started}
"a motorbike catches fire implies that eventually, the train is crossing after a house is built",G(( motorbike_catches_fire ) -> G(( house_is_built ) -> F( train_is_crossing ))),{house_is_built motorbike_catches_fire train_is_crossing}
"first, at some point in time the sensor retrieves data or the bridge closes, and then, sooner or later the bar is closing and an elevator is blocked",G(!( sensor_retrieves_data | bridge_closes )) | F(( sensor_retrieves_data | bridge_closes ) & F( bar_is_closing & elevator_is_blocked )),{bar_is_closing bridge_closes elevator_is_blocked sensor_retrieves_data}
if either a bridge opens or the motorbike has started then all the time a car enters or a train has arrived,G(( bridge_opens | motorbike_has_started ) -> G( car_enters | train_has_arrived )),{bridge_opens car_enters motorbike_has_started train_has_arrived}
it will happen that JDKeqZMoPNVy_J and GcinhROK,F( JDKeqZMoPNVy_J & GcinhROK ),{JDKeqZMoPNVy_J cinhROK}
"after either a semaphore is green or a car enters, at some point in time either a table is old or a train has arrived",G(( semaphore_is_green | car_enters ) -> F( table_is_old | train_has_arrived )),{car_enters semaphore_is_green table_is_old train_has_arrived}
"as the constructor creates instances and the escalator moves, it will happen that both a sensor captures data and the car stops",G(( constructor_creates_instances & escalator_moves ) -> F( sensor_captures_data & car_stops )),{car_stops constructor_creates_instances escalator_moves sensor_captures_data}
"first, eventually, GXAVCD or hDNxLLHyWLrRDC, and then, eventually, VcHrqvQn",G(!( GXAVCD | hDNxLLHyWLrRDC )) | F(( GXAVCD | hDNxLLHyWLrRDC ) & F( VcHrqvQn )),{AVCD VcHrqvQn hDNxLLHyWLrRDC}
whenever either the house is open or a train derails then it will happen that either the house is open or a table has been moved,G(( house_is_open | train_derails ) -> F( house_is_open | table_has_been_moved )),{house_is_open table_has_been_moved train_derails}
"under no circumstances the bar has to be repaired and, at the same time, the semaphore is broken and a semaphore is red",G(!( bar_has_to_be_repaired & semaphore_is_broken & semaphore_is_red )),{bar_has_to_be_repaired semaphore_is_broken semaphore_is_red}
"it is always true that either the bar is up, the manager handles requests or the motorbike has stopped",G( bar_is_up | manager_handles_requests | motorbike_has_stopped ),{bar_is_up manager_handles_requests motorbike_has_stopped}
"always, VOgiUKRQW and _wSDp after OnyVPTYtwxXrxV",G(( OnyVPTYtwxXrxV ) -> G( VOgiUKRQW & _wSDp )),{OnyVPTYtwxXrxV VOgiUKRQW _wSDp}
every time a manager handles requests or a motorbike catches fire then at some point both a house is open and the escalator speeds up,G(( manager_handles_requests | motorbike_catches_fire ) -> F( house_is_open & escalator_speeds_up )),{escalator_speeds_up house_is_open manager_handles_requests motorbike_catches_fire}
"sooner or later either the escalator speeds up, a manager collect claims or an elevator is blocked",F( escalator_speeds_up | manager_collect_claims | elevator_is_blocked ),{elevator_is_blocked escalator_speeds_up manager_collect_claims}
it is always true that the engine starts or the bar is up or a motorbike catches fire,G( engine_starts | bar_is_up | motorbike_catches_fire ),{bar_is_up engine_starts motorbike_catches_fire}
every time a semaphore is green or a motorbike falls down then at no time the bar has to be repaired and the engine stops,G(( semaphore_is_green | motorbike_falls_down ) -> G(!( bar_has_to_be_repaired & engine_stops ))),{bar_has_to_be_repaired engine_stops motorbike_falls_down semaphore_is_green}
"it will happen that a train has arrived and the elevator falls and, in the future both the escalator speeds up and the bridge opens afterwards",G(!( train_has_arrived & elevator_falls )) | F(( train_has_arrived & elevator_falls ) & F( escalator_speeds_up & bridge_opens )),{bridge_opens elevator_falls escalator_speeds_up train_has_arrived}
every time either a bridge closes or the bar has to be repaired then at a certain moment either the elevator falls or a motorbike catches fire,G(( bridge_closes | bar_has_to_be_repaired ) -> F( elevator_falls | motorbike_catches_fire )),{bar_has_to_be_repaired bridge_closes elevator_falls motorbike_catches_fire}
"absolutely never, either the house is open, the sensor retrieves data or the escalator is blocked",G(!( house_is_open | sensor_retrieves_data | escalator_is_blocked )),{escalator_is_blocked house_is_open sensor_retrieves_data}
"first, in the future the table is brown and the escalator moves, and then, at some point either the car enters or the motorbike has started",G(!( table_is_brown & escalator_moves )) | F(( table_is_brown & escalator_moves ) & F( car_enters | motorbike_has_started )),{car_enters escalator_moves motorbike_has_started table_is_brown}
"every time the car stops, a house collapses and the engine starts",G( car_stops & house_collapses & engine_starts ),{car_stops engine_starts house_collapses}
if the train has been launched and the semaphore is red then sooner or later the house is built or a sensor captures data,G(( train_has_been_launched & semaphore_is_red ) -> F( house_is_built | sensor_captures_data )),{house_is_built semaphore_is_red sensor_captures_data train_has_been_launched}
"at any time the train has arrived, the semaphore is yellow and the escalator speeds up",G( train_has_arrived & semaphore_is_yellow & escalator_speeds_up ),{escalator_speeds_up semaphore_is_yellow train_has_arrived}
"all the time either the elevator is open, the semaphore is broken or a motorbike falls down",G( elevator_is_open | semaphore_is_broken | motorbike_falls_down ),{elevator_is_open motorbike_falls_down semaphore_is_broken}
"forever, either ULCzbMbM, jKTGpCg or PEsjPQhNQ",G( ULCzbMbM | jKTGpCg | PEsjPQhNQ ),{PEsjPQhNQ ULCzbMbM jKTGpCg}
it should not happen that a train has been launched and the bar is closing,G(!( train_has_been_launched & bar_is_closing )),{bar_is_closing train_has_been_launched}
whenever both the manager handles requests and a semaphore is broken then in the future a sensor captures data or the constructor instantiate objects,G(( manager_handles_requests & semaphore_is_broken ) -> F( sensor_captures_data | constructor_instantiate_objects )),{constructor_instantiate_objects manager_handles_requests semaphore_is_broken sensor_captures_data}
it is always the case that VZkKpg and cddkUNLLyV,G( VZkKpg & cddkUNLLyV ),{VZkKpg cddkUNLLyV}
"as a sensor retrieves data and the escalator moves, sooner or later either a constructor creates instances or the train has arrived",G(( sensor_retrieves_data & escalator_moves ) -> F( constructor_creates_instances | train_has_arrived )),{constructor_creates_instances escalator_moves sensor_retrieves_data train_has_arrived}
every time a semaphore is red and together a semaphore is green and the sensor retrieves data,G( semaphore_is_red & semaphore_is_green & sensor_retrieves_data ),{semaphore_is_green semaphore_is_red sensor_retrieves_data}
in the future the brake is released or a bridge opens or the train derails,F( brake_is_released | bridge_opens | train_derails ),{brake_is_released bridge_opens train_derails}
"always, a sensor gathers information and together the train stops and the house is built",G( sensor_gathers_information & train_stops & house_is_built ),{house_is_built sensor_gathers_information train_stops}
at a certain moment either RKmtgtzzvP or crRUHGdyTrbEI,F( RKmtgtzzvP | crRUHGdyTrbEI ),{RKmtgtzzvP crRUHGdyTrbEI}
"it should not happen that the car enters, an elevator rises and a sensor captures data",G(!( car_enters & elevator_rises & sensor_captures_data )),{car_enters elevator_rises sensor_captures_data}
a constructor instantiate objects implies that it is going to happen that the train has arrived after the bar is down,G(( constructor_instantiate_objects ) -> G(( bar_is_down ) -> F( train_has_arrived ))),{bar_is_down constructor_instantiate_objects train_has_arrived}
"finally, the semaphore is green and the train derails after a semaphore is green or the engine stops",G(( semaphore_is_green | engine_stops ) -> F( semaphore_is_green & train_derails )),{engine_stops semaphore_is_green train_derails}
at some point in time both a manager collect claims and a motorbike has stopped after the escalator moves or the train has arrived,G(( escalator_moves | train_has_arrived ) -> F( manager_collect_claims & motorbike_has_stopped )),{escalator_moves manager_collect_claims motorbike_has_stopped train_has_arrived}
"the house is open and, as a consequence, every time the brake is pressed then eventually, the bar has to be repaired",G(( house_is_open ) -> G(( brake_is_pressed ) -> F( bar_has_to_be_repaired ))),{bar_has_to_be_repaired brake_is_pressed house_is_open}
"at any time either the car stops, the table has been moved or the table is brown",G( car_stops | table_has_been_moved | table_is_brown ),{car_stops table_has_been_moved table_is_brown}
under no condition a motorbike has started or the elevator rises or a bridge closes,G(!( motorbike_has_started | elevator_rises | bridge_closes )),{bridge_closes elevator_rises motorbike_has_started}
every time either the elevator is open or a house is built after both the engine stops and a bridge opens,G(( engine_stops & bridge_opens ) -> G( elevator_is_open | house_is_built )),{bridge_opens elevator_is_open engine_stops house_is_built}
whenever the bar is up and the motorbike has started then it is going to happen that a constructor instantiate objects and the table is brown,G(( bar_is_up & motorbike_has_started ) -> F( constructor_instantiate_objects & table_is_brown )),{bar_is_up constructor_instantiate_objects motorbike_has_started table_is_brown}
"at some point the bar is up, the bar is closing and the train is crossing",F( bar_is_up & bar_is_closing & train_is_crossing ),{bar_is_closing bar_is_up train_is_crossing}
every time both a motorbike falls down and a semaphore is red then under no condition a motorbike is driven and the bar is up,G(( motorbike_falls_down & semaphore_is_red ) -> G(!( motorbike_is_driven & bar_is_up ))),{bar_is_up motorbike_falls_down motorbike_is_driven semaphore_is_red}
each time a semaphore is green then always when a table has been moved then at a certain moment the constructor instantiate objects,G(( semaphore_is_green ) -> G(( table_has_been_moved ) -> F( constructor_instantiate_objects ))),{constructor_instantiate_objects semaphore_is_green table_has_been_moved}
"after a sensor captures data and the escalator is blocked, it never happens that a table is brown or the car stops",G(( sensor_captures_data & escalator_is_blocked ) -> G(!( table_is_brown | car_stops ))),{car_stops escalator_is_blocked sensor_captures_data table_is_brown}
"always when both a constructor instantiate objects and an elevator rises then eventually, both the motorbike catches fire and the semaphore is red",G(( constructor_instantiate_objects & elevator_rises ) -> F( motorbike_catches_fire & semaphore_is_red )),{constructor_instantiate_objects elevator_rises motorbike_catches_fire semaphore_is_red}
"after eqpNJr, eventually, FiTvmVl_y",G(( eqpNJr ) -> F( FiTvmVl_y )),{eqpNJr iTvmVl_y}
"at any time a table has been moved and, at the same time, the constructor creates instances and the constructor instantiate objects",G( table_has_been_moved & constructor_creates_instances & constructor_instantiate_objects ),{constructor_creates_instances constructor_instantiate_objects table_has_been_moved}
"after SbpyJkXcg, at a certain moment ZFNAk and TqGbxGjHTiABF",G(( SbpyJkXcg ) -> F( ZFNAk & TqGbxGjHTiABF )),{SbpyJkXcg TqGbxGjHTiABF ZFNAk}
all the time the table is brown or the train derails or the escalator moves,G( table_is_brown | train_derails | escalator_moves ),{escalator_moves table_is_brown train_derails}
"always, the escalator is blocked, the bar is up and the escalator moves",G( escalator_is_blocked & bar_is_up & escalator_moves ),{bar_is_up escalator_is_blocked escalator_moves}
if the house is open or a train derails then in the future the semaphore is broken or the bar has to be repaired,G(( house_is_open | train_derails ) -> F( semaphore_is_broken | bar_has_to_be_repaired )),{bar_has_to_be_repaired house_is_open semaphore_is_broken train_derails}
it will happen that a motorbike catches fire and the bar has to be repaired after the manager handles requests or a constructor instantiate objects,G(( manager_handles_requests | constructor_instantiate_objects ) -> F( motorbike_catches_fire & bar_has_to_be_repaired )),{bar_has_to_be_repaired constructor_instantiate_objects manager_handles_requests motorbike_catches_fire}
"in any case the brake is pressed, the semaphore is yellow and the engine stops",G( brake_is_pressed & semaphore_is_yellow & engine_stops ),{brake_is_pressed engine_stops semaphore_is_yellow}
"at any time the sensor retrieves data and, at the same time, the engine breaks and the escalator moves",G( sensor_retrieves_data & engine_breaks & escalator_moves ),{engine_breaks escalator_moves sensor_retrieves_data}
every time an elevator rises or an elevator is blocked then in the future a train has arrived and a train is crossing,G(( elevator_rises | elevator_is_blocked ) -> F( train_has_arrived & train_is_crossing )),{elevator_is_blocked elevator_rises train_has_arrived train_is_crossing}
"whenever both the engine breaks and a car starts then eventually, the semaphore is yellow and the table has been moved",G(( engine_breaks & car_starts ) -> F( semaphore_is_yellow & table_has_been_moved )),{car_starts engine_breaks semaphore_is_yellow table_has_been_moved}
"first, in the future either a semaphore is green or the car starts, and then, in the future a house is built or the bridge opens",G(!( semaphore_is_green | car_starts )) | F(( semaphore_is_green | car_starts ) & F( house_is_built | bridge_opens )),{bridge_opens car_starts house_is_built semaphore_is_green}
if either a train has been launched or the constructor instantiate objects then sooner or later a table is brown and a bridge closes,G(( train_has_been_launched | constructor_instantiate_objects ) -> F( table_is_brown & bridge_closes )),{bridge_closes constructor_instantiate_objects table_is_brown train_has_been_launched}
in the future a train stops or the bar has to be repaired or the engine starts,F( train_stops | bar_has_to_be_repaired | engine_starts ),{bar_has_to_be_repaired engine_starts train_stops}
all the time the sensor retrieves data or the semaphore is broken or a manager handles requests,G( sensor_retrieves_data | semaphore_is_broken | manager_handles_requests ),{manager_handles_requests semaphore_is_broken sensor_retrieves_data}
"at no time a sensor retrieves data and, at the same time, the engine stops and a bridge opens",G(!( sensor_retrieves_data & engine_stops & bridge_opens )),{bridge_opens engine_stops sensor_retrieves_data}
whenever ejhQVXP then it is going to happen that lzvQIdaBqL and PHWKVJ,G(( ejhQVXP ) -> F( lzvQIdaBqL & PHWKVJ )),{PHWKVJ ejhQVXP lzvQIdaBqL}
if a motorbike is driven or the bridge closes then sooner or later both a house is open and the bar is closing,G(( motorbike_is_driven | bridge_closes ) -> F( house_is_open & bar_is_closing )),{bar_is_closing bridge_closes house_is_open motorbike_is_driven}
"finally, the sensor captures data or the bar is up after the table has been moved and an elevator is blocked",G(( table_has_been_moved & elevator_is_blocked ) -> F( sensor_captures_data | bar_is_up )),{bar_is_up elevator_is_blocked sensor_captures_data table_has_been_moved}
always when O_r_iS and gogUI then in the future dyYmjiTOCrTSDl,G(( O_r_iS & gogUI ) -> F( dyYmjiTOCrTSDl )),{O_r_iS dyYmjiTOCrTSDl gogUI}
"always, either a house is built, the bridge opens or the motorbike has started",G( house_is_built | bridge_opens | motorbike_has_started ),{bridge_opens house_is_built motorbike_has_started}
"it is always true that either RAhFb, SMPSPpxqiZbqR or lDdslmAbk",G( RAhFb | SMPSPpxqiZbqR | lDdslmAbk ),{RAhFb SMPSPpxqiZbqR lDdslmAbk}
if either the brake is pressed or the motorbike catches fire then in the future the elevator falls or the bar is closing,G(( brake_is_pressed | motorbike_catches_fire ) -> F( elevator_falls | bar_is_closing )),{bar_is_closing brake_is_pressed elevator_falls motorbike_catches_fire}
every time PgnVtOZEUe or QjujKuQxHawxUyt then at some point in time F_AEmVvqc,G(( PgnVtOZEUe | QjujKuQxHawxUyt ) -> F( F_AEmVvqc )),{PgnVtOZEUe QjujKuQxHawxUyt _AEmVvqc}
whenever WwUNRLiszRgpq or pwHKxlGpGtD then at some point in time DiJBKPBjRTXzP,G(( WwUNRLiszRgpq | pwHKxlGpGtD ) -> F( DiJBKPBjRTXzP )),{DiJBKPBjRTXzP WwUNRLiszRgpq pwHKxlGpGtD}
"after either the car stops or the escalator is blocked, in the future the bar has to be repaired and a sensor gathers information",G(( car_stops | escalator_is_blocked ) -> F( bar_has_to_be_repaired & sensor_gathers_information )),{bar_has_to_be_repaired car_stops escalator_is_blocked sensor_gathers_information}
every time vUNRrziThnNIl then it never happens that either QjpdVSExGqxifIR or qsOMPsKLw,G(( vUNRrziThnNIl ) -> G(!( QjpdVSExGqxifIR | qsOMPsKLw ))),{QjpdVSExGqxifIR qsOMPsKLw vUNRrziThnNIl}
"at some point the engine starts and, at the same time, a house is built and the elevator falls",F( engine_starts & house_is_built & elevator_falls ),{elevator_falls engine_starts house_is_built}
"first, at some point in time both a train stops and an elevator is blocked, and then, it will happen that either the sensor retrieves data or the train has been launched",G(!( train_stops & elevator_is_blocked )) | F(( train_stops & elevator_is_blocked ) & F( sensor_retrieves_data | train_has_been_launched )),{elevator_is_blocked sensor_retrieves_data train_has_been_launched train_stops}
always when either the bar is closing or a bridge closes then it will happen that both the train has arrived and a train is crossing,G(( bar_is_closing | bridge_closes ) -> F( train_has_arrived & train_is_crossing )),{bar_is_closing bridge_closes train_has_arrived train_is_crossing}
every time the semaphore is green and the engine starts then it is going to happen that a sensor captures data and the car stops,G(( semaphore_is_green & engine_starts ) -> F( sensor_captures_data & car_stops )),{car_stops engine_starts semaphore_is_green sensor_captures_data}
sooner or later kvleeO,F( kvleeO ),{kvleeO}
at some point the house collapses and together a semaphore is yellow and the brake is released,F( house_collapses & semaphore_is_yellow & brake_is_released ),{brake_is_released house_collapses semaphore_is_yellow}
"in the future either the bridge closes, an elevator falls or the house is open",F( bridge_closes | elevator_falls | house_is_open ),{bridge_closes elevator_falls house_is_open}
"after either the house is open or the table has been moved, in the future the house is open or the manager handles requests",G(( house_is_open | table_has_been_moved ) -> F( house_is_open | manager_handles_requests )),{house_is_open manager_handles_requests table_has_been_moved}
whenever a constructor creates instances and the escalator moves then it will happen that either the brake is pressed or the escalator moves,G(( constructor_creates_instances & escalator_moves ) -> F( brake_is_pressed | escalator_moves )),{brake_is_pressed constructor_creates_instances escalator_moves}
always when both the sensor retrieves data and a motorbike has started then it is going to happen that a train has arrived,G(( sensor_retrieves_data & motorbike_has_started ) -> F( train_has_arrived )),{motorbike_has_started sensor_retrieves_data train_has_arrived}
"at any time the brake is released, the car starts and the brake is pressed",G( brake_is_released & car_starts & brake_is_pressed ),{brake_is_pressed brake_is_released car_starts}
whenever either the manager handles requests or the motorbike catches fire then at some point in time either the bar is closing or a table has been moved,G(( manager_handles_requests | motorbike_catches_fire ) -> F( bar_is_closing | table_has_been_moved )),{bar_is_closing manager_handles_requests motorbike_catches_fire table_has_been_moved}
whenever either the house is built or the motorbike falls down then it is going to happen that the constructor instantiate objects and a motorbike has stopped,G(( house_is_built | motorbike_falls_down ) -> F( constructor_instantiate_objects & motorbike_has_stopped )),{constructor_instantiate_objects house_is_built motorbike_falls_down motorbike_has_stopped}
it will not happen that fQLCUTRzCSVonE,G(!( fQLCUTRzCSVonE )),{fQLCUTRzCSVonE}
"eventually, either the elevator falls or the brake is pressed and, it will happen that the bar has to be repaired or a table is old afterwards",G(!( elevator_falls | brake_is_pressed )) | F(( elevator_falls | brake_is_pressed ) & F( bar_has_to_be_repaired | table_is_old )),{bar_has_to_be_repaired brake_is_pressed elevator_falls table_is_old}
"the table has been moved and, as a consequence, always when the house is built then it will happen that the sensor retrieves data",G(( table_has_been_moved ) -> G(( house_is_built ) -> F( sensor_retrieves_data ))),{house_is_built sensor_retrieves_data table_has_been_moved}
"after evuGrkkrhISgw or znUQaBTSwzxTTe, at some point in time YXdkXIwa",G(( evuGrkkrhISgw | znUQaBTSwzxTTe ) -> F( YXdkXIwa )),{YXdkXIwa evuGrkkrhISgw znUQaBTSwzxTTe}
"first, in the future the house is open or a motorbike is driven, and then, at some point the elevator falls or the brake is pressed",G(!( house_is_open | motorbike_is_driven )) | F(( house_is_open | motorbike_is_driven ) & F( elevator_falls | brake_is_pressed )),{brake_is_pressed elevator_falls house_is_open motorbike_is_driven}
whenever the engine stops or a train stops then it is never the case that a train stops or a semaphore is red,G(( engine_stops | train_stops ) -> G(!( train_stops | semaphore_is_red ))),{engine_stops semaphore_is_red train_stops}
"every time either a house is open or the manager handles requests then finally, the bar has to be repaired and a manager collect claims",G(( house_is_open | manager_handles_requests ) -> F( bar_has_to_be_repaired & manager_collect_claims )),{bar_has_to_be_repaired house_is_open manager_collect_claims manager_handles_requests}
"every time a motorbike has started and, at the same time, a table is old and the bar is closing",G( motorbike_has_started & table_is_old & bar_is_closing ),{bar_is_closing motorbike_has_started table_is_old}
in any case the car stops or the bar is down or a train is crossing,G( car_stops | bar_is_down | train_is_crossing ),{bar_is_down car_stops train_is_crossing}
it is always true that the house is open and together the engine breaks and the manager handles requests,G( house_is_open & engine_breaks & manager_handles_requests ),{engine_breaks house_is_open manager_handles_requests}
"after the escalator is blocked and the semaphore is yellow, it never happens that both the elevator falls and the bar is up",G(( escalator_is_blocked & semaphore_is_yellow ) -> G(!( elevator_falls & bar_is_up ))),{bar_is_up elevator_falls escalator_is_blocked semaphore_is_yellow}
it is always true that a motorbike falls down or a constructor instantiate objects or a bridge closes,G( motorbike_falls_down | constructor_instantiate_objects | bridge_closes ),{bridge_closes constructor_instantiate_objects motorbike_falls_down}
"as YXZLYhbv_u, finally, XobIJCnPdOSHB and UeIhksWqAjDM",G(( YXZLYhbv_u ) -> F( XobIJCnPdOSHB & UeIhksWqAjDM )),{UeIhksWqAjDM YXZLYhbv_u obIJCnPdOSHB}
"it is always true that the bar has to be repaired and, at the same time, the motorbike falls down and the bar is up",G( bar_has_to_be_repaired & motorbike_falls_down & bar_is_up ),{bar_has_to_be_repaired bar_is_up motorbike_falls_down}
"after both the escalator speeds up and the bar is up, eventually, a sensor retrieves data or the semaphore is yellow",G(( escalator_speeds_up & bar_is_up ) -> F( sensor_retrieves_data | semaphore_is_yellow )),{bar_is_up escalator_speeds_up semaphore_is_yellow sensor_retrieves_data}
"every time ZmuWBdqeaHF then finally, XOPPqsBzFawL and fqqYkvBDvwpUe",G(( ZmuWBdqeaHF ) -> F( XOPPqsBzFawL & fqqYkvBDvwpUe )),{OPPqsBzFawL ZmuWBdqeaHF fqqYkvBDvwpUe}
"after the engine stops and a sensor captures data, at a certain moment the motorbike catches fire and the bar has to be repaired",G(( engine_stops & sensor_captures_data ) -> F( motorbike_catches_fire & bar_has_to_be_repaired )),{bar_has_to_be_repaired engine_stops motorbike_catches_fire sensor_captures_data}
under no circumstances either SxfxidN_ or yjjZYmgPFdQ,G(!( SxfxidN_ | yjjZYmgPFdQ )),{SxfxidN_ yjjZYmgPFdQ}
"each time a train is crossing then after a car starts, at some point a constructor instantiate objects",G(( train_is_crossing ) -> G(( car_starts ) -> F( constructor_instantiate_objects ))),{car_starts constructor_instantiate_objects train_is_crossing}
every time either the car enters or the bar is up then in the future both a constructor instantiate objects and the engine stops,G(( car_enters | bar_is_up ) -> F( constructor_instantiate_objects & engine_stops )),{bar_is_up car_enters constructor_instantiate_objects engine_stops}
when a house is built then always when the train stops then it is going to happen that a semaphore is green afterwards,G(( house_is_built ) -> G(( train_stops ) -> F( semaphore_is_green ))),{house_is_built semaphore_is_green train_stops}
"all the time the motorbike is driven and, at the same time, the bar is closing and an elevator is blocked",G( motorbike_is_driven & bar_is_closing & elevator_is_blocked ),{bar_is_closing elevator_is_blocked motorbike_is_driven}
"after both the semaphore is green and the engine starts, at a certain moment either the constructor instantiate objects or a train has been launched",G(( semaphore_is_green & engine_starts ) -> F( constructor_instantiate_objects | train_has_been_launched )),{constructor_instantiate_objects engine_starts semaphore_is_green train_has_been_launched}
"at any time a table is brown, the train derails and the brake is pressed",G( table_is_brown & train_derails & brake_is_pressed ),{brake_is_pressed table_is_brown train_derails}
"first, it will happen that qADzMCe, and then, at a certain moment USYqv",G(!( qADzMCe )) | F(( qADzMCe ) & F( USYqv )),{USYqv qADzMCe}
every time both a semaphore is green and the bar is down then at a certain moment either the bar is down or the constructor instantiate objects,G(( semaphore_is_green & bar_is_down ) -> F( bar_is_down | constructor_instantiate_objects )),{bar_is_down constructor_instantiate_objects semaphore_is_green}
when the engine starts then every time a semaphore is green then at some point in time the elevator is blocked afterwards,G(( engine_starts ) -> G(( semaphore_is_green ) -> F( elevator_is_blocked ))),{elevator_is_blocked engine_starts semaphore_is_green}
"as _wHTRNjcw and PjOWicRXblnc, finally, QfIYUJBNjixjHr and dtccqImpdjBR",G(( _wHTRNjcw & PjOWicRXblnc ) -> F( QfIYUJBNjixjHr & dtccqImpdjBR )),{PjOWicRXblnc QfIYUJBNjixjHr _wHTRNjcw dtccqImpdjBR}
if the motorbike has stopped or the engine stops then it will happen that both the engine breaks and the engine starts,G(( motorbike_has_stopped | engine_stops ) -> F( engine_breaks & engine_starts )),{engine_breaks engine_starts engine_stops motorbike_has_stopped}
at a certain moment a semaphore is yellow and the table has been moved after a table is brown or the bar has to be repaired,G(( table_is_brown | bar_has_to_be_repaired ) -> F( semaphore_is_yellow & table_has_been_moved )),{bar_has_to_be_repaired semaphore_is_yellow table_has_been_moved table_is_brown}
"eternally, either a train is crossing, the house is built or a semaphore is yellow",G( train_is_crossing | house_is_built | semaphore_is_yellow ),{house_is_built semaphore_is_yellow train_is_crossing}
in the future the brake is released or a semaphore is red after the table is old or the elevator is blocked,G(( table_is_old | elevator_is_blocked ) -> F( brake_is_released | semaphore_is_red )),{brake_is_released elevator_is_blocked semaphore_is_red table_is_old}
whenever either the semaphore is green or the motorbike falls down then at no time a semaphore is green or the bar is up,G(( semaphore_is_green | motorbike_falls_down ) -> G(!( semaphore_is_green | bar_is_up ))),{bar_is_up motorbike_falls_down semaphore_is_green}
"finally, either the engine starts or the constructor instantiate objects after either the train has been launched or a constructor instantiate objects",G(( train_has_been_launched | constructor_instantiate_objects ) -> F( engine_starts | constructor_instantiate_objects )),{constructor_instantiate_objects engine_starts train_has_been_launched}
"after the brake is released or the house collapses, sooner or later both a sensor captures data and the engine stops",G(( brake_is_released | house_collapses ) -> F( sensor_captures_data & engine_stops )),{brake_is_released engine_stops house_collapses sensor_captures_data}
"it will not happen that the car stops, a constructor creates instances and a semaphore is green",G(!( car_stops & constructor_creates_instances & semaphore_is_green )),{car_stops constructor_creates_instances semaphore_is_green}
whenever khvuTMWh then sooner or later both K_bxgTzzcUOLHAH and psJNrMmJRB,G(( khvuTMWh ) -> F( K_bxgTzzcUOLHAH & psJNrMmJRB )),{K_bxgTzzcUOLHAH khvuTMWh psJNrMmJRB}
"sooner or later a train stops, the car enters and the escalator moves",F( train_stops & car_enters & escalator_moves ),{car_enters escalator_moves train_stops}
"always, a motorbike falls down and together a semaphore is yellow and the bar is up",G( motorbike_falls_down & semaphore_is_yellow & bar_is_up ),{bar_is_up motorbike_falls_down semaphore_is_yellow}
every time FsyxD then it should not happen that ovFmfP and NfbMqmGdZGOV,G(( FsyxD ) -> G(!( ovFmfP & NfbMqmGdZGOV ))),{NfbMqmGdZGOV ovFmfP syxD}
if the bar is closing or the bridge closes then it will happen that the sensor retrieves data or the engine starts,G(( bar_is_closing | bridge_closes ) -> F( sensor_retrieves_data | engine_starts )),{bar_is_closing bridge_closes engine_starts sensor_retrieves_data}
"it is always true that a house is open and, at the same time, the motorbike has started and a train has arrived",G( house_is_open & motorbike_has_started & train_has_arrived ),{house_is_open motorbike_has_started train_has_arrived}
at a certain moment the engine starts or a sensor captures data after the table is old and the table has been moved,G(( table_is_old & table_has_been_moved ) -> F( engine_starts | sensor_captures_data )),{engine_starts sensor_captures_data table_has_been_moved table_is_old}
it will not happen that aEBMmW,G(!( aEBMmW )),{aEBMmW}
"after a sensor captures data, sooner or later the engine breaks or the table has been moved",G(( sensor_captures_data ) -> F( engine_breaks | table_has_been_moved )),{engine_breaks sensor_captures_data table_has_been_moved}
"it is always true that a manager handles requests, the bridge closes and a constructor instantiate objects",G( manager_handles_requests & bridge_closes & constructor_instantiate_objects ),{bridge_closes constructor_instantiate_objects manager_handles_requests}
sooner or later the brake is released and a semaphore is yellow after the train stops or the house is open,G(( train_stops | house_is_open ) -> F( brake_is_released & semaphore_is_yellow )),{brake_is_released house_is_open semaphore_is_yellow train_stops}
in any case AQjOmiZ,G( AQjOmiZ ),{AQjOmiZ}
"after KvvAnXxm, at some point in time ERGUSM",G(( KvvAnXxm ) -> F( ERGUSM )),{ERGUSM KvvAnXxm}
"eternally, the escalator speeds up and together the escalator is blocked and the semaphore is green",G( escalator_speeds_up & escalator_is_blocked & semaphore_is_green ),{escalator_is_blocked escalator_speeds_up semaphore_is_green}
every time both a manager handles requests and the motorbike has stopped then at a certain moment the escalator moves or a car enters,G(( manager_handles_requests & motorbike_has_stopped ) -> F( escalator_moves | car_enters )),{car_enters escalator_moves manager_handles_requests motorbike_has_stopped}
if either the bridge opens or a motorbike falls down then sooner or later both the sensor retrieves data and an elevator falls,G(( bridge_opens | motorbike_falls_down ) -> F( sensor_retrieves_data & elevator_falls )),{bridge_opens elevator_falls motorbike_falls_down sensor_retrieves_data}
"after a bridge opens and the brake is released, in the future both the brake is released and the escalator speeds up",G(( bridge_opens & brake_is_released ) -> F( brake_is_released & escalator_speeds_up )),{brake_is_released bridge_opens escalator_speeds_up}
"every time the house collapses and, at the same time, the bridge closes and the constructor instantiate objects",G( house_collapses & bridge_closes & constructor_instantiate_objects ),{bridge_closes constructor_instantiate_objects house_collapses}
every time an elevator is blocked or the constructor instantiate objects or the table is brown,G( elevator_is_blocked | constructor_instantiate_objects | table_is_brown ),{constructor_instantiate_objects elevator_is_blocked table_is_brown}
every time ABXYbQdOV,G( ABXYbQdOV ),{ABXYbQdOV}
"at any time a sensor captures data, the bar is closing and the engine starts",G( sensor_captures_data & bar_is_closing & engine_starts ),{bar_is_closing engine_starts sensor_captures_data}
"after the manager collect claims or the manager handles requests, in the future both a bridge opens and the bridge closes",G(( manager_collect_claims | manager_handles_requests ) -> F( bridge_opens & bridge_closes )),{bridge_closes bridge_opens manager_collect_claims manager_handles_requests}
"finally, both a car stops and a house collapses after the train has arrived",G(( train_has_arrived ) -> F( car_stops & house_collapses )),{car_stops house_collapses train_has_arrived}
in the future WZQjrdMWoVJ or VldzidEZ or cpEdRUnfnhNE,F( WZQjrdMWoVJ | VldzidEZ | cpEdRUnfnhNE ),{VldzidEZ WZQjrdMWoVJ cpEdRUnfnhNE}
"if szq_sVWOT or oqNiYLaZ then eventually, CvkiHIwBl",G(( szq_sVWOT | oqNiYLaZ ) -> F( CvkiHIwBl )),{CvkiHIwBl oqNiYLaZ szq_sVWOT}
it is never the case that a motorbike catches fire or the train derails or the escalator moves,G(!( motorbike_catches_fire | train_derails | escalator_moves )),{escalator_moves motorbike_catches_fire train_derails}
if a table has been moved and an elevator is blocked then in the future a semaphore is red and a motorbike falls down,G(( table_has_been_moved & elevator_is_blocked ) -> F( semaphore_is_red & motorbike_falls_down )),{elevator_is_blocked motorbike_falls_down semaphore_is_red table_has_been_moved}
sooner or later a motorbike falls down and the train stops after either the motorbike catches fire or the motorbike falls down,G(( motorbike_catches_fire | motorbike_falls_down ) -> F( motorbike_falls_down & train_stops )),{motorbike_catches_fire motorbike_falls_down train_stops}
it will happen that either QhrIXSwEfokm or zbQCJTRKgscv,F( QhrIXSwEfokm | zbQCJTRKgscv ),{QhrIXSwEfokm zbQCJTRKgscv}
"eternally, the escalator is blocked or a constructor creates instances or the semaphore is yellow",G( escalator_is_blocked | constructor_creates_instances | semaphore_is_yellow ),{constructor_creates_instances escalator_is_blocked semaphore_is_yellow}
"always when the elevator falls or the semaphore is red then finally, a car stops and the house collapses",G(( elevator_falls | semaphore_is_red ) -> F( car_stops & house_collapses )),{car_stops elevator_falls house_collapses semaphore_is_red}
"always, a car starts or the brake is pressed or a semaphore is yellow",G( car_starts | brake_is_pressed | semaphore_is_yellow ),{brake_is_pressed car_starts semaphore_is_yellow}
whenever either xcYTiqp or nOaRHoAEbn then sooner or later pXuWJvx,G(( xcYTiqp | nOaRHoAEbn ) -> F( pXuWJvx )),{nOaRHoAEbn pXuWJvx xcYTiqp}
if eLFWtPIyIQqVL then it will happen that TYROfEkaR_YsC,G(( eLFWtPIyIQqVL ) -> F( TYROfEkaR_YsC )),{TYROfEkaR_YsC eLFWtPIyIQqVL}
"at some point a motorbike has stopped and a semaphore is red and, at some point in time an elevator is open or the train derails afterwards",G(!( motorbike_has_stopped & semaphore_is_red )) | F(( motorbike_has_stopped & semaphore_is_red ) & F( elevator_is_open | train_derails )),{elevator_is_open motorbike_has_stopped semaphore_is_red train_derails}
"as the train is crossing or a train has been launched, finally, the escalator speeds up or a semaphore is broken",G(( train_is_crossing | train_has_been_launched ) -> F( escalator_speeds_up | semaphore_is_broken )),{escalator_speeds_up semaphore_is_broken train_has_been_launched train_is_crossing}
if a train has arrived and a train is crossing then sooner or later either the escalator moves or the train has arrived,G(( train_has_arrived & train_is_crossing ) -> F( escalator_moves | train_has_arrived )),{escalator_moves train_has_arrived train_is_crossing}
if either _AbRXSQyEepey or HBUfGwgvWuJQE_G then all the time uSxLtHvVeuAvxDz,G(( _AbRXSQyEepey | HBUfGwgvWuJQE_G ) -> G( uSxLtHvVeuAvxDz )),{HBUfGwgvWuJQE_G _AbRXSQyEepey uSxLtHvVeuAvxDz}
"it is always true that either a bridge closes, the brake is pressed or the manager handles requests",G( bridge_closes | brake_is_pressed | manager_handles_requests ),{brake_is_pressed bridge_closes manager_handles_requests}
always when both a bridge opens and a train has been launched then it is going to happen that both the constructor instantiate objects and an elevator rises,G(( bridge_opens & train_has_been_launched ) -> F( constructor_instantiate_objects & elevator_rises )),{bridge_opens constructor_instantiate_objects elevator_rises train_has_been_launched}
every time a table is old or a train is crossing then at a certain moment both a semaphore is broken and a motorbike catches fire,G(( table_is_old | train_is_crossing ) -> F( semaphore_is_broken & motorbike_catches_fire )),{motorbike_catches_fire semaphore_is_broken table_is_old train_is_crossing}
"if both the engine stops and the manager collect claims then eventually, either a car stops or the escalator is blocked",G(( engine_stops & manager_collect_claims ) -> F( car_stops | escalator_is_blocked )),{car_stops engine_stops escalator_is_blocked manager_collect_claims}
if both the brake is pressed and the sensor captures data then it will happen that an elevator rises or an elevator falls,G(( brake_is_pressed & sensor_captures_data ) -> F( elevator_rises | elevator_falls )),{brake_is_pressed elevator_falls elevator_rises sensor_captures_data}
it should not happen that the elevator is open and together a semaphore is broken and a car stops,G(!( elevator_is_open & semaphore_is_broken & car_stops )),{car_stops elevator_is_open semaphore_is_broken}
every time the house is open and the escalator speeds up then at a certain moment both an elevator is blocked and the motorbike has stopped,G(( house_is_open & escalator_speeds_up ) -> F( elevator_is_blocked & motorbike_has_stopped )),{elevator_is_blocked escalator_speeds_up house_is_open motorbike_has_stopped}
"every time either an elevator falls, a bridge closes or the train has been launched",G( elevator_falls | bridge_closes | train_has_been_launched ),{bridge_closes elevator_falls train_has_been_launched}
it should not happen that the table is old or the elevator falls or the train derails,G(!( table_is_old | elevator_falls | train_derails )),{elevator_falls table_is_old train_derails}
"first, at a certain moment both the bar has to be repaired and a car stops, and then, it is going to happen that both a motorbike catches fire and the car enters",G(!( bar_has_to_be_repaired & car_stops )) | F(( bar_has_to_be_repaired & car_stops ) & F( motorbike_catches_fire & car_enters )),{bar_has_to_be_repaired car_enters car_stops motorbike_catches_fire}
"never, the elevator is open and together the train derails and the engine breaks",G(!( elevator_is_open & train_derails & engine_breaks )),{elevator_is_open engine_breaks train_derails}
the motorbike catches fire involves that at some point an elevator falls after a semaphore is green,G(( motorbike_catches_fire ) -> G(( semaphore_is_green ) -> F( elevator_falls ))),{elevator_falls motorbike_catches_fire semaphore_is_green}
"at any time the car enters, the elevator is blocked and a motorbike is driven",G( car_enters & elevator_is_blocked & motorbike_is_driven ),{car_enters elevator_is_blocked motorbike_is_driven}
at a certain moment the table is old and together a motorbike catches fire and the engine breaks,F( table_is_old & motorbike_catches_fire & engine_breaks ),{engine_breaks motorbike_catches_fire table_is_old}
"first, it will happen that the table is old or the bar has to be repaired, and then, eventually, both the escalator moves and the train stops",G(!( table_is_old | bar_has_to_be_repaired )) | F(( table_is_old | bar_has_to_be_repaired ) & F( escalator_moves & train_stops )),{bar_has_to_be_repaired escalator_moves table_is_old train_stops}
every time both the brake is pressed and the bar is down then at any time either the bar is up or an elevator rises,G(( brake_is_pressed & bar_is_down ) -> G( bar_is_up | elevator_rises )),{bar_is_down bar_is_up brake_is_pressed elevator_rises}
"eventually, the brake is released or the manager handles requests or the motorbike has started",F( brake_is_released | manager_handles_requests | motorbike_has_started ),{brake_is_released manager_handles_requests motorbike_has_started}
always when the elevator falls or a motorbike catches fire then it will happen that a motorbike has stopped and the escalator moves,G(( elevator_falls | motorbike_catches_fire ) -> F( motorbike_has_stopped & escalator_moves )),{elevator_falls escalator_moves motorbike_catches_fire motorbike_has_stopped}
"finally, both a semaphore is red and the elevator falls and, finally, both a semaphore is green and the train stops afterwards",G(!( semaphore_is_red & elevator_falls )) | F(( semaphore_is_red & elevator_falls ) & F( semaphore_is_green & train_stops )),{elevator_falls semaphore_is_green semaphore_is_red train_stops}
at a certain moment both the bar is closing and a motorbike is driven after both a train has arrived and the brake is pressed,G(( train_has_arrived & brake_is_pressed ) -> F( bar_is_closing & motorbike_is_driven )),{bar_is_closing brake_is_pressed motorbike_is_driven train_has_arrived}
"eventually, either a sensor gathers information or a train derails after a car stops or the escalator is blocked",G(( car_stops | escalator_is_blocked ) -> F( sensor_gathers_information | train_derails )),{car_stops escalator_is_blocked sensor_gathers_information train_derails}
every time q_vIBVQVPXleggz then it will happen that nARwkzBg,G(( q_vIBVQVPXleggz ) -> F( nARwkzBg )),{nARwkzBg q_vIBVQVPXleggz}
"every time the bridge opens and, at the same time, a sensor retrieves data and the sensor gathers information",G( bridge_opens & sensor_retrieves_data & sensor_gathers_information ),{bridge_opens sensor_gathers_information sensor_retrieves_data}
"it never happens that the elevator is open and, at the same time, a manager collect claims and a table is old",G(!( elevator_is_open & manager_collect_claims & table_is_old )),{elevator_is_open manager_collect_claims table_is_old}
"finally, oefSx, TELmyXPyoI and GVprDiqhbqMX",F( oefSx & TELmyXPyoI & GVprDiqhbqMX ),{TELmyXPyoI VprDiqhbqMX oefSx}
"forever, a table has been moved and, at the same time, a house collapses and the brake is released",G( table_has_been_moved & house_collapses & brake_is_released ),{brake_is_released house_collapses table_has_been_moved}
in any case XOIyLbiPsjgdajg,G( XOIyLbiPsjgdajg ),{OIyLbiPsjgdajg}
"after the escalator is blocked and a manager collect claims, it is going to happen that either the motorbike has stopped or a house is built",G(( escalator_is_blocked & manager_collect_claims ) -> F( motorbike_has_stopped | house_is_built )),{escalator_is_blocked house_is_built manager_collect_claims motorbike_has_stopped}
at some point in time both a car enters and the car starts after both the escalator speeds up and a motorbike falls down,G(( escalator_speeds_up & motorbike_falls_down ) -> F( car_enters & car_starts )),{car_enters car_starts escalator_speeds_up motorbike_falls_down}
in any case both the bar has to be repaired and a sensor retrieves data,G( bar_has_to_be_repaired & sensor_retrieves_data ),{bar_has_to_be_repaired sensor_retrieves_data}
"as both the escalator speeds up and the motorbike falls down, in the future either the bar has to be repaired or a semaphore is red",G(( escalator_speeds_up & motorbike_falls_down ) -> F( bar_has_to_be_repaired | semaphore_is_red )),{bar_has_to_be_repaired escalator_speeds_up motorbike_falls_down semaphore_is_red}
at no time either a semaphore is green or the bar is up,G(!( semaphore_is_green | bar_is_up )),{bar_is_up semaphore_is_green}
it will not happen that MpsES or vQGmxmrQpSNn,G(!( MpsES | vQGmxmrQpSNn )),{MpsES vQGmxmrQpSNn}
in the future sOxbbfXlbCxM and CRBATKxDCawO,F( sOxbbfXlbCxM & CRBATKxDCawO ),{CRBATKxDCawO sOxbbfXlbCxM}
"the train is crossing implies that after the table is brown, at a certain moment the engine starts",G(( train_is_crossing ) -> G(( table_is_brown ) -> F( engine_starts ))),{engine_starts table_is_brown train_is_crossing}
always when both the table is old and the table has been moved then it is going to happen that either the bridge closes or the bar has to be repaired,G(( table_is_old & table_has_been_moved ) -> F( bridge_closes | bar_has_to_be_repaired )),{bar_has_to_be_repaired bridge_closes table_has_been_moved table_is_old}
at any time lZMnzOt and LjBdJ,G( lZMnzOt & LjBdJ ),{LjBdJ lZMnzOt}
"at no time an elevator rises and, at the same time, the brake is pressed and a bridge closes",G(!( elevator_rises & brake_is_pressed & bridge_closes )),{brake_is_pressed bridge_closes elevator_rises}
"finally, either tlQsuJXHqJ, iPdcCYfLrFgzSPD or iWkwWgzloVyCM",F( tlQsuJXHqJ | iPdcCYfLrFgzSPD | iWkwWgzloVyCM ),{iPdcCYfLrFgzSPD iWkwWgzloVyCM tlQsuJXHqJ}
"a sensor retrieves data and, as a consequence, after the bar is down, at some point in time the motorbike catches fire",G(( sensor_retrieves_data ) -> G(( bar_is_down ) -> F( motorbike_catches_fire ))),{bar_is_down motorbike_catches_fire sensor_retrieves_data}
"always, Nypimz or QScsZhlJ or TShIic",G( Nypimz | QScsZhlJ | TShIic ),{Nypimz QScsZhlJ TShIic}
it is going to happen that the car starts or a car stops after a motorbike has started and the bar is up,G(( motorbike_has_started & bar_is_up ) -> F( car_starts | car_stops )),{bar_is_up car_starts car_stops motorbike_has_started}
it is always true that the house is open or the bar is up or a semaphore is red,G( house_is_open | bar_is_up | semaphore_is_red ),{bar_is_up house_is_open semaphore_is_red}
in the future tAKMPcTPJje,F( tAKMPcTPJje ),{tAKMPcTPJje}
whenever a sensor captures data or the bar is up then it is going to happen that either the house is open or a table has been moved,G(( sensor_captures_data | bar_is_up ) -> F( house_is_open | table_has_been_moved )),{bar_is_up house_is_open sensor_captures_data table_has_been_moved}
"always, the escalator moves or a sensor retrieves data or a train derails",G( escalator_moves | sensor_retrieves_data | train_derails ),{escalator_moves sensor_retrieves_data train_derails}
"forever, either the car starts, a train has arrived or a table has been moved",G( car_starts | train_has_arrived | table_has_been_moved ),{car_starts table_has_been_moved train_has_arrived}
"finally, the engine breaks or a manager handles requests and, eventually, the escalator speeds up or the bar is closing afterwards",G(!( engine_breaks | manager_handles_requests )) | F(( engine_breaks | manager_handles_requests ) & F( escalator_speeds_up | bar_is_closing )),{bar_is_closing engine_breaks escalator_speeds_up manager_handles_requests}
"as the motorbike catches fire and the bar has to be repaired, finally, the engine breaks or a train has arrived",G(( motorbike_catches_fire & bar_has_to_be_repaired ) -> F( engine_breaks | train_has_arrived )),{bar_has_to_be_repaired engine_breaks motorbike_catches_fire train_has_arrived}
under no circumstances the constructor instantiate objects and together the house collapses and the brake is pressed,G(!( constructor_instantiate_objects & house_collapses & brake_is_pressed )),{brake_is_pressed constructor_instantiate_objects house_collapses}
if the engine stops or a house is open then it will happen that the escalator is blocked and the manager collect claims,G(( engine_stops | house_is_open ) -> F( escalator_is_blocked & manager_collect_claims )),{engine_stops escalator_is_blocked house_is_open manager_collect_claims}
every time SDNNFjBuiACu then sooner or later both iegHRZPYmti and BrJzTgahiD,G(( SDNNFjBuiACu ) -> F( iegHRZPYmti & BrJzTgahiD )),{BrJzTgahiD SDNNFjBuiACu iegHRZPYmti}
"a house is open and, as a consequence, always when a table is old then at some point in time a train derails",G(( house_is_open ) -> G(( table_is_old ) -> F( train_derails ))),{house_is_open table_is_old train_derails}
"whenever either the train has arrived or an elevator rises then eventually, either the elevator falls or a house is open",G(( train_has_arrived | elevator_rises ) -> F( elevator_falls | house_is_open )),{elevator_falls elevator_rises house_is_open train_has_arrived}
"after the bridge opens and the brake is pressed, at some point a sensor captures data or the engine starts",G(( bridge_opens & brake_is_pressed ) -> F( sensor_captures_data | engine_starts )),{brake_is_pressed bridge_opens engine_starts sensor_captures_data}
"after the motorbike has stopped and the constructor creates instances, at some point either the escalator is blocked or a constructor creates instances",G(( motorbike_has_stopped & constructor_creates_instances ) -> F( escalator_is_blocked | constructor_creates_instances )),{constructor_creates_instances escalator_is_blocked motorbike_has_stopped}
always when the elevator rises and a bridge opens then at some point in time both the bar is up and a manager collect claims,G(( elevator_rises & bridge_opens ) -> F( bar_is_up & manager_collect_claims )),{bar_is_up bridge_opens elevator_rises manager_collect_claims}
"it is always true that either the bar has to be repaired, the bar is down or the brake is released",G( bar_has_to_be_repaired | bar_is_down | brake_is_released ),{bar_has_to_be_repaired bar_is_down brake_is_released}
"always, the table is brown or a house collapses or the manager collect claims",G( table_is_brown | house_collapses | manager_collect_claims ),{house_collapses manager_collect_claims table_is_brown}
"as a constructor instantiate objects and the elevator rises, at some point either the bar is down or the manager collect claims",G(( constructor_instantiate_objects & elevator_rises ) -> F( bar_is_down | manager_collect_claims )),{bar_is_down constructor_instantiate_objects elevator_rises manager_collect_claims}
"whenever both the train is crossing and the semaphore is yellow then eventually, both a manager collect claims and a train is crossing",G(( train_is_crossing & semaphore_is_yellow ) -> F( manager_collect_claims & train_is_crossing )),{manager_collect_claims semaphore_is_yellow train_is_crossing}
"sooner or later a bridge closes, the motorbike has started and the table has been moved",F( bridge_closes & motorbike_has_started & table_has_been_moved ),{bridge_closes motorbike_has_started table_has_been_moved}
each time gaHIzRNRNSiEleS then if bIlW_dJBT_TPQPN then at some point in time cUEBWcONzCgX,G(( gaHIzRNRNSiEleS ) -> G(( bIlW_dJBT_TPQPN ) -> F( cUEBWcONzCgX ))),{bIlW_dJBT_TPQPN cUEBWcONzCgX gaHIzRNRNSiEleS}
"after gbYxZ and CjjpREZXaxPm, finally, pYit_ or XPddQ",G(( gbYxZ & CjjpREZXaxPm ) -> F( pYit_ | XPddQ )),{CjjpREZXaxPm PddQ gbYxZ pYit_}
in the future fSgxu or ndaKe after flkyyE_KTTrCOh,G(( flkyyE_KTTrCOh ) -> F( fSgxu | ndaKe )),{fSgxu flkyyE_KTTrCOh ndaKe}
"first, in the future both the table has been moved and the motorbike is driven, and then, at a certain moment a train is crossing or a manager collect claims",G(!( table_has_been_moved & motorbike_is_driven )) | F(( table_has_been_moved & motorbike_is_driven ) & F( train_is_crossing | manager_collect_claims )),{manager_collect_claims motorbike_is_driven table_has_been_moved train_is_crossing}
"eventually, both a manager collect claims and the engine breaks after the bar is closing or the brake is pressed",G(( bar_is_closing | brake_is_pressed ) -> F( manager_collect_claims & engine_breaks )),{bar_is_closing brake_is_pressed engine_breaks manager_collect_claims}
"in any case the bridge opens and, at the same time, the engine breaks and the manager collect claims",G( bridge_opens & engine_breaks & manager_collect_claims ),{bridge_opens engine_breaks manager_collect_claims}
"after the elevator is blocked and the train derails, eventually, a car starts and the engine stops",G(( elevator_is_blocked & train_derails ) -> F( car_starts & engine_stops )),{car_starts elevator_is_blocked engine_stops train_derails}
"in the future either the elevator falls, the train derails or a house collapses",F( elevator_falls | train_derails | house_collapses ),{elevator_falls house_collapses train_derails}
"after the bridge opens or the elevator rises, at some point either the elevator is open or a semaphore is green",G(( bridge_opens | elevator_rises ) -> F( elevator_is_open | semaphore_is_green )),{bridge_opens elevator_is_open elevator_rises semaphore_is_green}
whenever a semaphore is green or the bar is down then at some point in time either the train derails or the car enters,G(( semaphore_is_green | bar_is_down ) -> F( train_derails | car_enters )),{bar_is_down car_enters semaphore_is_green train_derails}
"at no time the train has been launched and, at the same time, the train derails and a semaphore is red",G(!( train_has_been_launched & train_derails & semaphore_is_red )),{semaphore_is_red train_derails train_has_been_launched}
"eternally, LqzXwuf",G( LqzXwuf ),{LqzXwuf}
"first, it is going to happen that a constructor creates instances or the motorbike is driven, and then, eventually, the bar is up or an elevator is open",G(!( constructor_creates_instances | motorbike_is_driven )) | F(( constructor_creates_instances | motorbike_is_driven ) & F( bar_is_up | elevator_is_open )),{bar_is_up constructor_creates_instances elevator_is_open motorbike_is_driven}
if the elevator is open or the house is built then it is always the case that both a bridge opens and a constructor creates instances,G(( elevator_is_open | house_is_built ) -> G( bridge_opens & constructor_creates_instances )),{bridge_opens constructor_creates_instances elevator_is_open house_is_built}
"after a sensor captures data or the escalator moves, it will not happen that both a motorbike falls down and the engine starts",G(( sensor_captures_data | escalator_moves ) -> G(!( motorbike_falls_down & engine_starts ))),{engine_starts escalator_moves motorbike_falls_down sensor_captures_data}
at some point in time either WFJjiFu or jHOwoEIIrGb after qIspRA,G(( qIspRA ) -> F( WFJjiFu | jHOwoEIIrGb )),{WFJjiFu jHOwoEIIrGb qIspRA}
every time both oKRUPuqh and DtPVe_GkUnxXwZ,G( oKRUPuqh & DtPVe_GkUnxXwZ ),{DtPVe_GkUnxXwZ oKRUPuqh}
"eventually, either an elevator is open, a bridge closes or a train has been launched",F( elevator_is_open | bridge_closes | train_has_been_launched ),{bridge_closes elevator_is_open train_has_been_launched}
"never, the bar is closing or the train derails or the brake is pressed",G(!( bar_is_closing | train_derails | brake_is_pressed )),{bar_is_closing brake_is_pressed train_derails}
"in any case the car enters and, at the same time, the train is crossing and the table is old",G( car_enters & train_is_crossing & table_is_old ),{car_enters table_is_old train_is_crossing}
"at some point in time the motorbike has started, a sensor retrieves data and the train derails",F( motorbike_has_started & sensor_retrieves_data & train_derails ),{motorbike_has_started sensor_retrieves_data train_derails}
if the brake is released or a semaphore is red then at some point both the manager collect claims and the motorbike has started,G(( brake_is_released | semaphore_is_red ) -> F( manager_collect_claims & motorbike_has_started )),{brake_is_released manager_collect_claims motorbike_has_started semaphore_is_red}
"if UEfwHWRwjiq or nHhIImGYwKj then finally, HyJIh or apMGDKBIyHLr",G(( UEfwHWRwjiq | nHhIImGYwKj ) -> F( HyJIh | apMGDKBIyHLr )),{HyJIh UEfwHWRwjiq apMGDKBIyHLr nHhIImGYwKj}
"always, a house collapses, a car stops and a car starts",G( house_collapses & car_stops & car_starts ),{car_starts car_stops house_collapses}
"never, an elevator falls and together a motorbike has stopped and the house is open",G(!( elevator_falls & motorbike_has_stopped & house_is_open )),{elevator_falls house_is_open motorbike_has_stopped}
pfJkwlQ implies that if rXhpY then it is going to happen that fFOGPEhguKC,G(( pfJkwlQ ) -> G(( rXhpY ) -> F( fFOGPEhguKC ))),{fFOGPEhguKC pfJkwlQ rXhpY}
every time an elevator falls and the escalator is blocked then it is going to happen that either the elevator rises or an elevator is blocked,G(( elevator_falls & escalator_is_blocked ) -> F( elevator_rises | elevator_is_blocked )),{elevator_falls elevator_is_blocked elevator_rises escalator_is_blocked}
sooner or later both a manager collect claims and a train has arrived after either the table is old or the train has arrived,G(( table_is_old | train_has_arrived ) -> F( manager_collect_claims & train_has_arrived )),{manager_collect_claims table_is_old train_has_arrived}
"eventually, either q_yidGPIv or VHopzmptE after YNzmovnqOZYq and Xem_TWClekoEk",G(( YNzmovnqOZYq & Xem_TWClekoEk ) -> F( q_yidGPIv | VHopzmptE )),{VHopzmptE YNzmovnqOZYq em_TWClekoEk q_yidGPIv}
it is going to happen that the train derails and the escalator moves after both the sensor retrieves data and the sensor captures data,G(( sensor_retrieves_data & sensor_captures_data ) -> F( train_derails & escalator_moves )),{escalator_moves sensor_captures_data sensor_retrieves_data train_derails}
each time EDoqdlbBxz then always when USCtCsDIqYKKZY then in the future hFRcHLk,G(( EDoqdlbBxz ) -> G(( USCtCsDIqYKKZY ) -> F( hFRcHLk ))),{EDoqdlbBxz USCtCsDIqYKKZY hFRcHLk}
"every time either the bridge closes, a house is open or the escalator moves",G( bridge_closes | house_is_open | escalator_moves ),{bridge_closes escalator_moves house_is_open}
"as the motorbike falls down and the train is crossing, it is going to happen that a table is old or the elevator falls",G(( motorbike_falls_down & train_is_crossing ) -> F( table_is_old | elevator_falls )),{elevator_falls motorbike_falls_down table_is_old train_is_crossing}
"always, the motorbike is driven and together the bridge closes and a train stops",G( motorbike_is_driven & bridge_closes & train_stops ),{bridge_closes motorbike_is_driven train_stops}
"as both the brake is pressed and the elevator is open, eventually, both a motorbike has stopped and a train is crossing",G(( brake_is_pressed & elevator_is_open ) -> F( motorbike_has_stopped & train_is_crossing )),{brake_is_pressed elevator_is_open motorbike_has_stopped train_is_crossing}
at some point tnoHmXYtGagWDDE,F( tnoHmXYtGagWDDE ),{tnoHmXYtGagWDDE}
whenever either the sensor captures data or the bar is up then sooner or later both a manager collect claims and a constructor creates instances,G(( sensor_captures_data | bar_is_up ) -> F( manager_collect_claims & constructor_creates_instances )),{bar_is_up constructor_creates_instances manager_collect_claims sensor_captures_data}
"as the motorbike has stopped or the engine stops, it will happen that both the manager collect claims and a bridge opens",G(( motorbike_has_stopped | engine_stops ) -> F( manager_collect_claims & bridge_opens )),{bridge_opens engine_stops manager_collect_claims motorbike_has_stopped}
"as the manager collect claims and the constructor instantiate objects, finally, the table is brown or the elevator rises",G(( manager_collect_claims & constructor_instantiate_objects ) -> F( table_is_brown | elevator_rises )),{constructor_instantiate_objects elevator_rises manager_collect_claims table_is_brown}
at a certain moment both the bar is down and the brake is released after both a train has arrived and a motorbike falls down,G(( train_has_arrived & motorbike_falls_down ) -> F( bar_is_down & brake_is_released )),{bar_is_down brake_is_released motorbike_falls_down train_has_arrived}
always when the brake is pressed and a motorbike catches fire then it will happen that either the bar has to be repaired or an elevator rises,G(( brake_is_pressed & motorbike_catches_fire ) -> F( bar_has_to_be_repaired | elevator_rises )),{bar_has_to_be_repaired brake_is_pressed elevator_rises motorbike_catches_fire}
always when oTpXNjCDdhf then at a certain moment oWGcqtUbRHQ and kqLhARuIdLKS,G(( oTpXNjCDdhf ) -> F( oWGcqtUbRHQ & kqLhARuIdLKS )),{kqLhARuIdLKS oTpXNjCDdhf oWGcqtUbRHQ}
all the time kRRWWaBpc,G( kRRWWaBpc ),{kRRWWaBpc}
whenever the manager handles requests or the table is old then in any case either the bar has to be repaired or the escalator moves,G(( manager_handles_requests | table_is_old ) -> G( bar_has_to_be_repaired | escalator_moves )),{bar_has_to_be_repaired escalator_moves manager_handles_requests table_is_old}
"after a constructor instantiate objects and the table is brown, finally, both the sensor captures data and a semaphore is yellow",G(( constructor_instantiate_objects & table_is_brown ) -> F( sensor_captures_data & semaphore_is_yellow )),{constructor_instantiate_objects semaphore_is_yellow sensor_captures_data table_is_brown}
"as either the table has been moved or the bridge opens, at a certain moment the constructor instantiate objects and a motorbike has stopped",G(( table_has_been_moved | bridge_opens ) -> F( constructor_instantiate_objects & motorbike_has_stopped )),{bridge_opens constructor_instantiate_objects motorbike_has_stopped table_has_been_moved}
at any time GHKlwjVjhzVdl,G( GHKlwjVjhzVdl ),{HKlwjVjhzVdl}
always when aPCIjN then at some point in time KDRoXQLE,G(( aPCIjN ) -> F( KDRoXQLE )),{KDRoXQLE aPCIjN}
"it is always the case that the engine starts and, at the same time, the bridge opens and a house collapses",G( engine_starts & bridge_opens & house_collapses ),{bridge_opens engine_starts house_collapses}
sooner or later the motorbike has started and the bar is up after the elevator falls and a house is built,G(( elevator_falls & house_is_built ) -> F( motorbike_has_started & bar_is_up )),{bar_is_up elevator_falls house_is_built motorbike_has_started}
"all the time a car starts, a table has been moved and the train is crossing",G( car_starts & table_has_been_moved & train_is_crossing ),{car_starts table_has_been_moved train_is_crossing}
every time CsouFgaIQvI after RDTdC,G(( RDTdC ) -> G( CsouFgaIQvI )),{CsouFgaIQvI RDTdC}
"eventually, the bridge closes, the engine breaks and a train is crossing",F( bridge_closes & engine_breaks & train_is_crossing ),{bridge_closes engine_breaks train_is_crossing}
"eventually, a semaphore is red and an elevator falls after the semaphore is yellow",G(( semaphore_is_yellow ) -> F( semaphore_is_red & elevator_falls )),{elevator_falls semaphore_is_red semaphore_is_yellow}
"whenever either the escalator is blocked or the constructor creates instances then finally, the sensor captures data and a motorbike has started",G(( escalator_is_blocked | constructor_creates_instances ) -> F( sensor_captures_data & motorbike_has_started )),{constructor_creates_instances escalator_is_blocked motorbike_has_started sensor_captures_data}
"at no time either a train derails, a constructor instantiate objects or the car enters",G(!( train_derails | constructor_instantiate_objects | car_enters )),{car_enters constructor_instantiate_objects train_derails}
"as a house is open or the table is old, finally, a manager handles requests and the motorbike has stopped",G(( house_is_open | table_is_old ) -> F( manager_handles_requests & motorbike_has_stopped )),{house_is_open manager_handles_requests motorbike_has_stopped table_is_old}
"sooner or later a semaphore is red, the car stops and the engine stops",F( semaphore_is_red & car_stops & engine_stops ),{car_stops engine_stops semaphore_is_red}
"at some point in time a car stops and the escalator is blocked and, at a certain moment the semaphore is red and a manager collect claims afterwards",G(!( car_stops & escalator_is_blocked )) | F(( car_stops & escalator_is_blocked ) & F( semaphore_is_red & manager_collect_claims )),{car_stops escalator_is_blocked manager_collect_claims semaphore_is_red}
"every time either pCgFBvbfgwxYl, uRLDSdiOLyhmm or wakrBop",G( pCgFBvbfgwxYl | uRLDSdiOLyhmm | wakrBop ),{pCgFBvbfgwxYl uRLDSdiOLyhmm wakrBop}
"eternally, abDvfEoErX and OXniKJ_blLnY after both FNCfrHRMtpUTYG and irSTgZ",G(( FNCfrHRMtpUTYG & irSTgZ ) -> G( abDvfEoErX & OXniKJ_blLnY )),{NCfrHRMtpUTYG OXniKJ_blLnY abDvfEoErX irSTgZ}
it will happen that the bridge opens or the bar has to be repaired or the brake is released,F( bridge_opens | bar_has_to_be_repaired | brake_is_released ),{bar_has_to_be_repaired brake_is_released bridge_opens}
under no condition xZTiTyvVCKhtT and R_AZkQUYbD_G,G(!( xZTiTyvVCKhtT & R_AZkQUYbD_G )),{R_AZkQUYbD_G xZTiTyvVCKhtT}
"in the future either a semaphore is yellow, the motorbike has stopped or the house is open",F( semaphore_is_yellow | motorbike_has_stopped | house_is_open ),{house_is_open motorbike_has_stopped semaphore_is_yellow}
"always, the bar is up or the engine breaks or the bar is down",G( bar_is_up | engine_breaks | bar_is_down ),{bar_is_down bar_is_up engine_breaks}
"forever, either a motorbike is driven, a train stops or a table is old",G( motorbike_is_driven | train_stops | table_is_old ),{motorbike_is_driven table_is_old train_stops}
"eternally, a motorbike falls down, a train stops and a house is built",G( motorbike_falls_down & train_stops & house_is_built ),{house_is_built motorbike_falls_down train_stops}
whenever both a semaphore is red and the car enters then at some point in time either the elevator falls or an elevator is open,G(( semaphore_is_red & car_enters ) -> F( elevator_falls | elevator_is_open )),{car_enters elevator_falls elevator_is_open semaphore_is_red}
"forever, a house is open, an elevator is open and the sensor retrieves data",G( house_is_open & elevator_is_open & sensor_retrieves_data ),{elevator_is_open house_is_open sensor_retrieves_data}
always when either a house is open or a constructor instantiate objects then at a certain moment either a car starts or the semaphore is broken,G(( house_is_open | constructor_instantiate_objects ) -> F( car_starts | semaphore_is_broken )),{car_starts constructor_instantiate_objects house_is_open semaphore_is_broken}
the bar has to be repaired implies that always when an elevator falls then sooner or later the escalator moves,G(( bar_has_to_be_repaired ) -> G(( elevator_falls ) -> F( escalator_moves ))),{bar_has_to_be_repaired elevator_falls escalator_moves}
it should not happen that the motorbike catches fire or the semaphore is green or the bar is down,G(!( motorbike_catches_fire | semaphore_is_green | bar_is_down )),{bar_is_down motorbike_catches_fire semaphore_is_green}
"always, a table has been moved or a car stops or the motorbike has stopped",G( table_has_been_moved | car_stops | motorbike_has_stopped ),{car_stops motorbike_has_stopped table_has_been_moved}
every time a sensor captures data or the bar is up then at some point in time both a motorbike falls down and the train is crossing,G(( sensor_captures_data | bar_is_up ) -> F( motorbike_falls_down & train_is_crossing )),{bar_is_up motorbike_falls_down sensor_captures_data train_is_crossing}
"it is going to happen that a table is brown and the bar is down and, it will happen that the bridge closes or the semaphore is broken afterwards",G(!( table_is_brown & bar_is_down )) | F(( table_is_brown & bar_is_down ) & F( bridge_closes | semaphore_is_broken )),{bar_is_down bridge_closes semaphore_is_broken table_is_brown}
"the brake is pressed implies that if the car enters then eventually, the engine starts",G(( brake_is_pressed ) -> G(( car_enters ) -> F( engine_starts ))),{brake_is_pressed car_enters engine_starts}
if both a semaphore is yellow and the bar is up then it is going to happen that both a train derails and the brake is released,G(( semaphore_is_yellow & bar_is_up ) -> F( train_derails & brake_is_released )),{bar_is_up brake_is_released semaphore_is_yellow train_derails}
"finally, TXNiBbQhx and WR_GIKSDybOR after both eaiFHrlWMBP and HJUFS",G(( eaiFHrlWMBP & HJUFS ) -> F( TXNiBbQhx & WR_GIKSDybOR )),{HJUFS TXNiBbQhx WR_GIKSDybOR eaiFHrlWMBP}
lGCRMSISW involves that every time A_XJhifjULXgFtk then sooner or later qWHRj,G(( lGCRMSISW ) -> G(( A_XJhifjULXgFtk ) -> F( qWHRj ))),{A_XJhifjULXgFtk lGCRMSISW qWHRj}
"at any time either the motorbike is driven, the engine stops or the bar is closing",G( motorbike_is_driven | engine_stops | bar_is_closing ),{bar_is_closing engine_stops motorbike_is_driven}
it will not happen that the motorbike has stopped and a bridge closes,G(!( motorbike_has_stopped & bridge_closes )),{bridge_closes motorbike_has_stopped}
all the time jEzPlDaHbOzym,G( jEzPlDaHbOzym ),{jEzPlDaHbOzym}
"always when both a house is open and the brake is released then finally, a car enters and the constructor instantiate objects",G(( house_is_open & brake_is_released ) -> F( car_enters & constructor_instantiate_objects )),{brake_is_released car_enters constructor_instantiate_objects house_is_open}
"it should not happen that the train has been launched and, at the same time, the motorbike catches fire and the escalator speeds up",G(!( train_has_been_launched & motorbike_catches_fire & escalator_speeds_up )),{escalator_speeds_up motorbike_catches_fire train_has_been_launched}
"after either a table is old or a sensor retrieves data, at some point the table has been moved and the engine breaks",G(( table_is_old | sensor_retrieves_data ) -> F( table_has_been_moved & engine_breaks )),{engine_breaks sensor_retrieves_data table_has_been_moved table_is_old}
it is always true that NLjxWkLloca,G( NLjxWkLloca ),{NLjxWkLloca}
"all the time a train derails and, at the same time, the motorbike is driven and the escalator is blocked",G( train_derails & motorbike_is_driven & escalator_is_blocked ),{escalator_is_blocked motorbike_is_driven train_derails}
"it is always true that either the bar has to be repaired, the escalator speeds up or the brake is pressed",G( bar_has_to_be_repaired | escalator_speeds_up | brake_is_pressed ),{bar_has_to_be_repaired brake_is_pressed escalator_speeds_up}
it is always true that EcEJAAjQIEwHLJ or bCpnthtwfwWv or mAkartXgUYj,G( EcEJAAjQIEwHLJ | bCpnthtwfwWv | mAkartXgUYj ),{EcEJAAjQIEwHLJ bCpnthtwfwWv mAkartXgUYj}
"in any case bGJPlh, CLzisPIX and v_okL",G( bGJPlh & CLzisPIX & v_okL ),{CLzisPIX bGJPlh v_okL}
"always when a bridge closes or the engine stops then finally, a motorbike has stopped and the elevator rises",G(( bridge_closes | engine_stops ) -> F( motorbike_has_stopped & elevator_rises )),{bridge_closes elevator_rises engine_stops motorbike_has_stopped}
"as the car stops and a house collapses, eventually, either the train derails or a train has been launched",G(( car_stops & house_collapses ) -> F( train_derails | train_has_been_launched )),{car_stops house_collapses train_derails train_has_been_launched}
"after a bridge closes or a car starts, finally, a sensor retrieves data or the car enters",G(( bridge_closes | car_starts ) -> F( sensor_retrieves_data | car_enters )),{bridge_closes car_enters car_starts sensor_retrieves_data}
"always when both the motorbike falls down and a constructor creates instances then finally, the engine stops and a sensor gathers information",G(( motorbike_falls_down & constructor_creates_instances ) -> F( engine_stops & sensor_gathers_information )),{constructor_creates_instances engine_stops motorbike_falls_down sensor_gathers_information}
if the manager handles requests or the escalator is blocked then at some point in time the brake is pressed and the semaphore is broken,G(( manager_handles_requests | escalator_is_blocked ) -> F( brake_is_pressed & semaphore_is_broken )),{brake_is_pressed escalator_is_blocked manager_handles_requests semaphore_is_broken}
it is going to happen that NwJXqjJslcn or MKKnRcWa after ElIgWUNkAcyowK,G(( ElIgWUNkAcyowK ) -> F( NwJXqjJslcn | MKKnRcWa )),{ElIgWUNkAcyowK MKKnRcWa NwJXqjJslcn}
"eternally, pzNOGEwcV or bmLvzHoZVTyJ or DaPlNJPQ",G( pzNOGEwcV | bmLvzHoZVTyJ | DaPlNJPQ ),{DaPlNJPQ bmLvzHoZVTyJ pzNOGEwcV}
always when the sensor gathers information or the table has been moved then at a certain moment a semaphore is green and the engine starts,G(( sensor_gathers_information | table_has_been_moved ) -> F( semaphore_is_green & engine_starts )),{engine_starts semaphore_is_green sensor_gathers_information table_has_been_moved}
"after LOmLGKNMn and BWPFuAoieQ, in the future UqvbiuPWVnf",G(( LOmLGKNMn & BWPFuAoieQ ) -> F( UqvbiuPWVnf )),{BWPFuAoieQ LOmLGKNMn UqvbiuPWVnf}
"after both the semaphore is broken and a motorbike catches fire, finally, the semaphore is green or the bar is down",G(( semaphore_is_broken & motorbike_catches_fire ) -> F( semaphore_is_green | bar_is_down )),{bar_is_down motorbike_catches_fire semaphore_is_broken semaphore_is_green}
"VVziWHr involves that every time mbQAQ then finally, qfYiP",G(( VVziWHr ) -> G(( mbQAQ ) -> F( qfYiP ))),{VVziWHr mbQAQ qfYiP}
"at some point bwUCiQdLLoInwvp and, at the same time, gPTmGLdyyuO and ACCETyovRKkOsyH",F( bwUCiQdLLoInwvp & gPTmGLdyyuO & ACCETyovRKkOsyH ),{ACCETyovRKkOsyH bwUCiQdLLoInwvp gPTmGLdyyuO}
whenever a house is open or a train is crossing then at a certain moment either a bridge closes or the engine stops,G(( house_is_open | train_is_crossing ) -> F( bridge_closes | engine_stops )),{bridge_closes engine_stops house_is_open train_is_crossing}
at a certain moment either mdEmD or YKb_o,F( mdEmD | YKb_o ),{YKb_o mdEmD}
"at some point in time either the table is brown or the motorbike has started and, in the future the elevator falls and the manager collect claims afterwards",G(!( table_is_brown | motorbike_has_started )) | F(( table_is_brown | motorbike_has_started ) & F( elevator_falls & manager_collect_claims )),{elevator_falls manager_collect_claims motorbike_has_started table_is_brown}
every time both the table is brown and the escalator speeds up then it is going to happen that a motorbike has stopped or the engine stops,G(( table_is_brown & escalator_speeds_up ) -> F( motorbike_has_stopped | engine_stops )),{engine_stops escalator_speeds_up motorbike_has_stopped table_is_brown}
it is always true that the escalator moves and together the elevator rises and the bar is up,G( escalator_moves & elevator_rises & bar_is_up ),{bar_is_up elevator_rises escalator_moves}
"sooner or later the elevator falls and, at the same time, the train is crossing and a car stops",F( elevator_falls & train_is_crossing & car_stops ),{car_stops elevator_falls train_is_crossing}
"as sHnFfjgY, eventually, VmYtePwIXJAywc",G(( sHnFfjgY ) -> F( VmYtePwIXJAywc )),{VmYtePwIXJAywc sHnFfjgY}
"whenever both a semaphore is broken and the house is built then eternally, both the semaphore is red and the brake is released",G(( semaphore_is_broken & house_is_built ) -> G( semaphore_is_red & brake_is_released )),{brake_is_released house_is_built semaphore_is_broken semaphore_is_red}
"as either the bar is up or the escalator speeds up, it is going to happen that both the escalator is blocked and a semaphore is red",G(( bar_is_up | escalator_speeds_up ) -> F( escalator_is_blocked & semaphore_is_red )),{bar_is_up escalator_is_blocked escalator_speeds_up semaphore_is_red}
at any time the elevator is blocked or the sensor retrieves data or a manager handles requests,G( elevator_is_blocked | sensor_retrieves_data | manager_handles_requests ),{elevator_is_blocked manager_handles_requests sensor_retrieves_data}
"as either a car stops or the escalator is blocked, finally, either the motorbike is driven or an elevator falls",G(( car_stops | escalator_is_blocked ) -> F( motorbike_is_driven | elevator_falls )),{car_stops elevator_falls escalator_is_blocked motorbike_is_driven}
if either a bridge closes or an elevator is blocked then at a certain moment both the engine starts and the semaphore is broken,G(( bridge_closes | elevator_is_blocked ) -> F( engine_starts & semaphore_is_broken )),{bridge_closes elevator_is_blocked engine_starts semaphore_is_broken}
it is always true that blnzQwmA,G( blnzQwmA ),{blnzQwmA}
"as the engine starts and a semaphore is broken, finally, either a car starts or the semaphore is broken",G(( engine_starts & semaphore_is_broken ) -> F( car_starts | semaphore_is_broken )),{car_starts engine_starts semaphore_is_broken}
every time both CxaLw and lARIbC then sooner or later FXYSlMylXM,G(( CxaLw & lARIbC ) -> F( FXYSlMylXM )),{CxaLw YSlMylXM lARIbC}
every time both the train derails and the escalator moves then in the future both an elevator rises and a train is crossing,G(( train_derails & escalator_moves ) -> F( elevator_rises & train_is_crossing )),{elevator_rises escalator_moves train_derails train_is_crossing}
"first, it will happen that the bridge closes or the escalator is blocked, and then, sooner or later a table has been moved and a train derails",G(!( bridge_closes | escalator_is_blocked )) | F(( bridge_closes | escalator_is_blocked ) & F( table_has_been_moved & train_derails )),{bridge_closes escalator_is_blocked table_has_been_moved train_derails}
every time the elevator falls or a train stops then at some point a semaphore is broken and a semaphore is green,G(( elevator_falls | train_stops ) -> F( semaphore_is_broken & semaphore_is_green )),{elevator_falls semaphore_is_broken semaphore_is_green train_stops}
if the brake is pressed and the sensor captures data then at a certain moment a motorbike is driven or a house is built,G(( brake_is_pressed & sensor_captures_data ) -> F( motorbike_is_driven | house_is_built )),{brake_is_pressed house_is_built motorbike_is_driven sensor_captures_data}
always when a constructor creates instances and the escalator moves then it will happen that both a sensor captures data and a motorbike has started,G(( constructor_creates_instances & escalator_moves ) -> F( sensor_captures_data & motorbike_has_started )),{constructor_creates_instances escalator_moves motorbike_has_started sensor_captures_data}
"at any time the train has arrived and, at the same time, a manager handles requests and a house is built",G( train_has_arrived & manager_handles_requests & house_is_built ),{house_is_built manager_handles_requests train_has_arrived}
it is always the case that the semaphore is broken and together the engine starts and the brake is released,G( semaphore_is_broken & engine_starts & brake_is_released ),{brake_is_released engine_starts semaphore_is_broken}
"at no time the train stops and, at the same time, the constructor creates instances and the engine starts",G(!( train_stops & constructor_creates_instances & engine_starts )),{constructor_creates_instances engine_starts train_stops}
"in the future a train is crossing and a house collapses and, sooner or later the constructor creates instances or the elevator is blocked afterwards",G(!( train_is_crossing & house_collapses )) | F(( train_is_crossing & house_collapses ) & F( constructor_creates_instances | elevator_is_blocked )),{constructor_creates_instances elevator_is_blocked house_collapses train_is_crossing}
"the house is open implies that as the semaphore is green, it is going to happen that the bar has to be repaired",G(( house_is_open ) -> G(( semaphore_is_green ) -> F( bar_has_to_be_repaired ))),{bar_has_to_be_repaired house_is_open semaphore_is_green}
"it is always the case that the escalator is blocked and, at the same time, the sensor retrieves data and a car stops",G( escalator_is_blocked & sensor_retrieves_data & car_stops ),{car_stops escalator_is_blocked sensor_retrieves_data}
"it is always true that either the table is brown, the escalator is blocked or the engine breaks",G( table_is_brown | escalator_is_blocked | engine_breaks ),{engine_breaks escalator_is_blocked table_is_brown}
"in any case the semaphore is red, the table is old and the train stops",G( semaphore_is_red & table_is_old & train_stops ),{semaphore_is_red table_is_old train_stops}
at some point in time the elevator is blocked or a bridge closes or the escalator speeds up,F( elevator_is_blocked | bridge_closes | escalator_speeds_up ),{bridge_closes elevator_is_blocked escalator_speeds_up}
whenever QHTpNyRlAFeTg then it will happen that PFWxrw,G(( QHTpNyRlAFeTg ) -> F( PFWxrw )),{PFWxrw QHTpNyRlAFeTg}
"at some point in time a constructor creates instances or a table is old and, sooner or later either the bridge opens or the bar is up afterwards",G(!( constructor_creates_instances | table_is_old )) | F(( constructor_creates_instances | table_is_old ) & F( bridge_opens | bar_is_up )),{bar_is_up bridge_opens constructor_creates_instances table_is_old}
whenever both the house is open and a semaphore is green then it should not happen that both the bar is up and a car starts,G(( house_is_open & semaphore_is_green ) -> G(!( bar_is_up & car_starts ))),{bar_is_up car_starts house_is_open semaphore_is_green}
"at any time either a bridge opens, a motorbike is driven or the train is crossing",G( bridge_opens | motorbike_is_driven | train_is_crossing ),{bridge_opens motorbike_is_driven train_is_crossing}
at some point in time the train has been launched and a train stops after both the train is crossing and the constructor instantiate objects,G(( train_is_crossing & constructor_instantiate_objects ) -> F( train_has_been_launched & train_stops )),{constructor_instantiate_objects train_has_been_launched train_is_crossing train_stops}
"at any time the car starts and, at the same time, the manager collect claims and the motorbike has started",G( car_starts & manager_collect_claims & motorbike_has_started ),{car_starts manager_collect_claims motorbike_has_started}
"every time an elevator is open and, at the same time, a motorbike has stopped and a semaphore is red",G( elevator_is_open & motorbike_has_stopped & semaphore_is_red ),{elevator_is_open motorbike_has_stopped semaphore_is_red}
at a certain moment UEpcMDhvTL and together ntqeQUFwpWbw and QHDzdfpg,F( UEpcMDhvTL & ntqeQUFwpWbw & QHDzdfpg ),{QHDzdfpg UEpcMDhvTL ntqeQUFwpWbw}
it never happens that aTFdXM,G(!( aTFdXM )),{aTFdXM}
it will happen that the elevator is open or a semaphore is green after both a sensor captures data and a car stops,G(( sensor_captures_data & car_stops ) -> F( elevator_is_open | semaphore_is_green )),{car_stops elevator_is_open semaphore_is_green sensor_captures_data}
at some point in time both the house is open and the bar is closing after both a table has been moved and the elevator is blocked,G(( table_has_been_moved & elevator_is_blocked ) -> F( house_is_open & bar_is_closing )),{bar_is_closing elevator_is_blocked house_is_open table_has_been_moved}
"after a semaphore is red and an elevator falls, at some point either a manager handles requests or a constructor instantiate objects",G(( semaphore_is_red & elevator_falls ) -> F( manager_handles_requests | constructor_instantiate_objects )),{constructor_instantiate_objects elevator_falls manager_handles_requests semaphore_is_red}
"every time TmkAAyydi then finally, Tb_WaRgtC_FS or XgrWyNYBVklo",G(( TmkAAyydi ) -> F( Tb_WaRgtC_FS | XgrWyNYBVklo )),{Tb_WaRgtC_FS TmkAAyydi grWyNYBVklo}
at a certain moment either Rf_MUUcaZrJY or T_jbSjDZ,F( Rf_MUUcaZrJY | T_jbSjDZ ),{Rf_MUUcaZrJY T_jbSjDZ}
at a certain moment a motorbike has stopped or the escalator is blocked after the bar is closing or a bridge closes,G(( bar_is_closing | bridge_closes ) -> F( motorbike_has_stopped | escalator_is_blocked )),{bar_is_closing bridge_closes escalator_is_blocked motorbike_has_stopped}
"it is never the case that either a table has been moved, a bridge opens or the elevator is open",G(!( table_has_been_moved | bridge_opens | elevator_is_open )),{bridge_opens elevator_is_open table_has_been_moved}
"every time the bar is closing or the brake is pressed then finally, the elevator is open and the train has arrived",G(( bar_is_closing | brake_is_pressed ) -> F( elevator_is_open & train_has_arrived )),{bar_is_closing brake_is_pressed elevator_is_open train_has_arrived}
"eternally, a car starts and, at the same time, a car enters and the bar is down",G( car_starts & car_enters & bar_is_down ),{bar_is_down car_enters car_starts}
every time tUOtwDuQNlW and cyHST then in the future RVeDZXkq,G(( tUOtwDuQNlW & cyHST ) -> F( RVeDZXkq )),{RVeDZXkq cyHST tUOtwDuQNlW}
"forever, the motorbike has started and, at the same time, the bar is up and a constructor instantiate objects",G( motorbike_has_started & bar_is_up & constructor_instantiate_objects ),{bar_is_up constructor_instantiate_objects motorbike_has_started}
"as an elevator rises or an elevator falls, it will happen that either the motorbike has stopped or the engine stops",G(( elevator_rises | elevator_falls ) -> F( motorbike_has_stopped | engine_stops )),{elevator_falls elevator_rises engine_stops motorbike_has_stopped}
sooner or later YxkMVRnM and ZueNnXVhd,F( YxkMVRnM & ZueNnXVhd ),{YxkMVRnM ZueNnXVhd}
whenever either the escalator is blocked or a train stops then in the future either the bar is up or the bridge closes,G(( escalator_is_blocked | train_stops ) -> F( bar_is_up | bridge_closes )),{bar_is_up bridge_closes escalator_is_blocked train_stops}
every time a motorbike falls down or the bar has to be repaired or the bar is up,G( motorbike_falls_down | bar_has_to_be_repaired | bar_is_up ),{bar_has_to_be_repaired bar_is_up motorbike_falls_down}
"finally, either a semaphore is red, the brake is pressed or a semaphore is green",F( semaphore_is_red | brake_is_pressed | semaphore_is_green ),{brake_is_pressed semaphore_is_green semaphore_is_red}
"eternally, the table is brown and, at the same time, a motorbike has stopped and the bar is up",G( table_is_brown & motorbike_has_stopped & bar_is_up ),{bar_is_up motorbike_has_stopped table_is_brown}
whenever gESVTaf_u then at some point in time s_FoYeJk,G(( gESVTaf_u ) -> F( s_FoYeJk )),{gESVTaf_u s_FoYeJk}
"after both a constructor creates instances and the escalator moves, finally, a table is brown and a train stops",G(( constructor_creates_instances & escalator_moves ) -> F( table_is_brown & train_stops )),{constructor_creates_instances escalator_moves table_is_brown train_stops}
whenever the manager collect claims and a motorbike has started then at a certain moment both the bar is up and the escalator is blocked,G(( manager_collect_claims & motorbike_has_started ) -> F( bar_is_up & escalator_is_blocked )),{bar_is_up escalator_is_blocked manager_collect_claims motorbike_has_started}
always when the semaphore is broken and the train is crossing then in the future either a motorbike is driven or a house is built,G(( semaphore_is_broken & train_is_crossing ) -> F( motorbike_is_driven | house_is_built )),{house_is_built motorbike_is_driven semaphore_is_broken train_is_crossing}
each time a semaphore is green then sooner or later a semaphore is red after a constructor instantiate objects,G(( semaphore_is_green ) -> G(( constructor_instantiate_objects ) -> F( semaphore_is_red ))),{constructor_instantiate_objects semaphore_is_green semaphore_is_red}
in any case a motorbike catches fire or a house collapses or the train is crossing,G( motorbike_catches_fire | house_collapses | train_is_crossing ),{house_collapses motorbike_catches_fire train_is_crossing}
every time both the elevator rises and the bridge opens then in the future the brake is pressed and a train has arrived,G(( elevator_rises & bridge_opens ) -> F( brake_is_pressed & train_has_arrived )),{brake_is_pressed bridge_opens elevator_rises train_has_arrived}
"after the constructor instantiate objects and a motorbike has stopped, eventually, the brake is released and the escalator is blocked",G(( constructor_instantiate_objects & motorbike_has_stopped ) -> F( brake_is_released & escalator_is_blocked )),{brake_is_released constructor_instantiate_objects escalator_is_blocked motorbike_has_stopped}
"whenever both a semaphore is green and an elevator falls then eternally, the brake is released or the escalator is blocked",G(( semaphore_is_green & elevator_falls ) -> G( brake_is_released | escalator_is_blocked )),{brake_is_released elevator_falls escalator_is_blocked semaphore_is_green}
always when the sensor captures data or the engine starts then at some point the brake is released and the semaphore is yellow,G(( sensor_captures_data | engine_starts ) -> F( brake_is_released & semaphore_is_yellow )),{brake_is_released engine_starts semaphore_is_yellow sensor_captures_data}
it never happens that oRuYcaekTr,G(!( oRuYcaekTr )),{oRuYcaekTr}
"at a certain moment a bridge closes and, at some point either the engine breaks or a semaphore is yellow afterwards",G(!( bridge_closes )) | F(( bridge_closes ) & F( engine_breaks | semaphore_is_yellow )),{bridge_closes engine_breaks semaphore_is_yellow}
"after a motorbike catches fire and a car enters, sooner or later both the elevator falls and the elevator rises",G(( motorbike_catches_fire & car_enters ) -> F( elevator_falls & elevator_rises )),{car_enters elevator_falls elevator_rises motorbike_catches_fire}
if either a semaphore is red or the car starts then it is going to happen that either a manager handles requests or a motorbike catches fire,G(( semaphore_is_red | car_starts ) -> F( manager_handles_requests | motorbike_catches_fire )),{car_starts manager_handles_requests motorbike_catches_fire semaphore_is_red}
"forever, either the motorbike has started, a table has been moved or a train has arrived",G( motorbike_has_started | table_has_been_moved | train_has_arrived ),{motorbike_has_started table_has_been_moved train_has_arrived}
"first, at a certain moment the engine stops or the manager collect claims, and then, at a certain moment both the table is brown and the bar is up",G(!( engine_stops | manager_collect_claims )) | F(( engine_stops | manager_collect_claims ) & F( table_is_brown & bar_is_up )),{bar_is_up engine_stops manager_collect_claims table_is_brown}
if PjkkKkMxeZjV then at some point in time xYWnDJXkM and NTo_hNYJXnyKjUD,G(( PjkkKkMxeZjV ) -> F( xYWnDJXkM & NTo_hNYJXnyKjUD )),{NTo_hNYJXnyKjUD PjkkKkMxeZjV xYWnDJXkM}
"after both the escalator moves and a semaphore is yellow, finally, both the engine stops and the brake is released",G(( escalator_moves & semaphore_is_yellow ) -> F( engine_stops & brake_is_released )),{brake_is_released engine_stops escalator_moves semaphore_is_yellow}
"after oEAcAAnaneAln, it is going to happen that oDBokY",G(( oEAcAAnaneAln ) -> F( oDBokY )),{oDBokY oEAcAAnaneAln}
"in any case the engine breaks, a house is open and the elevator falls",G( engine_breaks & house_is_open & elevator_falls ),{elevator_falls engine_breaks house_is_open}
whenever bsfjqwtnNRI then in the future eflZlY and btqNaTBpK,G(( bsfjqwtnNRI ) -> F( eflZlY & btqNaTBpK )),{bsfjqwtnNRI btqNaTBpK eflZlY}
if the engine breaks or a semaphore is yellow then it is always true that either the engine stops or the car enters,G(( engine_breaks | semaphore_is_yellow ) -> G( engine_stops | car_enters )),{car_enters engine_breaks engine_stops semaphore_is_yellow}
in the future either BCvhJKIrIMR or oPRdHoK_HHIJ after either MMaUFjlcelGyQb or lplxxUFXUdbIkI,G(( MMaUFjlcelGyQb | lplxxUFXUdbIkI ) -> F( BCvhJKIrIMR | oPRdHoK_HHIJ )),{BCvhJKIrIMR MMaUFjlcelGyQb lplxxUFXUdbIkI oPRdHoK_HHIJ}
in any case the engine breaks and together a table is brown and the escalator is blocked,G( engine_breaks & table_is_brown & escalator_is_blocked ),{engine_breaks escalator_is_blocked table_is_brown}
always when tWoRQ then at a certain moment HNWdkXyEccYSS,G(( tWoRQ ) -> F( HNWdkXyEccYSS )),{HNWdkXyEccYSS tWoRQ}
"every time either the car stops, the bar is up or a train stops",G( car_stops | bar_is_up | train_stops ),{bar_is_up car_stops train_stops}
"forever, the bar is down and together the bar is up and the table has been moved",G( bar_is_down & bar_is_up & table_has_been_moved ),{bar_is_down bar_is_up table_has_been_moved}
every time both the escalator is blocked and the escalator moves then in the future the motorbike has stopped or a house is built,G(( escalator_is_blocked & escalator_moves ) -> F( motorbike_has_stopped | house_is_built )),{escalator_is_blocked escalator_moves house_is_built motorbike_has_stopped}
"it never happens that the manager handles requests, the elevator is blocked and the motorbike has stopped",G(!( manager_handles_requests & elevator_is_blocked & motorbike_has_stopped )),{elevator_is_blocked manager_handles_requests motorbike_has_stopped}
"the motorbike catches fire and, as a consequence, it is going to happen that a semaphore is green after the escalator moves",G(( motorbike_catches_fire ) -> G(( escalator_moves ) -> F( semaphore_is_green ))),{escalator_moves motorbike_catches_fire semaphore_is_green}
"eternally, either a bridge opens, the sensor captures data or the escalator is blocked",G( bridge_opens | sensor_captures_data | escalator_is_blocked ),{bridge_opens escalator_is_blocked sensor_captures_data}
it is never the case that a bridge opens and together the brake is pressed and the elevator falls,G(!( bridge_opens & brake_is_pressed & elevator_falls )),{brake_is_pressed bridge_opens elevator_falls}
"eventually, a sensor captures data and a sensor gathers information and, in the future the elevator falls or the brake is pressed afterwards",G(!( sensor_captures_data & sensor_gathers_information )) | F(( sensor_captures_data & sensor_gathers_information ) & F( elevator_falls | brake_is_pressed )),{brake_is_pressed elevator_falls sensor_captures_data sensor_gathers_information}
"after a sensor retrieves data or a bridge closes, finally, the brake is released or the house collapses",G(( sensor_retrieves_data | bridge_closes ) -> F( brake_is_released | house_collapses )),{brake_is_released bridge_closes house_collapses sensor_retrieves_data}
"as an elevator falls or the house is open, eventually, a motorbike is driven and a sensor captures data",G(( elevator_falls | house_is_open ) -> F( motorbike_is_driven & sensor_captures_data )),{elevator_falls house_is_open motorbike_is_driven sensor_captures_data}
"at any time the train derails, the brake is released and a motorbike is driven",G( train_derails & brake_is_released & motorbike_is_driven ),{brake_is_released motorbike_is_driven train_derails}
"as both the escalator is blocked and a semaphore is red, in the future either the brake is released or the house collapses",G(( escalator_is_blocked & semaphore_is_red ) -> F( brake_is_released | house_collapses )),{brake_is_released escalator_is_blocked house_collapses semaphore_is_red}
"if a motorbike catches fire and a semaphore is red then eventually, the bar is up and a motorbike has started",G(( motorbike_catches_fire & semaphore_is_red ) -> F( bar_is_up & motorbike_has_started )),{bar_is_up motorbike_catches_fire motorbike_has_started semaphore_is_red}
"at any time either the motorbike catches fire, a semaphore is green or the constructor creates instances",G( motorbike_catches_fire | semaphore_is_green | constructor_creates_instances ),{constructor_creates_instances motorbike_catches_fire semaphore_is_green}
"the table has been moved involves that after a bridge closes, it will happen that the motorbike has stopped",G(( table_has_been_moved ) -> G(( bridge_closes ) -> F( motorbike_has_stopped ))),{bridge_closes motorbike_has_stopped table_has_been_moved}
each time a constructor instantiate objects then always when a table has been moved then at some point in time the car enters,G(( constructor_instantiate_objects ) -> G(( table_has_been_moved ) -> F( car_enters ))),{car_enters constructor_instantiate_objects table_has_been_moved}
whenever either the brake is released or the table is old then at some point a train is crossing and a semaphore is yellow,G(( brake_is_released | table_is_old ) -> F( train_is_crossing & semaphore_is_yellow )),{brake_is_released semaphore_is_yellow table_is_old train_is_crossing}
it is always true that AwSWBskOZnGT,G( AwSWBskOZnGT ),{AwSWBskOZnGT}
always when both igAPHU and Vg_yguFK then in the future both rGlLkmTjKIui and AFDnMeVudIrb,G(( igAPHU & Vg_yguFK ) -> F( rGlLkmTjKIui & AFDnMeVudIrb )),{AFDnMeVudIrb Vg_yguFK igAPHU rGlLkmTjKIui}
if both the brake is pressed and the escalator moves then at some point both the train has been launched and a train stops,G(( brake_is_pressed & escalator_moves ) -> F( train_has_been_launched & train_stops )),{brake_is_pressed escalator_moves train_has_been_launched train_stops}
whenever the escalator is blocked and the semaphore is red then at some point in time both the car enters and the car starts,G(( escalator_is_blocked & semaphore_is_red ) -> F( car_enters & car_starts )),{car_enters car_starts escalator_is_blocked semaphore_is_red}
"as both a bridge opens and the bridge closes, eventually, the engine stops and a sensor retrieves data",G(( bridge_opens & bridge_closes ) -> F( engine_stops & sensor_retrieves_data )),{bridge_closes bridge_opens engine_stops sensor_retrieves_data}
"every time a motorbike has stopped and, at the same time, the semaphore is red and a car stops",G( motorbike_has_stopped & semaphore_is_red & car_stops ),{car_stops motorbike_has_stopped semaphore_is_red}
in any case either SFuqJUnuyehNrYJ or cyqNn,G( SFuqJUnuyehNrYJ | cyqNn ),{SFuqJUnuyehNrYJ cyqNn}
it is never the case that cMvdauMedHhvU,G(!( cMvdauMedHhvU )),{cMvdauMedHhvU}
"it is always true that either the escalator moves, the bridge closes or the bar is down",G( escalator_moves | bridge_closes | bar_is_down ),{bar_is_down bridge_closes escalator_moves}
all the time the escalator moves or the elevator falls or a semaphore is broken,G( escalator_moves | elevator_falls | semaphore_is_broken ),{elevator_falls escalator_moves semaphore_is_broken}
"after zkyvpt_nAjlO, it is going to happen that ljVIsf",G(( zkyvpt_nAjlO ) -> F( ljVIsf )),{ljVIsf zkyvpt_nAjlO}
"as a train has arrived and the train is crossing, at a certain moment either the train has been launched or a constructor instantiate objects",G(( train_has_arrived & train_is_crossing ) -> F( train_has_been_launched | constructor_instantiate_objects )),{constructor_instantiate_objects train_has_arrived train_has_been_launched train_is_crossing}
in any case a train derails or a car stops or a sensor captures data,G( train_derails | car_stops | sensor_captures_data ),{car_stops sensor_captures_data train_derails}
"never, both QcIjixGO and FFcoLhtA after either TzrqPu or tYsevpuqFHHQ",G(( TzrqPu | tYsevpuqFHHQ ) -> G(!( QcIjixGO & FFcoLhtA ))),{QcIjixGO TzrqPu coLhtA tYsevpuqFHHQ}
in any case an elevator falls or the table is brown or the sensor gathers information,G( elevator_falls | table_is_brown | sensor_gathers_information ),{elevator_falls sensor_gathers_information table_is_brown}
always when both the brake is pressed and the motorbike catches fire then at some point either the escalator is blocked or the engine stops,G(( brake_is_pressed & motorbike_catches_fire ) -> F( escalator_is_blocked | engine_stops )),{brake_is_pressed engine_stops escalator_is_blocked motorbike_catches_fire}
"after either the semaphore is red or the escalator speeds up, at some point in time either the bridge closes or the elevator is blocked",G(( semaphore_is_red | escalator_speeds_up ) -> F( bridge_closes | elevator_is_blocked )),{bridge_closes elevator_is_blocked escalator_speeds_up semaphore_is_red}
"a sensor captures data and, as a consequence, always when the escalator moves then at some point the elevator falls",G(( sensor_captures_data ) -> G(( escalator_moves ) -> F( elevator_falls ))),{elevator_falls escalator_moves sensor_captures_data}
always when the brake is released or a house collapses then it will happen that either the house collapses or the escalator moves,G(( brake_is_released | house_collapses ) -> F( house_collapses | escalator_moves )),{brake_is_released escalator_moves house_collapses}
always when the brake is pressed and the escalator moves then at some point in time the motorbike catches fire or the sensor gathers information,G(( brake_is_pressed & escalator_moves ) -> F( motorbike_catches_fire | sensor_gathers_information )),{brake_is_pressed escalator_moves motorbike_catches_fire sensor_gathers_information}
it should not happen that _bilzmZImz and tQOKqcYnnhk,G(!( _bilzmZImz & tQOKqcYnnhk )),{_bilzmZImz tQOKqcYnnhk}
every time BaeDOzqzSLe then at a certain moment hIycjQChOiu,G(( BaeDOzqzSLe ) -> F( hIycjQChOiu )),{BaeDOzqzSLe hIycjQChOiu}
at some point in time nyYat or yZGis,F( nyYat | yZGis ),{nyYat yZGis}
whenever the bridge opens and the brake is released then sooner or later the semaphore is yellow and the sensor retrieves data,G(( bridge_opens & brake_is_released ) -> F( semaphore_is_yellow & sensor_retrieves_data )),{brake_is_released bridge_opens semaphore_is_yellow sensor_retrieves_data}
"it is going to happen that either the sensor retrieves data or a table is brown and, in the future both a table is old and the bar has to be repaired afterwards",G(!( sensor_retrieves_data | table_is_brown )) | F(( sensor_retrieves_data | table_is_brown ) & F( table_is_old & bar_has_to_be_repaired )),{bar_has_to_be_repaired sensor_retrieves_data table_is_brown table_is_old}
"first, it will happen that a table is brown and the house is built, and then, at some point both a bridge closes and the elevator falls",G(!( table_is_brown & house_is_built )) | F(( table_is_brown & house_is_built ) & F( bridge_closes & elevator_falls )),{bridge_closes elevator_falls house_is_built table_is_brown}
whenever qwBPmTVZ or APsWH then it is going to happen that lmdTSnR,G(( qwBPmTVZ | APsWH ) -> F( lmdTSnR )),{APsWH lmdTSnR qwBPmTVZ}
"after both a motorbike has started and the bar is down, in the future the bar has to be repaired and a manager collect claims",G(( motorbike_has_started & bar_is_down ) -> F( bar_has_to_be_repaired & manager_collect_claims )),{bar_has_to_be_repaired bar_is_down manager_collect_claims motorbike_has_started}
in any case either QiCMSqQdycm or mEtgsATEhxGf,G( QiCMSqQdycm | mEtgsATEhxGf ),{QiCMSqQdycm mEtgsATEhxGf}
if both the elevator falls and the house is built then it is going to happen that the bar is closing or a motorbike has started,G(( elevator_falls & house_is_built ) -> F( bar_is_closing | motorbike_has_started )),{bar_is_closing elevator_falls house_is_built motorbike_has_started}
"in the future the car stops and, at the same time, the house is built and the semaphore is broken",F( car_stops & house_is_built & semaphore_is_broken ),{car_stops house_is_built semaphore_is_broken}
always when a sensor gathers information or a train derails then at a certain moment both the brake is pressed and a semaphore is broken,G(( sensor_gathers_information | train_derails ) -> F( brake_is_pressed & semaphore_is_broken )),{brake_is_pressed semaphore_is_broken sensor_gathers_information train_derails}
every time either the sensor retrieves data or a car enters then sooner or later either the semaphore is yellow or the engine stops,G(( sensor_retrieves_data | car_enters ) -> F( semaphore_is_yellow | engine_stops )),{car_enters engine_stops semaphore_is_yellow sensor_retrieves_data}
whenever phiQmBlLpLDIOg then at a certain moment tYPKLomZhkcmg or lcKbmWRNUNFBs,G(( phiQmBlLpLDIOg ) -> F( tYPKLomZhkcmg | lcKbmWRNUNFBs )),{lcKbmWRNUNFBs phiQmBlLpLDIOg tYPKLomZhkcmg}
if the car starts and a table is brown then at a certain moment an elevator is blocked and the bar is closing,G(( car_starts & table_is_brown ) -> F( elevator_is_blocked & bar_is_closing )),{bar_is_closing car_starts elevator_is_blocked table_is_brown}
"as either UWWLbMjO or FDwgi, eventually, kMYkJqZAg_OM",G(( UWWLbMjO | FDwgi ) -> F( kMYkJqZAg_OM )),{Dwgi UWWLbMjO kMYkJqZAg_OM}
in any case either HcXaLvhnUiHqgfM or OyZrOUO,G( HcXaLvhnUiHqgfM | OyZrOUO ),{HcXaLvhnUiHqgfM OyZrOUO}
all the time a train is crossing and together the bar is closing and the escalator is blocked,G( train_is_crossing & bar_is_closing & escalator_is_blocked ),{bar_is_closing escalator_is_blocked train_is_crossing}
"all the time the house collapses and, at the same time, a sensor gathers information and the bridge closes",G( house_collapses & sensor_gathers_information & bridge_closes ),{bridge_closes house_collapses sensor_gathers_information}
"at some point both the brake is released and the bar is up and, sooner or later the brake is pressed or a bridge closes afterwards",G(!( brake_is_released & bar_is_up )) | F(( brake_is_released & bar_is_up ) & F( brake_is_pressed | bridge_closes )),{bar_is_up brake_is_pressed brake_is_released bridge_closes}
it will happen that a manager handles requests or the motorbike has started or the train derails,F( manager_handles_requests | motorbike_has_started | train_derails ),{manager_handles_requests motorbike_has_started train_derails}
"as both the brake is released and the escalator speeds up, in the future the bar is down or the house is open",G(( brake_is_released & escalator_speeds_up ) -> F( bar_is_down | house_is_open )),{bar_is_down brake_is_released escalator_speeds_up house_is_open}
it is always the case that both lnKJVSLOPGxiFB and flAsBuG,G( lnKJVSLOPGxiFB & flAsBuG ),{flAsBuG lnKJVSLOPGxiFB}
"first, at a certain moment either the train is crossing or a motorbike has stopped, and then, finally, both the brake is released and the car starts",G(!( train_is_crossing | motorbike_has_stopped )) | F(( train_is_crossing | motorbike_has_stopped ) & F( brake_is_released & car_starts )),{brake_is_released car_starts motorbike_has_stopped train_is_crossing}
"always, the escalator is blocked and together the sensor gathers information and the motorbike falls down",G( escalator_is_blocked & sensor_gathers_information & motorbike_falls_down ),{escalator_is_blocked motorbike_falls_down sensor_gathers_information}
"it should not happen that a train has arrived, an elevator rises and the train stops",G(!( train_has_arrived & elevator_rises & train_stops )),{elevator_rises train_has_arrived train_stops}
"first, at a certain moment the bar is closing and an elevator is blocked, and then, at a certain moment either a sensor retrieves data or the engine starts",G(!( bar_is_closing & elevator_is_blocked )) | F(( bar_is_closing & elevator_is_blocked ) & F( sensor_retrieves_data | engine_starts )),{bar_is_closing elevator_is_blocked engine_starts sensor_retrieves_data}
"it is always true that the semaphore is yellow and, at the same time, the semaphore is broken and a motorbike falls down",G( semaphore_is_yellow & semaphore_is_broken & motorbike_falls_down ),{motorbike_falls_down semaphore_is_broken semaphore_is_yellow}
"first, at some point in time the engine breaks or a semaphore is yellow, and then, at some point in time the manager handles requests or a motorbike has started",G(!( engine_breaks | semaphore_is_yellow )) | F(( engine_breaks | semaphore_is_yellow ) & F( manager_handles_requests | motorbike_has_started )),{engine_breaks manager_handles_requests motorbike_has_started semaphore_is_yellow}
whenever chglBhCwzU then at a certain moment spwDwcQJV or JuhLGgElstFiFN,G(( chglBhCwzU ) -> F( spwDwcQJV | JuhLGgElstFiFN )),{JuhLGgElstFiFN chglBhCwzU spwDwcQJV}
"at any time either the semaphore is yellow, the bridge opens or the manager collect claims",G( semaphore_is_yellow | bridge_opens | manager_collect_claims ),{bridge_opens manager_collect_claims semaphore_is_yellow}
"always, the constructor instantiate objects, a table is old and a motorbike has stopped",G( constructor_instantiate_objects & table_is_old & motorbike_has_stopped ),{constructor_instantiate_objects motorbike_has_stopped table_is_old}
"after the motorbike has stopped or the escalator is blocked, eventually, a manager collect claims and a train has arrived",G(( motorbike_has_stopped | escalator_is_blocked ) -> F( manager_collect_claims & train_has_arrived )),{escalator_is_blocked manager_collect_claims motorbike_has_stopped train_has_arrived}
"after either the car enters or the bar is up, at some point in time both the manager handles requests and a motorbike has stopped",G(( car_enters | bar_is_up ) -> F( manager_handles_requests & motorbike_has_stopped )),{bar_is_up car_enters manager_handles_requests motorbike_has_stopped}
"every time both a semaphore is red and the brake is released then eventually, either the motorbike has stopped or the engine stops",G(( semaphore_is_red & brake_is_released ) -> F( motorbike_has_stopped | engine_stops )),{brake_is_released engine_stops motorbike_has_stopped semaphore_is_red}
it will happen that a train is crossing or a car stops or a motorbike has stopped,F( train_is_crossing | car_stops | motorbike_has_stopped ),{car_stops motorbike_has_stopped train_is_crossing}
"after a constructor creates instances or a motorbike falls down, finally, the table is brown and the bridge closes",G(( constructor_creates_instances | motorbike_falls_down ) -> F( table_is_brown & bridge_closes )),{bridge_closes constructor_creates_instances motorbike_falls_down table_is_brown}
"eternally, a table is old and, at the same time, the constructor instantiate objects and a bridge opens",G( table_is_old & constructor_instantiate_objects & bridge_opens ),{bridge_opens constructor_instantiate_objects table_is_old}
"finally, gtoYe after either zonaoeJQ_MlM or nbKi_",G(( zonaoeJQ_MlM | nbKi_ ) -> F( gtoYe )),{gtoYe nbKi_ zonaoeJQ_MlM}
"it is always true that either a semaphore is broken, the table is old or the bridge closes",G( semaphore_is_broken | table_is_old | bridge_closes ),{bridge_closes semaphore_is_broken table_is_old}
every time the table is brown and the bar is up then it will happen that both a manager handles requests and the bridge opens,G(( table_is_brown & bar_is_up ) -> F( manager_handles_requests & bridge_opens )),{bar_is_up bridge_opens manager_handles_requests table_is_brown}
"whenever dmcZMRkcnWYCO then absolutely never, GIsQzii",G(( dmcZMRkcnWYCO ) -> G(!( GIsQzii ))),{IsQzii dmcZMRkcnWYCO}
it is going to happen that the brake is released or a train derails or the bar has to be repaired,F( brake_is_released | train_derails | bar_has_to_be_repaired ),{bar_has_to_be_repaired brake_is_released train_derails}
if both a semaphore is yellow and the sensor retrieves data then in the future both the engine breaks and the car starts,G(( semaphore_is_yellow & sensor_retrieves_data ) -> F( engine_breaks & car_starts )),{car_starts engine_breaks semaphore_is_yellow sensor_retrieves_data}
"eventually, nqQMfTzSCOr and jpbttcGm and, eventually, QVDJnUldohaNO afterwards",G(!( nqQMfTzSCOr & jpbttcGm )) | F(( nqQMfTzSCOr & jpbttcGm ) & F( QVDJnUldohaNO )),{QVDJnUldohaNO jpbttcGm nqQMfTzSCOr}
"as either a table is brown or the train derails, sooner or later the manager collect claims and a house is built",G(( table_is_brown | train_derails ) -> F( manager_collect_claims & house_is_built )),{house_is_built manager_collect_claims table_is_brown train_derails}
"it will happen that either the motorbike catches fire, a bridge closes or the sensor gathers information",F( motorbike_catches_fire | bridge_closes | sensor_gathers_information ),{bridge_closes motorbike_catches_fire sensor_gathers_information}
"eternally, MbSSdYGHfJzwJi or McDvjkGHqEQvsu or rqUekDRtLtvTFJv",G( MbSSdYGHfJzwJi | McDvjkGHqEQvsu | rqUekDRtLtvTFJv ),{MbSSdYGHfJzwJi McDvjkGHqEQvsu rqUekDRtLtvTFJv}
"at some point PKnVlD and DU_BbktrHYdF and, finally, epILZGXRYgQjTJa and pgZJXhP afterwards",G(!( PKnVlD & DU_BbktrHYdF )) | F(( PKnVlD & DU_BbktrHYdF ) & F( epILZGXRYgQjTJa & pgZJXhP )),{DU_BbktrHYdF PKnVlD epILZGXRYgQjTJa pgZJXhP}
"it never happens that a train derails, the engine breaks and a sensor captures data",G(!( train_derails & engine_breaks & sensor_captures_data )),{engine_breaks sensor_captures_data train_derails}
"all the time either the semaphore is green, the motorbike is driven or a train has been launched",G( semaphore_is_green | motorbike_is_driven | train_has_been_launched ),{motorbike_is_driven semaphore_is_green train_has_been_launched}
"all the time either the train derails, the train has been launched or the manager collect claims",G( train_derails | train_has_been_launched | manager_collect_claims ),{manager_collect_claims train_derails train_has_been_launched}
"at a certain moment either the train has arrived, the engine stops or the elevator is open",F( train_has_arrived | engine_stops | elevator_is_open ),{elevator_is_open engine_stops train_has_arrived}
"it is going to happen that a sensor gathers information and, at the same time, the train has arrived and the train has been launched",F( sensor_gathers_information & train_has_arrived & train_has_been_launched ),{sensor_gathers_information train_has_arrived train_has_been_launched}
"first, at some point in time the car stops or a motorbike has started, and then, at a certain moment the elevator falls and the manager collect claims",G(!( car_stops | motorbike_has_started )) | F(( car_stops | motorbike_has_started ) & F( elevator_falls & manager_collect_claims )),{car_stops elevator_falls manager_collect_claims motorbike_has_started}
"after either the table is old or a train is crossing, finally, both an elevator falls and a house is built",G(( table_is_old | train_is_crossing ) -> F( elevator_falls & house_is_built )),{elevator_falls house_is_built table_is_old train_is_crossing}
"under no circumstances either the train has arrived, the table has been moved or a train derails",G(!( train_has_arrived | table_has_been_moved | train_derails )),{table_has_been_moved train_derails train_has_arrived}
"as both the brake is released and the escalator is blocked, finally, the bar is down and the car starts",G(( brake_is_released & escalator_is_blocked ) -> F( bar_is_down & car_starts )),{bar_is_down brake_is_released car_starts escalator_is_blocked}
all the time the engine breaks or the bar is closing or the bar is down,G( engine_breaks | bar_is_closing | bar_is_down ),{bar_is_closing bar_is_down engine_breaks}
"forever, the elevator is blocked and, at the same time, the brake is released and a train has arrived",G( elevator_is_blocked & brake_is_released & train_has_arrived ),{brake_is_released elevator_is_blocked train_has_arrived}
"after both keQuXOEz_sMw and JbU_FAXtSSDANob, at some point BDtHUIOzVY",G(( keQuXOEz_sMw & JbU_FAXtSSDANob ) -> F( BDtHUIOzVY )),{BDtHUIOzVY JbU_FAXtSSDANob keQuXOEz_sMw}
"eventually, an elevator falls and, at the same time, the train stops and the engine starts",F( elevator_falls & train_stops & engine_starts ),{elevator_falls engine_starts train_stops}
"the train stops and, as a consequence, sooner or later the elevator is blocked after a sensor captures data",G(( train_stops ) -> G(( sensor_captures_data ) -> F( elevator_is_blocked ))),{elevator_is_blocked sensor_captures_data train_stops}
"as LfQPCBJ or zWIlQ, sooner or later WkPxfRg",G(( LfQPCBJ | zWIlQ ) -> F( WkPxfRg )),{LfQPCBJ WkPxfRg zWIlQ}
"at some point the engine starts, the sensor captures data and the manager collect claims",F( engine_starts & sensor_captures_data & manager_collect_claims ),{engine_starts manager_collect_claims sensor_captures_data}
whenever either the train stops or the constructor creates instances then at a certain moment both an elevator is open and the escalator moves,G(( train_stops | constructor_creates_instances ) -> F( elevator_is_open & escalator_moves )),{constructor_creates_instances elevator_is_open escalator_moves train_stops}
"always, both jgifjFmGgdy and TnDDvyHTOEYpm",G( jgifjFmGgdy & TnDDvyHTOEYpm ),{TnDDvyHTOEYpm jgifjFmGgdy}
"as the train is crossing and a semaphore is yellow, at some point a motorbike catches fire and a car enters",G(( train_is_crossing & semaphore_is_yellow ) -> F( motorbike_catches_fire & car_enters )),{car_enters motorbike_catches_fire semaphore_is_yellow train_is_crossing}
if the escalator is blocked and the manager collect claims then it is going to happen that either the manager handles requests or a motorbike catches fire,G(( escalator_is_blocked & manager_collect_claims ) -> F( manager_handles_requests | motorbike_catches_fire )),{escalator_is_blocked manager_collect_claims manager_handles_requests motorbike_catches_fire}
"under no circumstances a table is old and, at the same time, a train derails and an elevator is blocked",G(!( table_is_old & train_derails & elevator_is_blocked )),{elevator_is_blocked table_is_old train_derails}
"it will not happen that the semaphore is green, a manager collect claims and the motorbike is driven",G(!( semaphore_is_green & manager_collect_claims & motorbike_is_driven )),{manager_collect_claims motorbike_is_driven semaphore_is_green}
"as either the manager collect claims or a manager handles requests, it is going to happen that a manager handles requests and the semaphore is broken",G(( manager_collect_claims | manager_handles_requests ) -> F( manager_handles_requests & semaphore_is_broken )),{manager_collect_claims manager_handles_requests semaphore_is_broken}
"after either the bridge closes or the semaphore is green, it will happen that a car enters and a constructor instantiate objects",G(( bridge_closes | semaphore_is_green ) -> F( car_enters & constructor_instantiate_objects )),{bridge_closes car_enters constructor_instantiate_objects semaphore_is_green}
it is always the case that the bar is closing or the engine starts or a sensor gathers information,G( bar_is_closing | engine_starts | sensor_gathers_information ),{bar_is_closing engine_starts sensor_gathers_information}
"forever, either the escalator moves, the escalator is blocked or the train has arrived",G( escalator_moves | escalator_is_blocked | train_has_arrived ),{escalator_is_blocked escalator_moves train_has_arrived}
whenever the sensor captures data and the escalator speeds up then at a certain moment both a train is crossing and the elevator rises,G(( sensor_captures_data & escalator_speeds_up ) -> F( train_is_crossing & elevator_rises )),{elevator_rises escalator_speeds_up sensor_captures_data train_is_crossing}
it will happen that the bar is up or the bar is down or the table is old,F( bar_is_up | bar_is_down | table_is_old ),{bar_is_down bar_is_up table_is_old}
"whenever a motorbike is driven or an elevator is open then finally, either the engine breaks or a bridge closes",G(( motorbike_is_driven | elevator_is_open ) -> F( engine_breaks | bridge_closes )),{bridge_closes elevator_is_open engine_breaks motorbike_is_driven}
"at no time either a table has been moved, the elevator falls or the semaphore is red",G(!( table_has_been_moved | elevator_falls | semaphore_is_red )),{elevator_falls semaphore_is_red table_has_been_moved}
"under no condition the sensor retrieves data, a bridge opens and a train has been launched",G(!( sensor_retrieves_data & bridge_opens & train_has_been_launched )),{bridge_opens sensor_retrieves_data train_has_been_launched}
"it is always true that either isWejkqydXg, hmwtMkZwHun or DoqnvMCRo",G( isWejkqydXg | hmwtMkZwHun | DoqnvMCRo ),{DoqnvMCRo hmwtMkZwHun isWejkqydXg}
"finally, both the train derails and the train is crossing and, at some point the elevator is blocked or the escalator speeds up afterwards",G(!( train_derails & train_is_crossing )) | F(( train_derails & train_is_crossing ) & F( elevator_is_blocked | escalator_speeds_up )),{elevator_is_blocked escalator_speeds_up train_derails train_is_crossing}
"under no condition either the house is open, the engine stops or a motorbike catches fire",G(!( house_is_open | engine_stops | motorbike_catches_fire )),{engine_stops house_is_open motorbike_catches_fire}
"at some point in time a motorbike falls down, a semaphore is green and an elevator is open",F( motorbike_falls_down & semaphore_is_green & elevator_is_open ),{elevator_is_open motorbike_falls_down semaphore_is_green}
"it is always true that a train derails, a semaphore is red and the escalator speeds up",G( train_derails & semaphore_is_red & escalator_speeds_up ),{escalator_speeds_up semaphore_is_red train_derails}
"always, either a table has been moved, a table is brown or the bar is down",G( table_has_been_moved | table_is_brown | bar_is_down ),{bar_is_down table_has_been_moved table_is_brown}
if the table has been moved or the train stops then at some point in time both the constructor instantiate objects and the motorbike has stopped,G(( table_has_been_moved | train_stops ) -> F( constructor_instantiate_objects & motorbike_has_stopped )),{constructor_instantiate_objects motorbike_has_stopped table_has_been_moved train_stops}
"at some point in time ixGkn and, at the same time, ZflwXPonKQPlPwo and zztiyXPirIIMQs",F( ixGkn & ZflwXPonKQPlPwo & zztiyXPirIIMQs ),{ZflwXPonKQPlPwo ixGkn zztiyXPirIIMQs}
it is always the case that the engine stops or a train stops or the bar is down,G( engine_stops | train_stops | bar_is_down ),{bar_is_down engine_stops train_stops}
"it is always true that the bar is up, the train stops and the elevator is blocked",G( bar_is_up & train_stops & elevator_is_blocked ),{bar_is_up elevator_is_blocked train_stops}
"in any case either a train derails, the bar is down or the table is brown",G( train_derails | bar_is_down | table_is_brown ),{bar_is_down table_is_brown train_derails}
if both the escalator is blocked and the semaphore is yellow then it never happens that a bridge opens and a sensor retrieves data,G(( escalator_is_blocked & semaphore_is_yellow ) -> G(!( bridge_opens & sensor_retrieves_data ))),{bridge_opens escalator_is_blocked semaphore_is_yellow sensor_retrieves_data}
at some point in time a semaphore is yellow after both the house is open and a sensor retrieves data,G(( house_is_open & sensor_retrieves_data ) -> F( semaphore_is_yellow )),{house_is_open semaphore_is_yellow sensor_retrieves_data}
"at a certain moment a semaphore is broken, a train is crossing and the brake is pressed",F( semaphore_is_broken & train_is_crossing & brake_is_pressed ),{brake_is_pressed semaphore_is_broken train_is_crossing}
"first, at some point in time either the engine breaks or a car enters, and then, at some point the engine breaks or the manager handles requests",G(!( engine_breaks | car_enters )) | F(( engine_breaks | car_enters ) & F( engine_breaks | manager_handles_requests )),{car_enters engine_breaks manager_handles_requests}
whenever the engine breaks or the train has been launched then at some point a car enters or the bar is up,G(( engine_breaks | train_has_been_launched ) -> F( car_enters | bar_is_up )),{bar_is_up car_enters engine_breaks train_has_been_launched}
whenever a house is open or the brake is released then it will happen that both the train has arrived and the train is crossing,G(( house_is_open | brake_is_released ) -> F( train_has_arrived & train_is_crossing )),{brake_is_released house_is_open train_has_arrived train_is_crossing}
"it is always the case that either the table is old, a bridge closes or the bar has to be repaired",G( table_is_old | bridge_closes | bar_has_to_be_repaired ),{bar_has_to_be_repaired bridge_closes table_is_old}
every time both qgSZNvEb and icsgieYCgvr,G( qgSZNvEb & icsgieYCgvr ),{icsgieYCgvr qgSZNvEb}
"as aVKrcU, at some point eNXksISWLzMtcU",G(( aVKrcU ) -> F( eNXksISWLzMtcU )),{aVKrcU eNXksISWLzMtcU}
at some point in time a bridge opens or the motorbike falls down after a table has been moved or the train stops,G(( table_has_been_moved | train_stops ) -> F( bridge_opens | motorbike_falls_down )),{bridge_opens motorbike_falls_down table_has_been_moved train_stops}
"always, the motorbike is driven and together the bar has to be repaired and the sensor retrieves data",G( motorbike_is_driven & bar_has_to_be_repaired & sensor_retrieves_data ),{bar_has_to_be_repaired motorbike_is_driven sensor_retrieves_data}
"first, in the future yLULx_uj, and then, at some point either SwsSnwFVf_ or jnHXPSsXRj",G(!( yLULx_uj )) | F(( yLULx_uj ) & F( SwsSnwFVf_ | jnHXPSsXRj )),{SwsSnwFVf_ jnHXPSsXRj yLULx_uj}
at a certain moment both the constructor instantiate objects and an elevator rises after a house is built or the car stops,G(( house_is_built | car_stops ) -> F( constructor_instantiate_objects & elevator_rises )),{car_stops constructor_instantiate_objects elevator_rises house_is_built}
"in any case a constructor creates instances and, at the same time, a semaphore is green and the brake is pressed",G( constructor_creates_instances & semaphore_is_green & brake_is_pressed ),{brake_is_pressed constructor_creates_instances semaphore_is_green}
"always, MVHHFM and, at the same time, ixtESJfEgzcwKWx and z_Ddgoi",G( MVHHFM & ixtESJfEgzcwKWx & z_Ddgoi ),{MVHHFM ixtESJfEgzcwKWx z_Ddgoi}
if _NoASuq then sooner or later odZxPBpCUxTLVSM,G(( _NoASuq ) -> F( odZxPBpCUxTLVSM )),{_NoASuq odZxPBpCUxTLVSM}
"if both the bar is closing and the motorbike is driven then eventually, a constructor creates instances or a motorbike falls down",G(( bar_is_closing & motorbike_is_driven ) -> F( constructor_creates_instances | motorbike_falls_down )),{bar_is_closing constructor_creates_instances motorbike_falls_down motorbike_is_driven}
sooner or later the car starts or a train derails after the motorbike catches fire and a semaphore is red,G(( motorbike_catches_fire & semaphore_is_red ) -> F( car_starts | train_derails )),{car_starts motorbike_catches_fire semaphore_is_red train_derails}
all the time the elevator rises or a constructor instantiate objects or the elevator is open,G( elevator_rises | constructor_instantiate_objects | elevator_is_open ),{constructor_instantiate_objects elevator_is_open elevator_rises}
"under no condition either the manager collect claims, a car stops or the semaphore is green",G(!( manager_collect_claims | car_stops | semaphore_is_green )),{car_stops manager_collect_claims semaphore_is_green}
"eternally, the bridge closes, a semaphore is red and a semaphore is yellow",G( bridge_closes & semaphore_is_red & semaphore_is_yellow ),{bridge_closes semaphore_is_red semaphore_is_yellow}
"every time a table is brown, the escalator moves and the sensor captures data",G( table_is_brown & escalator_moves & sensor_captures_data ),{escalator_moves sensor_captures_data table_is_brown}
if a constructor instantiate objects and the elevator rises then it is going to happen that both the brake is released and the motorbike has stopped,G(( constructor_instantiate_objects & elevator_rises ) -> F( brake_is_released & motorbike_has_stopped )),{brake_is_released constructor_instantiate_objects elevator_rises motorbike_has_stopped}
"finally, the table has been moved or a train stops after a house is open and the brake is released",G(( house_is_open & brake_is_released ) -> F( table_has_been_moved | train_stops )),{brake_is_released house_is_open table_has_been_moved train_stops}
if the brake is pressed and a house is built then it is going to happen that the engine starts or a constructor instantiate objects,G(( brake_is_pressed & house_is_built ) -> F( engine_starts | constructor_instantiate_objects )),{brake_is_pressed constructor_instantiate_objects engine_starts house_is_built}
every time both IxfEKF and dBjDZ then sooner or later xYwgE,G(( IxfEKF & dBjDZ ) -> F( xYwgE )),{IxfEKF dBjDZ xYwgE}
sooner or later both a motorbike catches fire and a sensor gathers information,F( motorbike_catches_fire & sensor_gathers_information ),{motorbike_catches_fire sensor_gathers_information}
"first, at a certain moment the car enters or a motorbike falls down, and then, at some point the engine stops or the elevator is open",G(!( car_enters | motorbike_falls_down )) | F(( car_enters | motorbike_falls_down ) & F( engine_stops | elevator_is_open )),{car_enters elevator_is_open engine_stops motorbike_falls_down}
"as both the bar has to be repaired and the manager collect claims, finally, the car starts or the car stops",G(( bar_has_to_be_repaired & manager_collect_claims ) -> F( car_starts | car_stops )),{bar_has_to_be_repaired car_starts car_stops manager_collect_claims}
JFdGkZmaZESES implies that every time cDgAVHCSMOYIB then it will happen that MeRBWAscRdWPW,G(( JFdGkZmaZESES ) -> G(( cDgAVHCSMOYIB ) -> F( MeRBWAscRdWPW ))),{JFdGkZmaZESES MeRBWAscRdWPW cDgAVHCSMOYIB}
"it is always the case that the bar is down and, at the same time, the semaphore is yellow and the motorbike has started",G( bar_is_down & semaphore_is_yellow & motorbike_has_started ),{bar_is_down motorbike_has_started semaphore_is_yellow}
every time nHGlwOOxDzoFuIJ or HNqKCPnO,G( nHGlwOOxDzoFuIJ | HNqKCPnO ),{HNqKCPnO nHGlwOOxDzoFuIJ}
when a motorbike catches fire then if the bar has to be repaired then sooner or later a sensor retrieves data afterwards,G(( motorbike_catches_fire ) -> G(( bar_has_to_be_repaired ) -> F( sensor_retrieves_data ))),{bar_has_to_be_repaired motorbike_catches_fire sensor_retrieves_data}
"after both the elevator rises and the escalator moves, at some point both the bar has to be repaired and the sensor gathers information",G(( elevator_rises & escalator_moves ) -> F( bar_has_to_be_repaired & sensor_gathers_information )),{bar_has_to_be_repaired elevator_rises escalator_moves sensor_gathers_information}
it never happens that fvlpeFZ,G(!( fvlpeFZ )),{fvlpeFZ}
"as both the train is crossing and the engine stops, finally, either the semaphore is red or the escalator speeds up",G(( train_is_crossing & engine_stops ) -> F( semaphore_is_red | escalator_speeds_up )),{engine_stops escalator_speeds_up semaphore_is_red train_is_crossing}
"as either the escalator speeds up or the engine starts, in the future both the escalator moves and a house is open",G(( escalator_speeds_up | engine_starts ) -> F( escalator_moves & house_is_open )),{engine_starts escalator_moves escalator_speeds_up house_is_open}
at some point the sensor retrieves data or the semaphore is yellow after the train has arrived and the brake is pressed,G(( train_has_arrived & brake_is_pressed ) -> F( sensor_retrieves_data | semaphore_is_yellow )),{brake_is_pressed semaphore_is_yellow sensor_retrieves_data train_has_arrived}
"first, finally, the table is brown and the escalator moves, and then, at some point in time the engine starts and a constructor creates instances",G(!( table_is_brown & escalator_moves )) | F(( table_is_brown & escalator_moves ) & F( engine_starts & constructor_creates_instances )),{constructor_creates_instances engine_starts escalator_moves table_is_brown}
a train is crossing involves that always when the table is old then it is going to happen that the elevator rises,G(( train_is_crossing ) -> G(( table_is_old ) -> F( elevator_rises ))),{elevator_rises table_is_old train_is_crossing}
it is always true that a train has arrived and together the elevator rises and the semaphore is yellow,G( train_has_arrived & elevator_rises & semaphore_is_yellow ),{elevator_rises semaphore_is_yellow train_has_arrived}
under no condition an elevator falls or the bar has to be repaired or the house is built,G(!( elevator_falls | bar_has_to_be_repaired | house_is_built )),{bar_has_to_be_repaired elevator_falls house_is_built}
"at some point both the escalator moves and a train stops and, it will happen that both the train has arrived and a manager handles requests afterwards",G(!( escalator_moves & train_stops )) | F(( escalator_moves & train_stops ) & F( train_has_arrived & manager_handles_requests )),{escalator_moves manager_handles_requests train_has_arrived train_stops}
"it should not happen that the engine breaks and, at the same time, a train has been launched and the escalator is blocked",G(!( engine_breaks & train_has_been_launched & escalator_is_blocked )),{engine_breaks escalator_is_blocked train_has_been_launched}
"eternally, a constructor creates instances, the sensor gathers information and the car enters",G( constructor_creates_instances & sensor_gathers_information & car_enters ),{car_enters constructor_creates_instances sensor_gathers_information}
"after the bridge opens or the elevator rises, it is going to happen that a house is open or a constructor instantiate objects",G(( bridge_opens | elevator_rises ) -> F( house_is_open | constructor_instantiate_objects )),{bridge_opens constructor_instantiate_objects elevator_rises house_is_open}
"finally, FqKKRfTXuFu or auyKjkOmS",F( FqKKRfTXuFu | auyKjkOmS ),{auyKjkOmS qKKRfTXuFu}
"first, eventually, the bar is closing and the elevator is blocked, and then, finally, both a constructor creates instances and a motorbike has stopped",G(!( bar_is_closing & elevator_is_blocked )) | F(( bar_is_closing & elevator_is_blocked ) & F( constructor_creates_instances & motorbike_has_stopped )),{bar_is_closing constructor_creates_instances elevator_is_blocked motorbike_has_stopped}
"eternally, the motorbike has stopped, the bridge opens and the semaphore is yellow",G( motorbike_has_stopped & bridge_opens & semaphore_is_yellow ),{bridge_opens motorbike_has_stopped semaphore_is_yellow}
if either a manager handles requests or a constructor instantiate objects then it is going to happen that the car stops and the house collapses,G(( manager_handles_requests | constructor_instantiate_objects ) -> F( car_stops & house_collapses )),{car_stops constructor_instantiate_objects house_collapses manager_handles_requests}
it is always true that the bar is down or a manager collect claims or the escalator is blocked,G( bar_is_down | manager_collect_claims | escalator_is_blocked ),{bar_is_down escalator_is_blocked manager_collect_claims}
"as the brake is pressed or the motorbike catches fire, eventually, the train has arrived and a sensor captures data",G(( brake_is_pressed | motorbike_catches_fire ) -> F( train_has_arrived & sensor_captures_data )),{brake_is_pressed motorbike_catches_fire sensor_captures_data train_has_arrived}
every time MmZdRrriw then in the future cAnaSzKgCCcLc,G(( MmZdRrriw ) -> F( cAnaSzKgCCcLc )),{MmZdRrriw cAnaSzKgCCcLc}
the semaphore is green implies that every time the motorbike catches fire then at some point the escalator moves,G(( semaphore_is_green ) -> G(( motorbike_catches_fire ) -> F( escalator_moves ))),{escalator_moves motorbike_catches_fire semaphore_is_green}
"eventually, the table has been moved and the engine stops and, it is going to happen that an elevator is open or the engine stops afterwards",G(!( table_has_been_moved & engine_stops )) | F(( table_has_been_moved & engine_stops ) & F( elevator_is_open | engine_stops )),{elevator_is_open engine_stops table_has_been_moved}
"forever, a car enters and together the bar is up and a sensor gathers information",G( car_enters & bar_is_up & sensor_gathers_information ),{bar_is_up car_enters sensor_gathers_information}
"as the sensor captures data and the semaphore is yellow, at some point either the house is open or the table has been moved",G(( sensor_captures_data & semaphore_is_yellow ) -> F( house_is_open | table_has_been_moved )),{house_is_open semaphore_is_yellow sensor_captures_data table_has_been_moved}
"in any case the bar is up, the table has been moved and the train derails",G( bar_is_up & table_has_been_moved & train_derails ),{bar_is_up table_has_been_moved train_derails}
"first, sooner or later a car starts and a semaphore is red, and then, at some point in time a table is brown or the motorbike has started",G(!( car_starts & semaphore_is_red )) | F(( car_starts & semaphore_is_red ) & F( table_is_brown | motorbike_has_started )),{car_starts motorbike_has_started semaphore_is_red table_is_brown}
"eventually, either a table is old, the table is brown or the table has been moved",F( table_is_old | table_is_brown | table_has_been_moved ),{table_has_been_moved table_is_brown table_is_old}
"in any case a semaphore is red and, at the same time, the semaphore is green and the bar is closing",G( semaphore_is_red & semaphore_is_green & bar_is_closing ),{bar_is_closing semaphore_is_green semaphore_is_red}
"it is going to happen that a motorbike has stopped, the escalator speeds up and a bridge opens",F( motorbike_has_stopped & escalator_speeds_up & bridge_opens ),{bridge_opens escalator_speeds_up motorbike_has_stopped}
"the house collapses and, as a consequence, always when a constructor instantiate objects then in the future the sensor retrieves data",G(( house_collapses ) -> G(( constructor_instantiate_objects ) -> F( sensor_retrieves_data ))),{constructor_instantiate_objects house_collapses sensor_retrieves_data}
"always, either the bar is up, the bar is down or the car starts",G( bar_is_up | bar_is_down | car_starts ),{bar_is_down bar_is_up car_starts}
if both a house is open and a sensor retrieves data then at a certain moment both the escalator moves and the train has arrived,G(( house_is_open & sensor_retrieves_data ) -> F( escalator_moves & train_has_arrived )),{escalator_moves house_is_open sensor_retrieves_data train_has_arrived}
"after KSBYYRlK and LeNLQvFYj, sooner or later wdMIPCHJekYct",G(( KSBYYRlK & LeNLQvFYj ) -> F( wdMIPCHJekYct )),{KSBYYRlK LeNLQvFYj wdMIPCHJekYct}
"absolutely never, the bar is closing and together a train has arrived and the engine stops",G(!( bar_is_closing & train_has_arrived & engine_stops )),{bar_is_closing engine_stops train_has_arrived}
always when an elevator rises or the elevator is blocked then in the future both the escalator speeds up and the bar is up,G(( elevator_rises | elevator_is_blocked ) -> F( escalator_speeds_up & bar_is_up )),{bar_is_up elevator_is_blocked elevator_rises escalator_speeds_up}
"first, eventually, the escalator moves and the train stops, and then, at some point in time either the bar is closing or the table is brown",G(!( escalator_moves & train_stops )) | F(( escalator_moves & train_stops ) & F( bar_is_closing | table_is_brown )),{bar_is_closing escalator_moves table_is_brown train_stops}
it will happen that the elevator falls and together the bridge closes and the engine starts,F( elevator_falls & bridge_closes & engine_starts ),{bridge_closes elevator_falls engine_starts}
"it will happen that a sensor gathers information and a motorbike catches fire and, at some point in time both the engine stops and the sensor gathers information afterwards",G(!( sensor_gathers_information & motorbike_catches_fire )) | F(( sensor_gathers_information & motorbike_catches_fire ) & F( engine_stops & sensor_gathers_information )),{engine_stops motorbike_catches_fire sensor_gathers_information}
"always, either the train is crossing, the table is brown or a motorbike has started",G( train_is_crossing | table_is_brown | motorbike_has_started ),{motorbike_has_started table_is_brown train_is_crossing}
"first, at a certain moment the motorbike has stopped or a motorbike has started, and then, at some point the semaphore is green or a train stops",G(!( motorbike_has_stopped | motorbike_has_started )) | F(( motorbike_has_stopped | motorbike_has_started ) & F( semaphore_is_green | train_stops )),{motorbike_has_started motorbike_has_stopped semaphore_is_green train_stops}
"at some point in time r_GKxMvaRx and, it will happen that mJZlIEnvrV or LlRWAI_NP afterwards",G(!( r_GKxMvaRx )) | F(( r_GKxMvaRx ) & F( mJZlIEnvrV | LlRWAI_NP )),{LlRWAI_NP mJZlIEnvrV r_GKxMvaRx}
always when a sensor retrieves data and the manager handles requests then at some point the car starts and the engine stops,G(( sensor_retrieves_data & manager_handles_requests ) -> F( car_starts & engine_stops )),{car_starts engine_stops manager_handles_requests sensor_retrieves_data}
"as the train has been launched or the constructor instantiate objects, finally, the semaphore is green and the elevator is blocked",G(( train_has_been_launched | constructor_instantiate_objects ) -> F( semaphore_is_green & elevator_is_blocked )),{constructor_instantiate_objects elevator_is_blocked semaphore_is_green train_has_been_launched}
"always, either the semaphore is yellow, a constructor creates instances or the semaphore is broken",G( semaphore_is_yellow | constructor_creates_instances | semaphore_is_broken ),{constructor_creates_instances semaphore_is_broken semaphore_is_yellow}
"at some point a car starts, a table is old and the bar is closing",F( car_starts & table_is_old & bar_is_closing ),{bar_is_closing car_starts table_is_old}
"as the brake is released or the house collapses, it will happen that the engine breaks or the bar is closing",G(( brake_is_released | house_collapses ) -> F( engine_breaks | bar_is_closing )),{bar_is_closing brake_is_released engine_breaks house_collapses}
"whenever both a manager handles requests and the motorbike has stopped then eventually, a house is open or the bridge closes",G(( manager_handles_requests & motorbike_has_stopped ) -> F( house_is_open | bridge_closes )),{bridge_closes house_is_open manager_handles_requests motorbike_has_stopped}
"at no time either gQfofg_, BeGyEOKVH or blthoJEVQ",G(!( gQfofg_ | BeGyEOKVH | blthoJEVQ )),{BeGyEOKVH blthoJEVQ gQfofg_}
"eternally, a train derails or the bar is down or the train has been launched",G( train_derails | bar_is_down | train_has_been_launched ),{bar_is_down train_derails train_has_been_launched}
"every time either the bar is closing, an elevator falls or a car starts",G( bar_is_closing | elevator_falls | car_starts ),{bar_is_closing car_starts elevator_falls}
"at no time the bar has to be repaired, the car enters and a semaphore is broken",G(!( bar_has_to_be_repaired & car_enters & semaphore_is_broken )),{bar_has_to_be_repaired car_enters semaphore_is_broken}
always when either the bar has to be repaired or a sensor retrieves data then sooner or later both the brake is pressed and a motorbike catches fire,G(( bar_has_to_be_repaired | sensor_retrieves_data ) -> F( brake_is_pressed & motorbike_catches_fire )),{bar_has_to_be_repaired brake_is_pressed motorbike_catches_fire sensor_retrieves_data}
"it is always the case that a sensor retrieves data, the semaphore is broken and the semaphore is green",G( sensor_retrieves_data & semaphore_is_broken & semaphore_is_green ),{semaphore_is_broken semaphore_is_green sensor_retrieves_data}
"after both a train derails and a constructor instantiate objects, at a certain moment either the manager handles requests or the motorbike catches fire",G(( train_derails & constructor_instantiate_objects ) -> F( manager_handles_requests | motorbike_catches_fire )),{constructor_instantiate_objects manager_handles_requests motorbike_catches_fire train_derails}
"every time the brake is released and a constructor creates instances then eventually, the sensor captures data or the bar is up",G(( brake_is_released & constructor_creates_instances ) -> F( sensor_captures_data | bar_is_up )),{bar_is_up brake_is_released constructor_creates_instances sensor_captures_data}
it is always the case that a semaphore is green and an elevator falls after either a table is old or the car starts,G(( table_is_old | car_starts ) -> G( semaphore_is_green & elevator_falls )),{car_starts elevator_falls semaphore_is_green table_is_old}
"at any time either a house is open, the table is brown or a motorbike has started",G( house_is_open | table_is_brown | motorbike_has_started ),{house_is_open motorbike_has_started table_is_brown}
"whenever either a house collapses or the escalator moves then eventually, a manager collect claims and a train has arrived",G(( house_collapses | escalator_moves ) -> F( manager_collect_claims & train_has_arrived )),{escalator_moves house_collapses manager_collect_claims train_has_arrived}
"after either a train is crossing or a table is brown, in the future a sensor retrieves data and the manager handles requests",G(( train_is_crossing | table_is_brown ) -> F( sensor_retrieves_data & manager_handles_requests )),{manager_handles_requests sensor_retrieves_data table_is_brown train_is_crossing}
every time either the bridge closes or the engine stops then in the future the constructor creates instances and the escalator moves,G(( bridge_closes | engine_stops ) -> F( constructor_creates_instances & escalator_moves )),{bridge_closes constructor_creates_instances engine_stops escalator_moves}
"at some point the sensor retrieves data or a train has been launched and, it is going to happen that a constructor creates instances or an elevator is blocked afterwards",G(!( sensor_retrieves_data | train_has_been_launched )) | F(( sensor_retrieves_data | train_has_been_launched ) & F( constructor_creates_instances | elevator_is_blocked )),{constructor_creates_instances elevator_is_blocked sensor_retrieves_data train_has_been_launched}
"at no time an elevator rises and, at the same time, a table has been moved and the bar is closing",G(!( elevator_rises & table_has_been_moved & bar_is_closing )),{bar_is_closing elevator_rises table_has_been_moved}
always when both a semaphore is yellow and the table has been moved then at some point both the train has arrived and the brake is pressed,G(( semaphore_is_yellow & table_has_been_moved ) -> F( train_has_arrived & brake_is_pressed )),{brake_is_pressed semaphore_is_yellow table_has_been_moved train_has_arrived}
at some point in time an elevator falls or the motorbike catches fire after the bar is up and the manager collect claims,G(( bar_is_up & manager_collect_claims ) -> F( elevator_falls | motorbike_catches_fire )),{bar_is_up elevator_falls manager_collect_claims motorbike_catches_fire}
"it is going to happen that either a train has arrived, an elevator rises or the table is old",F( train_has_arrived | elevator_rises | table_is_old ),{elevator_rises table_is_old train_has_arrived}
"eventually, both the engine stops and the motorbike falls down and, at some point in time a semaphore is green and a train stops afterwards",G(!( engine_stops & motorbike_falls_down )) | F(( engine_stops & motorbike_falls_down ) & F( semaphore_is_green & train_stops )),{engine_stops motorbike_falls_down semaphore_is_green train_stops}
"at a certain moment the house is open, the table is old and the elevator rises",F( house_is_open & table_is_old & elevator_rises ),{elevator_rises house_is_open table_is_old}
"absolutely never, the train stops and together the engine breaks and a sensor retrieves data",G(!( train_stops & engine_breaks & sensor_retrieves_data )),{engine_breaks sensor_retrieves_data train_stops}
"first, in the future _lNhEsITQYyzM, and then, it is going to happen that either RpBxwsWDVYB or LffHhRUcsEsqDC",G(!( _lNhEsITQYyzM )) | F(( _lNhEsITQYyzM ) & F( RpBxwsWDVYB | LffHhRUcsEsqDC )),{LffHhRUcsEsqDC RpBxwsWDVYB _lNhEsITQYyzM}
"sooner or later either a constructor creates instances or the motorbike is driven and, at some point in time either a table is brown or the elevator rises afterwards",G(!( constructor_creates_instances | motorbike_is_driven )) | F(( constructor_creates_instances | motorbike_is_driven ) & F( table_is_brown | elevator_rises )),{constructor_creates_instances elevator_rises motorbike_is_driven table_is_brown}
whenever both dyDkZNJciskVjnM and J_CRKrqFQjwPUQt then it will happen that either ikBXUzfdwxTrZz or oHzcwG_iLaHJl,G(( dyDkZNJciskVjnM & J_CRKrqFQjwPUQt ) -> F( ikBXUzfdwxTrZz | oHzcwG_iLaHJl )),{J_CRKrqFQjwPUQt dyDkZNJciskVjnM ikBXUzfdwxTrZz oHzcwG_iLaHJl}
"all the time a bridge opens, a car enters and the bar has to be repaired",G( bridge_opens & car_enters & bar_has_to_be_repaired ),{bar_has_to_be_repaired bridge_opens car_enters}
"after the motorbike falls down or an elevator rises, finally, the bar has to be repaired or the escalator speeds up",G(( motorbike_falls_down | elevator_rises ) -> F( bar_has_to_be_repaired | escalator_speeds_up )),{bar_has_to_be_repaired elevator_rises escalator_speeds_up motorbike_falls_down}
"first, in the future either a train stops or the motorbike has stopped, and then, at a certain moment a house is open and the elevator rises",G(!( train_stops | motorbike_has_stopped )) | F(( train_stops | motorbike_has_stopped ) & F( house_is_open & elevator_rises )),{elevator_rises house_is_open motorbike_has_stopped train_stops}
it will happen that either the bar is down or a semaphore is yellow after either an elevator falls or a train stops,G(( elevator_falls | train_stops ) -> F( bar_is_down | semaphore_is_yellow )),{bar_is_down elevator_falls semaphore_is_yellow train_stops}
"every time a semaphore is red and a sensor retrieves data then eventually, a motorbike has stopped or the escalator is blocked",G(( semaphore_is_red & sensor_retrieves_data ) -> F( motorbike_has_stopped | escalator_is_blocked )),{escalator_is_blocked motorbike_has_stopped semaphore_is_red sensor_retrieves_data}
"forever, the house collapses or the motorbike has started or a semaphore is red",G( house_collapses | motorbike_has_started | semaphore_is_red ),{house_collapses motorbike_has_started semaphore_is_red}
"as euvBBk or monoksu_at, it will happen that both GReTzOkFJtn and _ZJHHjcGMujTEF",G(( euvBBk | monoksu_at ) -> F( GReTzOkFJtn & _ZJHHjcGMujTEF )),{ReTzOkFJtn _ZJHHjcGMujTEF euvBBk monoksu_at}
at some point the elevator falls and the brake is pressed after both the engine breaks and the engine starts,G(( engine_breaks & engine_starts ) -> F( elevator_falls & brake_is_pressed )),{brake_is_pressed elevator_falls engine_breaks engine_starts}
"it is always true that either an elevator is open, the house is built or the sensor retrieves data",G( elevator_is_open | house_is_built | sensor_retrieves_data ),{elevator_is_open house_is_built sensor_retrieves_data}
"eternally, the engine breaks and together the escalator moves and the bar is down",G( engine_breaks & escalator_moves & bar_is_down ),{bar_is_down engine_breaks escalator_moves}
"first, it will happen that the constructor creates instances and the motorbike has stopped, and then, in the future either a train is crossing or a manager collect claims",G(!( constructor_creates_instances & motorbike_has_stopped )) | F(( constructor_creates_instances & motorbike_has_stopped ) & F( train_is_crossing | manager_collect_claims )),{constructor_creates_instances manager_collect_claims motorbike_has_stopped train_is_crossing}
"in any case a bridge closes, a constructor creates instances and the engine breaks",G( bridge_closes & constructor_creates_instances & engine_breaks ),{bridge_closes constructor_creates_instances engine_breaks}
"never, either a bridge opens, the constructor creates instances or the sensor captures data",G(!( bridge_opens | constructor_creates_instances | sensor_captures_data )),{bridge_opens constructor_creates_instances sensor_captures_data}
always when either the car enters or the escalator speeds up then it is going to happen that the escalator moves or a car enters,G(( car_enters | escalator_speeds_up ) -> F( escalator_moves | car_enters )),{car_enters escalator_moves escalator_speeds_up}
"under no circumstances a motorbike has started and, at the same time, the engine starts and the engine breaks",G(!( motorbike_has_started & engine_starts & engine_breaks )),{engine_breaks engine_starts motorbike_has_started}
"as bwifeik, finally, KUffIfovPvdTd",G(( bwifeik ) -> F( KUffIfovPvdTd )),{KUffIfovPvdTd bwifeik}
"eternally, FPBmKSdMS and DbolpRNXnUbHV",G( FPBmKSdMS & DbolpRNXnUbHV ),{DbolpRNXnUbHV PBmKSdMS}
all the time xtbWO,G( xtbWO ),{xtbWO}
"it is always the case that either the bar is up, the manager handles requests or the table is old",G( bar_is_up | manager_handles_requests | table_is_old ),{bar_is_up manager_handles_requests table_is_old}
"as the escalator speeds up or the semaphore is broken, at a certain moment either the sensor retrieves data or the bridge closes",G(( escalator_speeds_up | semaphore_is_broken ) -> F( sensor_retrieves_data | bridge_closes )),{bridge_closes escalator_speeds_up semaphore_is_broken sensor_retrieves_data}
in the future a car stops or a motorbike catches fire after both the bar has to be repaired and a sensor gathers information,G(( bar_has_to_be_repaired & sensor_gathers_information ) -> F( car_stops | motorbike_catches_fire )),{bar_has_to_be_repaired car_stops motorbike_catches_fire sensor_gathers_information}
whenever both an elevator is open and the escalator moves then at some point in time the bar is closing or the motorbike has started,G(( elevator_is_open & escalator_moves ) -> F( bar_is_closing | motorbike_has_started )),{bar_is_closing elevator_is_open escalator_moves motorbike_has_started}
every time a semaphore is yellow or the train is crossing or a motorbike has started,G( semaphore_is_yellow | train_is_crossing | motorbike_has_started ),{motorbike_has_started semaphore_is_yellow train_is_crossing}
sooner or later loDgs,F( loDgs ),{loDgs}
sooner or later the car starts or the car stops after the escalator moves and a train has arrived,G(( escalator_moves & train_has_arrived ) -> F( car_starts | car_stops )),{car_starts car_stops escalator_moves train_has_arrived}
"as both the brake is pressed and the sensor captures data, sooner or later both a car enters and a constructor instantiate objects",G(( brake_is_pressed & sensor_captures_data ) -> F( car_enters & constructor_instantiate_objects )),{brake_is_pressed car_enters constructor_instantiate_objects sensor_captures_data}
"if either the brake is released or the table is brown then never, either the sensor captures data or a table has been moved",G(( brake_is_released | table_is_brown ) -> G(!( sensor_captures_data | table_has_been_moved ))),{brake_is_released sensor_captures_data table_has_been_moved table_is_brown}
always when the motorbike is driven or a house is built then it will happen that both the bar is up and the manager collect claims,G(( motorbike_is_driven | house_is_built ) -> F( bar_is_up & manager_collect_claims )),{bar_is_up house_is_built manager_collect_claims motorbike_is_driven}
always when a semaphore is red and a motorbike falls down then at some point the brake is pressed and a semaphore is broken,G(( semaphore_is_red & motorbike_falls_down ) -> F( brake_is_pressed & semaphore_is_broken )),{brake_is_pressed motorbike_falls_down semaphore_is_broken semaphore_is_red}
"absolutely never, the train has been launched or the motorbike catches fire or the semaphore is red",G(!( train_has_been_launched | motorbike_catches_fire | semaphore_is_red )),{motorbike_catches_fire semaphore_is_red train_has_been_launched}
when a train derails then whenever the escalator moves then in the future a semaphore is red afterwards,G(( train_derails ) -> G(( escalator_moves ) -> F( semaphore_is_red ))),{escalator_moves semaphore_is_red train_derails}
each time the house is built then whenever the car enters then it is going to happen that a table is brown,G(( house_is_built ) -> G(( car_enters ) -> F( table_is_brown ))),{car_enters house_is_built table_is_brown}
in the future a semaphore is green or the bar is closing or a bridge closes,F( semaphore_is_green | bar_is_closing | bridge_closes ),{bar_is_closing bridge_closes semaphore_is_green}
always when a manager collect claims and a constructor creates instances then it is going to happen that a house is open or the constructor instantiate objects,G(( manager_collect_claims & constructor_creates_instances ) -> F( house_is_open | constructor_instantiate_objects )),{constructor_creates_instances constructor_instantiate_objects house_is_open manager_collect_claims}
"at some point the train has been launched, an elevator is blocked and the car stops",F( train_has_been_launched & elevator_is_blocked & car_stops ),{car_stops elevator_is_blocked train_has_been_launched}
it is always true that the bar has to be repaired or the semaphore is green or the escalator speeds up,G( bar_has_to_be_repaired | semaphore_is_green | escalator_speeds_up ),{bar_has_to_be_repaired escalator_speeds_up semaphore_is_green}
"whenever both qjLyOVyqqg_LD and JgqGjRB then finally, fDTEOLauVCPPFg and KiXfOE",G(( qjLyOVyqqg_LD & JgqGjRB ) -> F( fDTEOLauVCPPFg & KiXfOE )),{JgqGjRB KiXfOE fDTEOLauVCPPFg qjLyOVyqqg_LD}
in any case both a train has been launched and the bar is closing after either a sensor captures data or the train has been launched,G(( sensor_captures_data | train_has_been_launched ) -> G( train_has_been_launched & bar_is_closing )),{bar_is_closing sensor_captures_data train_has_been_launched}
"first, eventually, both a sensor retrieves data and a house collapses, and then, it will happen that both the train stops and the brake is pressed",G(!( sensor_retrieves_data & house_collapses )) | F(( sensor_retrieves_data & house_collapses ) & F( train_stops & brake_is_pressed )),{brake_is_pressed house_collapses sensor_retrieves_data train_stops}
it never happens that either BIpdzvWiMZIs or qtmKCxDMqBvEq,G(!( BIpdzvWiMZIs | qtmKCxDMqBvEq )),{BIpdzvWiMZIs qtmKCxDMqBvEq}
"first, it will happen that the engine starts and a train has been launched, and then, in the future the elevator is open and a manager collect claims",G(!( engine_starts & train_has_been_launched )) | F(( engine_starts & train_has_been_launched ) & F( elevator_is_open & manager_collect_claims )),{elevator_is_open engine_starts manager_collect_claims train_has_been_launched}
"forever, a semaphore is broken and, at the same time, a motorbike has stopped and the motorbike catches fire",G( semaphore_is_broken & motorbike_has_stopped & motorbike_catches_fire ),{motorbike_catches_fire motorbike_has_stopped semaphore_is_broken}
"every time the escalator speeds up or the engine starts then finally, both a car starts and the table is brown",G(( escalator_speeds_up | engine_starts ) -> F( car_starts & table_is_brown )),{car_starts engine_starts escalator_speeds_up table_is_brown}
"it is always true that a motorbike is driven and, at the same time, a bridge closes and the motorbike falls down",G( motorbike_is_driven & bridge_closes & motorbike_falls_down ),{bridge_closes motorbike_falls_down motorbike_is_driven}
it will not happen that a train has been launched or a train has arrived after either an elevator is open or a manager handles requests,G(( elevator_is_open | manager_handles_requests ) -> G(!( train_has_been_launched | train_has_arrived ))),{elevator_is_open manager_handles_requests train_has_arrived train_has_been_launched}
"after either iPRCLTKqbJ or shupwSKcr, in the future siAkwAqyOZQk",G(( iPRCLTKqbJ | shupwSKcr ) -> F( siAkwAqyOZQk )),{iPRCLTKqbJ shupwSKcr siAkwAqyOZQk}
at any time the motorbike catches fire or an elevator is blocked or the semaphore is broken,G( motorbike_catches_fire | elevator_is_blocked | semaphore_is_broken ),{elevator_is_blocked motorbike_catches_fire semaphore_is_broken}
"as the bridge closes or an elevator is blocked, eventually, both the table has been moved and the engine breaks",G(( bridge_closes | elevator_is_blocked ) -> F( table_has_been_moved & engine_breaks )),{bridge_closes elevator_is_blocked engine_breaks table_has_been_moved}
"never, either a manager handles requests, the bar is closing or an elevator is blocked",G(!( manager_handles_requests | bar_is_closing | elevator_is_blocked )),{bar_is_closing elevator_is_blocked manager_handles_requests}
"in the future DdyNzh_XOkEhRaD and, it will happen that XHaBwiFSb afterwards",G(!( DdyNzh_XOkEhRaD )) | F(( DdyNzh_XOkEhRaD ) & F( XHaBwiFSb )),{DdyNzh_XOkEhRaD HaBwiFSb}
"at some point a motorbike is driven and, at the same time, the house is open and the engine stops",F( motorbike_is_driven & house_is_open & engine_stops ),{engine_stops house_is_open motorbike_is_driven}
"the bar has to be repaired and, as a consequence, if the motorbike catches fire then it is going to happen that the brake is pressed",G(( bar_has_to_be_repaired ) -> G(( motorbike_catches_fire ) -> F( brake_is_pressed ))),{bar_has_to_be_repaired brake_is_pressed motorbike_catches_fire}
always when the bar is closing or a bridge closes then in the future the brake is released and a motorbike has stopped,G(( bar_is_closing | bridge_closes ) -> F( brake_is_released & motorbike_has_stopped )),{bar_is_closing brake_is_released bridge_closes motorbike_has_stopped}
"after both the sensor captures data and the semaphore is yellow, sooner or later both a bridge opens and the train has been launched",G(( sensor_captures_data & semaphore_is_yellow ) -> F( bridge_opens & train_has_been_launched )),{bridge_opens semaphore_is_yellow sensor_captures_data train_has_been_launched}
every time KhAgWaJsZ,G( KhAgWaJsZ ),{KhAgWaJsZ}
whenever either the table is old or a constructor instantiate objects then at some point in time both the semaphore is green and the elevator is blocked,G(( table_is_old | constructor_instantiate_objects ) -> F( semaphore_is_green & elevator_is_blocked )),{constructor_instantiate_objects elevator_is_blocked semaphore_is_green table_is_old}
"forever, a manager collect claims and together the elevator is open and a house is built",G( manager_collect_claims & elevator_is_open & house_is_built ),{elevator_is_open house_is_built manager_collect_claims}
"as both the engine stops and the sensor retrieves data, finally, a train derails or a car enters",G(( engine_stops & sensor_retrieves_data ) -> F( train_derails | car_enters )),{car_enters engine_stops sensor_retrieves_data train_derails}
"as ncoIsZayOC, it will happen that chUbBmyJeBlsHQB or OVRiMGLkZ",G(( ncoIsZayOC ) -> F( chUbBmyJeBlsHQB | OVRiMGLkZ )),{OVRiMGLkZ chUbBmyJeBlsHQB ncoIsZayOC}
"after a sensor gathers information or a motorbike has started, in the future either the bar is up or the escalator speeds up",G(( sensor_gathers_information | motorbike_has_started ) -> F( bar_is_up | escalator_speeds_up )),{bar_is_up escalator_speeds_up motorbike_has_started sensor_gathers_information}
"as pncVfocP, at some point dOiPcryKu and hizLSggBGkAFho",G(( pncVfocP ) -> F( dOiPcryKu & hizLSggBGkAFho )),{dOiPcryKu hizLSggBGkAFho pncVfocP}
at some point in time a train has arrived or a car starts or the bar is closing,F( train_has_arrived | car_starts | bar_is_closing ),{bar_is_closing car_starts train_has_arrived}
it will happen that both the escalator speeds up and the motorbike falls down after a bridge closes or the engine stops,G(( bridge_closes | engine_stops ) -> F( escalator_speeds_up & motorbike_falls_down )),{bridge_closes engine_stops escalator_speeds_up motorbike_falls_down}
"first, it is going to happen that either the manager handles requests or the manager collect claims, and then, sooner or later either the bar is closing or the table is brown",G(!( manager_handles_requests | manager_collect_claims )) | F(( manager_handles_requests | manager_collect_claims ) & F( bar_is_closing | table_is_brown )),{bar_is_closing manager_collect_claims manager_handles_requests table_is_brown}
always when either the bar has to be repaired or the escalator speeds up then in the future the elevator rises and the motorbike falls down,G(( bar_has_to_be_repaired | escalator_speeds_up ) -> F( elevator_rises & motorbike_falls_down )),{bar_has_to_be_repaired elevator_rises escalator_speeds_up motorbike_falls_down}
every time either the escalator is blocked or the constructor creates instances then at some point in time the sensor gathers information or a train derails,G(( escalator_is_blocked | constructor_creates_instances ) -> F( sensor_gathers_information | train_derails )),{constructor_creates_instances escalator_is_blocked sensor_gathers_information train_derails}
"after the motorbike has stopped or the escalator is blocked, at some point in time either the bar is down or a semaphore is yellow",G(( motorbike_has_stopped | escalator_is_blocked ) -> F( bar_is_down | semaphore_is_yellow )),{bar_is_down escalator_is_blocked motorbike_has_stopped semaphore_is_yellow}
it is always true that the table has been moved or the house is built or the manager handles requests,G( table_has_been_moved | house_is_built | manager_handles_requests ),{house_is_built manager_handles_requests table_has_been_moved}
"every time either the elevator is open, a table is old or the engine stops",G( elevator_is_open | table_is_old | engine_stops ),{elevator_is_open engine_stops table_is_old}
"it is going to happen that both the motorbike has started and the semaphore is yellow and, it is going to happen that both a constructor creates instances and the train has been launched afterwards",G(!( motorbike_has_started & semaphore_is_yellow )) | F(( motorbike_has_started & semaphore_is_yellow ) & F( constructor_creates_instances & train_has_been_launched )),{constructor_creates_instances motorbike_has_started semaphore_is_yellow train_has_been_launched}
it is going to happen that a manager handles requests or the constructor instantiate objects after either the brake is pressed or the escalator moves,G(( brake_is_pressed | escalator_moves ) -> F( manager_handles_requests | constructor_instantiate_objects )),{brake_is_pressed constructor_instantiate_objects escalator_moves manager_handles_requests}
"if the house is open or the train is crossing then eventually, a sensor retrieves data or a semaphore is yellow",G(( house_is_open | train_is_crossing ) -> F( sensor_retrieves_data | semaphore_is_yellow )),{house_is_open semaphore_is_yellow sensor_retrieves_data train_is_crossing}
every time the constructor instantiate objects and a motorbike has stopped then at some point in time both the bridge opens and the bridge closes,G(( constructor_instantiate_objects & motorbike_has_stopped ) -> F( bridge_opens & bridge_closes )),{bridge_closes bridge_opens constructor_instantiate_objects motorbike_has_stopped}
"the escalator moves and, as a consequence, as a train derails, eventually, the train stops",G(( escalator_moves ) -> G(( train_derails ) -> F( train_stops ))),{escalator_moves train_derails train_stops}
"first, in the future both a sensor gathers information and a table is old, and then, eventually, a house is built and the sensor captures data",G(!( sensor_gathers_information & table_is_old )) | F(( sensor_gathers_information & table_is_old ) & F( house_is_built & sensor_captures_data )),{house_is_built sensor_captures_data sensor_gathers_information table_is_old}
"if a semaphore is yellow or the engine stops then finally, the engine starts and the engine stops",G(( semaphore_is_yellow | engine_stops ) -> F( engine_starts & engine_stops )),{engine_starts engine_stops semaphore_is_yellow}
"if a table has been moved and an elevator is blocked then finally, the semaphore is red and a sensor retrieves data",G(( table_has_been_moved & elevator_is_blocked ) -> F( semaphore_is_red & sensor_retrieves_data )),{elevator_is_blocked semaphore_is_red sensor_retrieves_data table_has_been_moved}
whenever both a semaphore is red and the brake is released then sooner or later a constructor instantiate objects and a motorbike has stopped,G(( semaphore_is_red & brake_is_released ) -> F( constructor_instantiate_objects & motorbike_has_stopped )),{brake_is_released constructor_instantiate_objects motorbike_has_stopped semaphore_is_red}
the train has arrived implies that whenever a constructor instantiate objects then sooner or later the engine starts,G(( train_has_arrived ) -> G(( constructor_instantiate_objects ) -> F( engine_starts ))),{constructor_instantiate_objects engine_starts train_has_arrived}
sooner or later a sensor gathers information or a train derails after either a motorbike is driven or a semaphore is green,G(( motorbike_is_driven | semaphore_is_green ) -> F( sensor_gathers_information | train_derails )),{motorbike_is_driven semaphore_is_green sensor_gathers_information train_derails}
if an elevator is open and a motorbike falls down then sooner or later the bar is down or the manager collect claims,G(( elevator_is_open & motorbike_falls_down ) -> F( bar_is_down | manager_collect_claims )),{bar_is_down elevator_is_open manager_collect_claims motorbike_falls_down}
"sooner or later the bar is closing or the motorbike has stopped and, at some point both a car starts and a sensor captures data afterwards",G(!( bar_is_closing | motorbike_has_stopped )) | F(( bar_is_closing | motorbike_has_stopped ) & F( car_starts & sensor_captures_data )),{bar_is_closing car_starts motorbike_has_stopped sensor_captures_data}
whenever kAyQbjfYBnPAT or nuSpTalVpudoOG then sooner or later pPebJpVjcJ and QeCBvAPWjDckf,G(( kAyQbjfYBnPAT | nuSpTalVpudoOG ) -> F( pPebJpVjcJ & QeCBvAPWjDckf )),{QeCBvAPWjDckf kAyQbjfYBnPAT nuSpTalVpudoOG pPebJpVjcJ}
"forever, an elevator is blocked or the train is crossing or the semaphore is green",G( elevator_is_blocked | train_is_crossing | semaphore_is_green ),{elevator_is_blocked semaphore_is_green train_is_crossing}
"after the bridge closes and the sensor captures data, sooner or later either the motorbike falls down or the constructor creates instances",G(( bridge_closes & sensor_captures_data ) -> F( motorbike_falls_down | constructor_creates_instances )),{bridge_closes constructor_creates_instances motorbike_falls_down sensor_captures_data}
"every time a motorbike is driven or the bridge closes then finally, the escalator speeds up and the bar is up",G(( motorbike_is_driven | bridge_closes ) -> F( escalator_speeds_up & bar_is_up )),{bar_is_up bridge_closes escalator_speeds_up motorbike_is_driven}
"eventually, either a car enters or the escalator speeds up after an elevator rises and the bar is closing",G(( elevator_rises & bar_is_closing ) -> F( car_enters | escalator_speeds_up )),{bar_is_closing car_enters elevator_rises escalator_speeds_up}
"all the time an elevator falls, a house collapses and a house is built",G( elevator_falls & house_collapses & house_is_built ),{elevator_falls house_collapses house_is_built}
"in any case the elevator is blocked, the brake is pressed and a sensor retrieves data",G( elevator_is_blocked & brake_is_pressed & sensor_retrieves_data ),{brake_is_pressed elevator_is_blocked sensor_retrieves_data}
"eternally, the train is crossing or the brake is pressed or the engine stops",G( train_is_crossing | brake_is_pressed | engine_stops ),{brake_is_pressed engine_stops train_is_crossing}
always when a semaphore is green or an elevator falls then sooner or later the engine breaks and a constructor creates instances,G(( semaphore_is_green | elevator_falls ) -> F( engine_breaks & constructor_creates_instances )),{constructor_creates_instances elevator_falls engine_breaks semaphore_is_green}
every time both a train is crossing and the bar has to be repaired then it should not happen that the sensor retrieves data and a sensor captures data,G(( train_is_crossing & bar_has_to_be_repaired ) -> G(!( sensor_retrieves_data & sensor_captures_data ))),{bar_has_to_be_repaired sensor_captures_data sensor_retrieves_data train_is_crossing}
"it is always the case that an elevator rises and, at the same time, a manager handles requests and the brake is released",G( elevator_rises & manager_handles_requests & brake_is_released ),{brake_is_released elevator_rises manager_handles_requests}
"always, the engine stops or the table has been moved or a house collapses",G( engine_stops | table_has_been_moved | house_collapses ),{engine_stops house_collapses table_has_been_moved}
"always, the engine stops and, at the same time, the escalator is blocked and a house is built",G( engine_stops & escalator_is_blocked & house_is_built ),{engine_stops escalator_is_blocked house_is_built}
every time the bar has to be repaired and a manager collect claims then at a certain moment an elevator rises and the train is crossing,G(( bar_has_to_be_repaired & manager_collect_claims ) -> F( elevator_rises & train_is_crossing )),{bar_has_to_be_repaired elevator_rises manager_collect_claims train_is_crossing}
always when the bar is closing or a table has been moved then it is going to happen that either a bridge closes or the semaphore is green,G(( bar_is_closing | table_has_been_moved ) -> F( bridge_closes | semaphore_is_green )),{bar_is_closing bridge_closes semaphore_is_green table_has_been_moved}
"as either the car stops or the house is built, at some point both a motorbike has stopped and a constructor creates instances",G(( car_stops | house_is_built ) -> F( motorbike_has_stopped & constructor_creates_instances )),{car_stops constructor_creates_instances house_is_built motorbike_has_stopped}
"always, either the bridge closes, a sensor gathers information or the elevator falls",G( bridge_closes | sensor_gathers_information | elevator_falls ),{bridge_closes elevator_falls sensor_gathers_information}
"it is always the case that a motorbike has started, a train stops and the bar is closing",G( motorbike_has_started & train_stops & bar_is_closing ),{bar_is_closing motorbike_has_started train_stops}
always when both the escalator is blocked and the manager collect claims then at some point in time a table has been moved or a house is built,G(( escalator_is_blocked & manager_collect_claims ) -> F( table_has_been_moved | house_is_built )),{escalator_is_blocked house_is_built manager_collect_claims table_has_been_moved}
at some point both BcMYUqHMOkill and oYTpooDTvaVa,F( BcMYUqHMOkill & oYTpooDTvaVa ),{BcMYUqHMOkill oYTpooDTvaVa}
"the engine starts implies that as the sensor retrieves data, eventually, a car enters",G(( engine_starts ) -> G(( sensor_retrieves_data ) -> F( car_enters ))),{car_enters engine_starts sensor_retrieves_data}
"forever, either the semaphore is broken, a motorbike has started or a motorbike is driven",G( semaphore_is_broken | motorbike_has_started | motorbike_is_driven ),{motorbike_has_started motorbike_is_driven semaphore_is_broken}
"forever, a bridge opens and together an elevator is blocked and the house is open",G( bridge_opens & elevator_is_blocked & house_is_open ),{bridge_opens elevator_is_blocked house_is_open}
"eternally, either a constructor instantiate objects, the escalator speeds up or the motorbike catches fire",G( constructor_instantiate_objects | escalator_speeds_up | motorbike_catches_fire ),{constructor_instantiate_objects escalator_speeds_up motorbike_catches_fire}
all the time a sensor gathers information and together a train derails and the elevator is open,G( sensor_gathers_information & train_derails & elevator_is_open ),{elevator_is_open sensor_gathers_information train_derails}
"in any case either the manager collect claims, the sensor captures data or the escalator moves",G( manager_collect_claims | sensor_captures_data | escalator_moves ),{escalator_moves manager_collect_claims sensor_captures_data}
"at some point in time either the sensor captures data or a sensor gathers information and, it is going to happen that the train derails or the house collapses afterwards",G(!( sensor_captures_data | sensor_gathers_information )) | F(( sensor_captures_data | sensor_gathers_information ) & F( train_derails | house_collapses )),{house_collapses sensor_captures_data sensor_gathers_information train_derails}
every time either the brake is released or the train is crossing then at some point in time the bar is up or the escalator speeds up,G(( brake_is_released | train_is_crossing ) -> F( bar_is_up | escalator_speeds_up )),{bar_is_up brake_is_released escalator_speeds_up train_is_crossing}
every time either BqOvlGiyindHP or zWhFpzbeuFkcVu then at some point qkJ_JxxTV and yrkLIu,G(( BqOvlGiyindHP | zWhFpzbeuFkcVu ) -> F( qkJ_JxxTV & yrkLIu )),{BqOvlGiyindHP qkJ_JxxTV yrkLIu zWhFpzbeuFkcVu}
whenever KWWiRSe then in the future orStpLxXdXj,G(( KWWiRSe ) -> F( orStpLxXdXj )),{KWWiRSe orStpLxXdXj}
whenever ckfTfPD then it will happen that FacJekK,G(( ckfTfPD ) -> F( FacJekK )),{acJekK ckfTfPD}
it is always true that the elevator is open and together a motorbike has stopped and a train stops,G( elevator_is_open & motorbike_has_stopped & train_stops ),{elevator_is_open motorbike_has_stopped train_stops}
"eventually, a manager handles requests, the escalator speeds up and the semaphore is red",F( manager_handles_requests & escalator_speeds_up & semaphore_is_red ),{escalator_speeds_up manager_handles_requests semaphore_is_red}
"it will happen that a bridge closes or the escalator is blocked and, sooner or later both a car starts and the semaphore is broken afterwards",G(!( bridge_closes | escalator_is_blocked )) | F(( bridge_closes | escalator_is_blocked ) & F( car_starts & semaphore_is_broken )),{bridge_closes car_starts escalator_is_blocked semaphore_is_broken}
if jVtmnWVFYun then sooner or later ViKPTgs_mYaAegT and hMOLavqbn,G(( jVtmnWVFYun ) -> F( ViKPTgs_mYaAegT & hMOLavqbn )),{ViKPTgs_mYaAegT hMOLavqbn jVtmnWVFYun}
when the bar has to be repaired then every time an elevator falls then it is going to happen that the sensor retrieves data afterwards,G(( bar_has_to_be_repaired ) -> G(( elevator_falls ) -> F( sensor_retrieves_data ))),{bar_has_to_be_repaired elevator_falls sensor_retrieves_data}
"absolutely never, the bar is down, the constructor instantiate objects and the bridge opens",G(!( bar_is_down & constructor_instantiate_objects & bridge_opens )),{bar_is_down bridge_opens constructor_instantiate_objects}
at some point in time sPDXQqkZya or ZBuJGtxSVd or nAcZbW_yKETmLG,F( sPDXQqkZya | ZBuJGtxSVd | nAcZbW_yKETmLG ),{ZBuJGtxSVd nAcZbW_yKETmLG sPDXQqkZya}
every time both the table is brown and a bridge closes then at a certain moment either the engine breaks or the bar is closing,G(( table_is_brown & bridge_closes ) -> F( engine_breaks | bar_is_closing )),{bar_is_closing bridge_closes engine_breaks table_is_brown}
"finally, a house collapses, the escalator moves and a bridge opens",F( house_collapses & escalator_moves & bridge_opens ),{bridge_opens escalator_moves house_collapses}
"in any case the bar has to be repaired and, at the same time, the bridge opens and the train has arrived",G( bar_has_to_be_repaired & bridge_opens & train_has_arrived ),{bar_has_to_be_repaired bridge_opens train_has_arrived}
"as the bar is down or a semaphore is green, at a certain moment either the bar is down or a manager collect claims",G(( bar_is_down | semaphore_is_green ) -> F( bar_is_down | manager_collect_claims )),{bar_is_down manager_collect_claims semaphore_is_green}
every time both a train has arrived and the brake is pressed then in the future the car enters or the semaphore is yellow,G(( train_has_arrived & brake_is_pressed ) -> F( car_enters | semaphore_is_yellow )),{brake_is_pressed car_enters semaphore_is_yellow train_has_arrived}
"as a house is open and the brake is released, eventually, both the escalator moves and a train has arrived",G(( house_is_open & brake_is_released ) -> F( escalator_moves & train_has_arrived )),{brake_is_released escalator_moves house_is_open train_has_arrived}
at any time FKreAxUYZ,G( FKreAxUYZ ),{KreAxUYZ}
under no condition the brake is pressed and together a train has been launched and a train is crossing,G(!( brake_is_pressed & train_has_been_launched & train_is_crossing )),{brake_is_pressed train_has_been_launched train_is_crossing}
if a house collapses or a semaphore is red then at a certain moment both a bridge closes and a sensor captures data,G(( house_collapses | semaphore_is_red ) -> F( bridge_closes & sensor_captures_data )),{bridge_closes house_collapses semaphore_is_red sensor_captures_data}
at some point in time a table is old or the manager collect claims after the bar is closing or a bridge closes,G(( bar_is_closing | bridge_closes ) -> F( table_is_old | manager_collect_claims )),{bar_is_closing bridge_closes manager_collect_claims table_is_old}
sooner or later the bridge closes or a sensor captures data or a house collapses,F( bridge_closes | sensor_captures_data | house_collapses ),{bridge_closes house_collapses sensor_captures_data}
"at some point the constructor creates instances and the train has been launched and, it is going to happen that either the engine breaks or the bar is down afterwards",G(!( constructor_creates_instances & train_has_been_launched )) | F(( constructor_creates_instances & train_has_been_launched ) & F( engine_breaks | bar_is_down )),{bar_is_down constructor_creates_instances engine_breaks train_has_been_launched}
"eternally, the motorbike falls down or a sensor retrieves data or a motorbike has started",G( motorbike_falls_down | sensor_retrieves_data | motorbike_has_started ),{motorbike_falls_down motorbike_has_started sensor_retrieves_data}
"eventually, a manager collect claims and the bar is up after a bridge closes or the engine stops",G(( bridge_closes | engine_stops ) -> F( manager_collect_claims & bar_is_up )),{bar_is_up bridge_closes engine_stops manager_collect_claims}
"first, finally, both the engine starts and the constructor creates instances, and then, sooner or later either the escalator is blocked or a table is old",G(!( engine_starts & constructor_creates_instances )) | F(( engine_starts & constructor_creates_instances ) & F( escalator_is_blocked | table_is_old )),{constructor_creates_instances engine_starts escalator_is_blocked table_is_old}
"always, IVXbPozMoRiqP or AlMayKx or zeFlQ",G( IVXbPozMoRiqP | AlMayKx | zeFlQ ),{AlMayKx IVXbPozMoRiqP zeFlQ}
if the motorbike has started or the bar is down then at some point both a house is open and a bridge opens,G(( motorbike_has_started | bar_is_down ) -> F( house_is_open & bridge_opens )),{bar_is_down bridge_opens house_is_open motorbike_has_started}
whenever both a motorbike has started and the elevator rises then sooner or later the table is brown or the engine stops,G(( motorbike_has_started & elevator_rises ) -> F( table_is_brown | engine_stops )),{elevator_rises engine_stops motorbike_has_started table_is_brown}
"all the time the table has been moved, a house collapses and the table is brown",G( table_has_been_moved & house_collapses & table_is_brown ),{house_collapses table_has_been_moved table_is_brown}
if both the brake is pressed and the motorbike catches fire then in the future the bar is up and a motorbike has started,G(( brake_is_pressed & motorbike_catches_fire ) -> F( bar_is_up & motorbike_has_started )),{bar_is_up brake_is_pressed motorbike_catches_fire motorbike_has_started}
"it will happen that either a bridge closes, the table is old or the escalator speeds up",F( bridge_closes | table_is_old | escalator_speeds_up ),{bridge_closes escalator_speeds_up table_is_old}
"as the constructor instantiate objects and a table is brown, at some point in time both a semaphore is green and the engine starts",G(( constructor_instantiate_objects & table_is_brown ) -> F( semaphore_is_green & engine_starts )),{constructor_instantiate_objects engine_starts semaphore_is_green table_is_brown}
it is never the case that JynZHwIHMulIYuO and together bBzNJbIrBoO and Wa_Ii_J,G(!( JynZHwIHMulIYuO & bBzNJbIrBoO & Wa_Ii_J )),{JynZHwIHMulIYuO Wa_Ii_J bBzNJbIrBoO}
at any time a train has been launched or the engine starts or a sensor retrieves data,G( train_has_been_launched | engine_starts | sensor_retrieves_data ),{engine_starts sensor_retrieves_data train_has_been_launched}
"it is always the case that either the engine stops, the semaphore is broken or the bar is closing",G( engine_stops | semaphore_is_broken | bar_is_closing ),{bar_is_closing engine_stops semaphore_is_broken}
"forever, the brake is released and, at the same time, the bridge closes and the escalator moves",G( brake_is_released & bridge_closes & escalator_moves ),{brake_is_released bridge_closes escalator_moves}
"it is going to happen that either the train has been launched, the manager collect claims or the brake is released",F( train_has_been_launched | manager_collect_claims | brake_is_released ),{brake_is_released manager_collect_claims train_has_been_launched}
"if either the escalator speeds up or the bar has to be repaired then eventually, the engine breaks or the bridge closes",G(( escalator_speeds_up | bar_has_to_be_repaired ) -> F( engine_breaks | bridge_closes )),{bar_has_to_be_repaired bridge_closes engine_breaks escalator_speeds_up}
"it is going to happen that the bar is down and a motorbike is driven and, it is going to happen that the brake is pressed or the bridge closes afterwards",G(!( bar_is_down & motorbike_is_driven )) | F(( bar_is_down & motorbike_is_driven ) & F( brake_is_pressed | bridge_closes )),{bar_is_down brake_is_pressed bridge_closes motorbike_is_driven}
at a certain moment the semaphore is yellow and the engine starts after the constructor instantiate objects and a motorbike has stopped,G(( constructor_instantiate_objects & motorbike_has_stopped ) -> F( semaphore_is_yellow & engine_starts )),{constructor_instantiate_objects engine_starts motorbike_has_stopped semaphore_is_yellow}
"every time the elevator is open and a train has arrived then eventually, either the motorbike is driven or a semaphore is green",G(( elevator_is_open & train_has_arrived ) -> F( motorbike_is_driven | semaphore_is_green )),{elevator_is_open motorbike_is_driven semaphore_is_green train_has_arrived}
whenever either the table is old or a manager collect claims then at some point in time the car stops and an elevator is blocked,G(( table_is_old | manager_collect_claims ) -> F( car_stops & elevator_is_blocked )),{car_stops elevator_is_blocked manager_collect_claims table_is_old}
every time the bar is up and together the car starts and a table is old,G( bar_is_up & car_starts & table_is_old ),{bar_is_up car_starts table_is_old}
under no condition the escalator speeds up or the motorbike has stopped or a car enters,G(!( escalator_speeds_up | motorbike_has_stopped | car_enters )),{car_enters escalator_speeds_up motorbike_has_stopped}
whenever either the brake is released or the engine breaks then at some point in time the elevator rises or a sensor gathers information,G(( brake_is_released | engine_breaks ) -> F( elevator_rises | sensor_gathers_information )),{brake_is_released elevator_rises engine_breaks sensor_gathers_information}
at a certain moment the train has been launched or a house is open or a semaphore is green,F( train_has_been_launched | house_is_open | semaphore_is_green ),{house_is_open semaphore_is_green train_has_been_launched}
"eventually, both the house is open and the escalator speeds up after the bridge opens and a train has been launched",G(( bridge_opens & train_has_been_launched ) -> F( house_is_open & escalator_speeds_up )),{bridge_opens escalator_speeds_up house_is_open train_has_been_launched}
"first, it is going to happen that a car stops and the constructor instantiate objects, and then, it is going to happen that a train has been launched and the semaphore is yellow",G(!( car_stops & constructor_instantiate_objects )) | F(( car_stops & constructor_instantiate_objects ) & F( train_has_been_launched & semaphore_is_yellow )),{car_stops constructor_instantiate_objects semaphore_is_yellow train_has_been_launched}
"at no time the semaphore is yellow and, at the same time, a semaphore is red and the sensor captures data",G(!( semaphore_is_yellow & semaphore_is_red & sensor_captures_data )),{semaphore_is_red semaphore_is_yellow sensor_captures_data}
every time the sensor retrieves data or a car enters then it is going to happen that either the house is built or the car stops,G(( sensor_retrieves_data | car_enters ) -> F( house_is_built | car_stops )),{car_enters car_stops house_is_built sensor_retrieves_data}
"it never happens that a table is brown, the escalator moves and the elevator falls",G(!( table_is_brown & escalator_moves & elevator_falls )),{elevator_falls escalator_moves table_is_brown}
it is always true that the engine starts and together a motorbike is driven and a table is brown,G( engine_starts & motorbike_is_driven & table_is_brown ),{engine_starts motorbike_is_driven table_is_brown}
"if the bar is closing and a car starts then eventually, a semaphore is yellow",G(( bar_is_closing & car_starts ) -> F( semaphore_is_yellow )),{bar_is_closing car_starts semaphore_is_yellow}
whenever either a sensor captures data or the engine starts then in the future the brake is pressed or the escalator is blocked,G(( sensor_captures_data | engine_starts ) -> F( brake_is_pressed | escalator_is_blocked )),{brake_is_pressed engine_starts escalator_is_blocked sensor_captures_data}
"it is always the case that QpigKtgq and, at the same time, xtVGEUaOETyVfK and xnNVmgyLfGQ",G( QpigKtgq & xtVGEUaOETyVfK & xnNVmgyLfGQ ),{QpigKtgq xnNVmgyLfGQ xtVGEUaOETyVfK}
"at some point the train has been launched, the house is built and the house collapses",F( train_has_been_launched & house_is_built & house_collapses ),{house_collapses house_is_built train_has_been_launched}
"always, a constructor instantiate objects or a table is old or the escalator moves",G( constructor_instantiate_objects | table_is_old | escalator_moves ),{constructor_instantiate_objects escalator_moves table_is_old}
"first, it will happen that the train has arrived and a manager handles requests, and then, at a certain moment either the bar is down or the motorbike falls down",G(!( train_has_arrived & manager_handles_requests )) | F(( train_has_arrived & manager_handles_requests ) & F( bar_is_down | motorbike_falls_down )),{bar_is_down manager_handles_requests motorbike_falls_down train_has_arrived}
"eventually, either the engine starts or the elevator is open and, it will happen that both the motorbike has stopped and a semaphore is red afterwards",G(!( engine_starts | elevator_is_open )) | F(( engine_starts | elevator_is_open ) & F( motorbike_has_stopped & semaphore_is_red )),{elevator_is_open engine_starts motorbike_has_stopped semaphore_is_red}
"in the future either the elevator is blocked, an elevator rises or a car stops",F( elevator_is_blocked | elevator_rises | car_stops ),{car_stops elevator_is_blocked elevator_rises}
"sooner or later the escalator is blocked, the engine stops and the table has been moved",F( escalator_is_blocked & engine_stops & table_has_been_moved ),{engine_stops escalator_is_blocked table_has_been_moved}
"the brake is pressed involves that as a house collapses, eventually, a table is old",G(( brake_is_pressed ) -> G(( house_collapses ) -> F( table_is_old ))),{brake_is_pressed house_collapses table_is_old}
"after sIBhl, eternally, either DarBEFsRlXqJiLX or hIiWiCj",G(( sIBhl ) -> G( DarBEFsRlXqJiLX | hIiWiCj )),{DarBEFsRlXqJiLX hIiWiCj sIBhl}
"if either a semaphore is green or the bar is down then eventually, either the semaphore is red or the motorbike has stopped",G(( semaphore_is_green | bar_is_down ) -> F( semaphore_is_red | motorbike_has_stopped )),{bar_is_down motorbike_has_stopped semaphore_is_green semaphore_is_red}
"always when both the brake is released and the constructor creates instances then eventually, either the house is open or the train derails",G(( brake_is_released & constructor_creates_instances ) -> F( house_is_open | train_derails )),{brake_is_released constructor_creates_instances house_is_open train_derails}
always when IMqqbBgDwp then sooner or later tkM_UOQFMxq,G(( IMqqbBgDwp ) -> F( tkM_UOQFMxq )),{IMqqbBgDwp tkM_UOQFMxq}
whenever the table is old or the elevator falls then in the future a constructor creates instances and the escalator moves,G(( table_is_old | elevator_falls ) -> F( constructor_creates_instances & escalator_moves )),{constructor_creates_instances elevator_falls escalator_moves table_is_old}
whenever a bridge opens or an elevator rises then at some point either the sensor retrieves data or a train is crossing,G(( bridge_opens | elevator_rises ) -> F( sensor_retrieves_data | train_is_crossing )),{bridge_opens elevator_rises sensor_retrieves_data train_is_crossing}
it is always the case that oxkpU_QODfKrJi or QyBrWhZh,G( oxkpU_QODfKrJi | QyBrWhZh ),{QyBrWhZh oxkpU_QODfKrJi}
"when a constructor instantiate objects then whenever the sensor retrieves data then eventually, a semaphore is yellow afterwards",G(( constructor_instantiate_objects ) -> G(( sensor_retrieves_data ) -> F( semaphore_is_yellow ))),{constructor_instantiate_objects semaphore_is_yellow sensor_retrieves_data}
"finally, the train has been launched and together a car stops and an elevator falls",F( train_has_been_launched & car_stops & elevator_falls ),{car_stops elevator_falls train_has_been_launched}
"after both the brake is pressed and a house is built, at some point both a constructor instantiate objects and a semaphore is red",G(( brake_is_pressed & house_is_built ) -> F( constructor_instantiate_objects & semaphore_is_red )),{brake_is_pressed constructor_instantiate_objects house_is_built semaphore_is_red}
if both the bridge opens and the sensor retrieves data then sooner or later either the constructor creates instances or the motorbike falls down,G(( bridge_opens & sensor_retrieves_data ) -> F( constructor_creates_instances | motorbike_falls_down )),{bridge_opens constructor_creates_instances motorbike_falls_down sensor_retrieves_data}
"it is going to happen that a sensor retrieves data or the train has been launched and, at a certain moment a semaphore is green or the bar is up afterwards",G(!( sensor_retrieves_data | train_has_been_launched )) | F(( sensor_retrieves_data | train_has_been_launched ) & F( semaphore_is_green | bar_is_up )),{bar_is_up semaphore_is_green sensor_retrieves_data train_has_been_launched}
"always, both kBgneVOYdQ and SJhuzSeBd",G( kBgneVOYdQ & SJhuzSeBd ),{SJhuzSeBd kBgneVOYdQ}
"after YTR_f, in the future F_RXtYMm",G(( YTR_f ) -> F( F_RXtYMm )),{YTR_f _RXtYMm}
under no circumstances both the manager handles requests and the constructor creates instances after either the table is brown or a car stops,G(( table_is_brown | car_stops ) -> G(!( manager_handles_requests & constructor_creates_instances ))),{car_stops constructor_creates_instances manager_handles_requests table_is_brown}
it is going to happen that the brake is pressed or the semaphore is broken after both the train has been launched and a train stops,G(( train_has_been_launched & train_stops ) -> F( brake_is_pressed | semaphore_is_broken )),{brake_is_pressed semaphore_is_broken train_has_been_launched train_stops}
at some point VZAHIwcE after either lrHQrTi or OZ_RqETYCpsnQF,G(( lrHQrTi | OZ_RqETYCpsnQF ) -> F( VZAHIwcE )),{OZ_RqETYCpsnQF VZAHIwcE lrHQrTi}
"after both the motorbike falls down and the escalator speeds up, in the future the motorbike is driven and the sensor captures data",G(( motorbike_falls_down & escalator_speeds_up ) -> F( motorbike_is_driven & sensor_captures_data )),{escalator_speeds_up motorbike_falls_down motorbike_is_driven sensor_captures_data}
"after the bar is closing or the manager collect claims, it is going to happen that the engine starts or the sensor captures data",G(( bar_is_closing | manager_collect_claims ) -> F( engine_starts | sensor_captures_data )),{bar_is_closing engine_starts manager_collect_claims sensor_captures_data}
vyyjbLt_ implies that every time nXwfBrLaBRKZ then it is going to happen that nHFlhAuCXgoPrFm,G(( vyyjbLt_ ) -> G(( nXwfBrLaBRKZ ) -> F( nHFlhAuCXgoPrFm ))),{nHFlhAuCXgoPrFm nXwfBrLaBRKZ vyyjbLt_}
all the time either yVdxDgFXJv or CGNCIYkmXGOA,G( yVdxDgFXJv | CGNCIYkmXGOA ),{CGNCIYkmXGOA yVdxDgFXJv}
"always, a sensor gathers information, the sensor captures data and a table is old",G( sensor_gathers_information & sensor_captures_data & table_is_old ),{sensor_captures_data sensor_gathers_information table_is_old}
"eventually, either the bar is closing, the escalator moves or the brake is pressed",F( bar_is_closing | escalator_moves | brake_is_pressed ),{bar_is_closing brake_is_pressed escalator_moves}
every time the escalator speeds up and together a constructor instantiate objects and a sensor retrieves data,G( escalator_speeds_up & constructor_instantiate_objects & sensor_retrieves_data ),{constructor_instantiate_objects escalator_speeds_up sensor_retrieves_data}
"it will not happen that the motorbike falls down and, at the same time, a semaphore is broken and the bar is down",G(!( motorbike_falls_down & semaphore_is_broken & bar_is_down )),{bar_is_down motorbike_falls_down semaphore_is_broken}
every time the manager collect claims and a constructor creates instances then at some point in time both a semaphore is yellow and the table has been moved,G(( manager_collect_claims & constructor_creates_instances ) -> F( semaphore_is_yellow & table_has_been_moved )),{constructor_creates_instances manager_collect_claims semaphore_is_yellow table_has_been_moved}
every time the escalator moves or a table is brown or a house collapses,G( escalator_moves | table_is_brown | house_collapses ),{escalator_moves house_collapses table_is_brown}
in any case the motorbike falls down or a sensor retrieves data or the house collapses,G( motorbike_falls_down | sensor_retrieves_data | house_collapses ),{house_collapses motorbike_falls_down sensor_retrieves_data}
"always, the brake is pressed or the bar has to be repaired or a semaphore is broken",G( brake_is_pressed | bar_has_to_be_repaired | semaphore_is_broken ),{bar_has_to_be_repaired brake_is_pressed semaphore_is_broken}
"after either a sensor captures data or a constructor instantiate objects, finally, the escalator speeds up or the bar has to be repaired",G(( sensor_captures_data | constructor_instantiate_objects ) -> F( escalator_speeds_up | bar_has_to_be_repaired )),{bar_has_to_be_repaired constructor_instantiate_objects escalator_speeds_up sensor_captures_data}
"it is going to happen that either the constructor creates instances, the escalator speeds up or the table is old",F( constructor_creates_instances | escalator_speeds_up | table_is_old ),{constructor_creates_instances escalator_speeds_up table_is_old}
"it is always true that a manager collect claims and, at the same time, the motorbike has started and the motorbike falls down",G( manager_collect_claims & motorbike_has_started & motorbike_falls_down ),{manager_collect_claims motorbike_falls_down motorbike_has_started}
"always, the manager handles requests or the semaphore is broken or the house is built",G( manager_handles_requests | semaphore_is_broken | house_is_built ),{house_is_built manager_handles_requests semaphore_is_broken}
always when a sensor captures data or the constructor instantiate objects then it will happen that a table has been moved or the bridge opens,G(( sensor_captures_data | constructor_instantiate_objects ) -> F( table_has_been_moved | bridge_opens )),{bridge_opens constructor_instantiate_objects sensor_captures_data table_has_been_moved}
"after both a car stops and the house collapses, at some point in time the manager handles requests or the motorbike catches fire",G(( car_stops & house_collapses ) -> F( manager_handles_requests | motorbike_catches_fire )),{car_stops house_collapses manager_handles_requests motorbike_catches_fire}
"forever, the constructor creates instances and together an elevator is open and the semaphore is broken",G( constructor_creates_instances & elevator_is_open & semaphore_is_broken ),{constructor_creates_instances elevator_is_open semaphore_is_broken}
"after either the escalator speeds up or the bar has to be repaired, eventually, both a semaphore is red and the brake is released",G(( escalator_speeds_up | bar_has_to_be_repaired ) -> F( semaphore_is_red & brake_is_released )),{bar_has_to_be_repaired brake_is_released escalator_speeds_up semaphore_is_red}
"every time oXRwdLIESMb then eventually, cddaOIYozUuUyEt",G(( oXRwdLIESMb ) -> F( cddaOIYozUuUyEt )),{cddaOIYozUuUyEt oXRwdLIESMb}
"after the table has been moved and the engine breaks, at some point in time either a house is built or the car stops",G(( table_has_been_moved & engine_breaks ) -> F( house_is_built | car_stops )),{car_stops engine_breaks house_is_built table_has_been_moved}
at any time XVzvE and together GFlEsNM and HTNBOMO_N,G( XVzvE & GFlEsNM & HTNBOMO_N ),{HTNBOMO_N VzvE lEsNM}
"always, either the manager handles requests, a semaphore is broken or the semaphore is red",G( manager_handles_requests | semaphore_is_broken | semaphore_is_red ),{manager_handles_requests semaphore_is_broken semaphore_is_red}
"after either a house collapses or the escalator moves, at some point in time the escalator speeds up and a motorbike falls down",G(( house_collapses | escalator_moves ) -> F( escalator_speeds_up & motorbike_falls_down )),{escalator_moves escalator_speeds_up house_collapses motorbike_falls_down}
all the time CcgcLzPAZSKO,G( CcgcLzPAZSKO ),{CcgcLzPAZSKO}
"forever, a manager handles requests and together the elevator is blocked and a motorbike has stopped",G( manager_handles_requests & elevator_is_blocked & motorbike_has_stopped ),{elevator_is_blocked manager_handles_requests motorbike_has_stopped}
"never, the engine starts and, at the same time, a train derails and the brake is released",G(!( engine_starts & train_derails & brake_is_released )),{brake_is_released engine_starts train_derails}
"every time either the sensor captures data or the train has been launched then always, the bar has to be repaired or the bar is up",G(( sensor_captures_data | train_has_been_launched ) -> G( bar_has_to_be_repaired | bar_is_up )),{bar_has_to_be_repaired bar_is_up sensor_captures_data train_has_been_launched}
"finally, jOhMlUapaTDjP or FJHoBUmNU or oivHHS_gaXqbxc",F( jOhMlUapaTDjP | FJHoBUmNU | oivHHS_gaXqbxc ),{JHoBUmNU jOhMlUapaTDjP oivHHS_gaXqbxc}
"it is always true that the train has been launched, a train is crossing and the manager collect claims",G( train_has_been_launched & train_is_crossing & manager_collect_claims ),{manager_collect_claims train_has_been_launched train_is_crossing}
every time either the brake is released or the escalator is blocked then in any case both a motorbike catches fire and the engine breaks,G(( brake_is_released | escalator_is_blocked ) -> G( motorbike_catches_fire & engine_breaks )),{brake_is_released engine_breaks escalator_is_blocked motorbike_catches_fire}
"all the time either nFcDDC, aQBPkDKAYPl or CbNJvjhZXkV",G( nFcDDC | aQBPkDKAYPl | CbNJvjhZXkV ),{CbNJvjhZXkV aQBPkDKAYPl nFcDDC}
"forever, an elevator is blocked or a bridge closes or a motorbike has started",G( elevator_is_blocked | bridge_closes | motorbike_has_started ),{bridge_closes elevator_is_blocked motorbike_has_started}
it is always true that OvtvnXCDAOLebI,G( OvtvnXCDAOLebI ),{OvtvnXCDAOLebI}
"at any time the semaphore is yellow, the elevator is blocked and the escalator speeds up",G( semaphore_is_yellow & elevator_is_blocked & escalator_speeds_up ),{elevator_is_blocked escalator_speeds_up semaphore_is_yellow}
it will not happen that the semaphore is red and together the constructor creates instances and the escalator is blocked,G(!( semaphore_is_red & constructor_creates_instances & escalator_is_blocked )),{constructor_creates_instances escalator_is_blocked semaphore_is_red}
"as a semaphore is yellow and the train is crossing, sooner or later either the escalator moves or a car enters",G(( semaphore_is_yellow & train_is_crossing ) -> F( escalator_moves | car_enters )),{car_enters escalator_moves semaphore_is_yellow train_is_crossing}
"forever, P_fRUqfTEaqNzUr and lWCernXO",G( P_fRUqfTEaqNzUr & lWCernXO ),{P_fRUqfTEaqNzUr lWCernXO}
always when the brake is pressed and the train has arrived then it is going to happen that either the bar is down or the semaphore is green,G(( brake_is_pressed & train_has_arrived ) -> F( bar_is_down | semaphore_is_green )),{bar_is_down brake_is_pressed semaphore_is_green train_has_arrived}
"as gjUEfQJCm_b or MYiXLVynD, at some point MRGAWsQQmGdIUH",G(( gjUEfQJCm_b | MYiXLVynD ) -> F( MRGAWsQQmGdIUH )),{MRGAWsQQmGdIUH MYiXLVynD gjUEfQJCm_b}
"in any case the semaphore is green and, at the same time, the manager collect claims and an elevator rises",G( semaphore_is_green & manager_collect_claims & elevator_rises ),{elevator_rises manager_collect_claims semaphore_is_green}
"every time both wFwngVWkWk and LXmIkEtuZ then eventually, UmYsatMfiM and iJIqY",G(( wFwngVWkWk & LXmIkEtuZ ) -> F( UmYsatMfiM & iJIqY )),{LXmIkEtuZ UmYsatMfiM iJIqY wFwngVWkWk}
every time either the sensor captures data or the bar is up then at some point both the semaphore is broken and the train is crossing,G(( sensor_captures_data | bar_is_up ) -> F( semaphore_is_broken & train_is_crossing )),{bar_is_up semaphore_is_broken sensor_captures_data train_is_crossing}
"first, it will happen that a train is crossing or an elevator rises, and then, eventually, the engine stops or a manager collect claims",G(!( train_is_crossing | elevator_rises )) | F(( train_is_crossing | elevator_rises ) & F( engine_stops | manager_collect_claims )),{elevator_rises engine_stops manager_collect_claims train_is_crossing}
"if SUhVg_Yq then finally, hJmaesIhVmg",G(( SUhVg_Yq ) -> F( hJmaesIhVmg )),{SUhVg_Yq hJmaesIhVmg}
if both the elevator falls and the escalator is blocked then at some point in time either the bar has to be repaired or an elevator rises,G(( elevator_falls & escalator_is_blocked ) -> F( bar_has_to_be_repaired | elevator_rises )),{bar_has_to_be_repaired elevator_falls elevator_rises escalator_is_blocked}
it is never the case that a motorbike falls down or the brake is released or the constructor creates instances,G(!( motorbike_falls_down | brake_is_released | constructor_creates_instances )),{brake_is_released constructor_creates_instances motorbike_falls_down}
if the engine breaks or the bar is closing then at some point both a semaphore is red and a motorbike falls down,G(( engine_breaks | bar_is_closing ) -> F( semaphore_is_red & motorbike_falls_down )),{bar_is_closing engine_breaks motorbike_falls_down semaphore_is_red}
"the house collapses and, as a consequence, every time the house is built then at some point an elevator is blocked",G(( house_collapses ) -> G(( house_is_built ) -> F( elevator_is_blocked ))),{elevator_is_blocked house_collapses house_is_built}
"it is always true that a train has arrived and, at the same time, the car enters and the elevator falls",G( train_has_arrived & car_enters & elevator_falls ),{car_enters elevator_falls train_has_arrived}
"eternally, the elevator falls or the bar is down or the engine starts",G( elevator_falls | bar_is_down | engine_starts ),{bar_is_down elevator_falls engine_starts}
sooner or later the engine breaks and together the motorbike has started and the elevator is blocked,F( engine_breaks & motorbike_has_started & elevator_is_blocked ),{elevator_is_blocked engine_breaks motorbike_has_started}
"first, it will happen that _KfkQPeGxwTOMZW, and then, at a certain moment eodyOVOX or CFPyRnGIJdE",G(!( _KfkQPeGxwTOMZW )) | F(( _KfkQPeGxwTOMZW ) & F( eodyOVOX | CFPyRnGIJdE )),{CFPyRnGIJdE _KfkQPeGxwTOMZW eodyOVOX}
always when a car stops and a house collapses then sooner or later a semaphore is red or a car starts,G(( car_stops & house_collapses ) -> F( semaphore_is_red | car_starts )),{car_starts car_stops house_collapses semaphore_is_red}
every time both the house is open and a sensor retrieves data then sooner or later the train has arrived and the brake is pressed,G(( house_is_open & sensor_retrieves_data ) -> F( train_has_arrived & brake_is_pressed )),{brake_is_pressed house_is_open sensor_retrieves_data train_has_arrived}
at any time the train has been launched or the engine stops or the motorbike catches fire,G( train_has_been_launched | engine_stops | motorbike_catches_fire ),{engine_stops motorbike_catches_fire train_has_been_launched}
the bar has to be repaired involves that every time a motorbike catches fire then it will happen that the house is built,G(( bar_has_to_be_repaired ) -> G(( motorbike_catches_fire ) -> F( house_is_built ))),{bar_has_to_be_repaired house_is_built motorbike_catches_fire}
if either zDkvmbdbZD or Z_Vqvbwk then at some point nrwHXlUDLlRfRH and rrChkKR,G(( zDkvmbdbZD | Z_Vqvbwk ) -> F( nrwHXlUDLlRfRH & rrChkKR )),{Z_Vqvbwk nrwHXlUDLlRfRH rrChkKR zDkvmbdbZD}
"it is always true that either the manager handles requests, the semaphore is green or the house is built",G( manager_handles_requests | semaphore_is_green | house_is_built ),{house_is_built manager_handles_requests semaphore_is_green}
if either a motorbike is driven or an elevator is open then it is going to happen that both the motorbike has started and an elevator rises,G(( motorbike_is_driven | elevator_is_open ) -> F( motorbike_has_started & elevator_rises )),{elevator_is_open elevator_rises motorbike_has_started motorbike_is_driven}
"if PXWjFFb or AjGAYsMAxekdX then always, UjUpozPrAfarn",G(( PXWjFFb | AjGAYsMAxekdX ) -> G( UjUpozPrAfarn )),{AjGAYsMAxekdX PXWjFFb UjUpozPrAfarn}
it is always the case that the brake is released and together the bar is closing and the escalator speeds up,G( brake_is_released & bar_is_closing & escalator_speeds_up ),{bar_is_closing brake_is_released escalator_speeds_up}
"as NxzYIdXkpJiM, at some point in time KkCigzVDWAOTcQ and mBcSycfqa",G(( NxzYIdXkpJiM ) -> F( KkCigzVDWAOTcQ & mBcSycfqa )),{KkCigzVDWAOTcQ NxzYIdXkpJiM mBcSycfqa}
always when a sensor retrieves data or the bridge closes then it is going to happen that either the escalator is blocked or the engine stops,G(( sensor_retrieves_data | bridge_closes ) -> F( escalator_is_blocked | engine_stops )),{bridge_closes engine_stops escalator_is_blocked sensor_retrieves_data}
every time KuLnlAutpKmu or iIVmUnLvPch or AyPMWDhZo,G( KuLnlAutpKmu | iIVmUnLvPch | AyPMWDhZo ),{AyPMWDhZo KuLnlAutpKmu iIVmUnLvPch}
"in any case a semaphore is yellow, a bridge closes and a bridge opens",G( semaphore_is_yellow & bridge_closes & bridge_opens ),{bridge_closes bridge_opens semaphore_is_yellow}
"after a train derails and the escalator moves, at some point in time both the bar has to be repaired and the manager collect claims",G(( train_derails & escalator_moves ) -> F( bar_has_to_be_repaired & manager_collect_claims )),{bar_has_to_be_repaired escalator_moves manager_collect_claims train_derails}
"first, it will happen that the train has been launched and the escalator is blocked, and then, at some point in time either the bridge closes or the escalator is blocked",G(!( train_has_been_launched & escalator_is_blocked )) | F(( train_has_been_launched & escalator_is_blocked ) & F( bridge_closes | escalator_is_blocked )),{bridge_closes escalator_is_blocked train_has_been_launched}
each time the semaphore is green then if the bridge closes then at a certain moment the train stops,G(( semaphore_is_green ) -> G(( bridge_closes ) -> F( train_stops ))),{bridge_closes semaphore_is_green train_stops}
"eventually, either a semaphore is yellow, the manager handles requests or the train has arrived",F( semaphore_is_yellow | manager_handles_requests | train_has_arrived ),{manager_handles_requests semaphore_is_yellow train_has_arrived}
sooner or later an elevator is open or a motorbike has started or the escalator is blocked,F( elevator_is_open | motorbike_has_started | escalator_is_blocked ),{elevator_is_open escalator_is_blocked motorbike_has_started}
"the house is built involves that after an elevator falls, sooner or later the car enters",G(( house_is_built ) -> G(( elevator_falls ) -> F( car_enters ))),{car_enters elevator_falls house_is_built}
"never, the bar is up or a motorbike has started or the engine stops",G(!( bar_is_up | motorbike_has_started | engine_stops )),{bar_is_up engine_stops motorbike_has_started}
