Ground Truth,Response
( F record_safe_civilian ) -> ( ! record_safe_civilian U ( photo_safe_civilian & ! record_safe_civilian ) ),G(record_safe_civilian -> (!record_safe_civilian U photo_safe_civilian))
( prop_1 | F prop_2 ),prop_1 | prop_2
pick_up_flag & G ( ! ( drop_apple ) ),G pick_up_flag & G !drop_apple
( prop_1 & F prop_2 ),prop_1 & G prop_2
<>(shop_1&&<>(p_bottle_3&&<>(hospital_2&&pd))),F(p_bottle_3 & shop_1) & F(p_bottle_3 & hospital_2)
F ( prop_1 & F prop_2 ),G(prop_1 -> prop_2)
( prop_1 & G ( F prop_2 ) ),G(prop_1 & F prop_2)
[]<>(street_3&&photo),G photo
G ( ( prop_1 | prop_3 ) -> G ( F prop_2 ) ),G((prop_1 | prop_3) -> F prop_2)
F ( snatch_pear ) -> F ( get_hold_apple ),G(snatch_pear -> F(get_hold_apple))
F ( prop_1 | G ( F prop_2 ) ),G(prop_1 | G F prop_2)
F ( table_2 & F ( p_brochure_9 & F ( park_4 & G park_4 ) ) ),F(p_brochure_9 & table_2) & G(park_4)
( ( prop_1 -> prop_3 ) -> F prop_2 ),prop_1 -> prop_3
F ( ( red_room | blue_room ) & F yellow_room ),G((red_room | blue_room) -> yellow_room)
( F ( prop_2 <-> prop_1 ) -> prop_3 ),F((prop_2 <-> prop_1) & prop_3)
( prop_1 -> F prop_2 ),G(prop_1 -> X prop_2)
F ( withhold_apple ) & F ( bring_pear ),G withhold_apple & F bring_pear
G ( prop_1 & F prop_2 ),G(prop_1) & G(prop_2)
F ( restaurant_9 & F ( takeout_2 & F ( house_1 & pd ) ) ),F (restaurant_9 & X (pd & F house_1))
G ( idle -> X G ! search_tennis_racket ),G(idle -> G(!search_tennis_racket))
( ( ! prop_3 & prop_2 ) | G prop_1 ),F(!prop_3 & prop_2) | G(prop_1)
go_to_bucket & G ( ! ( drop_apple ) ),G(go_to_bucket & !drop_apple)
F ( prop_1 U prop_2 ),(prop_1 U prop_2)
G ( ! ( drop_apple ) ) & venture_towards_house,G(!drop_apple & venture_towards_house)
( F record_jaywalker_southeast_10th_avenue ) -> ( ! record_jaywalker_southeast_10th_avenue U ( change_light_north_red & ! record_jaywalker_southeast_10th_avenue ) ),G(record_jaywalker_southeast_10th_avenue -> (!change_light_north_red U change_light_north_red))
G(( semaphore_is_red ) -> G(( train_derails ) -> F( sensor_captures_data ))),G(semaphore_is_red -> (train_derails -> F(sensor_captures_data)))
G(( sensor_gathers_information | table_has_been_moved ) -> F( brake_is_pressed | escalator_is_blocked )),F((sensor_gathers_information | brake_is_pressed) & (escalator_is_blocked | table_has_been_moved))
G ( ( prop_3 | prop_2 ) -> F prop_1 ),G((prop_3 | !prop_2) -> prop_1)
!intersection_8 U street_3&&<>locality_5,(!intersection_8) U (street_3 & X locality_5)
! park_4 U street_3 & F ( store_7 & F ( p_takeout_2 & F ( bench_3 & pd ) ) ),(!park_4) U street_3 & F(p_takeout_2 & !store_7 U bench_3)
G ( F ( make_way_to_house ) ) | F ( touch_tree ),G(F(make_way_to_house | touch_tree))
( ( prop_2 U prop_4 ) -> ( prop_1 -> prop_3 ) ),(G((prop_2 -> (prop_2 U prop_4))) -> G(prop_1 -> prop_3))
( ! ( F prop_1 ) & prop_2 ),!(F prop_1 & prop_2)
F ( withhold_apple ) U secure_apple,withhold_apple U secure_apple
F prop_1,G(prop_1)
! G ( ! ( get_help & X get_help ) ),G(get_help | X(get_help | X get_help))
G ( prop_1 U prop_2 ),prop_1 U prop_2
!locality_5 U (house_2&&<>(p_pass_5&&<>(office_3&&pd))),(!locality_5) U (p_pass_5 & house_2 & F office_3)
( G ( prop_2 -> prop_3 ) | prop_1 ),G((prop_2 -> prop_3) | prop_1)
( F prop_1 -> prop_2 ),G(prop_1 -> prop_2)
F G ! photo_person_north_5th_street,G !photo_person_north_5th_street
( ( G prop_3 & prop_1 ) & ! prop_2 ),G((prop_3 & prop_1) & !prop_2)
F ( prop_1 | F prop_2 ),G(prop_1 | prop_2)
( ( ( prop_1 | prop_3 ) <-> prop_2 ) | prop_4 ),((prop_1 | prop_3) -> prop_2) & (!(prop_1 | prop_3) -> prop_4)
G F ( building_5 & photo ) & G F charger_4,G(photo -> (building_5 U charger_4))
F ( prop_1 | F prop_2 ),G(prop_1) | F(prop_2)
F ( let_go_apple ) | G ( hold_onto_orange ),G(let_go_apple | hold_onto_orange)
G ( get_help -> X G ! record_cyclist_south_9th_avenue ),G(get_help -> G(!record_cyclist_south_9th_avenue))
( ( prop_3 -> prop_1 ) | F prop_2 ),G(prop_3 -> (prop_1 | F prop_2))
G(!( semaphore_is_green | car_starts )) | F(( semaphore_is_green | car_starts ) & F( train_has_been_launched & semaphore_is_yellow )),F(semaphore_is_green | car_starts) & F(train_has_been_launched & F(semaphore_is_yellow))
G(!( constructor_creates_instances & train_has_been_launched )) | F(( constructor_creates_instances & train_has_been_launched ) & F( sensor_gathers_information & table_is_old )),F(constructor_creates_instances & train_has_been_launched & F(sensor_gathers_information & X table_is_old))
! park_5 U intersection_5 & F ( monument_3 & photo ),!park_5 U (intersection_5 & photo & monument_3)
( G ( prop_3 -> prop_1 ) | prop_2 ),G(prop_3 -> prop_1 | prop_2)
( ( prop_3 -> prop_1 ) & prop_2 ),prop_3 -> (prop_1 & prop_2)
G ( prop_1 -> F ( G prop_2 ) ),G(prop_1 -> F prop_2)
G ( ( prop_1 | prop_2 ) -> G ( F prop_3 ) ),G((prop_1 | prop_2) -> F prop_3)
F ( prop_1 | G prop_2 ),G(prop_1 | prop_2)
( G ( prop_3 & prop_1 ) -> prop_2 ),G((prop_3 & prop_1) -> prop_2)
G F ( warehouse_4 & F ( p_crate_3 & F ( mall_3 & pd ) ) ),G(F(p_crate_3 & warehouse_4 & !mall_3) & F(p_crate_3 & mall_3))
( ( prop_2 & prop_3 ) -> G prop_1 ),G((prop_2 & prop_3) -> prop_1)
( F get_help ) -> ( ! get_help U ( deliver_microwave_loading_dock & ! get_help ) ),F get_help -> (!deliver_microwave_loading_dock U get_help)
( ( prop_3 | prop_2 ) -> prop_1 ),G(((prop_3 | prop_2)) -> prop_1)
G ( ! prop_1 & F prop_2 ),G !prop_1 & G prop_2
( ( ( prop_1 & prop_4 ) <-> prop_3 ) U prop_2 ),F((prop_1 & prop_4 & prop_3) U prop_2)
G ( prop_2 -> ( prop_1 & prop_3 ) ),G (prop_2 -> (prop_1 & X prop_3))
G(!( bar_is_down | motorbike_is_driven )) | F(( bar_is_down | motorbike_is_driven ) & F( house_is_open & elevator_rises )),F(bar_is_down | (motorbike_is_driven & F(house_is_open & elevator_rises)))
G ( ! prop_1 & F prop_2 ),G !prop_1 & G(prop_2 -> F prop_2)
G ( ! ( drop_orange ) ) | move_to_trashcan,G(!drop_orange | move_to_trashcan)
G ( ( prop_2 & prop_1 ) -> G ( F prop_3 ) ),G((prop_2 & prop_1) -> F prop_3)
F ( prop_1 U F prop_2 ),G(prop_1 -> (prop_1 U prop_2))
G ( moving ) U ! ( let_go_pear ),moving U !let_go_pear
( G prop_3 -> ( prop_1 & prop_2 ) ),G prop_3 -> F (prop_1 & prop_2)
( G prop_2 -> ( prop_3 & prop_1 ) ),G(prop_2 -> (prop_3 & prop_1))
G area_3,G !area_3
G(( engine_starts & semaphore_is_broken ) -> G(!( motorbike_has_stopped & car_starts ))),G((engine_starts & semaphore_is_broken) -> !(motorbike_has_stopped & car_starts))
( prop_4 & ( prop_2 -> prop_1 ) & ! prop_3 ),G((!prop_4 & prop_2) -> (prop_1 & !prop_3))
move_to_trash_can & reach_trash_can,F(move_to_trash_can & reach_trash_can)
( ! prop_1 -> ( G prop_2 | prop_3 ) ),G(!prop_1 -> (G prop_2 | F prop_3))
( ( prop_2 | prop_1 ) | ! prop_3 ),G((prop_2 | prop_1) -> F(!prop_3))
( prop_1 & F prop_2 ),prop_1 & (prop_2 | !prop_2)
G ( F prop_1 & F prop_2 ),G prop_1 & G prop_2
G(!( elevator_falls | bar_is_up )),!(elevator_falls | bar_is_up)
( G prop_2 U F prop_1 ),!prop_1 U prop_2
F ( have_pear ) & F ( venture_flag ),F(have_pear & venture_flag)
G ( record_pedestrian_northwest_8th_street -> ( record_collision_northeast_7th_street | X record_collision_northeast_7th_street ) ),record_pedestrian_northwest_8th_street -> (record_collision_northeast_7th_street | X record_collision_northeast_7th_street)
G ( F ( make_way_to_house ) ) & G ( ! ( drop_orange ) ),G(make_way_to_house) & G(!drop_orange)
F ( yellow_room & F blue_room ),F blue_room & G(!yellow_room)
go_to_bucket | F ( go_by_tree ),G(go_to_bucket | go_by_tree)
! deliver_parking_meter_loading_dock U pickup_baseball_bat,G(deliver_parking_meter_loading_dock -> pickup_baseball_bat)
F ( travel_to_trash_can ) & F ( proceed_to_tree ),G(travel_to_trash_can -> F proceed_to_tree)
G ( change_light_south_yellow -> F photo_vehicle_northeast_8th_street ) -> G F get_help,G((change_light_south_yellow -> F photo_vehicle_northeast_8th_street) -> G F get_help)
[]area_3,G !area_3
( prop_1 | F prop_2 ),prop_1 | G prop_2
<>(plant_8&&<>(p_box_5&&<>(store_6&&pd))),F(pd & plant_8 & p_box_5) & G((pd & p_box_5) -> F(store_6))
F( motorbike_is_driven | sensor_captures_data | table_is_old ),motorbike_is_driven | sensor_captures_data | table_is_old
( ( prop_1 -> prop_2 ) <-> ( prop_4 & prop_3 ) ),((prop_1 & X prop_2) <-> (prop_4 & prop_3))
( ( prop_3 <-> prop_1 ) U ! prop_2 ),(prop_1 <-> prop_2) U prop_3
G(( house_is_built | elevator_is_open ) -> G( train_has_arrived & sensor_gathers_information )),G((house_is_built | elevator_is_open) -> (train_has_arrived & sensor_gathers_information))
G(( sensor_captures_data | brake_is_released ) -> G( semaphore_is_yellow )),G((sensor_captures_data | brake_is_released) -> semaphore_is_yellow)
F ( post_office_1 & F ( p_lettter_2 & F ( building_3 & pd ) ) ),F(pd & post_office_1) & F(building_3 & p_lettter_2)
F ( venture_flag ) -> grab_hold_pear,G(venture_flag -> grab_hold_pear)
G ( ! prop_1 | F prop_2 ),G(!prop_1) | G(prop_2)
! ( let_go_pear ) & drop_pear,G(!(let_go_pear & drop_pear))
F ( prop_1 U F prop_2 ),prop_1 U prop_2
( prop_2 U prop_1 ),X prop_1
( ( prop_3 | prop_2 ) | ! prop_1 ),G((prop_3 | prop_2) | !prop_1)
( ( prop_2 & prop_3 ) -> ! prop_1 ),G(((prop_2 & prop_3) -> !prop_1))
F ( be_at_house ) | F ( go_to_tree ),G(be_at_house | go_to_tree)
!intersection_5 U street_4&&<>(house_4&&<>(p_pass_4&&<>(office_1&&pd))),(!intersection_5 U street_4) & F house_4 & F p_pass_4 & F office_1
G ( ( prop_2 & prop_1 ) -> G prop_3 ),G((prop_2 & prop_1) -> (prop_3 U !prop_3))
! parking_lot_4 U street_5 & F ( parking_lot_4 & G parking_lot_4 ),street_5 U parking_lot_4
F ( obtain_orange ) & G ( touch_flag ),G(obtain_orange & G touch_flag)
G ( ( prop_2 | prop_3 ) -> ( prop_4 | prop_1 ) ),G((prop_2 | prop_3) -> !(prop_4 | prop_1))
F ( procure_pear ) | F ( be_at_flag ),G(procure_pear -> F(be_at_flag))
G F ( table_2 & F ( p_brochure_8 & F ( street_9 & pd ) ) ) & G F charger_6,G(F(p_brochure_8 & X(street_9)) & G(charger_6))
G(( house_collapses & semaphore_is_red ) -> G(!( engine_breaks | sensor_gathers_information ))),G((house_collapses & semaphore_is_red) -> !(engine_breaks | sensor_gathers_information))
( prop_1 | G ( ! prop_2 ) ),!prop_1 | G !prop_2
( ( prop_2 U prop_3 ) -> ! prop_1 ),G(((prop_2 & !prop_3) U prop_3) -> !prop_1)
( deliver_wine_glass_shelf U idle ),F deliver_wine_glass_shelf & X G idle
G ( ( prop_1 & prop_3 ) -> G ( F prop_2 ) ),G((!prop_1 & prop_3) -> prop_2)
( G ( F prop_1 ) -> G prop_2 ),G prop_1 <-> G prop_2
G(!( elevator_is_open & motorbike_has_stopped )),!(elevator_is_open & motorbike_has_stopped)
( ( prop_1 -> prop_2 ) U ( prop_3 <-> prop_4 ) ),G(prop_1 -> (prop_2 U (prop_3 <-> prop_4)))
! record_vehicle_southeast_6th_avenue U get_help,G(record_vehicle_southeast_6th_avenue -> get_help)
( ( prop_3 -> prop_2 ) -> ! prop_1 ),G(prop_3 -> (prop_2 & X !prop_1))
( G prop_1 -> F prop_2 ),G(prop_1) -> G(prop_2)
F ( prop_1 U prop_2 ),prop_1 U prop_2
G ( touch_flag ) | travel_to_tree,G (touch_flag | travel_to_tree)
( G prop_3 & ( prop_1 <-> prop_2 ) ),G prop_3 & G (prop_1 <-> prop_2)
G ( ( prop_1 | prop_3 ) -> prop_2 ),((prop_1 | prop_3) -> prop_2)
( ( prop_2 & prop_3 ) -> ! prop_1 ),G((prop_2 & prop_3) -> !prop_1)
go_home -> X ( ( communicate_injured_hostile U deliver_aid_injured_victim ) | G communicate_injured_hostile ),G(go_home -> (X(communicate_injured_hostile U deliver_aid_injured_victim) | G(communicate_injured_hostile)))
( ( ( prop_1 <-> prop_2 ) | prop_3 ) & prop_4 ),((prop_1 <-> prop_2) | (prop_3 & prop_4))
( ( prop_3 <-> prop_1 ) & G prop_2 ),G((prop_3 <-> (prop_1 & prop_2)))
G ( stay ) | F ( go_to_trashcan ),G(stay | F go_to_trashcan)
G(!( sensor_retrieves_data | engine_starts )) | F(( sensor_retrieves_data | engine_starts ) & F( elevator_falls & manager_collect_claims )),F((sensor_retrieves_data | engine_starts) & F(elevator_falls & manager_collect_claims))
( ( prop_4 <-> prop_1 ) U ( prop_3 -> prop_2 ) ),(prop_3 <-> prop_2) U (prop_4 & X prop_1)
F ( go_to_apple ) | G ( F ( go_to_pear ) ),G(go_to_apple | G F go_to_pear)
( ( prop_1 & prop_3 ) | ( prop_4 -> prop_2 ) ),((prop_1 & prop_3) | prop_4) -> prop_2
( G prop_3 | ( prop_2 <-> prop_1 ) ),G prop_3 | G (prop_2 <-> prop_1)
( G prop_2 & ( prop_3 -> prop_1 ) ),G(prop_2) & G(prop_3 -> prop_1)
( pickup_hair_drier U pickup_zebra ) | G pickup_hair_drier,G(pickup_hair_drier -> (pickup_hair_drier U pickup_zebra))
G ( ( prop_2 & prop_1 ) -> ( prop_3 & prop_4 ) ),G((prop_2 & prop_1) -> X(prop_3 & prop_4))
G(( brake_is_pressed | escalator_is_blocked ) -> F( escalator_is_blocked & escalator_moves )),F((escalator_is_blocked & escalator_moves) & (brake_is_pressed | escalator_is_blocked))
G(!( sensor_retrieves_data & train_is_crossing )) | F(( sensor_retrieves_data & train_is_crossing ) & F( manager_handles_requests | motorbike_has_started )),F((sensor_retrieves_data & train_is_crossing) & F(manager_handles_requests | motorbike_has_started))
G F intersection_4 & F locality_9,G(locality_9 -> F intersection_4)
G ( F ( go_to_apple_trashcan ) ) & drop_pear,G(F(go_to_apple_trashcan) & F(drop_pear))
F ( be_at_flag ) | travel_to_tree,F(be_at_flag | travel_to_tree)
( ! ( prop_1 & prop_3 ) U prop_2 ),G(!((prop_1 & prop_3)) U prop_2)
! ( let_go_pear ) & F ( travel_by_tree ),G(!let_go_pear & !travel_by_tree)
G(( escalator_moves & bar_is_closing ) -> G( semaphore_is_yellow )),G(((escalator_moves & bar_is_closing) -> semaphore_is_yellow))
drop_by -> move_to_trash_can,G(drop_by -> move_to_trash_can)
[]<>(table_2&&<>(p_brochure_8&&<>(street_9&&pd)))&&[]<>charger_6,G((p_brochure_8 & table_2) -> F(street_9)) & G(F(charger_6))
G ( ( prop_1 | prop_2 ) -> F prop_3 ),G((prop_1 | prop_2) -> prop_3)
G(!( sensor_gathers_information )) | F(( sensor_gathers_information ) & F( escalator_speeds_up | house_collapses )),F(sensor_gathers_information & F(escalator_speeds_up | house_collapses))
G(( semaphore_is_green & bridge_opens ) -> F( train_derails )),F((semaphore_is_green & bridge_opens) & X(train_derails))
[]<>charging_station_9&&[]<>(warehouse_5&&<>(p_crate_4&&<>(mall_4&&pd))),G((p_crate_4 & warehouse_5) -> F(charging_station_9 & F(mall_4)))
( ( prop_2 <-> prop_1 ) | F prop_3 ),prop_2 <-> prop_1 | F prop_3
( prop_1 U F prop_2 ),prop_1 U prop_2
[]<>(warehouse_4&&<>(p_crate_3&&<>(mall_3&&pd))),G(p_crate_3 -> F(mall_3))
[]<>charger_6&&[]<>(table_4&&p_brochure_4),G( p_brochure_4 -> F charger_6 )
( ( prop_3 -> prop_2 ) -> F prop_1 ),G((prop_3 & prop_2) -> F prop_1)
G ( prop_1 -> G prop_2 ),G (prop_1 -> prop_2)
F ( prop_1 | G ( ! prop_2 ) ),F(prop_1) | G(!prop_2)
G area_2 & G F ( building_8 & photo ),G(area_2 -> (area_2 U (building_8 & photo)))
F ( prop_1 | prop_2 ),G(prop_1 | prop_2)
G(( constructor_creates_instances & escalator_moves ) -> F( bar_is_down | constructor_instantiate_objects )),F((constructor_creates_instances & escalator_moves) -> F(bar_is_down | constructor_instantiate_objects))
( prop_1 -> G prop_2 ),G(prop_1 -> G(prop_2))
( ( prop_2 & prop_4 ) & ( prop_3 | prop_1 ) ),(prop_2 & prop_4) & X(prop_3 | prop_1)
( ( prop_3 -> prop_2 ) | ( prop_1 & prop_4 ) ),G(prop_3 -> (prop_2 | (prop_1 & prop_4)))
G ( avoid_active_flood <-> X photo_flood ),G (avoid_active_flood -> X !photo_flood)
G(!( motorbike_catches_fire | bridge_opens )) | F(( motorbike_catches_fire | bridge_opens ) & F( train_is_crossing | motorbike_has_stopped )),F((motorbike_catches_fire | bridge_opens) & F(train_is_crossing | motorbike_has_stopped))
G ( ( prop_1 | prop_2 ) -> G prop_3 ),G(((prop_1 | prop_2)) -> prop_3)
( G prop_3 <-> ( prop_1 -> prop_2 ) ),G(prop_3 -> (prop_2 <-> prop_1))
F ( prop_1 | G ( ! prop_2 ) ),F prop_1 | G !prop_2
( ! prop_1 U ( prop_2 <-> prop_3 ) ),G(!prop_1 -> (!prop_1 U (prop_2 <-> prop_3)))
( F prop_3 -> ( prop_2 -> prop_1 ) ),G(prop_3 -> (F(prop_2) -> F(prop_1)))
G ( hold_on_pear ) & approach_trash_can,G(hold_on_pear & approach_trash_can)
G ( ( prop_3 & prop_2 ) -> G prop_1 ),G((prop_3 & prop_2) -> (true U prop_1))
G ( ( prop_4 | prop_2 ) -> ( prop_3 U prop_1 ) ),(G((prop_4 | prop_2) -> (F prop_3 & (!prop_1 U prop_3))))
<>(building_4&&photo&&<>(parking_lot_2&&[]parking_lot_2)),F photo & X (parking_lot_2 & G parking_lot_2)
( F prop_3 & ( prop_2 -> prop_1 ) ),F prop_3 & G(prop_2 -> prop_1)
G(!( engine_starts | elevator_falls )) | F(( engine_starts | elevator_falls ) & F( house_is_open & elevator_rises )),F((engine_starts | elevator_falls) & F(house_is_open & elevator_rises))
( F prop_1 -> F prop_2 ),G(prop_1 -> G(prop_2))
G ( ! prop_1 | prop_2 ),!prop_1 & !prop_2
G(!( car_starts & semaphore_is_broken )) | F(( car_starts & semaphore_is_broken ) & F( sensor_gathers_information )),F((car_starts & semaphore_is_broken) & F(sensor_gathers_information))
G ( ! ( drop_orange ) ) | F ( lay_hold_of_apple ),G(!drop_orange) | G(lay_hold_of_apple)
( G prop_3 -> ( prop_2 -> prop_1 ) ),G(prop_3) -> G(prop_2 -> prop_1)
F ( prop_1 | prop_2 ),prop_1 | prop_2
( G prop_2 -> ( prop_3 | prop_1 ) ),G(prop_2) -> F(prop_3 | prop_1)
G(!( train_has_been_launched & semaphore_is_yellow )) | F(( train_has_been_launched & semaphore_is_yellow ) & F( train_has_arrived | escalator_is_blocked )),F((train_has_been_launched & semaphore_is_yellow) & F(train_has_arrived | escalator_is_blocked))
! get_help U change_light_west_red,G(get_help -> change_light_west_red)
F ( prop_1 U prop_2 ),G(prop_1 -> (prop_1 U prop_2))
G ( ! prop_1 | F prop_2 ),G(!prop_1 | prop_2)
! G ( ! ( photo_pedestrian_northwest_7th_avenue & X photo_pedestrian_northwest_7th_avenue ) ),G (photo_pedestrian_northwest_7th_avenue | X photo_pedestrian_northwest_7th_avenue | X X photo_pedestrian_northwest_7th_avenue)
F ( prop_1 & ! ( F prop_2 ) ),G(prop_1 -> !prop_2)
( prop_1 -> G ( ! prop_2 ) ),G(prop_1 -> G(!prop_2))
G(!( bridge_closes )) | F(( bridge_closes ) & F( escalator_speeds_up | bar_is_closing )),F(bridge_closes & F(escalator_speeds_up | bar_is_closing))
G(( bar_has_to_be_repaired & bridge_opens ) -> G( motorbike_catches_fire | escalator_speeds_up )),G((motorbike_catches_fire | (bar_has_to_be_repaired & bridge_opens)) -> X escalator_speeds_up)
G ( F prop_1 | ! prop_2 ),G(prop_1 | !prop_2)
G ( ( prop_3 & prop_4 ) -> ( prop_1 | prop_2 ) ),(prop_3 & prop_4) -> (prop_1 | prop_2)
G(( train_derails ) -> F( semaphore_is_broken & train_is_crossing )),F (semaphore_is_broken & train_is_crossing)
( F prop_1 -> G ( ! prop_2 ) ),G(prop_1 -> G(!prop_2))
G(( motorbike_has_stopped | semaphore_is_yellow ) -> G( motorbike_has_stopped | elevator_is_blocked )),G((motorbike_has_stopped | elevator_is_blocked) -> (motorbike_has_stopped | semaphore_is_yellow))
G ( F ( go_to_pear ) ) U move_towards_trash_can,G(go_to_pear U move_towards_trash_can)
G F photo_cyclist_northeast_10th_avenue -> G F record_person_east_2nd_street,G(F(photo_cyclist_northeast_10th_avenue) -> F(record_person_east_2nd_street))
( ( ( prop_3 & prop_2 ) U prop_4 ) <-> prop_1 ),G(((prop_3 & prop_2) -> (prop_2 U prop_4) <-> prop_1))
F ( prop_1 & prop_2 ),prop_1 & F prop_2
( ( prop_4 | prop_1 ) <-> ( prop_3 & prop_2 ) ),G(((prop_4 | prop_1) -> (prop_3 & prop_2)) & ((prop_3 & prop_2) -> (prop_4 | prop_1)))
G ( prop_1 -> ( prop_3 U prop_2 ) ),G(prop_1 -> (prop_3 & X(prop_3 U prop_2)))
G(( semaphore_is_yellow ) -> G(( car_enters ) -> F( bridge_closes ))),G(semaphore_is_yellow -> (car_enters -> F bridge_closes))
[]<>(intersection_4&&photo),G photo
( ( prop_3 U prop_4 ) | ( prop_2 -> prop_1 ) ),G(prop_3 -> (prop_3 U prop_4)) & G(prop_2 -> prop_1)
<>[]street_2,G street_2
( ( ( prop_3 & prop_1 ) | prop_4 ) <-> prop_2 ),prop_3 <-> ((prop_1 & prop_4) | prop_2)
G ( move_around ) | F ( proceed_to_house ),G(move_around | proceed_to_house)
G ( F prop_1 | F prop_2 ),G F prop_1 | G prop_2
photo_pedestrian_northwest_10th_street -> X ( ( get_help U record_cyclist_south_10th_street ) | G get_help ),G((photo_pedestrian_northwest_10th_street -> (X(get_help U record_cyclist_south_10th_street) | G get_help)))
F G table_4,G(table_4)
F ( going_to_house ) -> F ( reach_tree ),G(going_to_house -> reach_tree)
G(( motorbike_catches_fire | bar_has_to_be_repaired ) -> G(!( sensor_captures_data & escalator_is_blocked ))),G !((motorbike_catches_fire | bar_has_to_be_repaired) -> (sensor_captures_data & escalator_is_blocked))
G ( F ( grab_tree ) ) & snatch_up_pear,G(F(grab_tree & F(snatch_up_pear)))
<>(table_4&&<>(p_tin_can_4&&<>(trash_can_5&&pd)))&&[]!hallway_2,F(pd & table_4 & p_tin_can_4) & G(!hallway_2) & F(trash_can_5)
( ( prop_1 | prop_3 ) <-> ! prop_2 ),(G(prop_1 -> !prop_2) & G(prop_3 -> !prop_2) & G(prop_2 -> (!prop_1 & !prop_3)))
( F prop_2 & ( prop_1 & prop_3 ) ),F(prop_2) & G(prop_1 & prop_3)
G(!( manager_collect_claims | constructor_creates_instances )) | F(( manager_collect_claims | constructor_creates_instances ) & F( train_has_arrived )),F(train_has_arrived) & F(manager_collect_claims | constructor_creates_instances)
( ( ( prop_4 & prop_1 ) -> prop_3 ) & prop_2 ),((prop_1 & prop_3) -> prop_4) & prop_2
( ( ! prop_2 & prop_3 ) -> G prop_1 ),G((!prop_2 & !prop_3) -> G prop_1)
( ( ( prop_4 | prop_2 ) | prop_1 ) <-> prop_3 ),((prop_4 | prop_2 | prop_1) -> prop_3)
( ( prop_3 -> prop_2 ) & ! prop_1 ),G(prop_3 -> prop_2) & G(!prop_1)
( G prop_3 <-> ( prop_1 | prop_2 ) ),G(prop_3 <-> (prop_1 | prop_2))
F ( withold_apple ) | G ( ! ( let_go_orange ) ),G(withold_apple | !let_go_orange)
G ( ! ( idle & search_bench ) -> F search_suitcase ),G((!idle & !search_bench) -> F search_suitcase)
photo_person_southeast_9th_street U ( G ( F change_light_north_red ) ),G(photo_person_southeast_9th_street -> (photo_person_southeast_9th_street U G F change_light_north_red))
F ( get_to_cup ) U acquire_apple,G(get_to_cup -> (get_to_cup U acquire_apple))
G(( engine_breaks | train_has_arrived ) -> F( semaphore_is_yellow )),F(semaphore_is_yellow)
G ( ! ( get_help & record_vehicle_east_4th_street ) -> F record_pedestrian_northwest_3rd_avenue ),G((!get_help & !record_vehicle_east_4th_street) -> F record_pedestrian_northwest_3rd_avenue)
G(( sensor_captures_data | train_has_been_launched ) -> G( semaphore_is_yellow )),G((sensor_captures_data | train_has_been_launched) -> X semaphore_is_yellow)
G(!( table_has_been_moved & train_derails )) | F(( table_has_been_moved & train_derails ) & F( sensor_retrieves_data | engine_starts )),F((train_derails & table_has_been_moved) & F(sensor_retrieves_data | engine_starts))
keep_apple -> F ( get_to_flag ),G(keep_apple -> get_to_flag)
G F charging_station_9 & G F ( warehouse_5 & F ( p_crate_4 & F ( mall_4 & pd ) ) ),G((p_crate_4 & warehouse_5) -> F(charging_station_9 & mall_4))
F ( got_to_house ) | F ( get_to_flag ),G(got_to_house | get_to_flag)
G(( elevator_is_open & escalator_moves ) -> F( engine_breaks & motorbike_is_driven )),F((elevator_is_open & escalator_moves) & (engine_breaks & motorbike_is_driven))
( G prop_1 <-> ( prop_3 -> prop_2 ) ),(prop_1 <-> (prop_3 -> prop_2))
G(!( engine_stops & motorbike_falls_down )) | F(( engine_stops & motorbike_falls_down ) & F( car_enters & table_is_brown )),F(engine_stops & motorbike_falls_down & F(car_enters & table_is_brown))
G ( ( prop_2 | prop_4 ) -> ( prop_3 | prop_1 ) ),G (prop_2 -> (prop_3 | prop_1))
record_car_northeast_5th_avenue -> X ( ( get_help U record_jaywalker_north_9th_street ) | G get_help ),G(record_car_northeast_5th_avenue -> X(get_help U record_jaywalker_north_9th_street)) & G(!record_car_northeast_5th_avenue -> G get_help)
G ( idle -> X G ! pickup_fork ),G(idle -> G(!pickup_fork))
G ( F prop_1 | F prop_2 ),G(prop_1 | prop_2)
( ( prop_1 -> prop_2 ) U ! prop_3 ),(!prop_1) U (prop_2 -> prop_3)
( ! prop_2 U ( prop_3 & prop_1 ) ),!prop_2 -> (!prop_2 U (prop_3 & prop_1))
G(!( motorbike_has_started & semaphore_is_red & motorbike_falls_down )),G(!(motorbike_has_started) & !(semaphore_is_red) & !(motorbike_falls_down))
F ( get_close_flag ) U G ( ! ( drop_pear ) ),(!drop_pear) U get_close_flag
F ( prop_1 & F prop_2 ),G(prop_1 & prop_2)
G ( ( prop_4 & prop_2 ) -> ( prop_1 & prop_3 ) ),((prop_4 & prop_2) -> (prop_1 & prop_3))
G(!( bridge_closes )) | F(( bridge_closes ) & F( sensor_retrieves_data | manager_collect_claims )),F(bridge_closes & F(sensor_retrieves_data | manager_collect_claims))
( G prop_1 | ( prop_3 | prop_2 ) ),G(prop_1 | (prop_2 | prop_3))
hold_apple & F ( gather_pear ),G(hold_apple -> F gather_pear)
( F ( blue_room ) & G ( ! yellow_room ) ),G((!yellow_room & X blue_room) -> blue_room)
G(( constructor_instantiate_objects & escalator_speeds_up ) -> G(!( house_is_open & motorbike_has_started ))),G((constructor_instantiate_objects & escalator_speeds_up) -> !(house_is_open & motorbike_has_started))
photo_motorcycle_southeast_9th_avenue -> X ( ( change_light_north_green U get_help ) | G change_light_north_green ),G((photo_motorcycle_southeast_9th_avenue -> X(change_light_north_green U get_help)) & (!photo_motorcycle_southeast_9th_avenue -> G(change_light_north_green)))
( ( prop_2 & prop_3 ) & ( prop_4 <-> prop_1 ) ),G(prop_2 & prop_3 & (prop_4 <-> prop_1))
G(!( bridge_closes )) | F(( bridge_closes ) & F( car_starts | train_derails )),F(bridge_closes & F(car_starts | train_derails))
( F prop_3 -> ( prop_1 <-> prop_2 ) ),G(prop_3 -> (prop_1 <-> prop_2))
( G ( ! prop_1 ) -> F prop_2 ),G(!prop_1) & F(prop_2)
F ( go_to_trashcan ) | G ( F ( grab_tree ) ),G(go_to_trashcan | grab_tree)
G ( F ( go_to_apple_trashcan ) ) -> grip_apple,G(go_to_apple_trashcan -> X grip_apple)
( ( prop_6 & prop_3 ) -> ( prop_2 -> ( prop_4 & prop_1 & prop_5 ) ) ),prop_6 & prop_3 & F(prop_2 & F(prop_4 & F(prop_1 & F(prop_5))))
G(( bar_is_up & car_starts ) -> G(!( elevator_is_open | bar_is_closing ))),G(!(bar_is_up & car_starts) -> !(elevator_is_open | bar_is_closing))
G ( ( prop_3 | prop_1 ) -> G prop_2 ),G((prop_3 | prop_1) -> (prop_2 U false))
parking_lot_4 U (car_5&&photo),parking_lot_4 U photo
G(( motorbike_has_stopped | motorbike_falls_down ) -> F( semaphore_is_yellow )),F((motorbike_has_stopped | motorbike_falls_down) & semaphore_is_yellow)
locality_1 U intersection_4&&<>(warehouse_9&&<>(p_package_5&&<>(store_2&&pd))),(locality_1 U intersection_4) & G(intersection_4 -> F(pd & warehouse_9 & X F(store_2)))
( ! ( prop_2 | prop_1 ) U prop_3 ),(!prop_2 | !prop_1) U prop_3
G(( train_is_crossing & bar_has_to_be_repaired ) -> G(!( motorbike_falls_down & engine_starts ))),G(((train_is_crossing & bar_has_to_be_repaired) -> !(motorbike_falls_down & engine_starts)))
!park_4 U street_3&&<>(store_7&&<>(p_takeout_2&&<>(bench_3&&pd))),(!park_4 U street_3) & (F p_takeout_2 & F bench_3)
( ! prop_1 -> ( F prop_2 | prop_3 ) ),G(!prop_1 -> (F prop_2 | F prop_3))
<>(house_2&&p_trash_can_2),F house_2 & F p_trash_can_2
G(!( table_is_brown | motorbike_has_started )) | F(( table_is_brown | motorbike_has_started ) & F( bridge_closes )),F(table_is_brown | (motorbike_has_started & F(bridge_closes)))
G ( ( prop_1 & prop_2 ) -> F prop_3 ),G((prop_1 & prop_2) -> prop_3)
G(!( table_is_old & bridge_opens & house_is_open )),G(!table_is_old) & F(bridge_opens & house_is_open)
G ( ( prop_3 | prop_1 ) -> F ( G prop_2 ) ),G((prop_3 | prop_1) -> F prop_2)
G ( hold_on_pear ) | grab_hold_pear,G(hold_on_pear | grab_hold_pear)
G ( ( prop_2 & prop_4 ) -> ( prop_1 U prop_3 ) ),G(((prop_2 & prop_4) -> (F prop_1 & (!prop_1 U prop_3))))
( ( ! prop_1 <-> prop_3 ) & prop_2 ),((!prop_1 -> (prop_3 & prop_2)) & ((prop_3 & prop_2) -> !prop_1))
!building_3 U street_6&&<>(store_3&&<>(p_box_8&&<>(house_2&&pd))),(!building_3) U (street_6 & p_box_8)
G(!( bridge_closes )) | F(( bridge_closes ) & F( escalator_speeds_up | house_collapses )),F(bridge_closes & F(escalator_speeds_up | house_collapses))
( F photo_jaywalker_southwest_5th_street ) -> ( ! photo_jaywalker_southwest_5th_street U ( change_light_north_red & ! photo_jaywalker_southwest_5th_street ) ),F photo_jaywalker_southwest_5th_street -> change_light_north_red
G ( F prop_1 & F prop_2 ),G(prop_1) & G(prop_1 -> F(prop_2))
( ( prop_2 -> prop_1 ) & G prop_3 ),G(prop_2 -> (prop_1 & prop_3))
! ( let_go_pear ) | G ( F ( go_to_waste_basket ) ),G(!(let_go_pear) | F(go_to_waste_basket))
F ( bring_pear ) U G ( ! ( drop_apple ) ),bring_pear U !drop_apple
( G prop_1 <-> ( prop_2 | prop_3 ) ),G(prop_1 <-> (prop_2 | prop_3))
take_to_tree & take_apple,F(take_to_tree & take_apple)
( G ( F prop_1 ) -> prop_2 ),G(prop_1 -> prop_2)
( ( prop_3 -> prop_2 ) <-> F prop_1 ),G(prop_3 -> prop_2) & G(prop_2 -> F(prop_1))
( ( prop_3 -> prop_4 ) U ( prop_2 | prop_1 ) ),G((prop_3 -> prop_4) & ((prop_2 | prop_1) -> !prop_4))
! photo_safe_person U go_home,G(photo_safe_person -> go_home)
[]<>(warehouse_4&&<>(p_crate_3&&<>(mall_3&&pd))),G (p_crate_3 -> F (pd & warehouse_4 & F mall_3))
F ( getting_pear ) U take_apple,getting_pear U take_apple
( prop_1 U G ( F prop_2 ) ),prop_1 U G prop_2
G ( ( prop_2 & prop_1 ) -> prop_3 ),G((prop_2 & prop_1) -> X prop_3)
( prop_1 | F prop_2 ),prop_1 | G(prop_2)
<>(table_2&&<>(p_brochure_9&&<>(park_4&&[]park_4))),F(p_brochure_9 & table_2) & F(park_4 & G park_4)
!intersection_5 U street_4&&<>(house_4&&<>(p_pass_4&&<>(office_1&&pd))),(!intersection_5) U street_4
! change_light_east_green U change_light_east_yellow,G(change_light_east_green -> (change_light_east_yellow V change_light_east_green))
F ( street_4 & F ( p_traffic_cone_5 & F ( intersection_6 & pd ) ) ),F(p_traffic_cone_5 & F(intersection_6))
F ( prop_1 | G prop_2 ),F(prop_1) | G(prop_2)
F ( go_by_house ) | G ( ! ( drop_orange ) ),G((!drop_orange) | go_by_house)
take_to_trashcan & go_to_orange_bin,F(take_to_trashcan & F(go_to_orange_bin))
G ( prop_2 -> ( prop_3 U prop_1 ) ),G(prop_2 -> (!prop_3 U prop_1))
( F get_help ) -> ( ! get_help U ( record_jaywalker_southwest_6th_avenue & ! get_help ) ),G(get_help -> (!record_jaywalker_southwest_6th_avenue U record_jaywalker_southwest_6th_avenue))
G ( ( prop_1 | prop_3 ) -> G ( F prop_2 ) ),G(((prop_1 | prop_3) -> F prop_2))
F ( scoop_up_pear ) | F ( stop_by_trash_can ),G(scoop_up_pear | stop_by_trash_can)
F G ! photo_collision_west_8th_street,G F !photo_collision_west_8th_street
G ( ! ( photo_collision_east_5th_street & get_help ) -> F record_collision_north_10th_street ),G((!photo_collision_east_5th_street & !get_help) -> F record_collision_north_10th_street)
( ( prop_2 -> prop_1 ) | ! prop_3 ),G(prop_2 -> (prop_1 | !prop_3))
G ( ! ( let_go ) ) & drop_orange,G(!drop_orange & !let_go)
G ( ( prop_1 | prop_2 ) -> ( prop_3 U prop_4 ) ),G(((prop_1 | prop_2)) -> (F(prop_3) & (!prop_4 U prop_3)))
G ( ( prop_2 & prop_3 ) -> G prop_1 ),G((prop_2 & prop_3) -> prop_1)
G(!( manager_handles_requests & motorbike_falls_down )) | F(( manager_handles_requests & motorbike_falls_down ) & F( engine_breaks | sensor_captures_data )),F((manager_handles_requests & motorbike_falls_down) & F(engine_breaks | sensor_captures_data))
( F prop_1 -> F prop_2 ),G(prop_1 <-> prop_2)
G ( prop_1 | prop_2 ),prop_1 | prop_2
grab_hold_pear -> ! ( let_go_pear ),G(grab_hold_pear -> !let_go_pear)
go_to_orange -> F ( have_possession_of_apple ),G(have_possession_of_apple -> go_to_orange)
<>(monument_3&&photo&&<>(pathway_8&&[]pathway_8)),F(photo & X(monument_3 & X(pathway_8 & G(pathway_8))))
put_in_bucket -> stop_by_flag,G(put_in_bucket -> F stop_by_flag)
( ! prop_3 -> ( prop_2 & prop_1 ) ),G(!prop_3 -> (prop_2 & prop_1))
F ( prop_1 U ! ( F prop_2 ) ),prop_1 U !prop_2
! deliver_chair_shelf U get_help,G(deliver_chair_shelf -> get_help)
[]<>(area_4&&photo)&&[]<>(area_3&&photo),G area_4 & G F area_3
( deliver_toaster_loading_dock U get_help ),deliver_toaster_loading_dock & X get_help
( prop_1 -> prop_2 ),prop_1 & X prop_2
G ( touch_flag ) | G ( ! ( let_go_orange ) ),G(touch_flag | !let_go_orange)
G(( train_is_crossing ) -> G(( house_is_built ) -> F( bar_has_to_be_repaired ))),G(train_is_crossing -> (house_is_built -> F bar_has_to_be_repaired))
get_to_tree | G ( F ( grab_tree ) ),F get_to_tree | G F grab_tree
[]county_4&&[]<>(office_3&&<>(p_package_4&&<>(office_8&&pd))),G(county_4 -> (p_package_4 U office_8))
F ( withdraw_pear ) & G ( have_in_orange ),G(withdraw_pear -> G(have_in_orange))
G(( train_stops & bar_is_down ) -> G( semaphore_is_yellow )),G((train_stops & bar_is_down) -> semaphore_is_yellow)
F ( move_past_trash_can ) & F ( go_to_trash_bin ),G(move_past_trash_can -> F go_to_trash_bin)
F ( take_possession_of_bear ) | F ( stand_by_tree ),G(take_possession_of_bear | F stand_by_tree)
( ( prop_2 | prop_3 ) -> ( prop_4 | prop_1 ) ),G(((prop_2 | prop_3) -> (prop_4 | prop_1)))
F G intersection_5,G intersection_5
F ( get_hold_apple ) & F ( go_to_home ),G(get_hold_apple -> F go_to_home)
F blue_room,blue_room
F ( arrive_at_tree ) U F ( let_go_apple ),G(arrive_at_tree -> (arrive_at_tree U let_go_apple))
( ! prop_2 -> ( prop_3 | prop_1 ) ),G(!prop_2 -> (prop_3 | prop_1))
G ( ( prop_3 & prop_1 ) -> F ( G prop_2 ) ),G((prop_3 & prop_1) -> F prop_2)
[]<>intersection_4&&<>locality_9,G intersection_4 & F locality_9
( ( prop_1 U prop_4 ) -> ( prop_3 & prop_2 ) ),G((prop_1 & (!prop_4 U prop_1)) -> (prop_3 & prop_2))
( ( prop_1 | prop_3 ) & G prop_2 ),G((prop_1 | prop_3) & prop_2)
( G ( prop_1 & prop_3 ) | prop_2 ),G((prop_1 & prop_3) | prop_2)
G ( prop_1 -> F ( G prop_2 ) ),G(prop_1 -> F G !prop_2)
G ( ( prop_2 | prop_1 ) -> G prop_3 ),G((prop_2 | prop_1) -> prop_3)
G(!( sensor_gathers_information )) | F(( sensor_gathers_information ) & F( train_has_arrived | escalator_moves )),G(sensor_gathers_information -> F(train_has_arrived | escalator_moves))
F prop_1,G prop_1
G ( ( prop_1 & prop_3 ) -> G ( F prop_2 ) ),G((prop_1 & prop_3) -> F prop_2)
G(( car_stops & house_collapses ) -> F( sensor_captures_data | house_is_open )),(car_stops & house_collapses) -> F (sensor_captures_data | house_is_open)
( ! prop_2 U ( prop_3 | prop_1 ) ),(!prop_1) U (prop_2 | prop_3)
G(( train_has_arrived & train_is_crossing ) -> F( sensor_captures_data )),F((train_has_arrived & train_is_crossing) & F(sensor_captures_data))
( G ( prop_3 | prop_1 ) -> prop_2 ),G((prop_3 | prop_1) -> prop_2)
( prop_1 & G ( ! prop_2 ) ),G(prop_1) & G(!prop_2)
( deliver_cow_loading_dock U get_help ),F(deliver_cow_loading_dock & F(get_help))
( ( prop_1 -> prop_3 ) & G prop_2 ),G(prop_1 -> (prop_3 & G(prop_2)))
F ( travel_by_tree ) -> ! ( let_go_pear ),G(travel_by_tree -> !let_go_pear)
G ( ! prop_1 | F prop_2 ),G(!prop_1) & G(prop_2 -> !prop_1)
G ( communicate_safe_victim & X get_help -> X X avoid_probable_flood ),X((communicate_safe_victim & X(get_help)) -> X(avoid_probable_flood))
( ( prop_2 | prop_1 ) -> ( prop_4 | prop_3 ) ),G((prop_2 | prop_1) -> (prop_4 | prop_3))
( ( prop_1 & prop_2 ) -> G prop_3 ),G((prop_1 & prop_2) -> prop_3)
( F prop_3 <-> ( prop_2 | prop_1 ) ),F(prop_3) <-> F(prop_2 | prop_1)
( ( prop_2 <-> prop_3 ) -> G prop_1 ),(G(prop_2 <-> prop_3) -> G(prop_1))
gather_apple -> F ( go_past_flag ),G(go_past_flag)
G(( sensor_captures_data | train_is_crossing ) -> G(!( manager_handles_requests & constructor_creates_instances ))),G((sensor_captures_data | train_is_crossing) -> !(manager_handles_requests & constructor_creates_instances))
G(!( sensor_gathers_information )) | F(( sensor_gathers_information ) & F( table_is_old & bar_has_to_be_repaired )),F(sensor_gathers_information & F(table_is_old & F(bar_has_to_be_repaired)))
<>[]house_5,F house_5 & G house_5
F ( go_visit_house ) -> pick_up_fruit,G(go_visit_house -> F pick_up_fruit)
( record_collision_northwest_5th_avenue U record_jaywalker_north_1st_avenue ),record_collision_northwest_5th_avenue & X record_jaywalker_north_1st_avenue
F ( prop_1 U G ( ! prop_2 ) ),G(prop_1) U G(!prop_2)
F G ! change_light_north_yellow,G !change_light_north_yellow
F ( collect_orange ) | move_to_house,G(move_to_house | collect_orange)
street_4 U ( house_1 & photo ),street_4 U photo
( ( prop_1 -> prop_3 ) -> G prop_2 ),G((prop_1 -> prop_3) -> prop_2)
( get_help U record_cyclist_west_3rd_street ),get_help & X record_cyclist_west_3rd_street
G ( prop_1 | F prop_2 ),G(prop_1) | F(prop_2)
( photo_injured_civilian U deliver_aid_injured_rescuer ) | G photo_injured_civilian,G(photo_injured_civilian -> (photo_injured_civilian U deliver_aid_injured_rescuer))
( ( prop_3 <-> prop_1 ) -> F prop_2 ),(G(prop_3 <-> prop_1) -> F(prop_2))
F ( collect_apple ) -> G ( ! ( drop_pear ) ),G(collect_apple -> G(!drop_pear))
G(( train_stops & sensor_gathers_information ) -> G( bar_has_to_be_repaired | bar_is_up )),G((train_stops & sensor_gathers_information) -> (bar_has_to_be_repaired | bar_is_up))
F ( prop_1 | F prop_2 ),F(prop_1) | G(prop_2)
( ( prop_4 -> prop_1 ) <-> ( prop_3 -> prop_2 ) ),(prop_4 -> X prop_1) <-> (prop_3 -> X prop_2)
G F avoid_probable_gas_leak | X avoid_inactive_gas_leak,G(!avoid_probable_gas_leak) | X(!avoid_inactive_gas_leak)
G ( get_help->_record_debris | X record_debris ),G(get_help -> (record_debris | X record_debris))
G(!( sensor_gathers_information )) | F(( sensor_gathers_information ) & F( bar_has_to_be_repaired & car_stops )),F(sensor_gathers_information & F(bar_has_to_be_repaired & F(car_stops)))
G ( ( prop_3 | prop_2 ) -> G ( F prop_1 ) ),G((prop_3 | prop_2) -> F prop_1)
! G ( ! ( get_help & X get_help ) ),G(get_help | X(get_help) | X(X(get_help)))
G(( engine_starts & semaphore_is_broken ) -> G(!( house_is_open & motorbike_has_started ))),[](engine_starts & semaphore_is_broken) -> !(house_is_open & motorbike_has_started)
( ( ! prop_1 & prop_3 ) <-> prop_2 ),(!prop_1 & prop_3) | prop_2
G ( ! ( drop_apple ) ) & secure_apple,G(!drop_apple & secure_apple)
G(!( car_enters & engine_stops )) | F(( car_enters & engine_stops ) & F( train_has_arrived | escalator_moves )),F((car_enters & engine_stops) & F(train_has_arrived | escalator_moves))
( ! prop_2 -> ( G prop_1 & prop_3 ) ),G(!prop_2 -> (prop_1 & prop_3))
( ( ( prop_4 -> prop_2 ) U prop_3 ) & prop_1 ),G(prop_4 -> (prop_2 U prop_3)) & F(prop_1)
F ( prop_1 & G ( ! prop_2 ) ),F(prop_1) & G(!prop_2)
( ( ( prop_3 <-> prop_4 ) -> prop_1 ) & prop_2 ),((prop_3 <-> prop_4) -> (prop_1 & prop_2))
F ( seize_orange ) | G ( F ( make_way_to_house ) ),F(seize_orange | G(make_way_to_house))
( ( ( prop_1 & prop_3 ) U prop_2 ) <-> prop_4 ),G(((prop_1 & prop_3) -> ((prop_1 & prop_3) U prop_2) <-> prop_4))
move_to_house -> F ( go_to_trash_receptacle ),F go_to_trash_receptacle
( F deliver_teddy_bear_shelf ) -> ( ! deliver_teddy_bear_shelf U ( search_donut & ! deliver_teddy_bear_shelf ) ),G(deliver_teddy_bear_shelf -> search_donut)
<>(office_4&&<>(p_box_2&&<>(house_1&&pd))),F(pd & office_4 & p_box_2) & G((pd & office_4 & p_box_2) -> X(F(house_1 & pd & p_box_2)))
G(( train_derails | motorbike_falls_down ) -> G(!( motorbike_catches_fire & bridge_opens ))),G((train_derails | motorbike_falls_down) -> !(motorbike_catches_fire & bridge_opens))
G(!( escalator_moves | brake_is_pressed )) | F(( escalator_moves | brake_is_pressed ) & F( train_has_arrived & bar_is_down )),F(escalator_moves | (brake_is_pressed & F(train_has_arrived & bar_is_down)))
F ( office_4 & F ( p_box_2 & F ( house_1 & pd ) ) ),G((office_4 & p_box_2) -> F(house_1))
( ( prop_2 U prop_1 ) -> ( prop_3 -> prop_4 ) ),(prop_2 U prop_1) -> (prop_3 & X prop_4)
G ( F ( grab_tree ) ) -> G ( have_in_orange ),G have_in_orange
( G prop_2 | ( prop_1 | prop_3 ) ),G(prop_2 | prop_1 | prop_3)
F ( ( red_room | yellow_room ) & F blue_room ),(F(red_room) | F(yellow_room)) -> F(blue_room)
( G prop_3 -> ( prop_2 & prop_1 ) ),G(prop_3) -> G(prop_2 & prop_1)
G ( ! prop_1 | ! ( F prop_2 ) ),!prop_1 & !prop_2
( ( prop_2 -> prop_1 ) | G prop_3 ),G(prop_2 -> prop_1) & G(!prop_2 -> prop_3)
( ( ( prop_4 | prop_2 ) U prop_1 ) -> prop_3 ),G(((prop_4 | prop_2) U prop_1) -> prop_3)
[]locality_2&&<>(office_4&&<>(p_document_5&&<>(office_9&&pd))),G(locality_2 -> (locality_2 U (p_document_5 & office_4 & X F office_9)))
parking_lot_9 U (car_2&&photo),parking_lot_9 U photo
G(!( semaphore_is_green | bar_is_up )) | F(( semaphore_is_green | bar_is_up ) & F( house_is_open | motorbike_is_driven )),F((semaphore_is_green | bar_is_up) & F(house_is_open | motorbike_is_driven))
<>[]intersection_5,G intersection_5
G ( prop_1 | F prop_2 ),G(prop_1) | G(prop_2)
G ( ( prop_1 | prop_4 ) -> ( prop_2 | prop_3 ) ),((prop_1 | prop_4) -> (prop_2 | prop_3))
G(!( bar_is_closing & elevator_is_blocked )) | F(( bar_is_closing & elevator_is_blocked ) & F( train_has_arrived )),F((bar_is_closing & elevator_is_blocked) & F(train_has_arrived))
going_to_tree U F ( capture_pear ),going_to_tree U capture_pear
collect_pear -> take_apple,G(collect_pear -> X take_apple)
F ( pick_up_peach ) -> put_in_bucket,G(pick_up_peach -> F put_in_bucket)
( ( prop_2 & prop_4 ) U ( prop_3 & prop_1 ) ),G(((prop_2 & prop_4) -> ((prop_2 & prop_4) U (prop_3 & prop_1))))
G ( change_light_south_red -> X G ! photo_person_west_10th_street ),G(change_light_south_red -> G(!photo_person_west_10th_street))
[]!parking_lot_5&&<>(car_3&&photo),G(photo -> !parking_lot_5)
( ( prop_1 & prop_2 ) -> F prop_3 ),(G(prop_1 & prop_2) -> F(prop_3))
( G prop_2 <-> ( prop_3 | prop_1 ) ),G(prop_2 <-> (prop_3 | prop_1))
( F prop_3 -> ( prop_2 & prop_1 ) ),G(prop_3 -> F(prop_2 & prop_1))
( G prop_1 | ( prop_3 & prop_2 ) ),G (prop_1 | (prop_3 & prop_2))
G ( ( prop_2 U prop_3 ) -> F ( G prop_1 ) ),G((F prop_2 & F prop_3) -> F G prop_1)
G ( stay ) -> F ( clutch_orange ),F clutch_orange
G ( prop_1 & F prop_2 ),G(prop_1) & F(prop_2)
G(( brake_is_released & motorbike_has_stopped ) -> F( house_collapses & motorbike_falls_down )),F((brake_is_released & motorbike_has_stopped) & (motorbike_falls_down & house_collapses))
<>(arch_1&&photo),F photo
( F prop_2 & ( prop_3 & prop_1 ) ),F(prop_2 & prop_3 & prop_1)
G(( motorbike_has_stopped & car_starts ) -> G(!( motorbike_falls_down & engine_starts ))),G !((motorbike_has_stopped & car_starts) -> (motorbike_falls_down & engine_starts))
( F prop_1 -> F prop_2 ),G(prop_1 -> F(prop_2))
F ( secure_pear ) & F ( scoop_up_pear ),G secure_pear & G(scoop_up_pear -> secure_pear)
G(!( table_is_old | bar_has_to_be_repaired )) | F(( table_is_old | bar_has_to_be_repaired ) & F( car_enters & engine_stops )),F((table_is_old | bar_has_to_be_repaired) & F(car_enters & engine_stops))
( G ( prop_1 -> prop_2 ) & prop_3 ),G((prop_1 -> prop_2) & prop_3)
F ( prop_1 | G prop_2 ),F prop_1 | G prop_2
G ( ! prop_1 U G ( ! prop_2 ) ),!prop_2 U !prop_1
G ! ( house_4 & p_bottle_2 ),G ! p_bottle_2
G ( F ( go_to_pear ) ) & F ( secure_pear ),G(F(go_to_pear)) & G(secure_pear)
( F prop_1 -> F prop_2 ),G(prop_1 -> prop_2)
! ( prop_1 | prop_2 ),!prop_1 | prop_2
G ( F ( go_to_apple_trashcan ) ) & ! ( let_go_pear ),G(F(go_to_apple_trashcan) & G(!let_go_pear))
( F prop_2 | ( prop_1 -> prop_3 ) ),F prop_2 | G(prop_1 -> prop_3)
( ( prop_3 -> prop_2 ) | F prop_1 ),G(prop_2 -> prop_3) | F(prop_1)
G( manager_collect_claims & train_derails & engine_stops ),G((manager_collect_claims -> (train_derails & engine_stops)))
!park_5 U intersection_5&&<>(monument_3&&photo),G(!park_5 U intersection_5) & F(photo) & F(monument_3)
[]<>charger_12&&[]<>(house_5&&<>(p_box_1&&<>(house_23&&pd))),G(F(charger_12)) & G(F(p_box_1 & house_5 & X(F(house_23))))
( ( prop_3 U prop_2 ) <-> ! prop_1 ),G((prop_3) -> ((!prop_1) U prop_2))
G(( train_has_arrived ) -> F( motorbike_has_stopped & elevator_rises )),F(train_has_arrived & F(motorbike_has_stopped & elevator_rises))
G(( engine_breaks & semaphore_is_yellow ) -> F( elevator_rises & bar_is_closing )),F (elevator_rises & F (engine_breaks & F (semaphore_is_yellow & F bar_is_closing)))
G ( ! prop_1 & prop_2 ),G !(prop_1 & prop_2)
F ( prop_1 & ! prop_2 ),F(prop_1) & G(!prop_2)
going_to_tree -> F ( venture_to_waste_basket ),G(going_to_tree -> venture_to_waste_basket)
( ! prop_1 | ( G prop_2 -> prop_3 ) ),G(!(prop_1) | (G(prop_2) -> G(prop_3)))
( ( ( prop_2 -> prop_1 ) & prop_3 ) & prop_4 ),G(prop_2 -> (prop_1 & prop_3 & prop_4))
G(!( train_has_arrived )) | F(( train_has_arrived ) & F( train_has_arrived & manager_handles_requests )),F(train_has_arrived & X(train_has_arrived & manager_handles_requests))
( ( ( prop_2 | prop_4 ) -> prop_3 ) <-> prop_1 ),G(((prop_2 | prop_4) -> prop_3) <-> prop_1)
( G prop_3 -> ( prop_1 | prop_2 ) ),G(prop_3) -> F(prop_1 | prop_2)
G ( ( prop_1 | prop_2 ) -> F ( G prop_3 ) ),(G(prop_1 | prop_2) -> F(prop_3))
G(!( elevator_is_open | train_derails )) | F(( elevator_is_open | train_derails ) & F( constructor_creates_instances | table_is_old )),F((elevator_is_open | train_derails) & F(constructor_creates_instances | table_is_old))
G(( train_stops & sensor_gathers_information ) -> G( engine_stops & bridge_opens )),G((train_stops & sensor_gathers_information) -> (engine_stops & bridge_opens))
G ( ( prop_3 & prop_4 ) -> ( prop_1 & prop_2 ) ),G((prop_3 & prop_4) -> (!prop_1 & prop_2))
F ( collect_orange ) -> F ( reach_tree ),G(reach_tree -> G(collect_orange))
G(( bar_is_up & motorbike_has_stopped ) -> G(!( semaphore_is_yellow | brake_is_released ))),G(!((bar_is_up & motorbike_has_stopped) & X(semaphore_is_yellow | brake_is_released)))
F ( prop_1 & prop_2 ),G(prop_1 & prop_2)
gather_apple U F ( proceed_to_house ),gather_apple U proceed_to_house
G ( ! prop_1 & prop_2 ),!prop_1 & !prop_2
G ( ! ( let_go ) ) & F ( getting_pear ),G(!getting_pear | let_go)
F ( prop_1 & G prop_2 ),F(prop_1) & G(prop_2)
get_help -> X ( ( go_home U avoid_active_unstable_beam ) | G go_home ),G(get_help -> (X(go_home U avoid_active_unstable_beam) | G go_home))
G ( ! ( get_help & search_microwave ) -> F idle ),G((!get_help & !search_microwave) -> F idle)
( ( prop_1 | prop_3 ) & ! prop_2 ),prop_1 | prop_3 & !prop_2
( ( prop_1 <-> prop_3 ) -> ! prop_2 ),(G(prop_1 <-> prop_3) -> G(!prop_2))
G ( ( prop_3 & prop_2 ) -> ( prop_1 | prop_4 ) ),G((prop_3 & prop_2) -> (!prop_1 & !prop_4))
move_to_house U F ( go_past_flag ),move_to_house U go_past_flag
<>(restaurant_9&&<>(takeout_2&&<>(house_1&&pd))),F(takeout_2 & restaurant_9) & F(house_1)
G ( ! ( drop_pear ) ) | capture_orange,G(!(drop_pear | capture_orange))
G(( elevator_rises ) -> G(( house_is_built ) -> F( train_derails ))),G(house_is_built -> F(train_derails))
G(!( bridge_closes )) | F(( bridge_closes ) & F( bar_has_to_be_repaired & sensor_retrieves_data )),F(bridge_closes & F(bar_has_to_be_repaired & F(sensor_retrieves_data)))
park_5 U ( monument_2 & photo & F ( intersection_5 & G intersection_5 ) ),park_5 U (photo & monument_2 & X(intersection_5 & park_5))
( ( prop_3 -> prop_2 ) U ! prop_1 ),G((prop_3 -> prop_2) U !prop_1)
G(!( engine_breaks | car_enters )) | F(( engine_breaks | car_enters ) & F( train_has_arrived )),F(engine_breaks | car_enters) & F(train_has_arrived)
G ( F prop_1 U prop_2 ),prop_1 U prop_2
( G prop_1 -> ( prop_2 <-> prop_3 ) ),G(prop_1) -> G(prop_2 <-> prop_3)
( ( prop_2 U prop_1 ) -> prop_3 ),(prop_2 U prop_1) & X(prop_3)
F ( prop_1 & prop_2 ),G((prop_1 & prop_2))
G ( ( prop_3 | prop_1 ) -> ( prop_4 U prop_2 ) ),G((prop_3 | prop_1) -> (prop_2 U prop_4))
( F prop_3 <-> ( prop_1 & prop_2 ) ),F (prop_3 <-> (prop_1 & prop_2))
G ( ( prop_3 & prop_1 ) -> F ( G prop_2 ) ),G((prop_3 & prop_1) -> F(prop_2))
( ( ! prop_3 | prop_1 ) -> F prop_2 ),(!prop_3 | prop_1) -> prop_2
F ( prop_1 U F prop_2 ),(prop_1 U prop_2)
<>(post_office_1&&<>(p_letter_3&&<>(house_2&&pd))),F(pd & house_2 & post_office_1 & p_letter_3)
drop_by-> F_venture_to_flag,G(drop_by -> venture_to_flag)
G ( prop_1 | F prop_2 ),prop_1 | F prop_2
G(( semaphore_is_yellow | brake_is_released ) -> G(!( semaphore_is_yellow | car_stops ))),G((semaphore_is_yellow | brake_is_released) -> !(semaphore_is_yellow | car_stops))
go_by_waste_bin | G ( ! ( drop_apple ) ),G(go_by_waste_bin | G(!drop_apple))
( ( prop_4 U prop_1 ) <-> ( prop_3 -> prop_2 ) ),((prop_4 U prop_1) <-> (prop_3 & X prop_2))
G(!( bridge_closes )) | F(( bridge_closes ) & F( manager_collect_claims & semaphore_is_broken )),bridge_closes & X(F(manager_collect_claims & semaphore_is_broken))
G(( brake_is_released & escalator_speeds_up ) -> F( elevator_is_open & escalator_moves )),F((brake_is_released & escalator_speeds_up) & (elevator_is_open & escalator_moves))
F ( prop_1 | G ( ! prop_2 ) ),G(prop_1) | G(!prop_2)
G ( ! prop_1 | G ( ! prop_2 ) ),!prop_1 & !prop_2
( ( ( prop_2 -> prop_4 ) | prop_1 ) | prop_3 ),(prop_2 -> prop_4) | (!prop_2 -> (prop_1 | prop_3))
take_to_trashcan | ! ( let_go_orange ),F(take_to_trashcan | !let_go_orange)
( ( prop_1 -> prop_2 ) & ! prop_3 ),prop_1 -> (prop_2 & !prop_3)
( G prop_2 -> ( ! prop_3 & prop_1 ) ),G(prop_2) -> G(!prop_3 & prop_1)
( F ( yellow_room ) & G ( ! blue_room ) ),F(!blue_room & yellow_room)
move_towards_trash_can & put_in_bucket,F(move_towards_trash_can & F put_in_bucket)
G ( ( prop_1 & prop_3 ) -> prop_2 ),(prop_1 & prop_3) -> prop_2
F ( prop_1 U G ( ! prop_2 ) ),prop_1 U !prop_2
G(!( motorbike_catches_fire & car_enters )) | F(( motorbike_catches_fire & car_enters ) & F( table_has_been_moved & motorbike_is_driven )),F(motorbike_catches_fire & car_enters & F(table_has_been_moved & F(motorbike_is_driven)))
( ( ( prop_2 -> prop_4 ) -> prop_1 ) U prop_3 ),G((prop_2 -> prop_4) & (prop_4 -> prop_1) & (prop_1 U prop_3))
park_5 U (monument_2&&photo&&<>(intersection_5&&[]intersection_5)),park_5 U (photo & X intersection_5 & G intersection_5)
G ( ! ( drop_apple ) ) | secure_apple,G(!drop_apple | secure_apple)
G(!( train_has_arrived )) | F(( train_has_arrived ) & F( house_is_open & elevator_rises )),F(train_has_arrived & F(house_is_open & F(elevator_rises)))
take_orange U ! ( F ( pick_up_anything ) ),take_orange U !pick_up_anything
G ( stay ) | come_to_tree,G(stay | come_to_tree)
G ( change_light_north_red <-> X change_light_west_red ),X change_light_west_red <-> change_light_north_red
( G prop_2 | ( prop_3 <-> prop_1 ) ),G (prop_2 | (prop_3 <-> prop_1))
F ( venture_flag ) -> F ( make_way_waste_basket ),G(venture_flag -> F(make_way_waste_basket))
put_in_apple_bucket U G ( F ( go_to_waste_basket ) ),put_in_apple_bucket U go_to_waste_basket
G ( ! ( let_go_orange ) ) -> F ( obtain_orange ),G(!let_go_orange -> F obtain_orange)
( F ( prop_1 -> prop_2 ) -> prop_3 ),G((F(prop_1 -> prop_2)) -> prop_3)
( ( prop_1 & prop_4 ) & ( prop_3 -> prop_2 ) ),(prop_1 & prop_4) & G(prop_3 -> prop_2)
F ( reach_tree ) U hold_on_to_pear,reach_tree U hold_on_to_pear
! ( F ( pick_up_anything ) ) -> F ( travel_to_flag ),F travel_to_flag
F ( post_office_1 & F ( p_letter_3 & F ( house_2 & pd ) ) ),F(pd & p_letter_3 & post_office_1) & F(deliver & p_letter_3 & house_2)
G(( train_has_arrived ) -> F( motorbike_catches_fire | sensor_gathers_information )),F((motorbike_catches_fire) | ((!train_has_arrived) U (sensor_gathers_information)))
G(( bridge_closes | semaphore_is_green ) -> F( sensor_captures_data )),(G bridge_closes | G semaphore_is_green) -> F sensor_captures_data
F ( table_4 & F ( p_tin_can_4 & F ( trash_can_5 & pd ) ) ) & G ! hallway_2,G(!hallway_2) & F(p_tin_can_4 & table_4) & F(trash_can_5 & X(!p_tin_can_4))
( ( prop_1 -> prop_4 ) & ( prop_3 -> prop_2 ) ),G(prop_1 -> prop_4) & G(prop_3 -> prop_2)
G ( move_around ) & move_to_house,G(move_around & move_to_house)
F ( make_contact_with_house ) -> F ( obtain_pear ),G(make_contact_with_house -> F(obtain_pear))
G ( ( prop_2 | prop_3 ) -> prop_1 ),((prop_2 | prop_3) -> prop_1)
( ( prop_2 | prop_3 ) & G prop_1 ),G(prop_1) & (F(prop_2) | F(prop_3))
G ( record_jaywalker_east_2nd_street -> F get_help ) -> G F photo_jaywalker_northwest_8th_street,G((record_jaywalker_east_2nd_street -> F get_help) -> G F photo_jaywalker_northwest_8th_street)
( G prop_2 <-> ( prop_3 | prop_1 ) ),G prop_2 <-> (F prop_3 | F prop_1)
G F ( mall_5 & F ( p_crate_8 & F ( office_6 & pd ) ) ),G(F(p_crate_8 & mall_5 & X(F(office_6))))
! ( F ( pick_up_anything ) ) & F ( withold_apple ),G(!pick_up_anything & !withold_apple)
( ( ( prop_4 <-> prop_3 ) -> prop_2 ) -> prop_1 ),!( (prop_4 <-> prop_3) -> prop_2 ) -> prop_1
! ( prop_1 U F prop_2 ),!prop_1 U prop_2
( ( prop_3 <-> prop_2 ) | F prop_1 ),G((prop_3 <-> prop_2) | F prop_1)
G ( go_by_trash_can ) & F ( walk_near_flag ),G(go_by_trash_can) & G(walk_near_flag -> X(go_by_trash_can))
G(!( sensor_gathers_information )) | F(( sensor_gathers_information ) & F( train_has_arrived & manager_handles_requests )),F(sensor_gathers_information & F(train_has_arrived & manager_handles_requests))
! garage_1 U photo & F ( landmark_5 & photo ),(!garage_1) U (photo & landmark_5)
search_hot_dog -> X ( ( get_help U deliver_laptop_loading_dock ) | G get_help ),G(search_hot_dog -> (X(get_help U deliver_laptop_loading_dock) | G get_help))
( F ( blue_room ) & G ( ! red_room ) ),G(blue_room & !red_room)
[]!(hall_1&&p_file_6),G !hall_1
( ( ( prop_4 | prop_3 ) -> prop_2 ) & prop_1 ),G(((prop_3 | prop_2) -> prop_4) & prop_1)
F ( go_to_flag ) -> capture_orange,G(go_to_flag -> capture_orange)
( ( ( prop_4 -> prop_3 ) & prop_1 ) <-> prop_2 ),((prop_4 -> (prop_3 & prop_1)) <-> prop_2)
F( semaphore_is_broken | bridge_opens | semaphore_is_yellow ),semaphore_is_broken | bridge_opens | semaphore_is_yellow
( G ( ! prop_1 ) -> F prop_2 ),G(!prop_1) & G(prop_2)
( ( ! prop_1 -> prop_3 ) & prop_2 ),(!prop_1 -> (prop_3 & prop_2))
move_to_house | acquire_apple,F(move_to_house | acquire_apple)
( ! ( prop_2 -> prop_3 ) | prop_1 ),!(prop_2 -> F prop_3 | prop_1)
G ( ( prop_1 & prop_3 ) -> ! ( F prop_2 ) ),G(((prop_1 & prop_3) -> X(!F(prop_2))))
F ( journey_to_tree ) -> F ( gather_pear ),G(journey_to_tree -> F gather_pear)
get_to_tree | move_to_trashcan,F(move_to_trashcan | get_to_tree)
F ( park_5 & F ( monument_3 & photo ) ),park_5 & X photo
deliver_bus_shelf U ( G ( F search_car ) ),G(deliver_bus_shelf -> (deliver_bus_shelf U G F search_car))
take_to_tree & G ( hold_onto_orange ),G(take_to_tree & hold_onto_orange)
F yellow_room,yellow_room
( ( ( prop_1 -> prop_4 ) U prop_3 ) | prop_2 ),G(prop_1 -> (F prop_4 U prop_3)) | prop_2
F ( shop_1 & F ( p_bottle_3 & F ( hospital_2 & pd ) ) ),F(p_bottle_3 & shop_1) & F(hospital_2 & !p_bottle_3)
!street_5 U store_1&&<>(store_1&&p_package_4),(!street_5) U store_1
G ( communicate_injured_victim -> F get_help ) -> G F go_home,G((communicate_injured_victim -> F get_help) -> G F go_home)
( F ( prop_3 -> prop_1 ) | prop_2 ),F(prop_3 -> (prop_1 | prop_2))
( G ( prop_2 <-> prop_1 ) & prop_3 ),G((prop_2 <-> prop_1) & prop_3)
( ( G prop_1 <-> prop_3 ) | ! prop_2 ),G(prop_1) -> (prop_3 | !prop_2)
! ( prop_1 & F prop_2 ),!prop_1 & F prop_2
( ! prop_3 -> ( prop_1 U prop_2 ) ),G(!prop_3 -> (prop_1 U prop_2))
G ( ! prop_1 | G prop_2 ),G !prop_1 & G prop_2
G(( brake_is_pressed | semaphore_is_broken ) -> F( manager_handles_requests | escalator_is_blocked )),F(manager_handles_requests | (brake_is_pressed -> X(escalator_is_blocked)) | semaphore_is_broken)
<>(office_4&&<>(p_box_2&&<>(house_1&&pd))),G((pd & office_4 & p_box_2) -> F(house_1))
( ( prop_3 U prop_2 ) & ! prop_1 ),(prop_3 & (!prop_1 U prop_2))
G(!( train_has_arrived | escalator_moves )) | F(( train_has_arrived | escalator_moves ) & F( table_is_old | bar_has_to_be_repaired )),(F(train_has_arrived | escalator_moves) & X F(table_is_old | bar_has_to_be_repaired))
( G ( prop_1 <-> prop_3 ) <-> prop_2 ),G((prop_1 <-> prop_3) <-> prop_2)
F ( red_room & F green_room ),F(red_room & X(!red_room U green_room))
G ( prop_2 -> ( prop_1 | prop_3 ) ),prop_2 -> (prop_1 | prop_3)
( prop_1 & G ( F prop_2 ) ),G(prop_1) & G F prop_2
G ( hold_on_pear ) & F ( snag_orange ),G hold_on_pear & G(snag_orange -> hold_on_pear)
( G ( F prop_1 ) -> F prop_2 ),G(prop_2 -> F(prop_1))
G ( prop_3 -> ( prop_1 | prop_2 ) ),G(prop_3 -> (!prop_1 | prop_2))
( ! ( prop_2 & prop_3 ) -> prop_1 ),G((!(prop_2 & prop_3)) -> prop_1)
<>[]street_2,F street_2 & G street_2
[]<>(intersection_4&&photo),G F photo
G(!( manager_handles_requests | train_has_arrived )),!(manager_handles_requests | train_has_arrived)
G(!( house_is_open & elevator_rises )) | F(( house_is_open & elevator_rises ) & F( train_stops & brake_is_pressed )),F((house_is_open & elevator_rises) & F(train_stops & brake_is_pressed))
( prop_1 | G ( ! prop_2 ) ),G(prop_1) | G(!prop_2)
G F charger_1 & F ( house_4 & F ( box_4 & F ( house_9 & pd ) ) ),G((box_4 & house_4) -> (charger_1 U house_9))
F ( blue_room & F red_room ),G(red_room -> blue_room)
G ( pickup_wine_glass & X deliver_wine_glass_loading_dock -> X X deliver_mouse_shelf ),(pickup_wine_glass & X deliver_wine_glass_loading_dock) -> XX deliver_mouse_shelf
<>[]table_4,G(table_4)
G ( touch_flag ) & F ( haul_pear ),G(touch_flag & F haul_pear)
F ( go_near_pear ) | ! ( F ( pick_up_anything ) ),G(go_near_pear | !pick_up_anything)
G(!( constructor_creates_instances | table_is_old )) | F(( constructor_creates_instances | table_is_old ) & F( constructor_creates_instances | motorbike_is_driven )),F((constructor_creates_instances | table_is_old) & (constructor_creates_instances | motorbike_is_driven))
pick_up_flag | visit_tree,F(pick_up_flag | visit_tree)
G ( ( prop_3 | prop_1 ) -> ( prop_2 U prop_4 ) ),G(((prop_3 | prop_1) -> (prop_4 U prop_2)))
G( motorbike_is_driven & brake_is_released & engine_stops ),motorbike_is_driven & brake_is_released & engine_stops
G ( prop_1 -> G prop_2 ),G(prop_1 -> prop_2)
( F ( prop_2 & prop_3 ) -> prop_1 ),F((prop_2 & prop_3) & F(prop_1))
( G prop_2 -> ( prop_1 & prop_3 ) ),G(prop_2) -> G(prop_1 & prop_3)
G ( ! ( drop_apple ) ) | F ( reach_flag ),G(!drop_apple) & G(!reach_flag)
G ( have_in_orange ) U F ( clutch_orange ),G (have_in_orange U clutch_orange)
<>(warehouse_3&&<>(p_package_2&&<>(house_1&&pd&&photo))),F warehouse_3 & F p_package_2 & F pd & F house_1 & F photo
G ( ( prop_3 & prop_2 ) -> ! ( G prop_1 ) ),G((prop_3 & prop_2) -> X(!prop_1))
F ( prop_1 & G ( ! prop_2 ) ),G(prop_1) & G(!prop_2)
( ( F ( ! prop_3 ) -> prop_2 ) -> prop_1 ),G(F(!prop_3) -> (prop_2 -> prop_1))
F ( pass_by_trash_bin ) U F ( journey_by_house ),pass_by_trash_bin U journey_by_house
G(( semaphore_is_broken | train_has_arrived ) -> G( motorbike_has_started | escalator_speeds_up )),G((semaphore_is_broken | train_has_arrived) -> (motorbike_has_started | escalator_speeds_up))
venture_towards_house U G ( ! ( drop_apple ) ),venture_towards_house U !drop_apple
( F prop_1 <-> ( prop_3 & prop_2 ) ),F prop_1 <-> F (prop_3 & prop_2)
( prop_5 -> ( ( prop_1 & prop_2 ) & ( prop_3 U ( prop_6 & prop_4 ) ) ) ),prop_5 -> ((prop_1 & prop_2 & prop_3) U (prop_6 & prop_4))
<>[]parking_lot_3,G(parking_lot_3)
G ( ! ( drop_apple ) ) U G ( touch_flag ),(!drop_apple) U touch_flag
G F ( street_3 & photo ),G photo
G ( F ( go_to_waste_basket ) ) | F ( move_to_flag ),G(F(go_to_waste_basket | move_to_flag))
F ( go_to_home ) | F ( going_to_house ),G(go_to_home | going_to_house)
( ( prop_4 | prop_2 ) U ( prop_1 <-> prop_3 ) ),G(((prop_4 | prop_2) -> ((prop_4 | prop_2) U (prop_1 <-> prop_3))))
F ( make_to_flag ) -> G ( F ( grab_tree ) ),G(make_to_flag -> G grab_tree)
G ( ( prop_2 & prop_1 ) -> G prop_3 ),G(((prop_2 & prop_1) -> prop_3))
( F prop_1 <-> ( prop_3 | prop_2 ) ),F prop_1 <-> (F prop_3 | F prop_2)
G ( go_home -> F deliver_aid_injured_victim ) -> G F record_flood,G((go_home -> F deliver_aid_injured_victim) -> G F record_flood)
F ( office_4 & F ( p_box_2 & F ( house_1 & pd ) ) ),F(office_4 & X(p_box_2 U house_1))
( ( prop_2 -> prop_1 ) & prop_3 ),prop_2 -> (prop_1 & prop_3)
( ( prop_1 & prop_3 ) -> prop_2 ),G((prop_1 & prop_3) -> prop_2)
G(!( bridge_closes | escalator_is_blocked )) | F(( bridge_closes | escalator_is_blocked ) & F( sensor_gathers_information )),F((bridge_closes | escalator_is_blocked) & F(sensor_gathers_information))
F ( start_going_to_house ) | ! ( let_go_orange ),F(start_going_to_house | !let_go_orange)
G(( train_stops & sensor_gathers_information ) -> G( brake_is_released & bar_has_to_be_repaired )),G(((train_stops & sensor_gathers_information) -> (brake_is_released & bar_has_to_be_repaired)))
F ( go_to_trash_receptacle ) U F ( journey_to_flag ),go_to_trash_receptacle U journey_to_flag
F ( landmark_9 & photo & G landmark_9 ),F(landmark_9 & photo)
G ( ! ( drop_orange ) ) -> approach_trash_can,G(!drop_orange -> F approach_trash_can)
G(!( constructor_creates_instances | table_is_old )) | F(( constructor_creates_instances | table_is_old ) & F( manager_collect_claims & semaphore_is_broken )),F((constructor_creates_instances | (table_is_old & F(manager_collect_claims & X(semaphore_is_broken)))))
( F ( prop_2 & prop_1 ) & prop_3 ),F(prop_2 & prop_1 & prop_3)
[]<>parking_lot_4&&<>(car_5&&<>(p_document_4&&<>(car_6&&pd))),G((pd & car_5 & p_document_4) -> (X(!pd U parking_lot_4)))
F ( p_crate_4  & F ( park_1  & pd & G park_1 ) ),F(pd & F(park_1 & G(park_1)))
parking_lot_9 U ( car_2 & photo ),parking_lot_9 U photo
G ( ! prop_1 & F prop_2 ),G !prop_1 & G (prop_2 -> F prop_2)
( ( prop_2 & prop_1 ) -> G prop_3 ),G((prop_2 & prop_1) -> G prop_3)
G ( ! prop_1 | F prop_2 ),!prop_1 | F prop_2
approach_trash_can | F ( spend_time_at_tree ),F(approach_trash_can) | G(F(spend_time_at_tree))
( F idle ) -> ( ! idle U ( deliver_oven_shelf & ! idle ) ),F idle -> (!deliver_oven_shelf U idle)
[]<>charger_5&&[]<>(region_4&&photo),G F charger_5 & G F photo & G F region_4
( ( prop_4 -> prop_1 ) & ( prop_2 | prop_3 ) ),prop_4 -> (prop_1 & (prop_2 | prop_3))
F ( journey_by_flag ) & ! ( let_go_orange ),F(journey_by_flag & !let_go_orange)
G(!( engine_breaks | manager_handles_requests )) | F(( engine_breaks | manager_handles_requests ) & F( bridge_closes )),F((engine_breaks | manager_handles_requests) & F bridge_closes)
! landmark_5 U park_5 & F ( landmark_5 & photo ),(!landmark_5) U (park_5 & F photo)
F ( prop_1 & G prop_2 ),G(prop_2) & F(prop_1)
( G prop_2 <-> ( prop_3 <-> prop_1 ) ),G((prop_2 <-> prop_3) & (prop_3 <-> prop_1))
( ( prop_2 -> prop_3 ) & F prop_1 ),G(prop_2 -> prop_3) & F(prop_1)
( get_help U change_light_south_green ),get_help -> X change_light_south_green
F ( withdraw_pear ) | ! ( let_go_orange ),F(withdraw_pear | !let_go_orange)
! G ( ! ( record_flood & X record_flood ) ),G record_flood
( ( prop_2 | prop_3 ) <-> ( prop_4 -> prop_1 ) ),((prop_2 | prop_3) -> ((prop_4 -> prop_1) & (prop_1 -> prop_4)))
G ( ( prop_1 & prop_2 ) -> G prop_3 ),G((prop_1 & prop_2) -> prop_3)
( ! prop_3 <-> ( prop_1 -> prop_2 ) ),G(!prop_3 <-> (prop_1 -> prop_2))
G ( ! prop_1 U F prop_2 ),!prop_1 U prop_2
G( house_is_built & sensor_gathers_information & constructor_creates_instances ),G((house_is_built & sensor_gathers_information) -> constructor_creates_instances)
( G prop_2 & ( prop_3 & prop_1 ) ),G(prop_2 & prop_3 & prop_1)
G ( ! avoid_probable_unstable_beam ),G avoid_probable_unstable_beam
F ( blue_room & F green_room ),blue_room -> X green_room
( ( prop_1 & prop_2 ) U ! prop_3 ),F((prop_1 & prop_2) & (!prop_3 U (prop_1 & prop_2)))
( prop_1 U G ( ! prop_2 ) ),prop_1 U !prop_2
( ( prop_2 | prop_3 ) -> G prop_1 ),G((prop_2 | prop_3) -> prop_1)
G ( ! ( drop_pear ) ) | F ( go_visit_house ),G(!drop_pear) & F(go_visit_house)
G locality_7 & F ( office_4 & F ( p_letter_1 & F ( house_1 & pd ) ) ),G((pd & office_4 & p_letter_1) -> (locality_7 U house_1))
G ( ! prop_1 | prop_2 ),G(!(prop_1 | prop_2))
! ( F prop_1 & F prop_2 ),F prop_2 & !prop_1
G(!( elevator_is_blocked | house_is_open )) | F(( elevator_is_blocked | house_is_open ) & F( train_has_arrived )),G(F((elevator_is_blocked | house_is_open) & F(train_has_arrived)))
( F photo_vehicle_southeast_1st_street ) -> ( ! photo_vehicle_southeast_1st_street U ( photo_car_south_3rd_street & ! photo_vehicle_southeast_1st_street ) ),F photo_vehicle_southeast_1st_street -> ( !photo_vehicle_southeast_1st_street U photo_car_south_3rd_street )
take_to_trashcan | G ( hold_on_pear ),F take_to_trashcan | G hold_on_pear
G ( get_help -> X G ! pickup_parking_meter ),G(get_help -> G(!pickup_parking_meter))
G ( ( prop_1 | prop_2 ) -> G ( F prop_3 ) ),G((prop_1 | prop_2) -> F(prop_3))
! ( F prop_1 | prop_2 ),!prop_1 | prop_2
[]!street_7&&<>(store_9&&<>(p_package_3&&<>(house_1&&pd))),G(!(street_7)) & (p_package_3 -> (store_9 U house_1))
( prop_1 -> F prop_2 ),F prop_2
F ( stop_by_house ) -> come_to_tree,G(stop_by_house -> come_to_tree)
( ( G prop_1 -> prop_3 ) -> ! prop_2 ),G prop_1 -> (prop_3 -> !prop_2)
( ( prop_3 -> prop_2 ) & ( prop_1 -> prop_4 ) ),G(prop_3 -> prop_2) & G(prop_1 -> prop_4)
G ( ( prop_1 & prop_3 ) -> G ( F prop_2 ) ),G((prop_1 & prop_3) -> G prop_2)
( ( prop_2 | prop_4 ) U ( prop_3 -> prop_1 ) ),G(((prop_2 | prop_4) -> ((prop_2 | prop_4) U (prop_3 & X prop_1))))
( prop_1 -> prop_2 ),prop_1 & prop_2
F G ! idle,G(!idle)
( ( prop_2 & prop_3 ) <-> F prop_1 ),(G((prop_2 & prop_3) -> X prop_1) & G(prop_1 -> X (prop_2 & prop_3)))
G(!( bridge_closes )) | F(( bridge_closes ) & F( table_is_brown & bar_is_up )),bridge_closes & X F (table_is_brown & bar_is_up)
<>(intersection_7&&photo&&[]intersection_7),F(intersection_7 & photo) & G(intersection_7)
G ( ! ( get_help & record_vehicle_southwest_2nd_avenue ) -> F change_light_west_yellow ),G((!get_help & !record_vehicle_southwest_2nd_avenue) -> F change_light_west_yellow)
G ( ! ( photo_vehicle_southeast_7th_street & photo_cyclist_northwest_5th_avenue ) -> F change_light_north_green ),G((!photo_vehicle_southeast_7th_street & !photo_cyclist_northwest_5th_avenue) -> F change_light_north_green)
F ( prop_1 | F prop_2 ),G(prop_1 | F(prop_2))
F ( prop_1 & F prop_2 ),F prop_1 & F prop_2
prop_2 U prop_1,X prop_1 & prop_2
F G house_5,F house_5 & G house_5
G ( ( prop_1 | prop_3 ) -> G ( F prop_2 ) ),G((prop_1 | prop_3) -> G prop_2)
( F prop_1 -> ( prop_2 | prop_3 ) ),F prop_1 -> F (prop_2 | prop_3)
( ! prop_1 -> F prop_2 ),G(!prop_1 -> F prop_2)
go_by_waste_bin & go_by_waste_bin,G(go_by_waste_bin & X(go_by_waste_bin))
F ( go_by_house ) U F ( stop_by_trash_can ),go_by_house U stop_by_trash_can
F ( get_hold_orange ) -> go_to_bucket,G(get_hold_orange -> go_to_bucket)
avoid_probable_unstable_beam U ( G ( F communicate_injured_hostile ) ),G(avoid_probable_unstable_beam) & (avoid_probable_unstable_beam U G F(communicate_injured_hostile))
F ( ( prop_2 | prop_3 ) -> prop_1 ),F((prop_2 | prop_3) & prop_1)
G ( ! prop_1 & F prop_2 ),G(!prop_1) & G(prop_2 -> X(G(!prop_1)))
G(!( house_collapses & house_is_open )) | F(( house_collapses & house_is_open ) & F( motorbike_catches_fire & semaphore_is_red )),F(house_collapses & house_is_open & F(motorbike_catches_fire & semaphore_is_red))
( F prop_2 | ( prop_1 & prop_3 ) ),F prop_2 | F (prop_1 & prop_3)
G ( ( prop_1 | prop_3 ) -> ! ( G prop_2 ) ),G((prop_1 | prop_3) -> !prop_2)
G(!( table_is_brown & bar_is_down )) | F(( table_is_brown & bar_is_down ) & F( train_has_arrived )),F((table_is_brown & bar_is_down) & F(train_has_arrived))
G ( ( prop_1 & prop_2 ) -> prop_3 ),G(((prop_1 & prop_2) -> X(prop_3)))
F ( reach_flag ) U venture_towards_house,(reach_flag U venture_towards_house)
G(!( table_is_old | motorbike_has_started )),G(!(table_is_old & motorbike_has_started))
G(( escalator_is_blocked | car_starts ) -> G(!( brake_is_released | engine_starts ))),G(((escalator_is_blocked | car_starts) -> !(brake_is_released | engine_starts)))
G ( prop_1 | F prop_2 ),G prop_1 | G prop_2
( ( prop_2 U prop_1 ) -> ! prop_3 ),G((prop_2 U prop_1) -> G(!prop_3))
( ( prop_2 U prop_1 ) | ! prop_3 ),(prop_2 U prop_1) | G(!prop_3)
( ( prop_2 & prop_1 ) -> F prop_3 ),G((prop_2 & prop_1) -> F prop_3)
F ( start_going_to_tree ) & G ( go_by_trash_can ),G((start_going_to_tree) -> G(go_by_trash_can))
( G ( prop_1 <-> prop_3 ) | prop_2 ),G((prop_1 <-> prop_3) | prop_2)
G ( ( prop_2 | prop_1 ) -> G prop_3 ),((prop_2 | prop_1) -> prop_3)
G ( ! prop_1 | F prop_2 ),G !prop_1 & G prop_2
F ( prop_2 & prop_1 ),prop_2 & prop_1
G ( ( prop_4 & prop_1 ) -> ( prop_2 | prop_3 ) ),G(((prop_4 & prop_1)) -> (prop_2 | X prop_3))
( ( prop_3 | prop_1 ) U ! prop_2 ),F((prop_3 | prop_1) & (!prop_2 U (prop_3 | prop_1)))
[]!(p_cone_1||p_cone_2),!p_cone_1 & !p_cone_2
G ( ( prop_1 | prop_3 ) -> F ( G prop_2 ) ),G(((prop_1 | prop_3) -> F(prop_2)))
locality_6 U (store_8&&<>(p_package_3&&<>(house_5&&pd))),locality_6 U (pd & store_8 & X(!store_8 U (p_package_3 & X(!p_package_3 U (house_5 & pd)))))
G ( ( prop_2 & prop_3 ) -> G ( F prop_1 ) ),G((prop_2 & prop_3) -> G prop_1)
( G prop_1 -> F prop_2 ),G(prop_1 -> prop_2)
G ( ( prop_3 | prop_2 ) -> G prop_1 ),G((prop_3 | prop_2) -> prop_1)
G ( ( prop_3 & prop_2 ) -> prop_1 ),G(((prop_3 & prop_2) -> X(prop_1)))
G F go_home | X get_help,F G go_home | X get_help
<>[]building_3&&!building_3 U garage_3,G(building_3 -> (garage_3 V building_3))
F ( touch_tree ) U F ( proceed_to_house ),touch_tree U proceed_to_house
put_in_bucket | G ( F ( make_way_to_house ) ),F put_in_bucket | G F make_way_to_house
( F ( blue_room ) & G ( ! yellow_room ) ),F blue_room
G F street_4,G street_4
G ( ( prop_4 | prop_1 ) -> ( prop_2 U prop_3 ) ),(prop_4 | prop_1) -> (prop_2 U prop_3)
G ( ( prop_2 & prop_1 ) -> ! prop_3 ),G((!prop_2 & prop_1) -> !prop_3)
( ( prop_3 U prop_4 ) -> ( prop_2 | prop_1 ) ),G(((prop_3 & (!prop_4 U prop_3)) -> (prop_2 | prop_1)))
G ( prop_1 -> ( prop_2 U prop_3 ) ),G (prop_1 -> (prop_2 & (prop_3 U prop_2)))
<>(pd&&<>parking_lot_2),G(parking_lot_2 -> pd)
G ( F ( make_way_to_house ) ) | F ( secure_pear ),G(F(make_way_to_house) | F(secure_pear))
( prop_1 U F prop_2 ),prop_1 U G prop_2
G(!( constructor_creates_instances | motorbike_is_driven )) | F(( constructor_creates_instances | motorbike_is_driven ) & F( bridge_closes )),F((constructor_creates_instances | motorbike_is_driven) & F(bridge_closes))
go_by_waste_bin & F ( bring_pear ),F(go_by_waste_bin) & F(bring_pear)
[]<>(warehouse_4&&<>(p_crate_8&&<>(store_8&&pd)))&&[]<>charger_2,G(F(store_8 & F(p_crate_8 & F(warehouse_4 & F(charger_2)))))
G ( go_home -> X avoid_inactive_debris ),G(go_home -> X(!avoid_inactive_debris))
G(!( semaphore_is_green & sensor_gathers_information )),!(semaphore_is_green & sensor_gathers_information)
G(( engine_starts | motorbike_catches_fire ) -> G(!( escalator_is_blocked | car_starts ))),G((engine_starts | motorbike_catches_fire) -> !(escalator_is_blocked | car_starts))
G ( F prop_1 U F prop_2 ),G(prop_1 U G(prop_2))
G ( ! ( drop_orange ) ) U F ( reach_tree ),(!drop_orange) U reach_tree
go_to_bucket | G ( ! ( drop_apple ) ),G(go_to_bucket | G(!drop_apple))
get_help -> X ( ( deliver_aeroplane_shelf U idle ) | G deliver_aeroplane_shelf ),G(get_help -> (X(deliver_aeroplane_shelf U idle) | G(deliver_aeroplane_shelf)))
G ( prop_1 -> prop_2 ),G(prop_1 -> X prop_2)
G(( semaphore_is_yellow ) -> G( car_stops | brake_is_released )),G(semaphore_is_yellow -> (semaphore_is_yellow U (car_stops | brake_is_released)))
( F prop_1 -> prop_2 ),F(prop_1 & prop_2)
( ! prop_2 -> ( prop_3 & prop_1 ) ),G(!prop_2 -> (prop_3 & prop_1))
G ( F prop_1 & F prop_2 ),G(prop_1) & G(prop_2)
( ( prop_1 -> prop_3 ) & F prop_2 ),G(prop_1 -> (prop_3 & F prop_2))
F ( collect_orange ) | travel_to_waste_bin,F(collect_orange | travel_to_waste_bin)
<>(house_1&&<>(p_trash_can_4&&<>(garbage_dump_3&&pd))),F(pd & house_1 & p_trash_can_4) & F(pd & garbage_dump_3)
G ( ! ( go_home & communicate_safe_hostile ) -> F communicate_safe_victim ),G((!go_home & !communicate_safe_hostile) -> F communicate_safe_victim)
( G ( ! prop_1 ) -> prop_2 ),G(!prop_1 -> prop_2)
G(!( bridge_closes )) | F(( bridge_closes ) & F( engine_breaks | semaphore_is_yellow )),F(bridge_closes & X(F(engine_breaks | semaphore_is_yellow)))
G ( prop_1 | F prop_2 ),prop_1 | prop_2
G ( F ( go_to_apple_trashcan ) ) | F ( go_to_trashcan ),G(F(go_to_apple_trashcan | go_to_trashcan))
G(!( train_has_arrived )) | F(( train_has_arrived ) & F( house_is_open | motorbike_is_driven )),F(train_has_arrived & F(house_is_open | motorbike_is_driven))
( ! prop_2 -> ( prop_3 U prop_1 ) ),G(!prop_2 -> (prop_3 U prop_1))
( ( ( prop_1 -> prop_4 ) & prop_3 ) & prop_2 ),G(prop_1 -> (prop_4 & prop_3 & prop_2))
F ( lay_hold_of_apple ) & come_to_tree,G((lay_hold_of_apple & come_to_tree))
G ( F ( go_to_apple_trashcan ) ) | grab_hold_pear,G(F(go_to_apple_trashcan) | F(grab_hold_pear))
F ( prop_1 & F prop_2 ),G prop_1 & F prop_2
( G prop_3 & ( prop_1 & prop_2 ) ),G(prop_3 & prop_1 & prop_2)
( G prop_1 & ( prop_3 & prop_2 ) ),G prop_1 & G (prop_2 <-> prop_3)
( G ( ! prop_3 -> prop_2 ) | prop_1 ),G((!prop_3) -> prop_2) | G(prop_3 -> prop_1)
G ( ! ( drop_orange ) ) & F ( go_to_apple ),G(!drop_orange) & G(go_to_apple)
G ( hold_onto_orange ) | F ( touch_tree ),G(hold_onto_orange | touch_tree)
F ( prop_1 & F prop_2 ),G(prop_1 -> F(prop_2))
( ( prop_3 U prop_2 ) | ! prop_1 ),(prop_3 U prop_2) | G(!prop_1)
( ( prop_2 -> prop_3 ) <-> prop_1 ),(prop_2 & X prop_3) <-> prop_1
! ( ( prop_2 & prop_1 ) U prop_3 ),!(prop_2 & prop_1 U prop_3)
[]<>charging_station_5&&[]<>(warehouse_1&&<>(p_package_5&&<>(store_5&&pd))),G F charging_station_5 & G F pd & G (p_package_5 -> (warehouse_1 U store_5))
( ( prop_3 <-> prop_2 ) -> F prop_1 ),(G(prop_3 <-> prop_2) -> F(prop_1))
G(!( escalator_speeds_up | bar_is_closing )) | F(( escalator_speeds_up | bar_is_closing ) & F( escalator_speeds_up & bridge_opens )),F((escalator_speeds_up | bar_is_closing) & F(escalator_speeds_up & F(bridge_opens)))
G(!( table_has_been_moved & train_derails )) | F(( table_has_been_moved & train_derails ) & F( train_has_arrived )),(table_has_been_moved & train_derails) & F train_has_arrived
( ( ! prop_3 U prop_2 ) -> prop_1 ),(prop_2 U prop_3) -> prop_1
<>(park_7&&<>(monument_4&&photo)),F(park_7 & F(photo & F(monument_4)))
( G ( prop_2 -> prop_1 ) <-> prop_3 ),G((prop_2 -> prop_1) <-> prop_3)
( prop_2 & ( prop_1 U prop_3 ) ),prop_2 U prop_1
( F prop_2 & ( prop_3 <-> prop_1 ) ),prop_2 & (prop_3 <-> prop_1)
G(( engine_starts | train_is_crossing ) -> G( table_is_brown | escalator_speeds_up )),G((engine_starts | train_is_crossing) -> (table_is_brown | escalator_speeds_up))
( G ( prop_2 <-> prop_1 ) | prop_3 ),G((prop_2 <-> prop_1) | prop_3)
G(( elevator_is_open | bar_is_closing ) -> G(!( bar_is_up & engine_stops ))),G(((elevator_is_open | bar_is_closing) -> !(bar_is_up & engine_stops)))
( change_light_north_yellow U get_help ) | G change_light_north_yellow,G(change_light_north_yellow -> (light_north_yellow V get_help))
( prop_1 -> prop_2 ),G(prop_1 -> prop_2)
[]!street_7&&<>(store_9&&<>(p_package_3&&<>(house_1&&pd))),G(!(street_7) | (!pd U (p_package_3 & F house_1)))
G ( prop_1 U F prop_2 ),prop_1 U prop_2
drop_orange U F ( get_orange ),(!drop_orange) U get_orange
( F prop_1 & ( prop_3 -> prop_2 ) ),G F prop_1 & G(prop_3 -> prop_2)
F ( prop_1 & F prop_2 ),F(prop_1) & G(prop_2)
G(( semaphore_is_yellow ) -> G( bridge_opens & constructor_creates_instances )),G(semaphore_is_yellow -> (bridge_opens & constructor_creates_instances))
<>(monument_1&&photo)&&!monument_1 U park_4,G(photo -> (!monument_1 U park_4))
F ( journey_to_flag ) U F ( acquire_pear ),(!journey_to_flag) U acquire_pear
F ( got_to_house ) | G ( ! ( drop_orange ) ),G(got_to_house | !drop_orange)
G(( escalator_moves & bar_is_closing ) -> G( constructor_creates_instances | escalator_is_blocked )),G((escalator_moves & bar_is_closing) -> (constructor_creates_instances | escalator_is_blocked))
G ( prop_1 -> ( prop_2 | prop_3 ) ),G(prop_1 -> (X prop_2 | prop_3))
G ( ! ( drop_orange ) ) & F ( withdraw_pear ),G !drop_orange & G(withdraw_pear -> X withdraw_pear)
G ( prop_2 -> ( prop_3 U prop_1 ) ),G(prop_2 -> (prop_1 U prop_3))
[]!parking_lot_8&&<>street_5,G(street_5 -> !parking_lot_8)
put_in_bin | F ( grasp_pear ),G(grasp_pear -> put_in_bin)
[]<>car_3&&<>building_2,G( building_2 -> ( !building_2 U car_3 ) )
approach_trash_can | F ( visit_trash_bin ),F(approach_trash_can | visit_trash_bin)
F ( stand_by_tree ) U take_apple,stand_by_tree U take_apple
F ( go_past_house ) U reach_trash_can,G(go_past_house U reach_trash_can)
G ( ( prop_4 | prop_3 ) -> ( prop_1 | prop_2 ) ),(prop_4 | prop_3) -> (prop_1 | prop_2)
F ( prop_1 | ! prop_2 ),F(prop_1) | G(!prop_2)
( ( prop_1 & prop_2 ) -> F prop_3 ),G((prop_1 & prop_2) -> F prop_3)
( ( ! prop_1 <-> prop_2 ) U prop_3 ),((!prop_1 & prop_2) U prop_3)
G(( semaphore_is_yellow ) -> G( bar_is_down & semaphore_is_red )),G(semaphore_is_yellow -> G(bar_is_down -> semaphore_is_red))
go_by_waste_bin | secure_apple,F(go_by_waste_bin | secure_apple)
( ( ( prop_3 -> prop_4 ) & prop_2 ) | prop_1 ),(prop_3 -> prop_4) & (prop_2 | prop_1)
! G ( ! ( deliver_motorbike_shelf & X deliver_motorbike_shelf ) ),G(deliver_motorbike_shelf | X(deliver_motorbike_shelf) | X X(deliver_motorbike_shelf))
G(!( manager_handles_requests | manager_collect_claims )) | F(( manager_handles_requests | manager_collect_claims ) & F( sensor_gathers_information )),F((manager_handles_requests | manager_collect_claims) & F(sensor_gathers_information))
( ( prop_4 -> prop_3 ) -> ( prop_1 <-> prop_2 ) ),(prop_4 -> (prop_3 <-> (prop_1 <-> prop_2)))
F ( go_to_apple ) & F ( go_near_flag ),G((go_to_apple -> F go_to_apple) & (go_near_flag -> F go_near_flag))
go_to_orange -> F ( pass_by_waste_receptacle ),G(go_to_orange -> F pass_by_waste_receptacle)
G ( ( prop_2 & prop_1 ) -> F ( G prop_3 ) ),G((prop_2 & prop_1) -> F prop_3)
F ( proceed_to_tree ) U F ( get_apple ),proceed_to_tree U get_apple
! avoid_nearest_unstable_beam U go_home,G(avoid_nearest_unstable_beam -> go_home)
G ( F ( go_to_waste_basket ) ) U G ( touch_flag ),(G !touch_flag) U go_to_waste_basket
( ! ( prop_1 | prop_2 ) | prop_3 ),!((prop_1 | prop_2) | prop_3)
F ( move_forward_trash_can ) | F ( go_to_home ),G(move_forward_trash_can | go_to_home)
G( train_has_arrived & table_is_old ),table_is_old & train_has_arrived
G(!( train_has_arrived & bridge_closes )) | F(( train_has_arrived & bridge_closes ) & F( sensor_gathers_information )),F((train_has_arrived & bridge_closes) & F(sensor_gathers_information))
G ( ! ( deliver_skateboard_shelf & get_help ) -> F pickup_dining_table ),G((!deliver_skateboard_shelf & !get_help) -> F pickup_dining_table)
F ( grasp_apple ) U acquire_orange,grasp_apple U acquire_orange
F ( going_to_flag ) & hold_apple,F(going_to_flag & hold_apple)
G ( ! ( let_go ) ) & F ( go_to_trash_bin ),G(!let_go) & G(go_to_trash_bin)
F ( withhold_apple ) -> F ( go_by_waste_basket ),F(withhold_apple -> go_by_waste_basket)
( F go_home ) -> ( ! go_home U ( photo_unsafe_victim & ! go_home ) ),G(go_home -> (!photo_unsafe_victim U go_home))
G ( prop_1 -> ( prop_2 & prop_3 ) ),G((prop_1) -> (prop_2 & X prop_3))
F ( table_9 & F ( p_brochure_3 & F ( park_2 & pd ) ) ),F(pd & table_9 & p_brochure_3) & F(park_2 & pd)
go_home U ( G ( F get_help ) ),G(go_home -> (go_home U G F get_help))
( F prop_3 <-> ( prop_2 -> prop_1 ) ),F prop_3 <-> (prop_2 & X prop_1)
G ( ( record_jaywalker_north_8th_street <-> change_light_south_red ) -> ( change_light_south_red <-> photo_cyclist_northwest_1st_avenue ) ),G((record_jaywalker_north_8th_street & change_light_south_red) -> (change_light_south_red & photo_cyclist_northwest_1st_avenue))
G ( ( prop_2 & prop_1 ) -> ( prop_4 U prop_3 ) ),F((prop_2 & prop_1) & (prop_3 U prop_4))
[]<>(store_4&&<>(p_box_2&&<>(hall_8&&pd))),G(F(store_4 & p_box_2 & X F(hall_8 & pd)))
<>parking_lot_2&&[]!pd,G(parking_lot_2 & !pd)
<>(arch_1&&photo),F(arch_1 & F(photo))
( ( prop_3 | prop_1 ) -> G prop_2 ),G(((prop_3 | prop_1) -> G(prop_2)))
( ( prop_2 & prop_3 ) | ! prop_1 ),(F prop_2 & F prop_3) | G !prop_1
G(( brake_is_released & bar_has_to_be_repaired ) -> G( sensor_captures_data | brake_is_released )),G((brake_is_released & bar_has_to_be_repaired) -> (sensor_captures_data | brake_is_released))
go_by_waste_bin U F ( bring_pear ),go_by_waste_bin U bring_pear
( ! prop_1 U ( prop_2 <-> prop_3 ) ),(!prop_1) U prop_2 <-> prop_3
G(!( engine_breaks | manager_handles_requests )) | F(( engine_breaks | manager_handles_requests ) & F( bridge_closes | semaphore_is_broken )),F((engine_breaks | manager_handles_requests) & F(bridge_closes | semaphore_is_broken))
come_to_tree -> F ( withdraw_pear ),G(come_to_tree -> F withdraw_pear)
( F prop_2 <-> ( prop_1 <-> prop_3 ) ),F((prop_2 <-> (prop_1 <-> prop_3)))
( F record_collision_southwest_7th_avenue ) -> ( ! record_collision_southwest_7th_avenue U ( record_person_northeast_9th_avenue & ! record_collision_southwest_7th_avenue ) ),G(record_collision_southwest_7th_avenue -> (record_person_northeast_9th_avenue V record_collision_southwest_7th_avenue))
F ( red_room & F green_room ),G( green_room -> red_room )
( prop_1 & F prop_2 ),G(prop_2 -> prop_1)
( ( prop_2 -> prop_3 ) -> ( prop_1 -> prop_4 ) ),G((prop_2 -> prop_3) -> (prop_1 -> prop_4))
( ( prop_3 U prop_2 ) & ! prop_1 ),(prop_3 U prop_2) & G(!prop_1)
G ( ! ( drop_apple ) ) | F ( advance_to_house ),G(!drop_apple) & G(advance_to_house -> X(advance_to_house))
F ( ( red_room | yellow_room ) & F green_room ),F((yellow_room | red_room) & X F green_room)
( ( prop_1 & prop_3 ) U ( prop_2 | prop_4 ) ),G(((prop_1 & prop_3) -> (!((prop_2 | prop_4)) U (prop_2 | prop_4))))
G ( prop_1 -> G ( F prop_2 ) ),G(prop_1 -> F prop_2)
<>(house_4&&<>(p_stack_4&&<>(street_2&&[]street_2))),G(F house_4 & X(F p_stack_4 & X G street_2))
( ( prop_2 & prop_1 ) <-> ! prop_3 ),(prop_2 <-> !prop_3) & (prop_1 <-> !prop_3)
( F prop_2 | ( prop_3 | prop_1 ) ),F prop_2 | F prop_3 | F prop_1
F ( go_to_trash_receptacle ) | G ( ! ( drop_pear ) ),G(go_to_trash_receptacle | G(!drop_pear))
G(( motorbike_catches_fire ) -> G(( constructor_instantiate_objects ) -> F( car_enters ))),G(motorbike_catches_fire -> F(car_enters & F(constructor_instantiate_objects)))
going_to_tree U F ( travel_to_flag ),going_to_tree U travel_to_flag
G(!( train_has_arrived & bridge_closes )) | F(( train_has_arrived & bridge_closes ) & F( bar_is_closing | table_is_brown )),F((train_has_arrived & bridge_closes) & X(bar_is_closing | table_is_brown))
G ! parking_lot_5 & G F ( car_9 & photo ),G(!parking_lot_5 & F photo)
( F idle ) -> ( ! idle U ( search_backpack & ! idle ) ),G(idle -> (!search_backpack U idle))
G(( escalator_speeds_up | semaphore_is_broken ) -> F( brake_is_pressed | engine_stops )),F((brake_is_pressed | engine_stops) & (escalator_speeds_up | semaphore_is_broken))
G ( moving ) & grab_hold_pear,G(moving & grab_hold_pear)
locality_6 U (store_8&&<>(p_package_3&&<>(house_5&&pd))),(locality_6 U (pd & store_8 & X F house_5))
G ( go_by_trash_can ) | F ( go_to_peach ),G(go_by_trash_can | F(go_to_peach))
F ( withhold_apple ) | G ( ! ( drop_apple ) ),G(withhold_apple | G(!drop_apple))
( prop_1 -> F prop_2 ),G(prop_1 -> prop_2)
G ( have_in_orange ) & F ( go_near_house ),G have_in_orange & G(go_near_house -> have_in_orange)
( F prop_2 & ( prop_1 & prop_3 ) ),F(prop_2 & prop_1 & prop_3)
G(( sensor_captures_data & escalator_is_blocked ) -> G(!( bar_is_up & engine_stops ))),G((sensor_captures_data & escalator_is_blocked) -> !(bar_is_up & engine_stops))
F G ! get_help,G !get_help
G ( ( prop_2 | prop_3 ) -> F ( G prop_1 ) ),G((prop_2 | prop_3) -> F(prop_1))
( ( prop_2 -> prop_1 ) U ( prop_3 -> prop_4 ) ),G(prop_2 -> prop_1) U G(prop_3 -> prop_4)
G(!( train_has_arrived & elevator_falls )) | F(( train_has_arrived & elevator_falls ) & F( bridge_closes )),F((train_has_arrived & elevator_falls) & F(bridge_closes))
F G mall_5,G mall_5
G ( ( prop_2 | prop_1 ) -> G prop_3 ),G(((prop_2 | prop_1) -> prop_3) -> G prop_3)
G(( bar_has_to_be_repaired | escalator_moves ) -> G( train_has_been_launched & bar_is_closing )),G(train_has_been_launched & (bar_is_closing -> (bar_has_to_be_repaired | escalator_moves)))
( ( prop_3 -> prop_4 ) <-> ( prop_2 <-> prop_1 ) ),(prop_3 & X prop_4) <-> (prop_2 <-> prop_1)
G ( ( prop_2 | prop_3 ) -> ( prop_4 & prop_1 ) ),G((prop_2 | prop_3) -> (!prop_4 & prop_1))
move_to_house | G ( ! ( drop_apple ) ),F move_to_house | G !drop_apple
( G ( prop_1 | prop_2 ) | prop_3 ),G((prop_1 | prop_2) | prop_3)
hold_on_to_pear U F ( approach_house ),hold_on_to_pear U approach_house
! G ( ! ( search_aeroplane & X search_aeroplane ) ),G(search_aeroplane | X search_aeroplane | X X search_aeroplane)
( ( ( prop_1 <-> prop_2 ) | prop_3 ) | prop_4 ),(prop_1 <-> (prop_2 | prop_3 | prop_4))
! ( prop_1 U prop_2 ),!prop_1 U prop_2
F ( arrive_at_tree ) | G ( ! ( drop_apple ) ),G(arrive_at_tree -> !drop_apple)
G( motorbike_has_started & bridge_closes & bridge_opens ),bridge_opens & bridge_closes & motorbike_has_started
F ( prop_1 & G ( F prop_2 ) ),G(prop_1) & G(F(prop_2))
( ( prop_2 & prop_3 ) U ( prop_4 <-> prop_1 ) ),G(((prop_2 & prop_3) -> (prop_4 <-> prop_1)))
( ( ( prop_1 & prop_4 ) -> ( prop_5 U ! prop_2 ) ) & ( prop_3 U ! prop_6 ) ),((prop_1 & prop_4) -> ((prop_5 U !prop_2) & (prop_3 U !prop_6)))
G ( ( prop_2 | prop_3 ) -> ! ( G prop_1 ) ),G(((prop_2 | prop_3) -> F(prop_1)))
( ( ( prop_4 & prop_1 ) <-> prop_3 ) | prop_2 ),((prop_4 & prop_1) -> prop_3) & (!(prop_4 & prop_1) -> prop_2)
G ( hold_onto_orange ) | F ( make_your_way_flag ),G(hold_onto_orange | make_your_way_flag)
G ( prop_1 | G ( ! prop_2 ) ),G(prop_1) | G(!prop_2)
G ( ! prop_1 & prop_2 ),G(!(prop_1 & prop_2))
F ( venture_to_waste_basket ) -> G ( ! ( let_go_orange ) ),G(venture_to_waste_basket -> G(!let_go_orange))
( F pickup_laptop ) -> ( ! pickup_laptop U ( deliver_boat_loading_dock & ! pickup_laptop ) ),G(pickup_laptop -> (!pickup_laptop U deliver_boat_loading_dock))
venture_towards_house & secure_apple,F(venture_towards_house & secure_apple)
G(!( train_is_crossing | elevator_rises )) | F(( train_is_crossing | elevator_rises ) & F( bar_is_closing | table_is_brown )),F((train_is_crossing | elevator_rises) & F(bar_is_closing | table_is_brown))
( F prop_3 -> ( prop_1 & prop_2 ) ),G(prop_3 -> F(prop_1 & prop_2))
( ! prop_2 U prop_1 ),prop_2 U prop_1
G(!( car_enters & engine_stops )) | F(( car_enters & engine_stops ) & F( sensor_gathers_information )),F((car_enters & engine_stops) & F(sensor_gathers_information))
get_help U ( G ( F change_light_north_green ) ),G(get_help -> (get_help U G F change_light_north_green))
G(( car_enters & table_is_old ) -> F( escalator_speeds_up | bar_has_to_be_repaired )),(G (car_enters & table_is_old) -> F (escalator_speeds_up | bar_has_to_be_repaired))
G(( elevator_falls & escalator_speeds_up ) -> G( brake_is_released | motorbike_has_started )),G((elevator_falls & escalator_speeds_up) -> (brake_is_released | motorbike_has_started))
G locality_2 & F ( office_4 & F ( p_document_5 & F ( office_9 & pd ) ) ),G((pd & office_4) -> (locality_2 U office_9))
G ( ( prop_2 & prop_1 ) -> F ( G prop_3 ) ),G((prop_2 & prop_1) -> F(prop_3 & X(prop_3)))
( ! ( prop_2 -> prop_3 ) <-> prop_1 ),!((prop_2 -> prop_3)) -> prop_1
F ( venture_to_waste_basket ) & take_to_tree,F (venture_to_waste_basket & take_to_tree)
( ( ( prop_1 <-> prop_3 ) -> prop_4 ) U prop_2 ),((prop_1 <-> prop_3) -> (prop_4 U prop_2))
F ( prop_1 | ! prop_2 ),F prop_1 | ! prop_2
F ( parking_lot_2 & p_dish_2 ),F(parking_lot_2 & F(p_dish_2))
( G prop_2 & ( prop_1 -> prop_3 ) ),G(prop_2 -> (prop_1 -> prop_3))
record_collision_west_10th_avenue -> X ( ( record_vehicle_northeast_3rd_street U record_jaywalker_east_4th_street ) | G record_vehicle_northeast_3rd_street ),G(record_collision_west_10th_avenue -> (X(record_vehicle_northeast_3rd_street U record_jaywalker_east_4th_street) | G record_vehicle_northeast_3rd_street))
[]street_5&&[]<>(parking_lot_4&&photo),G(street_5 -> photo)
G(!( escalator_moves & table_is_brown )),!(escalator_moves & table_is_brown)
F ( prop_1 & prop_2 ),G (prop_1 & prop_2)
take_apple & F ( go_to_home ),G(go_to_home -> F(take_apple))
( ( prop_2 -> prop_1 ) | ( prop_4 U prop_3 ) ),(G prop_2 -> (prop_1 | (prop_4 U prop_3)))
[]<>(car_1&&photo)&&[]!parking_lot_9,G(photo & !parking_lot_9)
( ! prop_2 | ( prop_1 -> prop_3 ) ),!prop_2 & (prop_1 -> prop_3)
G ( ( prop_2 & prop_3 ) -> prop_1 ),(prop_2 & prop_3) -> prop_1
<>(parking_lot_2&&p_dish_2),F(parking_lot_2 & F(p_dish_2))
( ( ( prop_3 -> prop_4 ) & prop_2 ) -> prop_1 ),G((prop_3 & prop_2) -> prop_1)
G ( ( prop_4 & prop_3 ) -> ( prop_1 U prop_2 ) ),(prop_4 & prop_3) -> (prop_2 U prop_1)
F ( present_at_flag ) | G ( ! ( drop_apple ) ),G(present_at_flag | !drop_apple)
G ( ! prop_1 & F prop_2 ),G(!prop_1) & G(prop_2)
F ( building_4 & photo & F ( parking_lot_2 & G parking_lot_2 ) ),F photo & (photo -> X (building_4 U (parking_lot_2 & G parking_lot_2)))
( ( prop_1 & prop_2 ) | ( prop_4 -> prop_3 ) ),((prop_1 & prop_2) | (prop_4 & !prop_1 & !prop_2)) -> prop_3
! ( ( prop_2 U prop_1 ) & prop_3 ),!(prop_2 U (prop_1 & prop_3))
( prop_2 -> prop_1 ),F prop_2 & X prop_1
( F prop_1 -> F prop_2 ),G(prop_1 -> F prop_2)
G ( F ( make_way_to_house ) ) & F ( journey_to_flag ),G(make_way_to_house) & G(journey_to_flag -> make_way_to_house)
( G ( prop_1 | prop_3 ) & prop_2 ),G((prop_1 | prop_3) & prop_2)
G(( engine_breaks | semaphore_is_yellow ) -> G( semaphore_is_broken & house_is_built )),G((engine_breaks | semaphore_is_yellow) -> F(semaphore_is_broken & house_is_built))
G(( table_is_brown | escalator_speeds_up ) -> G( table_has_been_moved & motorbike_has_stopped )),G((table_is_brown | escalator_speeds_up) -> (table_has_been_moved & motorbike_has_stopped))
gather_apple & G ( ! ( drop_orange ) ),G gather_apple & G !drop_orange
G ( ( prop_1 | prop_3 ) -> prop_2 ),(prop_1 | prop_3) -> prop_2
( ( F ( ! prop_2 ) | prop_1 ) <-> prop_3 ),G((!prop_1 & prop_3) -> prop_2)
F ( proceed_to_flag ) | G ( go_by_trash_can ),G(proceed_to_flag | go_by_trash_can)
G ( ! ( drop_apple ) ) U F ( go_to_flag ),(!drop_apple) U go_to_flag
! G ( ! ( pickup_fork & X pickup_fork ) ),G(pickup_fork | X pickup_fork | X X pickup_fork)
G ( F prop_1 -> prop_2 ),G(prop_1 -> prop_2)
change_light_east_yellow U ( G ( F change_light_west_green ) ),G(change_light_east_yellow -> (change_light_east_yellow U G F change_light_west_green))
F ( reach_flag ) -> F ( bring_pear ),G(reach_flag -> F bring_pear)
( G prop_1 | ( prop_3 & prop_2 ) ),prop_1 | (prop_3 & prop_2)
G ( F ( go_to_waste_basket ) ) | G ( ! ( let_go_apple ) ),G(F(go_to_waste_basket) | G(!let_go_apple))
G(!( elevator_falls | brake_is_pressed )) | F(( elevator_falls | brake_is_pressed ) & F( escalator_speeds_up | house_collapses )),F((elevator_falls | brake_is_pressed) & F(escalator_speeds_up | house_collapses))
( photo_jaywalker_west_6th_avenue U photo_person_east_7th_street ) | G photo_jaywalker_west_6th_avenue,G(photo_jaywalker_west_6th_avenue U photo_person_east_7th_street) | G(photo_jaywalker_west_6th_avenue)
G(( motorbike_has_started | escalator_speeds_up ) -> G( motorbike_falls_down & escalator_is_blocked )),G((motorbike_has_started | escalator_speeds_up) -> (motorbike_falls_down & escalator_is_blocked))
( ( ( prop_4 | prop_2 ) -> prop_3 ) -> prop_1 ),((prop_4 | prop_2) -> (prop_3 -> prop_1))
( ( prop_2 | prop_1 ) U ! prop_3 ),prop_2 V (prop_1 | prop_3)
! ( let_go_orange ) & F ( move_near_tree ),G(!let_go_orange) & G(move_near_tree)
G ( ! ( let_go_apple ) ) -> F ( journey_to_house ),F journey_to_house
G ( ( prop_2 & prop_4 ) -> ( prop_3 U prop_1 ) ),G((prop_2 & prop_4) -> (prop_1 U prop_3))
( prop_1 & ( prop_2 -> prop_3 ) ),G(prop_2 -> X prop_3)
G ( move ) | F ( go_to_house ),G(move | F go_to_house)
G ( prop_3 -> ( prop_2 & prop_1 ) ),G(prop_3 -> (!prop_2 & prop_1))
( photo_cyclist_southwest_10th_avenue U record_jaywalker_southwest_6th_street ),F(photo_cyclist_southwest_10th_avenue & X record_jaywalker_southwest_6th_street)
!park_6 U p_pass_4,p_pass_4 U !park_6
( ( prop_2 <-> prop_3 ) -> F prop_1 ),(G(prop_2 <-> prop_3) -> F prop_1)
G ( ( prop_2 | prop_1 ) -> F ( G prop_3 ) ),G(((prop_2 | prop_1) -> F prop_3))
( ( ( prop_3 -> prop_2 ) U prop_1 ) <-> prop_4 ),((prop_3 -> (prop_2 U prop_1)) <-> prop_4)
G ! street_4 & F ( store_7 & F ( p_package_8 & F ( house_2 & pd ) ) ),G(!(street_4 & pd))
G ( idle -> X G ! get_help ),G(idle -> G(!get_help))
( ( prop_3 -> prop_1 ) -> ( prop_2 | prop_4 ) ),(prop_3 -> (prop_1 -> (prop_2 | prop_4)))
G(!( bar_is_closing & elevator_is_blocked )) | F(( bar_is_closing & elevator_is_blocked ) & F( table_is_brown & bar_is_up )),F((bar_is_closing & elevator_is_blocked) & X F(table_is_brown & bar_is_up))
G ( ( prop_2 U prop_4 ) -> ( prop_1 U prop_3 ) ),F(prop_2 & (!prop_4 U (prop_1 & (prop_1 U prop_3))))
G ! ( go_home & communicate_safe_hostile ),G (go_home -> communicate_safe_hostile) & G !(go_home & communicate_safe_hostile)
F ( prop_1 | F prop_2 ),G(prop_1 -> prop_2)
F ( warehouse_3 & F ( p_package_2 & F ( house_1 & pd & photo ) ) ),F(warehouse_3 & F(pd & F(house_1 & F(photo))))
( F prop_2 & ( prop_3 | prop_1 ) ),prop_2 & (prop_3 | prop_1)
advance_to_tree & F ( move_near_tree ),G(advance_to_tree -> move_near_tree)
G(!( engine_starts & constructor_creates_instances )) | F(( engine_starts & constructor_creates_instances ) & F( bridge_closes | escalator_is_blocked )),F((engine_starts & constructor_creates_instances) & F(bridge_closes | escalator_is_blocked))
F ( prop_1 & G ( ! prop_2 ) ),G(prop_1 -> G(!prop_2))
( G ( ! prop_1 -> prop_2 ) & prop_3 ),G(!prop_1 -> (prop_2 & prop_3))
G ( prop_3 -> ( prop_2 & prop_1 ) ),prop_3 -> (prop_2 & prop_1)
( ( ! prop_2 <-> prop_1 ) & prop_3 ),(!prop_2 -> prop_1) & prop_3
F ( acquire_pear ) -> take_pear,G(acquire_pear -> X(take_pear))
G(( escalator_is_blocked | escalator_moves ) -> G( car_stops | bar_has_to_be_repaired )),G((escalator_is_blocked | escalator_moves) -> (car_stops | bar_has_to_be_repaired))
( ( ( prop_4 U prop_3 ) & prop_1 ) -> prop_2 ),G(((prop_4 U prop_3) & prop_1) -> prop_2)
( F prop_1 -> ( ! prop_3 & prop_2 ) ),G(prop_1 -> (!prop_3 & prop_2))
( ! prop_1 | ( prop_2 -> prop_3 ) ),!prop_1 & (prop_2 -> prop_3)
G ( hold_onto_orange ) | F ( reach_tree ),G(hold_onto_orange | reach_tree)
G ( ! prop_1 U prop_2 ),!prop_1 U prop_2
stop_by_flag | G ( ! ( drop_orange ) ),G(stop_by_flag | G(!drop_orange))
<>(post_office_1&&<>(p_letter_3&&<>(house_2&&pd))),F(pd & post_office_1 & p_letter_3) & F(deliver & house_2)
! ( let_go_pear ) | F ( get_close_tree ),G(!(let_go_pear) | get_close_tree)
F ( prop_1 | ! ( F prop_2 ) ),G(prop_1 | !prop_2)
( prop_1 | prop_4 ) & ( prop_2 U prop_3 ),(prop_2) U (prop_3)
( ( prop_2 | prop_4 ) -> ( prop_1 & prop_3 ) ),G((prop_2 | prop_4) -> (prop_1 & prop_3))
( ( prop_2 -> prop_3 ) -> ! prop_1 ),prop_2 -> (prop_3 -> !prop_1)
( F change_light_east_red ) -> ( ! change_light_east_red U ( get_help & ! change_light_east_red ) ),G(change_light_east_red -> (get_help U change_light_east_red))
move_to_tree | G ( F ( make_way_to_house ) ),F(move_to_tree | G make_way_to_house)
G(( brake_is_pressed & bar_is_down ) -> G( bar_has_to_be_repaired | bar_is_up )),G(((brake_is_pressed & bar_is_down) -> F(bar_is_up)) & (bar_has_to_be_repaired -> F(bar_is_up)))
( prop_1 -> ( prop_2 -> prop_3 ) ),X(prop_1 & X(prop_2 & X(prop_3)))
( ( prop_2 U prop_3 ) & ( prop_4 & prop_1 ) ),(prop_2 U prop_3) & F prop_4 & F prop_1
( ( prop_2 -> prop_1 ) & prop_3 ),(prop_2 -> (prop_1 & prop_3))
( ( ( prop_1 -> prop_4 ) <-> prop_2 ) -> prop_3 ),prop_1 -> ((prop_4 <-> prop_2) -> prop_3)
deliver_baseball_glove_loading_dock U ( G ( F idle ) ),G(deliver_baseball_glove_loading_dock -> (deliver_baseball_glove_loading_dock U (idle & G F idle)))
( ! ( prop_1 U prop_3 ) & prop_2 ),!(prop_1 U prop_3) & !prop_2
<>(hospital_3&&p_bottle_4)&&[]!pharmacy_2,G( hospital_3 -> (F p_bottle_4 & !pharmacy_2) )
G ( go_by_trash_can ) | F ( grasp_apple ),G(go_by_trash_can | grasp_apple)
prop_2 -> ( prop_3 & prop_1 ),G(prop_2 -> X(prop_3 & prop_1))
approach_tree & put_in_bucket,F(approach_tree & F put_in_bucket)
F ( snag_orange ) & G ( F ( go_to_apple_trashcan ) ),G((snag_orange) -> F(go_to_apple_trashcan))
G ( prop_1 U F prop_2 ),(prop_1 U prop_2)
( ! prop_1 | ( prop_3 -> prop_2 ) ),G(!prop_1) & G(prop_3 -> prop_2)
F ( prop_1 | G ( ! prop_2 ) ),G(prop_1 | !prop_2)
G(( engine_stops | train_is_crossing ) -> G(!( engine_breaks & bar_is_closing ))),G(!(engine_breaks & (engine_stops -> (bar_is_closing | train_is_crossing))))
( ( ! prop_1 | prop_3 ) <-> prop_2 ),!prop_1 | (prop_3 <-> prop_2)
travel_to_apple & F ( start_going_to_house ),F travel_to_apple & G(start_going_to_house -> travel_to_apple)
G ( ! prop_1 | ! prop_2 ),G(!(prop_1 | prop_2))
( ! prop_1 -> ( prop_3 -> prop_2 ) ),G(!prop_1 -> (prop_3 -> prop_2))
G(!( train_has_arrived & manager_handles_requests )) | F(( train_has_arrived & manager_handles_requests ) & F( escalator_speeds_up & bridge_opens )),F((train_has_arrived & manager_handles_requests) & F(escalator_speeds_up & F(bridge_opens)))
G(!( train_has_been_launched & semaphore_is_yellow )) | F(( train_has_been_launched & semaphore_is_yellow ) & F( semaphore_is_red & elevator_falls )),(semaphore_is_yellow & train_has_been_launched) & F(semaphore_is_red & elevator_falls)
G(( engine_stops | table_is_brown ) -> G( engine_stops & bar_is_up )),G((engine_stops | table_is_brown) -> (engine_stops & bar_is_up))
( ( prop_2 | prop_3 ) -> F prop_1 ),G((prop_2 | prop_3) -> F prop_1)
G(( motorbike_catches_fire | bar_has_to_be_repaired ) -> G(!( car_stops & constructor_instantiate_objects ))),G(!((motorbike_catches_fire | bar_has_to_be_repaired) & car_stops & constructor_instantiate_objects))
( get_help U avoid_inactive_gas_leak ),get_help -> X avoid_inactive_gas_leak
G(( train_has_been_launched | train_has_arrived ) -> G(!( elevator_is_open | manager_handles_requests ))),G(((train_has_been_launched | train_has_arrived) -> !(elevator_is_open | manager_handles_requests)))
( ( prop_4 | prop_1 ) | ( prop_2 <-> prop_3 ) ),F(prop_4 | prop_1 | (prop_2 <-> prop_3))
G ( stay ) U drop_pear,stay U drop_pear
( F prop_3 | ( prop_2 & prop_1 ) ),F prop_3 | F (prop_2 & prop_1)
! ( prop_1 & prop_2 ),!prop_1 & prop_2
( ( prop_4 & prop_2 ) & ( prop_1 | prop_3 ) ),(prop_4 & prop_2) & X(prop_1 | prop_3)
( ( prop_3 -> prop_2 ) & ! prop_1 ),G(prop_3 -> (prop_2 & !prop_1))
( F change_light_west_red ) -> ( ! change_light_west_red U ( photo_cyclist_northwest_10th_street & ! change_light_west_red ) ),G(change_light_west_red -> photo_cyclist_northwest_10th_street)
( ( G ( ! prop_3 ) | prop_2 ) | prop_1 ),G(!prop_3 | prop_2 | prop_1)
G ( prop_1 & F prop_2 ),G prop_1 & F prop_2
F ( prop_1 | G ( ! prop_2 ) ),G(prop_1 | G(!prop_2))
( F deliver_sandwich_loading_dock ) -> ( ! deliver_sandwich_loading_dock U ( search_zebra & ! deliver_sandwich_loading_dock ) ),G(deliver_sandwich_loading_dock -> (!deliver_sandwich_loading_dock U search_zebra))
G ( ( prop_1 | prop_2 ) -> G prop_3 ),((prop_1 | prop_2) -> (prop_3 & G prop_3))
( ( prop_4 -> prop_2 ) <-> ( prop_3 & prop_1 ) ),G(prop_4 -> (prop_2 <-> (prop_3 & prop_1)))
F ( statue_6 & photo & F ( bench_4 & G bench_4 ) ),F(photo & F(statue_6 & F(bench_4 & G(bench_4))))
G ( ( prop_1 & prop_2 ) -> ( prop_4 U prop_3 ) ),G((prop_1 & prop_2) -> (prop_3 U prop_4))
( ( ( prop_2 & prop_3 ) -> prop_4 ) -> prop_1 ),G((prop_2 & prop_3) -> prop_4) -> prop_1
locality_1 U intersection_4 & F ( warehouse_9 & F ( p_package_5 & F ( store_2 & pd ) ) ),(!locality_1) U intersection_4 & G((warehouse_9 & !store_2) -> X(!warehouse_9 U store_2))
G ( F ( go_to_pear ) ) -> F ( collect_apple ),G(go_to_pear -> F collect_apple)
( ( ( prop_1 <-> prop_3 ) | prop_4 ) | prop_2 ),(prop_1 <-> (prop_3 | prop_4 | prop_2))
( ( ( prop_3 <-> prop_2 ) U prop_1 ) -> prop_4 ),G(((prop_3 <-> prop_2) -> ((prop_3 <-> prop_2) U prop_1)) -> prop_4)
G(!( sensor_retrieves_data & train_is_crossing )) | F(( sensor_retrieves_data & train_is_crossing ) & F( sensor_gathers_information )),(sensor_retrieves_data & train_is_crossing) & F(sensor_gathers_information)
G(( semaphore_is_green | motorbike_falls_down ) -> G(!( engine_starts & semaphore_is_broken ))),G(!((engine_starts & semaphore_is_broken)) -> (!semaphore_is_green | !motorbike_falls_down))
G(( train_has_been_launched & motorbike_is_driven ) -> G( escalator_speeds_up & motorbike_catches_fire )),G((train_has_been_launched & motorbike_is_driven) -> (escalator_speeds_up & motorbike_catches_fire))
( F record_vehicle_west_10th_street ) -> ( ! record_vehicle_west_10th_street U ( get_help & ! record_vehicle_west_10th_street ) ),F record_vehicle_west_10th_street -> ( !record_vehicle_west_10th_street V get_help )
G F charger_4 & G F ( area_5 & photo ),G(charger_4 -> (photo & X(charger_4 U !charger_4)))
G(( motorbike_catches_fire & motorbike_has_started ) -> F( house_is_built & train_stops )),F((motorbike_catches_fire & motorbike_has_started) & (house_is_built & train_stops))
! ( prop_1 | F prop_2 ),!prop_1 | F prop_2
F ( get_close_flag ) U F ( capture_pear ),(!capture_pear) U get_close_flag
G ( ( prop_4 | prop_1 ) -> ( prop_2 & prop_3 ) ),G(((prop_4 | prop_1) -> X(!(prop_2 & prop_3))))
building_9 U ( room_2 & F ( p_bottle_3 & F ( room_6 & pd ) ) ),(!p_bottle_3 U (building_9 & !room_2)) & G(p_bottle_3 -> (room_2 U room_6))
G ( F prop_1 U G ( ! prop_2 ) ),(prop_1) U (!prop_2)
( prop_1 | ! ( F prop_2 ) ),prop_1 | !prop_2
G ( F prop_1 | prop_2 ),G(F(prop_1 | prop_2))
F ( prop_1 | F prop_2 ),prop_1 | F prop_2
G(!( table_is_brown & escalator_moves )) | F(( table_is_brown & escalator_moves ) & F( house_is_open | motorbike_is_driven )),F((table_is_brown & escalator_moves) & F(house_is_open | motorbike_is_driven))
F ( travel_house ) | pick_up_pear,G((travel_house | pick_up_pear))
prop_1 U prop_2,X prop_2
( ( prop_2 -> prop_3 ) U ( prop_4 -> prop_1 ) ),(prop_4 -> prop_1) U (prop_2 & prop_3)
F ( prop_1 & ! prop_2 ),G(prop_1 -> !prop_2)
!park_5 U intersection_5&&<>(monument_3&&photo),(!park_5) U (intersection_5 & F photo)
F ( arch_4 & photo ) & G ! park_2,G(photo -> !park_2)
