at some point in time the engine stops and together a constructor instantiate objects and the escalator is blocked;F(constructor_instantiate_objects & engine_stops & escalator_is_blocked);['constructor_instantiate_objects', 'escalator_is_blocked', 'engine_stops']
at a certain moment the bar is down and together an elevator is open and the manager handles requests;F(bar_is_down & elevator_is_open & manager_handles_requests);['bar_is_down', 'elevator_is_open', 'manager_handles_requests']
at a certain moment the sensor retrieves data and together the escalator moves and the engine starts;F(engine_starts & escalator_moves & sensor_retrieves_data);['escalator_moves', 'engine_starts', 'sensor_retrieves_data']
sooner or later a bridge opens and together the escalator is blocked and the brake is released;F(brake_is_released & bridge_opens & escalator_is_blocked);['bridge_opens', 'brake_is_released', 'escalator_is_blocked']
at a certain moment a motorbike is driven, the train derails and the semaphore is green;F(motorbike_is_driven & semaphore_is_green & train_derails);['train_derails', 'motorbike_is_driven', 'semaphore_is_green']
at some point in time the brake is pressed, the escalator moves and a train has been launched;F(brake_is_pressed & escalator_moves & train_has_been_launched);['brake_is_pressed', 'train_has_been_launched', 'escalator_moves']
eventually, the brake is pressed and, at the same time, the table has been moved and the bar is down;F(bar_is_down & brake_is_pressed & table_has_been_moved);['brake_is_pressed', 'table_has_been_moved', 'bar_is_down']
it will happen that the motorbike catches fire and, at the same time, a house collapses and a sensor gathers information;F(house_collapses & motorbike_catches_fire & sensor_gathers_information);['house_collapses', 'motorbike_catches_fire', 'sensor_gathers_information']
it will happen that the escalator speeds up and together a car enters and the bar is closing;F(bar_is_closing & car_enters & escalator_speeds_up);['escalator_speeds_up', 'bar_is_closing', 'car_enters']
at some point a motorbike catches fire and, at the same time, the table is brown and the constructor creates instances;F(constructor_creates_instances & motorbike_catches_fire & table_is_brown);['table_is_brown', 'constructor_creates_instances', 'motorbike_catches_fire']
at some point the motorbike is driven and together the table has been moved and a constructor creates instances;F(constructor_creates_instances & motorbike_is_driven & table_has_been_moved);['table_has_been_moved', 'motorbike_is_driven', 'constructor_creates_instances']
it will happen that the motorbike falls down and, at the same time, an elevator rises and a bridge closes;F(bridge_closes & elevator_rises & motorbike_falls_down);['motorbike_falls_down', 'elevator_rises', 'bridge_closes']
in the future both the train has arrived and the train stops;F(train_has_arrived & train_stops);['train_stops', 'train_has_arrived']
in the future a bridge closes and the constructor instantiate objects;F(bridge_closes & constructor_instantiate_objects);['constructor_instantiate_objects', 'bridge_closes']
sooner or later both the train derails and a sensor retrieves data;F(sensor_retrieves_data & train_derails);['train_derails', 'sensor_retrieves_data']
eventually, both the motorbike has stopped and the motorbike is driven;F(motorbike_has_stopped & motorbike_is_driven);['motorbike_is_driven', 'motorbike_has_stopped']
in the future both the elevator is blocked and the train has arrived;F(elevator_is_blocked & train_has_arrived);['elevator_is_blocked', 'train_has_arrived']
eventually, both a motorbike catches fire and the house is built;F(house_is_built & motorbike_catches_fire);['house_is_built', 'motorbike_catches_fire']
sooner or later the table is old and a semaphore is red;F(semaphore_is_red & table_is_old);['semaphore_is_red', 'table_is_old']
at some point in time both the engine starts and a car stops;F(car_stops & engine_starts);['car_stops', 'engine_starts']
it is going to happen that the table is brown and a car enters;F(car_enters & table_is_brown);['table_is_brown', 'car_enters']
in the future the bar is closing and a manager handles requests;F(bar_is_closing & manager_handles_requests);['bar_is_closing', 'manager_handles_requests']
in the future both a constructor instantiate objects and a house collapses;F(constructor_instantiate_objects & house_collapses);['constructor_instantiate_objects', 'house_collapses']
in the future both the motorbike falls down and the motorbike is driven;F(motorbike_falls_down & motorbike_is_driven);['motorbike_falls_down', 'motorbike_is_driven']
at a certain moment either a motorbike falls down, a train has been launched or the motorbike has started;F(motorbike_falls_down | motorbike_has_started | train_has_been_launched);['motorbike_falls_down', 'train_has_been_launched', 'motorbike_has_started']
it will happen that the brake is released or the house is open or a table is brown;F(brake_is_released | house_is_open | table_is_brown);['house_is_open', 'table_is_brown', 'brake_is_released']
it is going to happen that either a motorbike catches fire, the engine stops or the motorbike is driven;F(engine_stops | motorbike_catches_fire | motorbike_is_driven);['motorbike_is_driven', 'motorbike_catches_fire', 'engine_stops']
in the future a motorbike falls down or an elevator is blocked or the escalator is blocked;F(elevator_is_blocked | escalator_is_blocked | motorbike_falls_down);['motorbike_falls_down', 'elevator_is_blocked', 'escalator_is_blocked']
at some point either a house collapses, a motorbike catches fire or the bar is up;F(bar_is_up | house_collapses | motorbike_catches_fire);['bar_is_up', 'house_collapses', 'motorbike_catches_fire']
at some point in time the engine breaks or the escalator is blocked or the bridge closes;F(bridge_closes | engine_breaks | escalator_is_blocked);['bridge_closes', 'engine_breaks', 'escalator_is_blocked']
sooner or later a constructor instantiate objects or a train stops or a train has been launched;F(constructor_instantiate_objects | train_has_been_launched | train_stops);['constructor_instantiate_objects', 'train_has_been_launched', 'train_stops']
it will happen that the bar is closing or a bridge opens or the table is brown;F(bar_is_closing | bridge_opens | table_is_brown);['bar_is_closing', 'table_is_brown', 'bridge_opens']
sooner or later either a motorbike falls down, the escalator is blocked or the engine stops;F(engine_stops | escalator_is_blocked | motorbike_falls_down);['motorbike_falls_down', 'escalator_is_blocked', 'engine_stops']
it is going to happen that the bridge opens or the brake is released or a car starts;F(brake_is_released | bridge_opens | car_starts);['car_starts', 'bridge_opens', 'brake_is_released']
eventually, either the train is crossing, a motorbike has started or the motorbike is driven;F(motorbike_has_started | motorbike_is_driven | train_is_crossing);['train_is_crossing', 'motorbike_is_driven', 'motorbike_has_started']
at a certain moment the brake is released or the engine starts or the elevator rises;F(brake_is_released | elevator_rises | engine_starts);['elevator_rises', 'engine_starts', 'brake_is_released']
sooner or later a train is crossing or an elevator falls;F(elevator_falls | train_is_crossing);['train_is_crossing', 'elevator_falls']
at some point in time either a motorbike has stopped or a semaphore is green;F(motorbike_has_stopped | semaphore_is_green);['motorbike_has_stopped', 'semaphore_is_green']
in the future the elevator is open or a motorbike has stopped;F(elevator_is_open | motorbike_has_stopped);['motorbike_has_stopped', 'elevator_is_open']
finally, the house is open or the engine breaks;F(engine_breaks | house_is_open);['house_is_open', 'engine_breaks']
at some point in time either the house is built or the engine starts;F(engine_starts | house_is_built);['house_is_built', 'engine_starts']
at some point an elevator rises or the semaphore is green;F(elevator_rises | semaphore_is_green);['elevator_rises', 'semaphore_is_green']
finally, the escalator moves or the bar is closing;F(bar_is_closing | escalator_moves);['bar_is_closing', 'escalator_moves']
in the future either the train stops or the escalator moves;F(escalator_moves | train_stops);['escalator_moves', 'train_stops']
at some point in time a train has been launched or the semaphore is broken;F(semaphore_is_broken | train_has_been_launched);['train_has_been_launched', 'semaphore_is_broken']
it will happen that either the engine starts or the motorbike falls down;F(engine_starts | motorbike_falls_down);['motorbike_falls_down', 'engine_starts']
in the future the house is built or a car enters;F(car_enters | house_is_built);['house_is_built', 'car_enters']
sooner or later either the semaphore is yellow or the engine starts;F(engine_starts | semaphore_is_yellow);['semaphore_is_yellow', 'engine_starts']
at a certain moment the brake is pressed;F brake_is_pressed;['brake_is_pressed']
finally, a sensor retrieves data;F sensor_retrieves_data;['sensor_retrieves_data']
finally, the escalator moves;F escalator_moves;['escalator_moves']
in the future the escalator speeds up;F escalator_speeds_up;['escalator_speeds_up']
in the future the train stops;F train_stops;['train_stops']
it never happens that an elevator falls, a motorbike has started and the table has been moved;G!(elevator_falls & motorbike_has_started & table_has_been_moved);['table_has_been_moved', 'elevator_falls', 'motorbike_has_started']
it should not happen that the bridge closes and, at the same time, the engine starts and the semaphore is broken;G!(bridge_closes & engine_starts & semaphore_is_broken);['engine_starts', 'bridge_closes', 'semaphore_is_broken']
absolutely never, the train has arrived and, at the same time, a manager collect claims and the engine breaks;G!(engine_breaks & manager_collect_claims & train_has_arrived);['manager_collect_claims', 'engine_breaks', 'train_has_arrived']
never, the elevator is blocked and together the escalator is blocked and a motorbike catches fire;G!(elevator_is_blocked & escalator_is_blocked & motorbike_catches_fire);['motorbike_catches_fire', 'elevator_is_blocked', 'escalator_is_blocked']
under no circumstances the bar is up and, at the same time, a house is open and a motorbike has stopped;G!(bar_is_up & house_is_open & motorbike_has_stopped);['house_is_open', 'bar_is_up', 'motorbike_has_stopped']
it should not happen that a sensor retrieves data and, at the same time, a car starts and a house collapses;G!(car_starts & house_collapses & sensor_retrieves_data);['car_starts', 'house_collapses', 'sensor_retrieves_data']
it never happens that a house is open and, at the same time, the elevator falls and the car enters;G!(car_enters & elevator_falls & house_is_open);['house_is_open', 'car_enters', 'elevator_falls']
under no circumstances the brake is pressed, a sensor retrieves data and the semaphore is red;G!(brake_is_pressed & semaphore_is_red & sensor_retrieves_data);['brake_is_pressed', 'semaphore_is_red', 'sensor_retrieves_data']
never, the escalator is blocked, a car starts and a motorbike catches fire;G!(car_starts & escalator_is_blocked & motorbike_catches_fire);['car_starts', 'motorbike_catches_fire', 'escalator_is_blocked']
it never happens that the semaphore is red, the table has been moved and the brake is pressed;G!(brake_is_pressed & semaphore_is_red & table_has_been_moved);['brake_is_pressed', 'semaphore_is_red', 'table_has_been_moved']
never, the sensor captures data and, at the same time, the escalator is blocked and the constructor creates instances;G!(constructor_creates_instances & escalator_is_blocked & sensor_captures_data);['sensor_captures_data', 'constructor_creates_instances', 'escalator_is_blocked']
under no condition the train derails and together the motorbike falls down and the semaphore is red;G!(motorbike_falls_down & semaphore_is_red & train_derails);['semaphore_is_red', 'train_derails', 'motorbike_falls_down']
never, both a sensor captures data and the engine starts;G!(engine_starts & sensor_captures_data);['sensor_captures_data', 'engine_starts']
under no condition the train has arrived and the brake is released;G!(brake_is_released & train_has_arrived);['brake_is_released', 'train_has_arrived']
under no circumstances both an elevator rises and the brake is released;G!(brake_is_released & elevator_rises);['elevator_rises', 'brake_is_released']
under no condition both a manager collect claims and a semaphore is green;G!(manager_collect_claims & semaphore_is_green);['manager_collect_claims', 'semaphore_is_green']
never, both the semaphore is broken and a manager collect claims;G!(manager_collect_claims & semaphore_is_broken);['manager_collect_claims', 'semaphore_is_broken']
it is never the case that both the manager handles requests and the motorbike is driven;G!(manager_handles_requests & motorbike_is_driven);['motorbike_is_driven', 'manager_handles_requests']
under no circumstances the bar is up and a table has been moved;G!(bar_is_up & table_has_been_moved);['bar_is_up', 'table_has_been_moved']
at no time a sensor gathers information and a train stops;G!(sensor_gathers_information & train_stops);['sensor_gathers_information', 'train_stops']
it will not happen that both the constructor instantiate objects and a motorbike catches fire;G!(constructor_instantiate_objects & motorbike_catches_fire);['constructor_instantiate_objects', 'motorbike_catches_fire']
it is never the case that the motorbike falls down and the escalator is blocked;G!(escalator_is_blocked & motorbike_falls_down);['motorbike_falls_down', 'escalator_is_blocked']
never, the elevator is open and the semaphore is red;G!(elevator_is_open & semaphore_is_red);['semaphore_is_red', 'elevator_is_open']
it will not happen that the elevator is open and a bridge opens;G!(bridge_opens & elevator_is_open);['bridge_opens', 'elevator_is_open']
first, at some point in time both the engine starts and a constructor creates instances, and then, it is going to happen that the elevator falls and a manager collect claims;G!(constructor_creates_instances & engine_starts) | F(constructor_creates_instances & engine_starts & F(elevator_falls & manager_collect_claims));['manager_collect_claims', 'constructor_creates_instances', 'elevator_falls', 'engine_starts']
first, in the future a train has arrived and a manager handles requests, and then, in the future the train has arrived and the brake is pressed;G!(manager_handles_requests & train_has_arrived) | F(manager_handles_requests & train_has_arrived & F(brake_is_pressed & train_has_arrived));['brake_is_pressed', 'manager_handles_requests', 'train_has_arrived']
first, finally, the bridge closes and the elevator falls, and then, at some point in time both the train has arrived and the bar is down;G!(bridge_closes & elevator_falls) | F(bridge_closes & elevator_falls & F(bar_is_down & train_has_arrived));['elevator_falls', 'bridge_closes', 'bar_is_down', 'train_has_arrived']
it will happen that a car stops and the escalator is blocked and, it is going to happen that both the train has been launched and a semaphore is yellow afterwards;G!(car_stops & escalator_is_blocked) | F(car_stops & escalator_is_blocked & F(semaphore_is_yellow & train_has_been_launched));['car_stops', 'semaphore_is_yellow', 'train_has_been_launched', 'escalator_is_blocked']
first, it is going to happen that the constructor creates instances and a sensor captures data, and then, it is going to happen that both the bar has to be repaired and the car stops;G!(constructor_creates_instances & sensor_captures_data) | F(constructor_creates_instances & sensor_captures_data & F(bar_has_to_be_repaired & car_stops));['car_stops', 'sensor_captures_data', 'constructor_creates_instances', 'bar_has_to_be_repaired']
first, in the future both a car starts and a sensor captures data, and then, at some point in time both the sensor captures data and the escalator is blocked;G!(car_starts & sensor_captures_data) | F(car_starts & sensor_captures_data & F(escalator_is_blocked & sensor_captures_data));['car_starts', 'sensor_captures_data', 'escalator_is_blocked']
at some point in time both the car enters and the engine stops and, it will happen that both the sensor captures data and the sensor gathers information afterwards;G!(car_enters & engine_stops) | F(car_enters & engine_stops & F(sensor_captures_data & sensor_gathers_information));['sensor_captures_data', 'car_enters', 'sensor_gathers_information', 'engine_stops']
finally, both a table is brown and a house is built and, in the future an elevator is open and the manager collect claims afterwards;G!(house_is_built & table_is_brown) | F(house_is_built & table_is_brown & F(elevator_is_open & manager_collect_claims));['house_is_built', 'table_is_brown', 'manager_collect_claims', 'elevator_is_open']
first, sooner or later both the sensor retrieves data and a house collapses, and then, at a certain moment both a train has arrived and the bridge closes;G!(house_collapses & sensor_retrieves_data) | F(house_collapses & sensor_retrieves_data & F(bridge_closes & train_has_arrived));['house_collapses', 'bridge_closes', 'sensor_retrieves_data', 'train_has_arrived']
at a certain moment both the table is brown and the bar is down and, at some point a car starts and the semaphore is broken afterwards;G!(bar_is_down & table_is_brown) | F(bar_is_down & table_is_brown & F(car_starts & semaphore_is_broken));['car_starts', 'table_is_brown', 'semaphore_is_broken', 'bar_is_down']
at some point the elevator is open and a manager collect claims and, at some point both the house is built and the sensor captures data afterwards;G!(elevator_is_open & manager_collect_claims) | F(elevator_is_open & manager_collect_claims & F(house_is_built & sensor_captures_data));['house_is_built', 'manager_collect_claims', 'sensor_captures_data', 'elevator_is_open']
first, finally, both the car stops and the escalator is blocked, and then, at some point in time both the semaphore is red and the elevator falls;G!(car_stops & escalator_is_blocked) | F(car_stops & escalator_is_blocked & F(elevator_falls & semaphore_is_red));['semaphore_is_red', 'car_stops', 'elevator_falls', 'escalator_is_blocked']
it will happen that both a sensor captures data and the sensor gathers information and, it is going to happen that the sensor retrieves data or the train has been launched afterwards;G!(sensor_captures_data & sensor_gathers_information) | F(sensor_captures_data & sensor_gathers_information & F(sensor_retrieves_data | train_has_been_launched));['sensor_captures_data', 'train_has_been_launched', 'sensor_retrieves_data', 'sensor_gathers_information']
first, eventually, the table is brown and the bar is down, and then, eventually, either a constructor creates instances or a table is old;G!(bar_is_down & table_is_brown) | F(bar_is_down & table_is_brown & F(constructor_creates_instances | table_is_old));['table_is_brown', 'constructor_creates_instances', 'table_is_old', 'bar_is_down']
first, at some point the engine stops and a motorbike falls down, and then, eventually, the train is crossing or the motorbike has stopped;G!(engine_stops & motorbike_falls_down) | F(engine_stops & motorbike_falls_down & F(motorbike_has_stopped | train_is_crossing));['train_is_crossing', 'motorbike_falls_down', 'motorbike_has_stopped', 'engine_stops']
at some point in time the bar has to be repaired and a sensor retrieves data and, at some point in time a sensor retrieves data or a bridge closes afterwards;G!(bar_has_to_be_repaired & sensor_retrieves_data) | F(bar_has_to_be_repaired & sensor_retrieves_data & F(bridge_closes | sensor_retrieves_data));['bar_has_to_be_repaired', 'bridge_closes', 'sensor_retrieves_data']
first, finally, both the train has been launched and the escalator is blocked, and then, in the future the semaphore is red or the engine stops;G!(escalator_is_blocked & train_has_been_launched) | F(escalator_is_blocked & train_has_been_launched & F(engine_stops | semaphore_is_red));['semaphore_is_red', 'train_has_been_launched', 'escalator_is_blocked', 'engine_stops']
first, at some point in time both a semaphore is yellow and a bridge closes, and then, it will happen that either the table is brown or a motorbike has started;G!(bridge_closes & semaphore_is_yellow) | F(bridge_closes & semaphore_is_yellow & F(motorbike_has_started | table_is_brown));['table_is_brown', 'semaphore_is_yellow', 'bridge_closes', 'motorbike_has_started']
eventually, both the manager collect claims and a sensor captures data and, it will happen that either a train derails or a house collapses afterwards;G!(manager_collect_claims & sensor_captures_data) | F(manager_collect_claims & sensor_captures_data & F(house_collapses | train_derails));['train_derails', 'manager_collect_claims', 'sensor_captures_data', 'house_collapses']
finally, both the house is open and the bar is up and, at some point the constructor creates instances or the table is old afterwards;G!(bar_is_up & house_is_open) | F(bar_is_up & house_is_open & F(constructor_creates_instances | table_is_old));['house_is_open', 'bar_is_up', 'constructor_creates_instances', 'table_is_old']
first, finally, both a table is old and the bar has to be repaired, and then, it is going to happen that either the train has arrived or the escalator moves;G!(bar_has_to_be_repaired & table_is_old) | F(bar_has_to_be_repaired & table_is_old & F(escalator_moves | train_has_arrived));['table_is_old', 'bar_has_to_be_repaired', 'escalator_moves', 'train_has_arrived']
sooner or later both the motorbike catches fire and a car enters and, at a certain moment a bridge closes or the escalator is blocked afterwards;G!(car_enters & motorbike_catches_fire) | F(car_enters & motorbike_catches_fire & F(bridge_closes | escalator_is_blocked));['car_enters', 'motorbike_catches_fire', 'bridge_closes', 'escalator_is_blocked']
at some point in time the constructor instantiate objects and the elevator rises and, at some point the bar is closing or the brake is pressed afterwards;G!(constructor_instantiate_objects & elevator_rises) | F(constructor_instantiate_objects & elevator_rises & F(bar_is_closing | brake_is_pressed));['brake_is_pressed', 'constructor_instantiate_objects', 'bar_is_closing', 'elevator_rises']
it will happen that the train stops and the brake is pressed and, it is going to happen that the sensor retrieves data or the manager collect claims afterwards;G!(brake_is_pressed & train_stops) | F(brake_is_pressed & train_stops & F(manager_collect_claims | sensor_retrieves_data));['brake_is_pressed', 'manager_collect_claims', 'sensor_retrieves_data', 'train_stops']
first, at some point in time both the train has arrived and the brake is pressed, and then, at a certain moment the sensor gathers information;G!(brake_is_pressed & train_has_arrived) | F(brake_is_pressed & train_has_arrived & F sensor_gathers_information);['brake_is_pressed', 'sensor_gathers_information', 'train_has_arrived']
first, sooner or later both the escalator is blocked and a sensor captures data, and then, in the future the sensor gathers information;G!(escalator_is_blocked & sensor_captures_data) | F(escalator_is_blocked & sensor_captures_data & F sensor_gathers_information);['sensor_captures_data', 'sensor_gathers_information', 'escalator_is_blocked']
first, eventually, both a car enters and the engine stops, and then, sooner or later the sensor gathers information;G!(car_enters & engine_stops) | F(car_enters & engine_stops & F sensor_gathers_information);['car_enters', 'sensor_gathers_information', 'engine_stops']
it will happen that the sensor gathers information and a motorbike catches fire and, at some point in time the sensor gathers information afterwards;G!(motorbike_catches_fire & sensor_gathers_information) | F(motorbike_catches_fire & sensor_gathers_information & F sensor_gathers_information);['motorbike_catches_fire', 'sensor_gathers_information']
at a certain moment both the car enters and the engine stops and, at some point in time the train has arrived afterwards;G!(car_enters & engine_stops) | F(car_enters & engine_stops & F train_has_arrived);['car_enters', 'engine_stops', 'train_has_arrived']
sooner or later a constructor creates instances and a sensor captures data and, in the future a sensor gathers information afterwards;G!(constructor_creates_instances & sensor_captures_data) | F(constructor_creates_instances & sensor_captures_data & F sensor_gathers_information);['sensor_captures_data', 'constructor_creates_instances', 'sensor_gathers_information']
first, at a certain moment the engine stops and the sensor gathers information, and then, at some point a bridge closes;G!(engine_stops & sensor_gathers_information) | F(engine_stops & sensor_gathers_information & F bridge_closes);['bridge_closes', 'sensor_gathers_information', 'engine_stops']
at some point both a house collapses and the house is open and, it will happen that the bridge closes afterwards;G!(house_collapses & house_is_open) | F(house_collapses & house_is_open & F bridge_closes);['house_is_open', 'house_collapses', 'bridge_closes']
finally, both the semaphore is yellow and a bridge closes and, it will happen that a sensor gathers information afterwards;G!(bridge_closes & semaphore_is_yellow) | F(bridge_closes & semaphore_is_yellow & F sensor_gathers_information);['semaphore_is_yellow', 'bridge_closes', 'sensor_gathers_information']
first, at a certain moment the sensor retrieves data and a house collapses, and then, it is going to happen that a sensor gathers information;G!(house_collapses & sensor_retrieves_data) | F(house_collapses & sensor_retrieves_data & F sensor_gathers_information);['house_collapses', 'sensor_retrieves_data', 'sensor_gathers_information']
first, at a certain moment both a constructor instantiate objects and the elevator rises, and then, it is going to happen that the sensor gathers information;G!(constructor_instantiate_objects & elevator_rises) | F(constructor_instantiate_objects & elevator_rises & F sensor_gathers_information);['constructor_instantiate_objects', 'elevator_rises', 'sensor_gathers_information']
first, it is going to happen that both the train stops and an elevator is blocked, and then, at some point the sensor gathers information;G!(elevator_is_blocked & train_stops) | F(elevator_is_blocked & train_stops & F sensor_gathers_information);['sensor_gathers_information', 'elevator_is_blocked', 'train_stops']
it should not happen that the elevator is blocked or a semaphore is red or the house is open;G!(elevator_is_blocked | house_is_open | semaphore_is_red);['house_is_open', 'semaphore_is_red', 'elevator_is_blocked']
at no time the motorbike falls down or a house is open or the bar is closing;G!(bar_is_closing | house_is_open | motorbike_falls_down);['house_is_open', 'bar_is_closing', 'motorbike_falls_down']
it never happens that the table has been moved or a semaphore is broken or a table is old;G!(semaphore_is_broken | table_has_been_moved | table_is_old);['table_has_been_moved', 'table_is_old', 'semaphore_is_broken']
absolutely never, either the escalator moves, an elevator is open or a train stops;G!(elevator_is_open | escalator_moves | train_stops);['escalator_moves', 'elevator_is_open', 'train_stops']
absolutely never, either the train stops, the semaphore is yellow or a sensor retrieves data;G!(semaphore_is_yellow | sensor_retrieves_data | train_stops);['semaphore_is_yellow', 'sensor_retrieves_data', 'train_stops']
under no condition the semaphore is broken or an elevator is blocked or a house collapses;G!(elevator_is_blocked | house_collapses | semaphore_is_broken);['house_collapses', 'semaphore_is_broken', 'elevator_is_blocked']
never, a sensor retrieves data or a train is crossing or the table is old;G!(sensor_retrieves_data | table_is_old | train_is_crossing);['train_is_crossing', 'table_is_old', 'sensor_retrieves_data']
absolutely never, a train has been launched or a house is built or the car starts;G!(car_starts | house_is_built | train_has_been_launched);['car_starts', 'house_is_built', 'train_has_been_launched']
it will not happen that the escalator moves or the motorbike is driven or the train derails;G!(escalator_moves | motorbike_is_driven | train_derails);['train_derails', 'motorbike_is_driven', 'escalator_moves']
it is never the case that the bar is closing or the bridge closes or the bar has to be repaired;G!(bar_has_to_be_repaired | bar_is_closing | bridge_closes);['bar_is_closing', 'bar_has_to_be_repaired', 'bridge_closes']
it never happens that either a manager handles requests, the motorbike falls down or the bar has to be repaired;G!(bar_has_to_be_repaired | manager_handles_requests | motorbike_falls_down);['motorbike_falls_down', 'bar_has_to_be_repaired', 'manager_handles_requests']
it is never the case that either the semaphore is green, a motorbike falls down or the elevator is open;G!(elevator_is_open | motorbike_falls_down | semaphore_is_green);['motorbike_falls_down', 'semaphore_is_green', 'elevator_is_open']
absolutely never, the brake is released or the table is old;G!(brake_is_released | table_is_old);['table_is_old', 'brake_is_released']
it is never the case that either the engine starts or the escalator is blocked;G!(engine_starts | escalator_is_blocked);['engine_starts', 'escalator_is_blocked']
it never happens that either the engine breaks or a train is crossing;G!(engine_breaks | train_is_crossing);['train_is_crossing', 'engine_breaks']
it never happens that a motorbike has stopped or the engine stops;G!(engine_stops | motorbike_has_stopped);['motorbike_has_stopped', 'engine_stops']
it will not happen that a table has been moved or a house is open;G!(house_is_open | table_has_been_moved);['house_is_open', 'table_has_been_moved']
under no condition the motorbike is driven or a bridge closes;G!(bridge_closes | motorbike_is_driven);['motorbike_is_driven', 'bridge_closes']
it never happens that the sensor captures data or the elevator rises;G!(elevator_rises | sensor_captures_data);['sensor_captures_data', 'elevator_rises']
it will not happen that the car stops or the train is crossing;G!(car_stops | train_is_crossing);['train_is_crossing', 'car_stops']
absolutely never, a house collapses or the bar is closing;G!(bar_is_closing | house_collapses);['bar_is_closing', 'house_collapses']
absolutely never, the motorbike falls down or a house collapses;G!(house_collapses | motorbike_falls_down);['motorbike_falls_down', 'house_collapses']
under no condition either the sensor gathers information or a motorbike has started;G!(motorbike_has_started | sensor_gathers_information);['sensor_gathers_information', 'motorbike_has_started']
absolutely never, a sensor retrieves data or the elevator rises;G!(elevator_rises | sensor_retrieves_data);['elevator_rises', 'sensor_retrieves_data']
first, it will happen that the train is crossing or an elevator rises, and then, finally, both the car enters and the engine stops;G!(elevator_rises | train_is_crossing) | F((elevator_rises | train_is_crossing) & F(car_enters & engine_stops));['train_is_crossing', 'car_enters', 'elevator_rises', 'engine_stops']
first, eventually, a car enters or a motorbike is driven, and then, finally, both the brake is released and a sensor captures data;G!(car_enters | motorbike_is_driven) | F((car_enters | motorbike_is_driven) & F(brake_is_released & sensor_captures_data));['motorbike_is_driven', 'sensor_captures_data', 'car_enters', 'brake_is_released']
first, it is going to happen that either the engine breaks or the manager handles requests, and then, it is going to happen that the constructor creates instances and the motorbike has stopped;G!(engine_breaks | manager_handles_requests) | F((engine_breaks | manager_handles_requests) & F(constructor_creates_instances & motorbike_has_stopped));['constructor_creates_instances', 'motorbike_has_stopped', 'engine_breaks', 'manager_handles_requests']
first, at some point in time an elevator is open or the engine stops, and then, at a certain moment the motorbike catches fire and the engine starts;G!(elevator_is_open | engine_stops) | F((elevator_is_open | engine_stops) & F(engine_starts & motorbike_catches_fire));['motorbike_catches_fire', 'engine_starts', 'elevator_is_open', 'engine_stops']
at a certain moment the escalator moves or the brake is pressed and, in the future a constructor creates instances and a train has been launched afterwards;G!(brake_is_pressed | escalator_moves) | F((brake_is_pressed | escalator_moves) & F(constructor_creates_instances & train_has_been_launched));['brake_is_pressed', 'constructor_creates_instances', 'train_has_been_launched', 'escalator_moves']
it is going to happen that either an elevator is blocked or a house is open and, sooner or later both the brake is pressed and the motorbike has stopped afterwards;G!(elevator_is_blocked | house_is_open) | F((elevator_is_blocked | house_is_open) & F(brake_is_pressed & motorbike_has_stopped));['brake_is_pressed', 'house_is_open', 'motorbike_has_stopped', 'elevator_is_blocked']
first, it will happen that a motorbike catches fire or the bridge opens, and then, eventually, a constructor creates instances and the train has been launched;G!(bridge_opens | motorbike_catches_fire) | F((bridge_opens | motorbike_catches_fire) & F(constructor_creates_instances & train_has_been_launched));['constructor_creates_instances', 'bridge_opens', 'train_has_been_launched', 'motorbike_catches_fire']
at some point in time either the house is open or the motorbike is driven and, at a certain moment a train has arrived and a manager handles requests afterwards;G!(house_is_open | motorbike_is_driven) | F((house_is_open | motorbike_is_driven) & F(manager_handles_requests & train_has_arrived));['house_is_open', 'motorbike_is_driven', 'manager_handles_requests', 'train_has_arrived']
first, at some point either the bar is down or a motorbike falls down, and then, at a certain moment the train derails and the manager handles requests;G!(bar_is_down | motorbike_falls_down) | F((bar_is_down | motorbike_falls_down) & F(manager_handles_requests & train_derails));['train_derails', 'motorbike_falls_down', 'bar_is_down', 'manager_handles_requests']
at some point the train has arrived or the escalator moves and, sooner or later a train stops and the brake is pressed afterwards;G!(escalator_moves | train_has_arrived) | F((escalator_moves | train_has_arrived) & F(brake_is_pressed & train_stops));['brake_is_pressed', 'escalator_moves', 'train_stops', 'train_has_arrived']
first, it is going to happen that a sensor retrieves data or the manager collect claims, and then, in the future the table is brown and the escalator moves;G!(manager_collect_claims | sensor_retrieves_data) | F((manager_collect_claims | sensor_retrieves_data) & F(escalator_moves & table_is_brown));['table_is_brown', 'manager_collect_claims', 'escalator_moves', 'sensor_retrieves_data']
first, at some point in time the escalator moves or the brake is pressed, and then, at some point in time both an elevator is open and a train is crossing;G!(brake_is_pressed | escalator_moves) | F((brake_is_pressed | escalator_moves) & F(elevator_is_open & train_is_crossing));['brake_is_pressed', 'train_is_crossing', 'escalator_moves', 'elevator_is_open']
first, in the future either the table is brown or a motorbike has started, and then, it is going to happen that either the engine stops or a train is crossing;G!(motorbike_has_started | table_is_brown) | F((motorbike_has_started | table_is_brown) & F(engine_stops | train_is_crossing));['train_is_crossing', 'table_is_brown', 'motorbike_has_started', 'engine_stops']
it will happen that either the train stops or a motorbike has stopped and, at some point either the bar is up or the elevator is open afterwards;G!(motorbike_has_stopped | train_stops) | F((motorbike_has_stopped | train_stops) & F(bar_is_up | elevator_is_open));['bar_is_up', 'motorbike_has_stopped', 'elevator_is_open', 'train_stops']
at a certain moment the elevator is blocked or the escalator speeds up and, at a certain moment the elevator falls or the brake is pressed afterwards;G!(elevator_is_blocked | escalator_speeds_up) | F((elevator_is_blocked | escalator_speeds_up) & F(brake_is_pressed | elevator_falls));['brake_is_pressed', 'escalator_speeds_up', 'elevator_falls', 'elevator_is_blocked']
at some point the elevator is open or the train derails and, at a certain moment a bridge closes or a semaphore is broken afterwards;G!(elevator_is_open | train_derails) | F((elevator_is_open | train_derails) & F(bridge_closes | semaphore_is_broken));['train_derails', 'bridge_closes', 'semaphore_is_broken', 'elevator_is_open']
at some point in time either a table is brown or the motorbike has started and, it is going to happen that the table is brown or the elevator rises afterwards;G!(motorbike_has_started | table_is_brown) | F((motorbike_has_started | table_is_brown) & F(elevator_rises | table_is_brown));['table_is_brown', 'elevator_rises', 'motorbike_has_started']
finally, either the bar is down or a motorbike is driven and, at some point an elevator is open or a train derails afterwards;G!(bar_is_down | motorbike_is_driven) | F((bar_is_down | motorbike_is_driven) & F(elevator_is_open | train_derails));['train_derails', 'motorbike_is_driven', 'bar_is_down', 'elevator_is_open']
eventually, a sensor retrieves data or the engine starts and, eventually, either the engine breaks or a semaphore is yellow afterwards;G!(engine_starts | sensor_retrieves_data) | F((engine_starts | sensor_retrieves_data) & F(engine_breaks | semaphore_is_yellow));['semaphore_is_yellow', 'engine_starts', 'sensor_retrieves_data', 'engine_breaks']
at some point a car starts or the train derails and, at some point either a sensor retrieves data or a train has been launched afterwards;G!(car_starts | train_derails) | F((car_starts | train_derails) & F(sensor_retrieves_data | train_has_been_launched));['car_starts', 'train_derails', 'train_has_been_launched', 'sensor_retrieves_data']
first, sooner or later a car stops or the brake is released, and then, eventually, an elevator falls or the bar is up;G!(brake_is_released | car_stops) | F((brake_is_released | car_stops) & F(bar_is_up | elevator_falls));['bar_is_up', 'car_stops', 'elevator_falls', 'brake_is_released']
it is going to happen that a train stops or a motorbike has stopped and, finally, a car stops or the brake is released afterwards;G!(motorbike_has_stopped | train_stops) | F((motorbike_has_stopped | train_stops) & F(brake_is_released | car_stops));['car_stops', 'brake_is_released', 'motorbike_has_stopped', 'train_stops']
first, in the future the bar has to be repaired or the table is old, and then, in the future a car enters or a motorbike has started;G!(bar_has_to_be_repaired | table_is_old) | F((bar_has_to_be_repaired | table_is_old) & F(car_enters | motorbike_has_started));['car_enters', 'table_is_old', 'bar_has_to_be_repaired', 'motorbike_has_started']
at some point either the engine stops or the train is crossing and, in the future either the escalator speeds up or the bar is closing afterwards;G!(engine_stops | train_is_crossing) | F((engine_stops | train_is_crossing) & F(bar_is_closing | escalator_speeds_up));['train_is_crossing', 'escalator_speeds_up', 'bar_is_closing', 'engine_stops']
at some point in time either a car enters or the motorbike has started and, at a certain moment the train has arrived afterwards;G!(car_enters | motorbike_has_started) | F((car_enters | motorbike_has_started) & F train_has_arrived);['car_enters', 'motorbike_has_started', 'train_has_arrived']
at some point either the engine starts or an elevator falls and, it is going to happen that a bridge closes afterwards;G!(elevator_falls | engine_starts) | F((elevator_falls | engine_starts) & F bridge_closes);['elevator_falls', 'engine_starts', 'bridge_closes']
first, at a certain moment a manager handles requests or the manager collect claims, and then, it is going to happen that the bridge closes;G!(manager_collect_claims | manager_handles_requests) | F((manager_collect_claims | manager_handles_requests) & F bridge_closes);['manager_collect_claims', 'bridge_closes', 'manager_handles_requests']
in the future either a semaphore is green or the bar is up and, it will happen that the bridge closes afterwards;G!(bar_is_up | semaphore_is_green) | F((bar_is_up | semaphore_is_green) & F bridge_closes);['bar_is_up', 'bridge_closes', 'semaphore_is_green']
first, sooner or later the train stops or the motorbike has stopped, and then, it is going to happen that a bridge closes;G!(motorbike_has_stopped | train_stops) | F((motorbike_has_stopped | train_stops) & F bridge_closes);['bridge_closes', 'motorbike_has_stopped', 'train_stops']
finally, the engine breaks or a semaphore is yellow and, sooner or later a sensor gathers information afterwards;G!(engine_breaks | semaphore_is_yellow) | F((engine_breaks | semaphore_is_yellow) & F sensor_gathers_information);['semaphore_is_yellow', 'sensor_gathers_information', 'engine_breaks']
at some point in time the escalator is blocked or the sensor captures data and, eventually, the sensor gathers information afterwards;G!(escalator_is_blocked | sensor_captures_data) | F((escalator_is_blocked | sensor_captures_data) & F sensor_gathers_information);['sensor_captures_data', 'sensor_gathers_information', 'escalator_is_blocked']
first, eventually, a train stops or the motorbike has stopped, and then, sooner or later the train has arrived;G!(motorbike_has_stopped | train_stops) | F((motorbike_has_stopped | train_stops) & F train_has_arrived);['motorbike_has_stopped', 'train_stops', 'train_has_arrived']
at some point in time the car stops or the brake is released and, sooner or later a sensor gathers information afterwards;G!(brake_is_released | car_stops) | F((brake_is_released | car_stops) & F sensor_gathers_information);['car_stops', 'brake_is_released', 'sensor_gathers_information']
sooner or later a car starts or the train derails and, finally, a bridge closes afterwards;G!(car_starts | train_derails) | F((car_starts | train_derails) & F bridge_closes);['car_starts', 'train_derails', 'bridge_closes']
first, at a certain moment the elevator is blocked or the escalator speeds up, and then, in the future the train has arrived;G!(elevator_is_blocked | escalator_speeds_up) | F((elevator_is_blocked | escalator_speeds_up) & F train_has_arrived);['escalator_speeds_up', 'elevator_is_blocked', 'train_has_arrived']
first, it is going to happen that either the brake is pressed or a motorbike has started, and then, sooner or later a bridge closes;G!(brake_is_pressed | motorbike_has_started) | F((brake_is_pressed | motorbike_has_started) & F bridge_closes);['brake_is_pressed', 'bridge_closes', 'motorbike_has_started']
under no condition the bar has to be repaired;G!bar_has_to_be_repaired;['bar_has_to_be_repaired']
at no time the elevator falls;G!elevator_falls;['elevator_falls']
finally, a bridge closes and, finally, both a car starts and a semaphore is broken afterwards;G!bridge_closes | F(bridge_closes & F(car_starts & semaphore_is_broken));['car_starts', 'bridge_closes', 'semaphore_is_broken']
first, at some point a bridge closes, and then, finally, a house is open and the bar is up;G!bridge_closes | F(bridge_closes & F(bar_is_up & house_is_open));['house_is_open', 'bar_is_up', 'bridge_closes']
first, at a certain moment a bridge closes, and then, finally, both the manager collect claims and the semaphore is broken;G!bridge_closes | F(bridge_closes & F(manager_collect_claims & semaphore_is_broken));['manager_collect_claims', 'bridge_closes', 'semaphore_is_broken']
at some point the sensor gathers information and, it will happen that both the table has been moved and a motorbike is driven afterwards;G!sensor_gathers_information | F(sensor_gathers_information & F(motorbike_is_driven & table_has_been_moved));['table_has_been_moved', 'motorbike_is_driven', 'sensor_gathers_information']
first, it will happen that a train has arrived, and then, in the future the train has arrived and an elevator falls;G!train_has_arrived | F(train_has_arrived & F(elevator_falls & train_has_arrived));['elevator_falls', 'train_has_arrived']
it is going to happen that a bridge closes and, eventually, the semaphore is yellow and the bridge closes afterwards;G!bridge_closes | F(bridge_closes & F(bridge_closes & semaphore_is_yellow));['semaphore_is_yellow', 'bridge_closes']
first, it will happen that a train has arrived, and then, in the future the table is brown and the bar is down;G!train_has_arrived | F(train_has_arrived & F(bar_is_down & table_is_brown));['table_is_brown', 'bar_is_down', 'train_has_arrived']
first, sooner or later the train has arrived, and then, eventually, both a manager collect claims and the semaphore is broken;G!train_has_arrived | F(train_has_arrived & F(manager_collect_claims & semaphore_is_broken));['manager_collect_claims', 'semaphore_is_broken', 'train_has_arrived']
at a certain moment the sensor gathers information and, in the future both a sensor gathers information and a motorbike catches fire afterwards;G!sensor_gathers_information | F(sensor_gathers_information & F(motorbike_catches_fire & sensor_gathers_information));['motorbike_catches_fire', 'sensor_gathers_information']
first, it is going to happen that the train has arrived, and then, it will happen that both a train has arrived and the manager handles requests;G!train_has_arrived | F(train_has_arrived & F(manager_handles_requests & train_has_arrived));['manager_handles_requests', 'train_has_arrived']
finally, a train has arrived and, it is going to happen that the sensor retrieves data and the house collapses afterwards;G!train_has_arrived | F(train_has_arrived & F(house_collapses & sensor_retrieves_data));['house_collapses', 'sensor_retrieves_data', 'train_has_arrived']
first, at some point in time a sensor gathers information, and then, finally, the engine stops and a car stops;G!sensor_gathers_information | F(sensor_gathers_information & F(car_stops & engine_stops));['car_stops', 'sensor_gathers_information', 'engine_stops']
in the future the sensor gathers information and, it will happen that a table is old or the bar has to be repaired afterwards;G!sensor_gathers_information | F(sensor_gathers_information & F(bar_has_to_be_repaired | table_is_old));['table_is_old', 'bar_has_to_be_repaired', 'sensor_gathers_information']
it is going to happen that a bridge closes and, in the future a car starts or a train derails afterwards;G!bridge_closes | F(bridge_closes & F(car_starts | train_derails));['car_starts', 'train_derails', 'bridge_closes']
finally, the bridge closes and, at some point in time the elevator falls or the bar is up afterwards;G!bridge_closes | F(bridge_closes & F(bar_is_up | elevator_falls));['bar_is_up', 'elevator_falls', 'bridge_closes']
sooner or later the train has arrived and, at a certain moment either the engine stops or the constructor instantiate objects afterwards;G!train_has_arrived | F(train_has_arrived & F(constructor_instantiate_objects | engine_stops));['constructor_instantiate_objects', 'engine_stops', 'train_has_arrived']
finally, a sensor gathers information and, sooner or later either the engine breaks or the car enters afterwards;G!sensor_gathers_information | F(sensor_gathers_information & F(car_enters | engine_breaks));['car_enters', 'sensor_gathers_information', 'engine_breaks']
first, at some point the bridge closes, and then, it is going to happen that either the manager collect claims or the constructor creates instances;G!bridge_closes | F(bridge_closes & F(constructor_creates_instances | manager_collect_claims));['manager_collect_claims', 'constructor_creates_instances', 'bridge_closes']
at some point in time a sensor gathers information and, sooner or later either a train is crossing or an elevator rises afterwards;G!sensor_gathers_information | F(sensor_gathers_information & F(elevator_rises | train_is_crossing));['train_is_crossing', 'elevator_rises', 'sensor_gathers_information']
finally, a train has arrived and, at some point in time either a sensor retrieves data or a train has been launched afterwards;G!train_has_arrived | F(train_has_arrived & F(sensor_retrieves_data | train_has_been_launched));['train_has_been_launched', 'sensor_retrieves_data', 'train_has_arrived']
finally, a bridge closes and, at some point in time a sensor retrieves data or a manager collect claims afterwards;G!bridge_closes | F(bridge_closes & F(manager_collect_claims | sensor_retrieves_data));['manager_collect_claims', 'bridge_closes', 'sensor_retrieves_data']
at some point in time a sensor gathers information and, sooner or later either the engine breaks or a manager handles requests afterwards;G!sensor_gathers_information | F(sensor_gathers_information & F(engine_breaks | manager_handles_requests));['sensor_gathers_information', 'engine_breaks', 'manager_handles_requests']
in the future a bridge closes and, in the future an elevator falls or the brake is pressed afterwards;G!bridge_closes | F(bridge_closes & F(brake_is_pressed | elevator_falls));['brake_is_pressed', 'elevator_falls', 'bridge_closes']
first, at some point in time the sensor gathers information, and then, in the future either the house is open or a motorbike is driven;G!sensor_gathers_information | F(sensor_gathers_information & F(house_is_open | motorbike_is_driven));['house_is_open', 'motorbike_is_driven', 'sensor_gathers_information']
first, at some point a train has arrived, and then, sooner or later the bridge closes;G!train_has_arrived | F(train_has_arrived & F bridge_closes);['bridge_closes', 'train_has_arrived']
first, at some point a train has arrived, and then, at some point a sensor gathers information;G!train_has_arrived | F(train_has_arrived & F sensor_gathers_information);['sensor_gathers_information', 'train_has_arrived']
first, sooner or later a bridge closes, and then, eventually, a train has arrived;G!bridge_closes | F(bridge_closes & F train_has_arrived);['bridge_closes', 'train_has_arrived']
first, it is going to happen that a sensor gathers information, and then, eventually, a bridge closes;G!sensor_gathers_information | F(sensor_gathers_information & F bridge_closes);['bridge_closes', 'sensor_gathers_information']
first, at a certain moment the bridge closes, and then, at some point in time the sensor gathers information;G!bridge_closes | F(bridge_closes & F sensor_gathers_information);['bridge_closes', 'sensor_gathers_information']
eventually, a sensor gathers information and, sooner or later a train has arrived afterwards;G!sensor_gathers_information | F(sensor_gathers_information & F train_has_arrived);['sensor_gathers_information', 'train_has_arrived']
always when both a train derails and a constructor instantiate objects then at a certain moment both a train derails and the brake is released;G((constructor_instantiate_objects & train_derails) -> F(brake_is_released & train_derails));['train_derails', 'constructor_instantiate_objects', 'brake_is_released']
after both the escalator is blocked and the escalator moves, finally, an elevator rises and the escalator moves;G((escalator_is_blocked & escalator_moves) -> F(elevator_rises & escalator_moves));['elevator_rises', 'escalator_moves', 'escalator_is_blocked']
whenever the train has arrived and the brake is pressed then it will happen that a motorbike has stopped and an elevator rises;G((brake_is_pressed & train_has_arrived) -> F(elevator_rises & motorbike_has_stopped));['brake_is_pressed', 'elevator_rises', 'motorbike_has_stopped', 'train_has_arrived']
every time a train is crossing and the constructor instantiate objects then it is going to happen that both the semaphore is red and a car enters;G((constructor_instantiate_objects & train_is_crossing) -> F(car_enters & semaphore_is_red));['train_is_crossing', 'semaphore_is_red', 'constructor_instantiate_objects', 'car_enters']
whenever the engine breaks and a train has arrived then finally, both the engine stops and a sensor retrieves data;G((engine_breaks & train_has_arrived) -> F(engine_stops & sensor_retrieves_data));['sensor_retrieves_data', 'engine_breaks', 'engine_stops', 'train_has_arrived']
after both a manager handles requests and a semaphore is broken, sooner or later both the bar is down and a car starts;G((manager_handles_requests & semaphore_is_broken) -> F(bar_is_down & car_starts));['car_starts', 'semaphore_is_broken', 'bar_is_down', 'manager_handles_requests']
as both a table is brown and the bar is up, at a certain moment the car enters and the elevator is open;G((bar_is_up & table_is_brown) -> F(car_enters & elevator_is_open));['bar_is_up', 'table_is_brown', 'car_enters', 'elevator_is_open']
always when the bar is closing and the car starts then it will happen that the brake is pressed and the escalator moves;G((bar_is_closing & car_starts) -> F(brake_is_pressed & escalator_moves));['brake_is_pressed', 'car_starts', 'bar_is_closing', 'escalator_moves']
as the car starts and a table is brown, eventually, both the table is brown and a bridge closes;G((car_starts & table_is_brown) -> F(bridge_closes & table_is_brown));['car_starts', 'table_is_brown', 'bridge_closes']
if both a train is crossing and a constructor instantiate objects then at some point in time both the bridge opens and the brake is pressed;G((constructor_instantiate_objects & train_is_crossing) -> F(brake_is_pressed & bridge_opens));['brake_is_pressed', 'train_is_crossing', 'constructor_instantiate_objects', 'bridge_opens']
every time both an elevator rises and the bridge opens then it is going to happen that both the manager collect claims and the engine breaks;G((bridge_opens & elevator_rises) -> F(engine_breaks & manager_collect_claims));['manager_collect_claims', 'bridge_opens', 'elevator_rises', 'engine_breaks']
as a semaphore is green and the engine starts, in the future both a car starts and the table is brown;G((engine_starts & semaphore_is_green) -> F(car_starts & table_is_brown));['car_starts', 'table_is_brown', 'engine_starts', 'semaphore_is_green']
at a certain moment either the house is open or a manager handles requests after the bar is up and a car stops;G((bar_is_up & car_stops) -> F(house_is_open | manager_handles_requests));['house_is_open', 'bar_is_up', 'car_stops', 'manager_handles_requests']
if both the semaphore is broken and the motorbike catches fire then it is going to happen that either the bar is closing or a motorbike has started;G((motorbike_catches_fire & semaphore_is_broken) -> F(bar_is_closing | motorbike_has_started));['bar_is_closing', 'motorbike_catches_fire', 'semaphore_is_broken', 'motorbike_has_started']
eventually, the table is old or the constructor instantiate objects after both the semaphore is green and the bar is down;G((bar_is_down & semaphore_is_green) -> F(constructor_instantiate_objects | table_is_old));['constructor_instantiate_objects', 'table_is_old', 'bar_is_down', 'semaphore_is_green']
always when both the engine breaks and the engine starts then at some point in time either the escalator is blocked or a train stops;G((engine_breaks & engine_starts) -> F(escalator_is_blocked | train_stops));['engine_starts', 'engine_breaks', 'escalator_is_blocked', 'train_stops']
as both the sensor retrieves data and the elevator falls, finally, the semaphore is red or a motorbike has stopped;G((elevator_falls & sensor_retrieves_data) -> F(motorbike_has_stopped | semaphore_is_red));['semaphore_is_red', 'elevator_falls', 'sensor_retrieves_data', 'motorbike_has_stopped']
whenever the bar is down and the car starts then at some point in time either the engine stops or the bridge opens;G((bar_is_down & car_starts) -> F(bridge_opens | engine_stops));['car_starts', 'bridge_opens', 'bar_is_down', 'engine_stops']
every time a semaphore is green and a bridge opens then it is going to happen that either a bridge closes or the escalator moves;G((bridge_opens & semaphore_is_green) -> F(bridge_closes | escalator_moves));['bridge_opens', 'escalator_moves', 'bridge_closes', 'semaphore_is_green']
every time both a semaphore is green and the bar is down then at a certain moment either the bar is down or the constructor instantiate objects;G((bar_is_down & semaphore_is_green) -> F(bar_is_down | constructor_instantiate_objects));['constructor_instantiate_objects', 'bar_is_down', 'semaphore_is_green']
as the engine stops and the sensor retrieves data, it will happen that a table is brown or the elevator rises;G((engine_stops & sensor_retrieves_data) -> F(elevator_rises | table_is_brown));['table_is_brown', 'elevator_rises', 'sensor_retrieves_data', 'engine_stops']
if the engine stops and a manager collect claims then in the future a sensor gathers information or a table has been moved;G((engine_stops & manager_collect_claims) -> F(sensor_gathers_information | table_has_been_moved));['table_has_been_moved', 'manager_collect_claims', 'sensor_gathers_information', 'engine_stops']
as a manager collect claims and the bar is up, at some point a table is old or the sensor retrieves data;G((bar_is_up & manager_collect_claims) -> F(sensor_retrieves_data | table_is_old));['bar_is_up', 'manager_collect_claims', 'table_is_old', 'sensor_retrieves_data']
always when a train has been launched and a semaphore is red then it is going to happen that either a motorbike has started or the bar is down;G((semaphore_is_red & train_has_been_launched) -> F(bar_is_down | motorbike_has_started));['semaphore_is_red', 'train_has_been_launched', 'bar_is_down', 'motorbike_has_started']
every time the engine starts and the bar is up then at a certain moment the train derails;G((bar_is_up & engine_starts) -> F train_derails);['bar_is_up', 'train_derails', 'engine_starts']
whenever both the bar is closing and a train is crossing then at some point in time a train derails;G((bar_is_closing & train_is_crossing) -> F train_derails);['train_is_crossing', 'train_derails', 'bar_is_closing']
whenever both the escalator moves and a motorbike has stopped then it will happen that a sensor captures data;G((escalator_moves & motorbike_has_stopped) -> F sensor_captures_data);['sensor_captures_data', 'escalator_moves', 'motorbike_has_stopped']
as the engine breaks and a car starts, at a certain moment the train derails;G((car_starts & engine_breaks) -> F train_derails);['car_starts', 'train_derails', 'engine_breaks']
if both the escalator is blocked and the manager collect claims then eventually, the semaphore is yellow;G((escalator_is_blocked & manager_collect_claims) -> F semaphore_is_yellow);['manager_collect_claims', 'semaphore_is_yellow', 'escalator_is_blocked']
as both the house is open and the escalator speeds up, at a certain moment a train derails;G((escalator_speeds_up & house_is_open) -> F train_derails);['house_is_open', 'escalator_speeds_up', 'train_derails']
whenever both the motorbike has stopped and the escalator moves then it is going to happen that the train derails;G((escalator_moves & motorbike_has_stopped) -> F train_derails);['train_derails', 'escalator_moves', 'motorbike_has_stopped']
as both a car enters and the train is crossing, it is going to happen that a semaphore is yellow;G((car_enters & train_is_crossing) -> F semaphore_is_yellow);['train_is_crossing', 'car_enters', 'semaphore_is_yellow']
as an elevator falls and the escalator is blocked, in the future the semaphore is yellow;G((elevator_falls & escalator_is_blocked) -> F semaphore_is_yellow);['semaphore_is_yellow', 'elevator_falls', 'escalator_is_blocked']
it will happen that a train derails after both the car stops and an elevator is blocked;G((car_stops & elevator_is_blocked) -> F train_derails);['train_derails', 'car_stops', 'elevator_is_blocked']
finally, the train derails after a semaphore is red and a motorbike falls down;G((motorbike_falls_down & semaphore_is_red) -> F train_derails);['semaphore_is_red', 'train_derails', 'motorbike_falls_down']
whenever the engine stops and a sensor captures data then in the future the sensor captures data;G((engine_stops & sensor_captures_data) -> F sensor_captures_data);['sensor_captures_data', 'engine_stops']
every time the sensor retrieves data and a sensor captures data then under no condition the elevator rises and the train has arrived;G((sensor_captures_data & sensor_retrieves_data) -> G!(elevator_rises & train_has_arrived));['sensor_captures_data', 'elevator_rises', 'sensor_retrieves_data', 'train_has_arrived']
always the sensor captures data and the brake is released implies that at no time a house is open and the motorbike has started;G((brake_is_released & sensor_captures_data) -> G!(house_is_open & motorbike_has_started));['house_is_open', 'sensor_captures_data', 'brake_is_released', 'motorbike_has_started']
after the constructor instantiate objects and the escalator speeds up, under no condition a house is open and the semaphore is green;G((constructor_instantiate_objects & escalator_speeds_up) -> G!(house_is_open & semaphore_is_green));['house_is_open', 'escalator_speeds_up', 'constructor_instantiate_objects', 'semaphore_is_green']
whenever a motorbike is driven and the house is built then under no circumstances both a house is open and the semaphore is green;G((house_is_built & motorbike_is_driven) -> G!(house_is_open & semaphore_is_green));['house_is_open', 'house_is_built', 'motorbike_is_driven', 'semaphore_is_green']
whenever both the motorbike has stopped and a sensor gathers information then never, both an elevator falls and the bar is up;G((motorbike_has_stopped & sensor_gathers_information) -> G!(bar_is_up & elevator_falls));['bar_is_up', 'elevator_falls', 'sensor_gathers_information', 'motorbike_has_stopped']
after an elevator rises and a train has arrived, under no circumstances both the sensor captures data and the escalator is blocked;G((elevator_rises & train_has_arrived) -> G!(escalator_is_blocked & sensor_captures_data));['sensor_captures_data', 'elevator_rises', 'escalator_is_blocked', 'train_has_arrived']
whenever a manager handles requests and a constructor creates instances then under no condition both a sensor retrieves data and the sensor captures data;G((constructor_creates_instances & manager_handles_requests) -> G!(sensor_captures_data & sensor_retrieves_data));['sensor_captures_data', 'constructor_creates_instances', 'sensor_retrieves_data', 'manager_handles_requests']
at no time both the sensor retrieves data and a sensor captures data after the bridge opens and the sensor retrieves data;G((bridge_opens & sensor_retrieves_data) -> G!(sensor_captures_data & sensor_retrieves_data));['sensor_captures_data', 'bridge_opens', 'sensor_retrieves_data']
every time both a sensor captures data and the escalator is blocked then absolutely never, a house is built and a motorbike has stopped;G((escalator_is_blocked & sensor_captures_data) -> G!(house_is_built & motorbike_has_stopped));['house_is_built', 'sensor_captures_data', 'motorbike_has_stopped', 'escalator_is_blocked']
always both a sensor captures data and the brake is released implies that it is never the case that the bar is up and a car starts;G((brake_is_released & sensor_captures_data) -> G!(bar_is_up & car_starts));['car_starts', 'bar_is_up', 'sensor_captures_data', 'brake_is_released']
always both a motorbike falls down and the engine starts implies that it should not happen that a house is built and the bar is closing;G((engine_starts & motorbike_falls_down) -> G!(bar_is_closing & house_is_built));['house_is_built', 'bar_is_closing', 'motorbike_falls_down', 'engine_starts']
every time the bar is up and the engine stops then it is never the case that both a constructor instantiate objects and the escalator speeds up;G((bar_is_up & engine_stops) -> G!(constructor_instantiate_objects & escalator_speeds_up));['bar_is_up', 'escalator_speeds_up', 'constructor_instantiate_objects', 'engine_stops']
if the constructor instantiate objects and the house is open then under no condition either the engine stops or a train stops;G((constructor_instantiate_objects & house_is_open) -> G!(engine_stops | train_stops));['house_is_open', 'constructor_instantiate_objects', 'train_stops', 'engine_stops']
if both the car stops and the engine stops then at no time either the bar is down or the house is open;G((car_stops & engine_stops) -> G!(bar_is_down | house_is_open));['house_is_open', 'car_stops', 'bar_is_down', 'engine_stops']
every time both the bar is up and the car starts then it should not happen that the engine starts or a train is crossing;G((bar_is_up & car_starts) -> G!(engine_starts | train_is_crossing));['train_is_crossing', 'car_starts', 'bar_is_up', 'engine_starts']
if both the engine starts and a semaphore is broken then it should not happen that a sensor captures data or the train is crossing;G((engine_starts & semaphore_is_broken) -> G!(sensor_captures_data | train_is_crossing));['train_is_crossing', 'sensor_captures_data', 'engine_starts', 'semaphore_is_broken']
whenever a house is built and the motorbike has stopped then absolutely never, either the manager collect claims or an elevator falls;G((house_is_built & motorbike_has_stopped) -> G!(elevator_falls | manager_collect_claims));['house_is_built', 'manager_collect_claims', 'elevator_falls', 'motorbike_has_stopped']
after a motorbike falls down and the engine starts, never, either the escalator is blocked or a motorbike has started;G((engine_starts & motorbike_falls_down) -> G!(escalator_is_blocked | motorbike_has_started));['motorbike_falls_down', 'engine_starts', 'motorbike_has_started', 'escalator_is_blocked']
whenever both the car stops and the elevator is blocked then it never happens that either a semaphore is yellow or the car stops;G((car_stops & elevator_is_blocked) -> G!(car_stops | semaphore_is_yellow));['car_stops', 'semaphore_is_yellow', 'elevator_is_blocked']
every time the engine starts and the semaphore is broken then under no condition either the bar has to be repaired or the train has arrived;G((engine_starts & semaphore_is_broken) -> G!(bar_has_to_be_repaired | train_has_arrived));['bar_has_to_be_repaired', 'engine_starts', 'semaphore_is_broken', 'train_has_arrived']
after both the escalator is blocked and a house is open, never, either the engine stops or the train is crossing;G((escalator_is_blocked & house_is_open) -> G!(engine_stops | train_is_crossing));['house_is_open', 'train_is_crossing', 'escalator_is_blocked', 'engine_stops']
if both a table has been moved and the elevator falls then under no condition the semaphore is yellow or the car stops;G((elevator_falls & table_has_been_moved) -> G!(car_stops | semaphore_is_yellow));['table_has_been_moved', 'car_stops', 'semaphore_is_yellow', 'elevator_falls']
every time a semaphore is broken and the elevator is blocked then absolutely never, the bar has to be repaired or the motorbike falls down;G((elevator_is_blocked & semaphore_is_broken) -> G!(bar_has_to_be_repaired | motorbike_falls_down));['motorbike_falls_down', 'bar_has_to_be_repaired', 'semaphore_is_broken', 'elevator_is_blocked']
whenever both a house is built and a motorbike has stopped then it is never the case that either the elevator is open or the bar is closing;G((house_is_built & motorbike_has_stopped) -> G!(bar_is_closing | elevator_is_open));['house_is_built', 'bar_is_closing', 'motorbike_has_stopped', 'elevator_is_open']
whenever a train stops and the sensor gathers information then at any time an elevator is open and the train has been launched;G((sensor_gathers_information & train_stops) -> G(elevator_is_open & train_has_been_launched));['train_has_been_launched', 'sensor_gathers_information', 'elevator_is_open', 'train_stops']
after the semaphore is yellow and the train stops, always, both the train stops and the sensor gathers information;G((semaphore_is_yellow & train_stops) -> G(sensor_gathers_information & train_stops));['semaphore_is_yellow', 'sensor_gathers_information', 'train_stops']
whenever both the engine stops and the bridge opens then always, a house is built and a train derails;G((bridge_opens & engine_stops) -> G(house_is_built & train_derails));['train_derails', 'house_is_built', 'bridge_opens', 'engine_stops']
whenever both the constructor creates instances and a car stops then always, a train has arrived and the sensor gathers information;G((car_stops & constructor_creates_instances) -> G(sensor_gathers_information & train_has_arrived));['car_stops', 'constructor_creates_instances', 'sensor_gathers_information', 'train_has_arrived']
if a train stops and the bar is down then all the time both a table is brown and a car starts;G((bar_is_down & train_stops) -> G(car_starts & table_is_brown));['car_starts', 'table_is_brown', 'bar_is_down', 'train_stops']
whenever the manager handles requests and the house collapses then all the time the train has been launched and the motorbike is driven;G((house_collapses & manager_handles_requests) -> G(motorbike_is_driven & train_has_been_launched));['motorbike_is_driven', 'house_collapses', 'train_has_been_launched', 'manager_handles_requests']
it is always the case that both a house is built and the train derails after the train has been launched and the bar is closing;G((bar_is_closing & train_has_been_launched) -> G(house_is_built & train_derails));['train_derails', 'house_is_built', 'bar_is_closing', 'train_has_been_launched']
after the train stops and the bar is down, all the time both a motorbike falls down and the escalator is blocked;G((bar_is_down & train_stops) -> G(escalator_is_blocked & motorbike_falls_down));['motorbike_falls_down', 'bar_is_down', 'escalator_is_blocked', 'train_stops']
every time a manager collect claims and the escalator is blocked then eternally, the semaphore is green and the elevator falls;G((escalator_is_blocked & manager_collect_claims) -> G(elevator_falls & semaphore_is_green));['manager_collect_claims', 'elevator_falls', 'semaphore_is_green', 'escalator_is_blocked']
whenever both the engine starts and the table is old then it is always the case that a car starts and a manager collect claims;G((engine_starts & table_is_old) -> G(car_starts & manager_collect_claims));['car_starts', 'manager_collect_claims', 'table_is_old', 'engine_starts']
after both the engine starts and the table is old, all the time both the manager handles requests and the house collapses;G((engine_starts & table_is_old) -> G(house_collapses & manager_handles_requests));['table_is_old', 'house_collapses', 'engine_starts', 'manager_handles_requests']
whenever both the train stops and the train has arrived then at any time the car starts and a manager collect claims;G((train_has_arrived & train_stops) -> G(car_starts & manager_collect_claims));['car_starts', 'manager_collect_claims', 'train_stops', 'train_has_arrived']
after both the sensor captures data and the motorbike falls down, all the time the manager collect claims or a sensor gathers information;G((motorbike_falls_down & sensor_captures_data) -> G(manager_collect_claims | sensor_gathers_information));['motorbike_falls_down', 'manager_collect_claims', 'sensor_captures_data', 'sensor_gathers_information']
every time both the motorbike falls down and the table has been moved then in any case a manager collect claims or the escalator speeds up;G((motorbike_falls_down & table_has_been_moved) -> G(escalator_speeds_up | manager_collect_claims));['escalator_speeds_up', 'motorbike_falls_down', 'table_has_been_moved', 'manager_collect_claims']
every time both the house is open and a motorbike has started then all the time a semaphore is yellow or the engine breaks;G((house_is_open & motorbike_has_started) -> G(engine_breaks | semaphore_is_yellow));['house_is_open', 'semaphore_is_yellow', 'engine_breaks', 'motorbike_has_started']
whenever the engine starts and the table is old then all the time the engine breaks or the semaphore is yellow;G((engine_starts & table_is_old) -> G(engine_breaks | semaphore_is_yellow));['table_is_old', 'semaphore_is_yellow', 'engine_starts', 'engine_breaks']
if both a train stops and the sensor gathers information then at any time the bar is down or the sensor retrieves data;G((sensor_gathers_information & train_stops) -> G(bar_is_down | sensor_retrieves_data));['sensor_retrieves_data', 'sensor_gathers_information', 'bar_is_down', 'train_stops']
always, the engine stops or the car enters after both a train stops and a train has arrived;G((train_has_arrived & train_stops) -> G(car_enters | engine_stops));['car_enters', 'train_stops', 'engine_stops', 'train_has_arrived']
whenever both a motorbike falls down and the table has been moved then forever, a bridge opens or a motorbike has started;G((motorbike_falls_down & table_has_been_moved) -> G(bridge_opens | motorbike_has_started));['motorbike_falls_down', 'table_has_been_moved', 'bridge_opens', 'motorbike_has_started']
every time the house is built and the train derails then forever, a bridge opens or the motorbike has started;G((house_is_built & train_derails) -> G(bridge_opens | motorbike_has_started));['train_derails', 'house_is_built', 'bridge_opens', 'motorbike_has_started']
every time both a bridge opens and the constructor creates instances then every time either a bridge opens or a motorbike has started;G((bridge_opens & constructor_creates_instances) -> G(bridge_opens | motorbike_has_started));['constructor_creates_instances', 'bridge_opens', 'motorbike_has_started']
whenever the sensor captures data and a motorbike falls down then always, the semaphore is green or a house collapses;G((motorbike_falls_down & sensor_captures_data) -> G(house_collapses | semaphore_is_green));['motorbike_falls_down', 'sensor_captures_data', 'house_collapses', 'semaphore_is_green']
after both the table is brown and the car starts, every time a sensor captures data or the brake is released;G((car_starts & table_is_brown) -> G(brake_is_released | sensor_captures_data));['car_starts', 'table_is_brown', 'sensor_captures_data', 'brake_is_released']
whenever both a motorbike catches fire and the engine breaks then it is always the case that either the sensor captures data or the train has been launched;G((engine_breaks & motorbike_catches_fire) -> G(sensor_captures_data | train_has_been_launched));['sensor_captures_data', 'train_has_been_launched', 'motorbike_catches_fire', 'engine_breaks']
whenever both the brake is pressed and the bar is down then at any time a semaphore is yellow;G((bar_is_down & brake_is_pressed) -> G semaphore_is_yellow);['brake_is_pressed', 'semaphore_is_yellow', 'bar_is_down']
after the semaphore is yellow and the train stops, it is always true that a semaphore is yellow;G((semaphore_is_yellow & train_stops) -> G semaphore_is_yellow);['semaphore_is_yellow', 'train_stops']
after a table is brown and a car starts, all the time the semaphore is yellow;G((car_starts & table_is_brown) -> G semaphore_is_yellow);['car_starts', 'table_is_brown', 'semaphore_is_yellow']
every time the bar is down and the semaphore is red then it is always the case that a semaphore is yellow;G((bar_is_down & semaphore_is_red) -> G semaphore_is_yellow);['semaphore_is_red', 'semaphore_is_yellow', 'bar_is_down']
if both the bar has to be repaired and the bridge opens then eternally, the semaphore is yellow;G((bar_has_to_be_repaired & bridge_opens) -> G semaphore_is_yellow);['bar_has_to_be_repaired', 'semaphore_is_yellow', 'bridge_opens']
after the escalator moves and the bar is closing, it is always the case that the semaphore is yellow;G((bar_is_closing & escalator_moves) -> G semaphore_is_yellow);['bar_is_closing', 'semaphore_is_yellow', 'escalator_moves']
after both the motorbike falls down and a table has been moved, all the time the semaphore is yellow;G((motorbike_falls_down & table_has_been_moved) -> G semaphore_is_yellow);['motorbike_falls_down', 'table_has_been_moved', 'semaphore_is_yellow']
after both a train stops and a sensor gathers information, at any time the semaphore is yellow;G((sensor_gathers_information & train_stops) -> G semaphore_is_yellow);['semaphore_is_yellow', 'sensor_gathers_information', 'train_stops']
after the motorbike falls down and the escalator is blocked, every time the semaphore is yellow;G((escalator_is_blocked & motorbike_falls_down) -> G semaphore_is_yellow);['motorbike_falls_down', 'semaphore_is_yellow', 'escalator_is_blocked']
after both the house is built and the train derails, always, a semaphore is yellow;G((house_is_built & train_derails) -> G semaphore_is_yellow);['train_derails', 'house_is_built', 'semaphore_is_yellow']
if an elevator is open and the train has been launched then all the time the semaphore is yellow;G((elevator_is_open & train_has_been_launched) -> G semaphore_is_yellow);['semaphore_is_yellow', 'train_has_been_launched', 'elevator_is_open']
every time both the sensor captures data and the motorbike falls down then forever, the semaphore is yellow;G((motorbike_falls_down & sensor_captures_data) -> G semaphore_is_yellow);['motorbike_falls_down', 'sensor_captures_data', 'semaphore_is_yellow']
after either a train is crossing or a table is brown, in the future a sensor retrieves data and the manager handles requests;G((table_is_brown | train_is_crossing) -> F(manager_handles_requests & sensor_retrieves_data));['train_is_crossing', 'table_is_brown', 'sensor_retrieves_data', 'manager_handles_requests']
every time a table has been moved or a train stops then in the future both the bar is down and the brake is released;G((table_has_been_moved | train_stops) -> F(bar_is_down & brake_is_released));['table_has_been_moved', 'brake_is_released', 'bar_is_down', 'train_stops']
every time either the semaphore is red or a car stops then at some point the engine starts and the engine stops;G((car_stops | semaphore_is_red) -> F(engine_starts & engine_stops));['semaphore_is_red', 'car_stops', 'engine_starts', 'engine_stops']
after either the constructor creates instances or the motorbike falls down, eventually, both the escalator is blocked and the escalator moves;G((constructor_creates_instances | motorbike_falls_down) -> F(escalator_is_blocked & escalator_moves));['motorbike_falls_down', 'constructor_creates_instances', 'escalator_moves', 'escalator_is_blocked']
every time a manager handles requests or the escalator is blocked then at some point in time both the elevator is open and a train has arrived;G((escalator_is_blocked | manager_handles_requests) -> F(elevator_is_open & train_has_arrived));['elevator_is_open', 'manager_handles_requests', 'escalator_is_blocked', 'train_has_arrived']
it is going to happen that the engine breaks and a semaphore is yellow after a house is open or the train derails;G((house_is_open | train_derails) -> F(engine_breaks & semaphore_is_yellow));['house_is_open', 'train_derails', 'semaphore_is_yellow', 'engine_breaks']
whenever either the bar is down or a constructor instantiate objects then at some point both the bridge opens and a train has been launched;G((bar_is_down | constructor_instantiate_objects) -> F(bridge_opens & train_has_been_launched));['constructor_instantiate_objects', 'bridge_opens', 'train_has_been_launched', 'bar_is_down']
as either the house is built or the sensor captures data, at some point a table has been moved and the escalator is blocked;G((house_is_built | sensor_captures_data) -> F(escalator_is_blocked & table_has_been_moved));['house_is_built', 'table_has_been_moved', 'sensor_captures_data', 'escalator_is_blocked']
always when either the table is old or the constructor instantiate objects then eventually, both a bridge opens and a sensor retrieves data;G((constructor_instantiate_objects | table_is_old) -> F(bridge_opens & sensor_retrieves_data));['constructor_instantiate_objects', 'table_is_old', 'bridge_opens', 'sensor_retrieves_data']
sooner or later both the escalator speeds up and the bar is up after either a car starts or the train derails;G((car_starts | train_derails) -> F(bar_is_up & escalator_speeds_up));['car_starts', 'bar_is_up', 'escalator_speeds_up', 'train_derails']
after either the constructor instantiate objects or the bar is up, at some point in time the train has arrived and a train is crossing;G((bar_is_up | constructor_instantiate_objects) -> F(train_has_arrived & train_is_crossing));['train_is_crossing', 'bar_is_up', 'constructor_instantiate_objects', 'train_has_arrived']
after the engine starts or the bar is up, at a certain moment a car starts and the engine starts;G((bar_is_up | engine_starts) -> F(car_starts & engine_starts));['car_starts', 'bar_is_up', 'engine_starts']
it will happen that either the brake is released or a train is crossing after the bar is down or a semaphore is green;G((bar_is_down | semaphore_is_green) -> F(brake_is_released | train_is_crossing));['train_is_crossing', 'brake_is_released', 'bar_is_down', 'semaphore_is_green']
every time either a motorbike falls down or an elevator rises then in the future either an elevator rises or an elevator falls;G((elevator_rises | motorbike_falls_down) -> F(elevator_falls | elevator_rises));['motorbike_falls_down', 'elevator_falls', 'elevator_rises']
after either a house is built or a car stops, sooner or later either the bar is closing or the table has been moved;G((car_stops | house_is_built) -> F(bar_is_closing | table_has_been_moved));['house_is_built', 'bar_is_closing', 'table_has_been_moved', 'car_stops']
eventually, either the car starts or the car stops after either the house is open or a train derails;G((house_is_open | train_derails) -> F(car_starts | car_stops));['house_is_open', 'car_starts', 'train_derails', 'car_stops']
eventually, the engine starts or the sensor captures data after the bridge closes or the elevator is blocked;G((bridge_closes | elevator_is_blocked) -> F(engine_starts | sensor_captures_data));['sensor_captures_data', 'engine_starts', 'bridge_closes', 'elevator_is_blocked']
whenever either the brake is released or the bar is down then at some point in time either a train has been launched or the escalator moves;G((bar_is_down | brake_is_released) -> F(escalator_moves | train_has_been_launched));['train_has_been_launched', 'escalator_moves', 'brake_is_released', 'bar_is_down']
if either the motorbike is driven or the semaphore is green then sooner or later either the engine stops or a house is open;G((motorbike_is_driven | semaphore_is_green) -> F(engine_stops | house_is_open));['house_is_open', 'motorbike_is_driven', 'semaphore_is_green', 'engine_stops']
sooner or later the sensor retrieves data or the engine starts after a bridge closes or the semaphore is green;G((bridge_closes | semaphore_is_green) -> F(engine_starts | sensor_retrieves_data));['engine_starts', 'bridge_closes', 'sensor_retrieves_data', 'semaphore_is_green']
always when either the semaphore is red or the engine stops then in the future either a train has been launched or the constructor instantiate objects;G((engine_stops | semaphore_is_red) -> F(constructor_instantiate_objects | train_has_been_launched));['semaphore_is_red', 'constructor_instantiate_objects', 'train_has_been_launched', 'engine_stops']
after a train derails or the train has been launched, in the future either a constructor instantiate objects or the train has been launched;G((train_derails | train_has_been_launched) -> F(constructor_instantiate_objects | train_has_been_launched));['train_derails', 'constructor_instantiate_objects', 'train_has_been_launched']
after the bar is down or the semaphore is broken, it will happen that an elevator falls or the train derails;G((bar_is_down | semaphore_is_broken) -> F(elevator_falls | train_derails));['train_derails', 'elevator_falls', 'semaphore_is_broken', 'bar_is_down']
as the elevator is blocked or a constructor creates instances, at some point in time either the escalator speeds up or a semaphore is broken;G((constructor_creates_instances | elevator_is_blocked) -> F(escalator_speeds_up | semaphore_is_broken));['escalator_speeds_up', 'constructor_creates_instances', 'semaphore_is_broken', 'elevator_is_blocked']
as the motorbike has stopped or the bar has to be repaired, finally, a train derails;G((bar_has_to_be_repaired | motorbike_has_stopped) -> F train_derails);['train_derails', 'bar_has_to_be_repaired', 'motorbike_has_stopped']
as either the bridge closes or a semaphore is green, eventually, the sensor captures data;G((bridge_closes | semaphore_is_green) -> F sensor_captures_data);['sensor_captures_data', 'bridge_closes', 'semaphore_is_green']
as an elevator is blocked or a constructor creates instances, at some point a sensor captures data;G((constructor_creates_instances | elevator_is_blocked) -> F sensor_captures_data);['sensor_captures_data', 'constructor_creates_instances', 'elevator_is_blocked']
at some point in time the train derails after the sensor retrieves data or the engine starts;G((engine_starts | sensor_retrieves_data) -> F train_derails);['train_derails', 'engine_starts', 'sensor_retrieves_data']
whenever either the brake is released or a house collapses then at some point in time the semaphore is yellow;G((brake_is_released | house_collapses) -> F semaphore_is_yellow);['house_collapses', 'semaphore_is_yellow', 'brake_is_released']
always when the bar is down or a manager collect claims then at some point a train derails;G((bar_is_down | manager_collect_claims) -> F train_derails);['train_derails', 'manager_collect_claims', 'bar_is_down']
after either a train derails or the engine starts, eventually, a train has arrived;G((engine_starts | train_derails) -> F train_has_arrived);['train_derails', 'engine_starts', 'train_has_arrived']
whenever either a manager handles requests or a motorbike catches fire then it will happen that the train derails;G((manager_handles_requests | motorbike_catches_fire) -> F train_derails);['train_derails', 'motorbike_catches_fire', 'manager_handles_requests']
after the elevator falls or a motorbike catches fire, sooner or later the train has arrived;G((elevator_falls | motorbike_catches_fire) -> F train_has_arrived);['elevator_falls', 'motorbike_catches_fire', 'train_has_arrived']
at some point the train derails after a table is old or a constructor instantiate objects;G((constructor_instantiate_objects | table_is_old) -> F train_derails);['train_derails', 'constructor_instantiate_objects', 'table_is_old']
at some point in time a train has arrived after an elevator rises or the sensor gathers information;G((elevator_rises | sensor_gathers_information) -> F train_has_arrived);['elevator_rises', 'sensor_gathers_information', 'train_has_arrived']
whenever either a train has been launched or a constructor instantiate objects then it is going to happen that the semaphore is yellow;G((constructor_instantiate_objects | train_has_been_launched) -> F semaphore_is_yellow);['constructor_instantiate_objects', 'semaphore_is_yellow', 'train_has_been_launched']
if the engine starts or the motorbike catches fire then it should not happen that both a motorbike has stopped and a car starts;G((engine_starts | motorbike_catches_fire) -> G!(car_starts & motorbike_has_stopped));['car_starts', 'motorbike_catches_fire', 'engine_starts', 'motorbike_has_stopped']
after either a sensor captures data or the escalator moves, it will not happen that a house is open and a semaphore is green;G((escalator_moves | sensor_captures_data) -> G!(house_is_open & semaphore_is_green));['house_is_open', 'sensor_captures_data', 'escalator_moves', 'semaphore_is_green']
after the escalator is blocked or the car starts, it is never the case that both the sensor captures data and the brake is released;G((car_starts | escalator_is_blocked) -> G!(brake_is_released & sensor_captures_data));['car_starts', 'sensor_captures_data', 'brake_is_released', 'escalator_is_blocked']
always either the escalator is blocked or a car starts implies that absolutely never, the house is open and a semaphore is green;G((car_starts | escalator_is_blocked) -> G!(house_is_open & semaphore_is_green));['house_is_open', 'car_starts', 'semaphore_is_green', 'escalator_is_blocked']
after the bar has to be repaired or the motorbike falls down, it should not happen that the bar is down and the train has been launched;G((bar_has_to_be_repaired | motorbike_falls_down) -> G!(bar_is_down & train_has_been_launched));['motorbike_falls_down', 'bar_has_to_be_repaired', 'train_has_been_launched', 'bar_is_down']
always the escalator moves or a table is old implies that under no circumstances both an elevator falls and the bar is up;G((escalator_moves | table_is_old) -> G!(bar_is_up & elevator_falls));['bar_is_up', 'table_is_old', 'elevator_falls', 'escalator_moves']
every time either the escalator is blocked or a motorbike has started then it will not happen that the house is open and a motorbike has started;G((escalator_is_blocked | motorbike_has_started) -> G!(house_is_open & motorbike_has_started));['house_is_open', 'motorbike_has_started', 'escalator_is_blocked']
always either a train stops or the semaphore is red implies that under no circumstances both the bar is closing and the semaphore is green;G((semaphore_is_red | train_stops) -> G!(bar_is_closing & semaphore_is_green));['semaphore_is_red', 'bar_is_closing', 'semaphore_is_green', 'train_stops']
always either a motorbike is driven or the escalator speeds up implies that under no condition both the constructor creates instances and the car enters;G((escalator_speeds_up | motorbike_is_driven) -> G!(car_enters & constructor_creates_instances));['escalator_speeds_up', 'motorbike_is_driven', 'constructor_creates_instances', 'car_enters']
every time the bar has to be repaired or the train has arrived then it never happens that the motorbike falls down and the engine starts;G((bar_has_to_be_repaired | train_has_arrived) -> G!(engine_starts & motorbike_falls_down));['motorbike_falls_down', 'bar_has_to_be_repaired', 'engine_starts', 'train_has_arrived']
always the escalator moves or the table is old implies that at no time both the elevator rises and the train has arrived;G((escalator_moves | table_is_old) -> G!(elevator_rises & train_has_arrived));['table_is_old', 'elevator_rises', 'escalator_moves', 'train_has_arrived']
it is never the case that the engine breaks and the bar is closing after the engine stops or a train is crossing;G((engine_stops | train_is_crossing) -> G!(bar_is_closing & engine_breaks));['train_is_crossing', 'bar_is_closing', 'engine_breaks', 'engine_stops']
whenever a semaphore is green or the bar is up then it should not happen that either the escalator is blocked or a car starts;G((bar_is_up | semaphore_is_green) -> G!(car_starts | escalator_is_blocked));['car_starts', 'bar_is_up', 'semaphore_is_green', 'escalator_is_blocked']
after either the bar has to be repaired or the motorbike falls down, absolutely never, the elevator is open or a manager handles requests;G((bar_has_to_be_repaired | motorbike_falls_down) -> G!(elevator_is_open | manager_handles_requests));['motorbike_falls_down', 'bar_has_to_be_repaired', 'elevator_is_open', 'manager_handles_requests']
after the train stops or the semaphore is red, it is never the case that either the house collapses or the bar is closing;G((semaphore_is_red | train_stops) -> G!(bar_is_closing | house_collapses));['semaphore_is_red', 'bar_is_closing', 'house_collapses', 'train_stops']
every time either the manager collect claims or the elevator falls then under no circumstances the escalator moves or a table is old;G((elevator_falls | manager_collect_claims) -> G!(escalator_moves | table_is_old));['manager_collect_claims', 'table_is_old', 'elevator_falls', 'escalator_moves']
after an elevator is open or the bar is closing, it never happens that the escalator moves or a table is old;G((bar_is_closing | elevator_is_open) -> G!(escalator_moves | table_is_old));['bar_is_closing', 'table_is_old', 'escalator_moves', 'elevator_is_open']
if a train derails or a motorbike falls down then under no condition either the engine starts or the train is crossing;G((motorbike_falls_down | train_derails) -> G!(engine_starts | train_is_crossing));['train_is_crossing', 'train_derails', 'motorbike_falls_down', 'engine_starts']
if either a house collapses or the bar is closing then never, either the car stops or the house collapses;G((bar_is_closing | house_collapses) -> G!(car_stops | house_collapses));['bar_is_closing', 'car_stops', 'house_collapses']
after either the engine starts or a motorbike catches fire, it will not happen that either a table is brown or a car stops;G((engine_starts | motorbike_catches_fire) -> G!(car_stops | table_is_brown));['table_is_brown', 'car_stops', 'motorbike_catches_fire', 'engine_starts']
every time a sensor captures data or a table has been moved then under no condition the bar has to be repaired or a motorbike falls down;G((sensor_captures_data | table_has_been_moved) -> G!(bar_has_to_be_repaired | motorbike_falls_down));['motorbike_falls_down', 'table_has_been_moved', 'sensor_captures_data', 'bar_has_to_be_repaired']
always either a house collapses or the bar is closing implies that it is never the case that either the sensor captures data or the table has been moved;G((bar_is_closing | house_collapses) -> G!(sensor_captures_data | table_has_been_moved));['bar_is_closing', 'table_has_been_moved', 'sensor_captures_data', 'house_collapses']
every time either a train derails or a motorbike falls down then it never happens that the motorbike is driven or the escalator speeds up;G((motorbike_falls_down | train_derails) -> G!(escalator_speeds_up | motorbike_is_driven));['escalator_speeds_up', 'train_derails', 'motorbike_falls_down', 'motorbike_is_driven']
every time either the sensor captures data or the escalator moves then never, either the escalator is blocked or a motorbike has started;G((escalator_moves | sensor_captures_data) -> G!(escalator_is_blocked | motorbike_has_started));['sensor_captures_data', 'escalator_moves', 'motorbike_has_started', 'escalator_is_blocked']
after the manager handles requests or the table is old, always, the brake is pressed and the bar is down;G((manager_handles_requests | table_is_old) -> G(bar_is_down & brake_is_pressed));['brake_is_pressed', 'table_is_old', 'bar_is_down', 'manager_handles_requests']
if the bar has to be repaired or the escalator moves then it is always the case that both the motorbike falls down and a table has been moved;G((bar_has_to_be_repaired | escalator_moves) -> G(motorbike_falls_down & table_has_been_moved));['motorbike_falls_down', 'table_has_been_moved', 'bar_has_to_be_repaired', 'escalator_moves']
if either the bridge closes or a bridge opens then in any case the semaphore is yellow and a train stops;G((bridge_closes | bridge_opens) -> G(semaphore_is_yellow & train_stops));['semaphore_is_yellow', 'bridge_opens', 'bridge_closes', 'train_stops']
after either the escalator speeds up or a sensor gathers information, every time the constructor creates instances and a car stops;G((escalator_speeds_up | sensor_gathers_information) -> G(car_stops & constructor_creates_instances));['escalator_speeds_up', 'car_stops', 'constructor_creates_instances', 'sensor_gathers_information']
at any time a motorbike falls down and the escalator is blocked after a manager handles requests or the motorbike has started;G((manager_handles_requests | motorbike_has_started) -> G(escalator_is_blocked & motorbike_falls_down));['motorbike_falls_down', 'motorbike_has_started', 'manager_handles_requests', 'escalator_is_blocked']
whenever either the engine stops or a car enters then forever, both a semaphore is red and the brake is released;G((car_enters | engine_stops) -> G(brake_is_released & semaphore_is_red));['semaphore_is_red', 'car_enters', 'brake_is_released', 'engine_stops']
after a semaphore is green or the bar is up, at any time an elevator falls and the engine starts;G((bar_is_up | semaphore_is_green) -> G(elevator_falls & engine_starts));['bar_is_up', 'elevator_falls', 'engine_starts', 'semaphore_is_green']
at any time the bar is down and the semaphore is red after the car starts or an elevator falls;G((car_starts | elevator_falls) -> G(bar_is_down & semaphore_is_red));['car_starts', 'semaphore_is_red', 'elevator_falls', 'bar_is_down']
if either the table is brown or the house collapses then it is always true that both the engine starts and a house is built;G((house_collapses | table_is_brown) -> G(engine_starts & house_is_built));['house_is_built', 'table_is_brown', 'house_collapses', 'engine_starts']
every time the engine stops or a table is brown then eternally, both the constructor creates instances and the car stops;G((engine_stops | table_is_brown) -> G(car_stops & constructor_creates_instances));['table_is_brown', 'car_stops', 'constructor_creates_instances', 'engine_stops']
eternally, both the engine starts and the table is old after the motorbike has stopped or the semaphore is yellow;G((motorbike_has_stopped | semaphore_is_yellow) -> G(engine_starts & table_is_old));['table_is_old', 'semaphore_is_yellow', 'engine_starts', 'motorbike_has_stopped']
after the escalator is blocked or the escalator moves, in any case the train has been launched and the motorbike is driven;G((escalator_is_blocked | escalator_moves) -> G(motorbike_is_driven & train_has_been_launched));['motorbike_is_driven', 'train_has_been_launched', 'escalator_moves', 'escalator_is_blocked']
every time either a motorbike catches fire or the escalator speeds up then forever, either the constructor creates instances or the escalator is blocked;G((escalator_speeds_up | motorbike_catches_fire) -> G(constructor_creates_instances | escalator_is_blocked));['escalator_speeds_up', 'constructor_creates_instances', 'motorbike_catches_fire', 'escalator_is_blocked']
after either the manager handles requests or the table is old, forever, a sensor captures data or the brake is released;G((manager_handles_requests | table_is_old) -> G(brake_is_released | sensor_captures_data));['sensor_captures_data', 'table_is_old', 'brake_is_released', 'manager_handles_requests']
if either the manager collect claims or the escalator speeds up then always, either a house collapses or the table is old;G((escalator_speeds_up | manager_collect_claims) -> G(house_collapses | table_is_old));['escalator_speeds_up', 'manager_collect_claims', 'table_is_old', 'house_collapses']
it is always true that the car starts or the bar is closing after the bridge opens or the motorbike has started;G((bridge_opens | motorbike_has_started) -> G(bar_is_closing | car_starts));['car_starts', 'bar_is_closing', 'bridge_opens', 'motorbike_has_started']
if the manager handles requests or the table is old then in any case the motorbike has started or the escalator speeds up;G((manager_handles_requests | table_is_old) -> G(escalator_speeds_up | motorbike_has_started));['escalator_speeds_up', 'table_is_old', 'motorbike_has_started', 'manager_handles_requests']
every time the car stops or the bar has to be repaired then in any case either the house is built or an elevator is open;G((bar_has_to_be_repaired | car_stops) -> G(elevator_is_open | house_is_built));['house_is_built', 'car_stops', 'bar_has_to_be_repaired', 'elevator_is_open']
if the engine stops or the table is brown then all the time either the escalator is blocked or the escalator moves;G((engine_stops | table_is_brown) -> G(escalator_is_blocked | escalator_moves));['table_is_brown', 'escalator_moves', 'escalator_is_blocked', 'engine_stops']
after either the manager handles requests or the table is old, forever, either a motorbike has stopped or the escalator speeds up;G((manager_handles_requests | table_is_old) -> G(escalator_speeds_up | motorbike_has_stopped));['escalator_speeds_up', 'table_is_old', 'motorbike_has_stopped', 'manager_handles_requests']
it is always true that the brake is released or the escalator is blocked after a car enters or a train has arrived;G((car_enters | train_has_arrived) -> G(brake_is_released | escalator_is_blocked));['car_enters', 'brake_is_released', 'escalator_is_blocked', 'train_has_arrived']
if a motorbike falls down or a house collapses then it is always the case that either a car enters or a train has arrived;G((house_collapses | motorbike_falls_down) -> G(car_enters | train_has_arrived));['motorbike_falls_down', 'car_enters', 'house_collapses', 'train_has_arrived']
it is always true that a table is brown or the house collapses after a motorbike has stopped or the elevator is blocked;G((elevator_is_blocked | motorbike_has_stopped) -> G(house_collapses | table_is_brown));['table_is_brown', 'house_collapses', 'motorbike_has_stopped', 'elevator_is_blocked']
whenever either a motorbike falls down or a house collapses then all the time a sensor captures data or the brake is released;G((house_collapses | motorbike_falls_down) -> G(brake_is_released | sensor_captures_data));['motorbike_falls_down', 'sensor_captures_data', 'house_collapses', 'brake_is_released']
every time either the motorbike catches fire or the escalator speeds up then every time the semaphore is yellow;G((escalator_speeds_up | motorbike_catches_fire) -> G semaphore_is_yellow);['escalator_speeds_up', 'semaphore_is_yellow', 'motorbike_catches_fire']
forever, the semaphore is yellow after a manager handles requests or a motorbike has started;G((manager_handles_requests | motorbike_has_started) -> G semaphore_is_yellow);['semaphore_is_yellow', 'motorbike_has_started', 'manager_handles_requests']
whenever either the bridge closes or the bridge opens then it is always the case that the semaphore is yellow;G((bridge_closes | bridge_opens) -> G semaphore_is_yellow);['semaphore_is_yellow', 'bridge_opens', 'bridge_closes']
after the bar has to be repaired or the escalator moves, it is always the case that a semaphore is yellow;G((bar_has_to_be_repaired | escalator_moves) -> G semaphore_is_yellow);['bar_has_to_be_repaired', 'semaphore_is_yellow', 'escalator_moves']
if either a car starts or the elevator falls then forever, a semaphore is yellow;G((car_starts | elevator_falls) -> G semaphore_is_yellow);['car_starts', 'semaphore_is_yellow', 'elevator_falls']
every time a car starts or the bar is closing then it is always the case that a semaphore is yellow;G((bar_is_closing | car_starts) -> G semaphore_is_yellow);['car_starts', 'bar_is_closing', 'semaphore_is_yellow']
whenever the sensor captures data or the engine breaks then at any time a semaphore is yellow;G((engine_breaks | sensor_captures_data) -> G semaphore_is_yellow);['sensor_captures_data', 'semaphore_is_yellow', 'engine_breaks']
after the elevator is open or the house is built, eternally, a semaphore is yellow;G((elevator_is_open | house_is_built) -> G semaphore_is_yellow);['house_is_built', 'semaphore_is_yellow', 'elevator_is_open']
after either the manager collect claims or the sensor gathers information, it is always true that the semaphore is yellow;G((manager_collect_claims | sensor_gathers_information) -> G semaphore_is_yellow);['manager_collect_claims', 'semaphore_is_yellow', 'sensor_gathers_information']
whenever the brake is pressed or the elevator is blocked then eternally, the semaphore is yellow;G((brake_is_pressed | elevator_is_blocked) -> G semaphore_is_yellow);['brake_is_pressed', 'semaphore_is_yellow', 'elevator_is_blocked']
if a sensor captures data or the brake is released then at any time the semaphore is yellow;G((brake_is_released | sensor_captures_data) -> G semaphore_is_yellow);['sensor_captures_data', 'semaphore_is_yellow', 'brake_is_released']
whenever a bridge opens or a motorbike has started then it is always the case that the semaphore is yellow;G((bridge_opens | motorbike_has_started) -> G semaphore_is_yellow);['semaphore_is_yellow', 'bridge_opens', 'motorbike_has_started']
it is always the case that the escalator is blocked and together the bar is closing and the escalator speeds up;G(bar_is_closing & escalator_is_blocked & escalator_speeds_up);['escalator_speeds_up', 'bar_is_closing', 'escalator_is_blocked']
every time the house is open and together the train has arrived and an elevator is blocked;G(elevator_is_blocked & house_is_open & train_has_arrived);['house_is_open', 'elevator_is_blocked', 'train_has_arrived']
every time the motorbike has stopped and, at the same time, the table is brown and the table has been moved;G(motorbike_has_stopped & table_has_been_moved & table_is_brown);['table_has_been_moved', 'table_is_brown', 'motorbike_has_stopped']
every time the brake is released and, at the same time, the brake is pressed and the house is open;G(brake_is_pressed & brake_is_released & house_is_open);['brake_is_pressed', 'house_is_open', 'brake_is_released']
eternally, a train is crossing and together the escalator is blocked and a sensor captures data;G(escalator_is_blocked & sensor_captures_data & train_is_crossing);['train_is_crossing', 'sensor_captures_data', 'escalator_is_blocked']
in any case the bar is closing and together the engine breaks and a sensor gathers information;G(bar_is_closing & engine_breaks & sensor_gathers_information);['bar_is_closing', 'sensor_gathers_information', 'engine_breaks']
eternally, the bar is up, the sensor captures data and a constructor creates instances;G(bar_is_up & constructor_creates_instances & sensor_captures_data);['bar_is_up', 'sensor_captures_data', 'constructor_creates_instances']
at any time the escalator is blocked, the engine starts and the bar is up;G(bar_is_up & engine_starts & escalator_is_blocked);['bar_is_up', 'engine_starts', 'escalator_is_blocked']
in any case a motorbike falls down and, at the same time, the semaphore is broken and the table is brown;G(motorbike_falls_down & semaphore_is_broken & table_is_brown);['motorbike_falls_down', 'table_is_brown', 'semaphore_is_broken']
it is always true that the bar has to be repaired and, at the same time, the bar is up and the bar is closing;G(bar_has_to_be_repaired & bar_is_closing & bar_is_up);['bar_is_up', 'bar_is_closing', 'bar_has_to_be_repaired']
it is always true that the escalator speeds up and together the constructor creates instances and a train has arrived;G(constructor_creates_instances & escalator_speeds_up & train_has_arrived);['escalator_speeds_up', 'constructor_creates_instances', 'train_has_arrived']
every time the bar has to be repaired, the escalator moves and the engine breaks;G(bar_has_to_be_repaired & engine_breaks & escalator_moves);['bar_has_to_be_repaired', 'escalator_moves', 'engine_breaks']
always, the escalator speeds up and the bridge opens;G(bridge_opens & escalator_speeds_up);['escalator_speeds_up', 'bridge_opens']
it is always the case that a train derails and the train has been launched;G(train_derails & train_has_been_launched);['train_derails', 'train_has_been_launched']
it is always the case that both the engine stops and a car starts;G(car_starts & engine_stops);['car_starts', 'engine_stops']
every time the semaphore is broken and the table is old;G(semaphore_is_broken & table_is_old);['table_is_old', 'semaphore_is_broken']
it is always true that the semaphore is yellow and the escalator speeds up;G(escalator_speeds_up & semaphore_is_yellow);['escalator_speeds_up', 'semaphore_is_yellow']
at any time both the bar is up and a semaphore is yellow;G(bar_is_up & semaphore_is_yellow);['bar_is_up', 'semaphore_is_yellow']
always, the semaphore is green and the escalator is blocked;G(escalator_is_blocked & semaphore_is_green);['semaphore_is_green', 'escalator_is_blocked']
at any time the elevator rises and the escalator is blocked;G(elevator_rises & escalator_is_blocked);['elevator_rises', 'escalator_is_blocked']
forever, a motorbike is driven and a manager handles requests;G(manager_handles_requests & motorbike_is_driven);['motorbike_is_driven', 'manager_handles_requests']
all the time the sensor gathers information and a train stops;G(sensor_gathers_information & train_stops);['sensor_gathers_information', 'train_stops']
at any time the bar has to be repaired and the house collapses;G(bar_has_to_be_repaired & house_collapses);['bar_has_to_be_repaired', 'house_collapses']
at any time both the sensor captures data and the house is open;G(house_is_open & sensor_captures_data);['house_is_open', 'sensor_captures_data']
as the semaphore is yellow, at some point in time the semaphore is green and the engine starts;G(semaphore_is_yellow -> F(engine_starts & semaphore_is_green));['semaphore_is_yellow', 'engine_starts', 'semaphore_is_green']
whenever the semaphore is yellow then finally, both the motorbike catches fire and a semaphore is red;G(semaphore_is_yellow -> F(motorbike_catches_fire & semaphore_is_red));['semaphore_is_red', 'semaphore_is_yellow', 'motorbike_catches_fire']
whenever the semaphore is yellow then at some point in time both a bridge opens and the train has been launched;G(semaphore_is_yellow -> F(bridge_opens & train_has_been_launched));['semaphore_is_yellow', 'bridge_opens', 'train_has_been_launched']
whenever the semaphore is yellow then it will happen that a sensor retrieves data and a manager handles requests;G(semaphore_is_yellow -> F(manager_handles_requests & sensor_retrieves_data));['semaphore_is_yellow', 'sensor_retrieves_data', 'manager_handles_requests']
whenever a train has arrived then sooner or later a bridge opens and the sensor retrieves data;G(train_has_arrived -> F(bridge_opens & sensor_retrieves_data));['bridge_opens', 'sensor_retrieves_data', 'train_has_arrived']
every time the sensor captures data then at a certain moment both a table is brown and the bridge closes;G(sensor_captures_data -> F(bridge_closes & table_is_brown));['table_is_brown', 'sensor_captures_data', 'bridge_closes']
always when a train derails then in the future both the sensor retrieves data and a manager handles requests;G(train_derails -> F(manager_handles_requests & sensor_retrieves_data));['train_derails', 'sensor_retrieves_data', 'manager_handles_requests']
after a train has arrived, at some point in time both the train has arrived and a train is crossing;G(train_has_arrived -> F(train_has_arrived & train_is_crossing));['train_is_crossing', 'train_has_arrived']
every time a semaphore is yellow then eventually, a house is open and the bar is closing;G(semaphore_is_yellow -> F(bar_is_closing & house_is_open));['house_is_open', 'bar_is_closing', 'semaphore_is_yellow']
whenever a train has arrived then at a certain moment both the motorbike has stopped and the escalator moves;G(train_has_arrived -> F(escalator_moves & motorbike_has_stopped));['escalator_moves', 'motorbike_has_stopped', 'train_has_arrived']
always when the semaphore is yellow then in the future both the car enters and the brake is released;G(semaphore_is_yellow -> F(brake_is_released & car_enters));['car_enters', 'semaphore_is_yellow', 'brake_is_released']
in the future the bar is up and a motorbike has started after a semaphore is yellow;G(semaphore_is_yellow -> F(bar_is_up & motorbike_has_started));['bar_is_up', 'semaphore_is_yellow', 'motorbike_has_started']
after the train has arrived, at a certain moment either a house is open or a constructor instantiate objects;G(train_has_arrived -> F(constructor_instantiate_objects | house_is_open));['house_is_open', 'constructor_instantiate_objects', 'train_has_arrived']
as the train has arrived, in the future either the bar has to be repaired or the escalator speeds up;G(train_has_arrived -> F(bar_has_to_be_repaired | escalator_speeds_up));['escalator_speeds_up', 'bar_has_to_be_repaired', 'train_has_arrived']
as a train has arrived, at some point either the bar is closing or a table has been moved;G(train_has_arrived -> F(bar_is_closing | table_has_been_moved));['bar_is_closing', 'table_has_been_moved', 'train_has_arrived']
as the train has arrived, in the future the car starts or the car stops;G(train_has_arrived -> F(car_starts | car_stops));['car_starts', 'car_stops', 'train_has_arrived']
whenever the sensor captures data then it will happen that the bridge opens or the elevator rises;G(sensor_captures_data -> F(bridge_opens | elevator_rises));['sensor_captures_data', 'bridge_opens', 'elevator_rises']
always when a train derails then at a certain moment either the elevator rises or the semaphore is yellow;G(train_derails -> F(elevator_rises | semaphore_is_yellow));['train_derails', 'semaphore_is_yellow', 'elevator_rises']
at some point either the constructor creates instances or a motorbike falls down after a semaphore is yellow;G(semaphore_is_yellow -> F(constructor_creates_instances | motorbike_falls_down));['motorbike_falls_down', 'constructor_creates_instances', 'semaphore_is_yellow']
whenever a semaphore is yellow then in the future a semaphore is red or the engine stops;G(semaphore_is_yellow -> F(engine_stops | semaphore_is_red));['semaphore_is_red', 'semaphore_is_yellow', 'engine_stops']
eventually, either a table is brown or the bar has to be repaired after a train derails;G(train_derails -> F(bar_has_to_be_repaired | table_is_brown));['train_derails', 'table_is_brown', 'bar_has_to_be_repaired']
every time a sensor captures data then in the future either the sensor captures data or a house is open;G(sensor_captures_data -> F(house_is_open | sensor_captures_data));['house_is_open', 'sensor_captures_data']
after the semaphore is yellow, finally, the house is built or the car stops;G(semaphore_is_yellow -> F(car_stops | house_is_built));['house_is_built', 'car_stops', 'semaphore_is_yellow']
whenever a semaphore is yellow then at some point the table has been moved or a train stops;G(semaphore_is_yellow -> F(table_has_been_moved | train_stops));['table_has_been_moved', 'semaphore_is_yellow', 'train_stops']
sooner or later the train derails after the train has arrived;G(train_has_arrived -> F train_derails);['train_derails', 'train_has_arrived']
as a semaphore is yellow, at some point the sensor captures data;G(semaphore_is_yellow -> F sensor_captures_data);['sensor_captures_data', 'semaphore_is_yellow']
if a sensor captures data then finally, a train derails;G(sensor_captures_data -> F train_derails);['train_derails', 'sensor_captures_data']
whenever the train derails then it will happen that the train has arrived;G(train_derails -> F train_has_arrived);['train_derails', 'train_has_arrived']
if the train has arrived then finally, the sensor captures data;G(train_has_arrived -> F sensor_captures_data);['sensor_captures_data', 'train_has_arrived']
after the sensor captures data, sooner or later the train has arrived;G(sensor_captures_data -> F train_has_arrived);['sensor_captures_data', 'train_has_arrived']
whenever the semaphore is yellow then in the future a train derails;G(semaphore_is_yellow -> F train_derails);['train_derails', 'semaphore_is_yellow']
as a train derails, it will happen that a sensor captures data;G(train_derails -> F sensor_captures_data);['train_derails', 'sensor_captures_data']
after a sensor captures data, at some point the semaphore is yellow;G(sensor_captures_data -> F semaphore_is_yellow);['sensor_captures_data', 'semaphore_is_yellow']
every time the semaphore is yellow then sooner or later a train has arrived;G(semaphore_is_yellow -> F train_has_arrived);['semaphore_is_yellow', 'train_has_arrived']
whenever a train has arrived then at a certain moment the semaphore is yellow;G(train_has_arrived -> F semaphore_is_yellow);['semaphore_is_yellow', 'train_has_arrived']
as the train derails, at some point in time the semaphore is yellow;G(train_derails -> F semaphore_is_yellow);['train_derails', 'semaphore_is_yellow']
every time both a motorbike falls down and the escalator is blocked after a semaphore is yellow;G(semaphore_is_yellow -> G(escalator_is_blocked & motorbike_falls_down));['motorbike_falls_down', 'semaphore_is_yellow', 'escalator_is_blocked']
if a semaphore is yellow then every time the bar is down and a semaphore is red;G(semaphore_is_yellow -> G(bar_is_down & semaphore_is_red));['semaphore_is_red', 'semaphore_is_yellow', 'bar_is_down']
every time the semaphore is yellow then eternally, both the train has been launched and the bar is closing;G(semaphore_is_yellow -> G(bar_is_closing & train_has_been_launched));['bar_is_closing', 'semaphore_is_yellow', 'train_has_been_launched']
it is always the case that the elevator is open and a train has been launched after the semaphore is yellow;G(semaphore_is_yellow -> G(elevator_is_open & train_has_been_launched));['semaphore_is_yellow', 'train_has_been_launched', 'elevator_is_open']
whenever the semaphore is yellow then all the time both a semaphore is yellow and the train stops;G(semaphore_is_yellow -> G(semaphore_is_yellow & train_stops));['semaphore_is_yellow', 'train_stops']
whenever the semaphore is yellow then always, the motorbike falls down and a table has been moved;G(semaphore_is_yellow -> G(motorbike_falls_down & table_has_been_moved));['motorbike_falls_down', 'table_has_been_moved', 'semaphore_is_yellow']
if a semaphore is yellow then it is always the case that the bar has to be repaired and the bridge opens;G(semaphore_is_yellow -> G(bar_has_to_be_repaired & bridge_opens));['bar_has_to_be_repaired', 'semaphore_is_yellow', 'bridge_opens']
after a semaphore is yellow, all the time the sensor retrieves data and the engine breaks;G(semaphore_is_yellow -> G(engine_breaks & sensor_retrieves_data));['semaphore_is_yellow', 'sensor_retrieves_data', 'engine_breaks']
whenever the semaphore is yellow then eternally, both the engine stops and a bridge opens;G(semaphore_is_yellow -> G(bridge_opens & engine_stops));['semaphore_is_yellow', 'bridge_opens', 'engine_stops']
if the semaphore is yellow then eternally, the brake is released and the bar has to be repaired;G(semaphore_is_yellow -> G(bar_has_to_be_repaired & brake_is_released));['bar_has_to_be_repaired', 'semaphore_is_yellow', 'brake_is_released']
after the semaphore is yellow, it is always true that the manager collect claims and the escalator is blocked;G(semaphore_is_yellow -> G(escalator_is_blocked & manager_collect_claims));['manager_collect_claims', 'semaphore_is_yellow', 'escalator_is_blocked']
whenever a semaphore is yellow then forever, both a table is brown and the car starts;G(semaphore_is_yellow -> G(car_starts & table_is_brown));['car_starts', 'table_is_brown', 'semaphore_is_yellow']
the car starts implies that if the table is old then in the future the house is open;G(car_starts -> G(table_is_old -> F house_is_open));['house_is_open', 'car_starts', 'table_is_old']
the table has been moved and, as a consequence, always when a car enters then at some point the motorbike catches fire;G(table_has_been_moved -> G(car_enters -> F motorbike_catches_fire));['table_has_been_moved', 'car_enters', 'motorbike_catches_fire']
the semaphore is red and, as a consequence, after the table is brown, in the future a car starts;G(semaphore_is_red -> G(table_is_brown -> F car_starts));['car_starts', 'semaphore_is_red', 'table_is_brown']
when the escalator moves then as the train is crossing, it will happen that the car enters afterwards;G(escalator_moves -> G(train_is_crossing -> F car_enters));['train_is_crossing', 'car_enters', 'escalator_moves']
the car starts and, as a consequence, whenever the brake is pressed then it is going to happen that the semaphore is green;G(car_starts -> G(brake_is_pressed -> F semaphore_is_green));['brake_is_pressed', 'car_starts', 'semaphore_is_green']
the table has been moved involves that after a bridge closes, it will happen that the motorbike has stopped;G(table_has_been_moved -> G(bridge_closes -> F motorbike_has_stopped));['table_has_been_moved', 'bridge_closes', 'motorbike_has_stopped']
a motorbike has stopped implies that eventually, the car starts after a motorbike catches fire;G(motorbike_has_stopped -> G(motorbike_catches_fire -> F car_starts));['car_starts', 'motorbike_catches_fire', 'motorbike_has_stopped']
each time a motorbike catches fire then always when the sensor retrieves data then at some point in time a semaphore is yellow;G(motorbike_catches_fire -> G(sensor_retrieves_data -> F semaphore_is_yellow));['semaphore_is_yellow', 'motorbike_catches_fire', 'sensor_retrieves_data']
the engine starts implies that after a sensor retrieves data, eventually, the car starts;G(engine_starts -> G(sensor_retrieves_data -> F car_starts));['car_starts', 'engine_starts', 'sensor_retrieves_data']
the bar has to be repaired implies that every time a semaphore is red then it will happen that an elevator falls;G(bar_has_to_be_repaired -> G(semaphore_is_red -> F elevator_falls));['semaphore_is_red', 'bar_has_to_be_repaired', 'elevator_falls']
the train derails and, as a consequence, it is going to happen that a motorbike catches fire after the elevator falls;G(train_derails -> G(elevator_falls -> F motorbike_catches_fire));['train_derails', 'elevator_falls', 'motorbike_catches_fire']
each time a bridge closes then sooner or later an elevator is blocked after the car enters;G(bridge_closes -> G(car_enters -> F elevator_is_blocked));['car_enters', 'bridge_closes', 'elevator_is_blocked']
it is always true that a semaphore is green or the house collapses after a semaphore is yellow;G(semaphore_is_yellow -> G(house_collapses | semaphore_is_green));['house_collapses', 'semaphore_is_yellow', 'semaphore_is_green']
it is always the case that a car stops or the brake is released after the semaphore is yellow;G(semaphore_is_yellow -> G(brake_is_released | car_stops));['car_stops', 'semaphore_is_yellow', 'brake_is_released']
it is always the case that either the motorbike has started or the escalator speeds up after a semaphore is yellow;G(semaphore_is_yellow -> G(escalator_speeds_up | motorbike_has_started));['escalator_speeds_up', 'semaphore_is_yellow', 'motorbike_has_started']
whenever a semaphore is yellow then eternally, a motorbike falls down or a house collapses;G(semaphore_is_yellow -> G(house_collapses | motorbike_falls_down));['motorbike_falls_down', 'house_collapses', 'semaphore_is_yellow']
if a semaphore is yellow then it is always the case that either a house collapses or a table is old;G(semaphore_is_yellow -> G(house_collapses | table_is_old));['table_is_old', 'house_collapses', 'semaphore_is_yellow']
every time a semaphore is yellow then at any time the elevator is open or a house is built;G(semaphore_is_yellow -> G(elevator_is_open | house_is_built));['house_is_built', 'semaphore_is_yellow', 'elevator_is_open']
if the semaphore is yellow then all the time the car starts or an elevator falls;G(semaphore_is_yellow -> G(car_starts | elevator_falls));['car_starts', 'semaphore_is_yellow', 'elevator_falls']
every time the semaphore is yellow then it is always true that the brake is released or the motorbike has started;G(semaphore_is_yellow -> G(brake_is_released | motorbike_has_started));['semaphore_is_yellow', 'brake_is_released', 'motorbike_has_started']
if the semaphore is yellow then it is always the case that either a constructor creates instances or a house is built;G(semaphore_is_yellow -> G(constructor_creates_instances | house_is_built));['house_is_built', 'constructor_creates_instances', 'semaphore_is_yellow']
after a semaphore is yellow, forever, either the car starts or the bar is closing;G(semaphore_is_yellow -> G(bar_is_closing | car_starts));['car_starts', 'bar_is_closing', 'semaphore_is_yellow']
every time the semaphore is yellow then at any time either the manager collect claims or the sensor gathers information;G(semaphore_is_yellow -> G(manager_collect_claims | sensor_gathers_information));['manager_collect_claims', 'semaphore_is_yellow', 'sensor_gathers_information']
if the semaphore is yellow then forever, either a motorbike has stopped or the escalator speeds up;G(semaphore_is_yellow -> G(escalator_speeds_up | motorbike_has_stopped));['escalator_speeds_up', 'semaphore_is_yellow', 'motorbike_has_stopped']
every time either a semaphore is green, a motorbike has stopped or the motorbike falls down;G(motorbike_falls_down | motorbike_has_stopped | semaphore_is_green);['motorbike_falls_down', 'motorbike_has_stopped', 'semaphore_is_green']
every time either the elevator rises, a sensor captures data or the table has been moved;G(elevator_rises | sensor_captures_data | table_has_been_moved);['table_has_been_moved', 'sensor_captures_data', 'elevator_rises']
forever, either the elevator rises, the semaphore is broken or the bar is down;G(bar_is_down | elevator_rises | semaphore_is_broken);['elevator_rises', 'semaphore_is_broken', 'bar_is_down']
at any time the engine stops or the bar is down or the motorbike has stopped;G(bar_is_down | engine_stops | motorbike_has_stopped);['motorbike_has_stopped', 'bar_is_down', 'engine_stops']
it is always true that a motorbike is driven or a car enters or the table is brown;G(car_enters | motorbike_is_driven | table_is_brown);['table_is_brown', 'motorbike_is_driven', 'car_enters']
forever, the car stops or the escalator moves or an elevator is open;G(car_stops | elevator_is_open | escalator_moves);['car_stops', 'escalator_moves', 'elevator_is_open']
in any case either the table is brown, the car stops or a semaphore is broken;G(car_stops | semaphore_is_broken | table_is_brown);['table_is_brown', 'car_stops', 'semaphore_is_broken']
it is always true that a manager handles requests or the sensor captures data or the motorbike catches fire;G(manager_handles_requests | motorbike_catches_fire | sensor_captures_data);['sensor_captures_data', 'motorbike_catches_fire', 'manager_handles_requests']
at any time the house is built or the bar is closing or the train has been launched;G(bar_is_closing | house_is_built | train_has_been_launched);['house_is_built', 'bar_is_closing', 'train_has_been_launched']
it is always the case that either the bar is up, a train is crossing or a bridge opens;G(bar_is_up | bridge_opens | train_is_crossing);['train_is_crossing', 'bar_is_up', 'bridge_opens']
eternally, either a constructor creates instances, the engine breaks or the escalator speeds up;G(constructor_creates_instances | engine_breaks | escalator_speeds_up);['escalator_speeds_up', 'constructor_creates_instances', 'engine_breaks']
forever, the train has arrived or the brake is released or a manager collect claims;G(brake_is_released | manager_collect_claims | train_has_arrived);['manager_collect_claims', 'brake_is_released', 'train_has_arrived']
all the time either the house is built or the train derails;G(house_is_built | train_derails);['train_derails', 'house_is_built']
always, either an elevator is blocked or the engine stops;G(elevator_is_blocked | engine_stops);['elevator_is_blocked', 'engine_stops']
at any time either the train has arrived or the house collapses;G(house_collapses | train_has_arrived);['house_collapses', 'train_has_arrived']
in any case the house collapses or the escalator speeds up;G(escalator_speeds_up | house_collapses);['escalator_speeds_up', 'house_collapses']
it is always the case that a train has arrived or a motorbike falls down;G(motorbike_falls_down | train_has_arrived);['motorbike_falls_down', 'train_has_arrived']
in any case the brake is pressed or the train stops;G(brake_is_pressed | train_stops);['brake_is_pressed', 'train_stops']
eternally, the brake is released or a manager collect claims;G(brake_is_released | manager_collect_claims);['manager_collect_claims', 'brake_is_released']
it is always true that the engine breaks or the manager collect claims;G(engine_breaks | manager_collect_claims);['manager_collect_claims', 'engine_breaks']
every time either the sensor retrieves data or the house is built;G(house_is_built | sensor_retrieves_data);['house_is_built', 'sensor_retrieves_data']
forever, either a house collapses or the brake is released;G(brake_is_released | house_collapses);['house_collapses', 'brake_is_released']
all the time either the engine breaks or a constructor creates instances;G(constructor_creates_instances | engine_breaks);['constructor_creates_instances', 'engine_breaks']
eternally, either the bridge closes or a sensor retrieves data;G(bridge_closes | sensor_retrieves_data);['bridge_closes', 'sensor_retrieves_data']
all the time a car enters;G car_enters;['car_enters']
it is always true that the semaphore is red;G semaphore_is_red;['semaphore_is_red']
it is always true that the engine stops;G engine_stops;['engine_stops']
eternally, the bridge closes;G bridge_closes;['bridge_closes']
at any time the elevator rises;G elevator_rises;['elevator_rises']
in any case the bar is down;G bar_is_down;['bar_is_down']
eternally, the table is brown;G table_is_brown;['table_is_brown']
every time the escalator moves;G escalator_moves;['escalator_moves']
it is always true that the semaphore is broken;G semaphore_is_broken;['semaphore_is_broken']
at any time the brake is released;G brake_is_released;['brake_is_released']
at any time a motorbike is driven;G motorbike_is_driven;['motorbike_is_driven']
all the time the elevator is blocked;G elevator_is_blocked;['elevator_is_blocked']
