Index,Requirement,Ground Truth,Response,Equivalent
6117,"If photo unsafe_person ever holds, photo gas_leak must have held beforehand.",F photo_unsafe_person -> (!photo_unsafe_person U (photo_gas_leak & !photo_unsafe_person)),G(photo_unsafe_person -> !photo_unsafe_person U photo_gas_leak),False
6118,"Whenever get_help holds, avoid the nearest_fire_source holds exactly three steps later.",G(get_help -> XXX avoid_nearest_fire_source),G(get_help -> !avoid_nearest_fire_source & X(!avoid_nearest_fire_source) & XX(!avoid_nearest_fire_source) & XXX(avoid_nearest_fire_source)),False
6119,never let_go orange and put_in apple bucket,put_in_apple_bucket & G!let_go_orange,G(!let_go_orange & !put_in_apple_bucket),False
6120,Retrieve letter 2 from post office 1 and deliver it to building 3,F(post_office_1 & F(p_lettter_2 & F(building_3 & pd))),F (pd & post_office_1 & p_lettter_2) & F (pd & building_3),False
6121,Keep revisiting area 2 and capturing a photo,GF(area_2 & photo),G F (area_2 & photo),True
6122,"in the future a train has been launched and, at the same time, a constructor creates instances and the table is brown",F(constructor_creates_instances & table_is_brown & train_has_been_launched),F (train_has_been_launched & constructor_creates_instances & table_is_brown),True
6123,Call for help holds at all times.,G get_help,G get_help,True
6124,at some time reach flag can infer that at some time withhold apple,F reach_flag -> F withhold_apple,F reach_flag -> F withhold_apple,True
6125,"as either a bridge closes or a train has arrived, at some point both a sensor captures data and the semaphore is yellow",G((bridge_closes | train_has_arrived) -> F(semaphore_is_yellow & sensor_captures_data)),F ((bridge_closes | train_has_arrived) & sensor_captures_data & semaphore_is_yellow),False
6126,Go to house_4 to pickup stack_4 and then proceed to street_2 and stay there,F(house_4 & F(p_stack_4 & F(street_2 & G street_2))),F (house_4 & p_stack_4) & G (house_4 & p_stack_4 -> F (street_2 & G street_2)),False
6127,always when a train derails and the brake is released then at some point in time the sensor captures data,G((brake_is_released & train_derails) -> F sensor_captures_data),G ((train_derails & brake_is_released) -> F sensor_captures_data),True
6128,"the car starts implies that as a sensor retrieves data, at some point in time the motorbike has stopped",G(car_starts -> G(sensor_retrieves_data -> F motorbike_has_stopped)),car_starts -> (sensor_retrieves_data -> F motorbike_has_stopped),False
6129,the robot has to go through the yellow or red_room to get to the blue_room,F((red_room | yellow_room) & F blue_room),G (blue_room -> (yellow_room V red_room) U blue_room),False
6130,at any time contact flag and at any time seize orange,F contact_flag & F seize_orange,G contact_flag & G seize_orange,False
6131,walk to the blue_room while avoiding the yellow_room,F blue_room & G!yellow_room,G (!yellow_room U blue_room),False
6117,"If photo unsafe_person ever holds, photo gas_leak must have held beforehand.",F photo_unsafe_person -> (!photo_unsafe_person U (photo_gas_leak & !photo_unsafe_person)),G(photo_unsafe_person -> !photo_unsafe_person U photo_gas_leak),False
6118,"Whenever get_help holds, avoid the nearest_fire_source holds exactly three steps later.",G(get_help -> XXX avoid_nearest_fire_source),G(get_help -> !avoid_nearest_fire_source & X(!avoid_nearest_fire_source) & XX(!avoid_nearest_fire_source) & XXX(avoid_nearest_fire_source)),False
6119,never let_go orange and put_in apple bucket,put_in_apple_bucket & G!let_go_orange,G(!let_go_orange & !put_in_apple_bucket),False
6120,Retrieve letter 2 from post office 1 and deliver it to building 3,F(post_office_1 & F(p_lettter_2 & F(building_3 & pd))),G (post_office_1 & p_lettter_2 -> F (pd & building_3)),False
6121,Keep revisiting area 2 and capturing a photo,GF(area_2 & photo),G F (area_2 & photo),True
6122,"in the future a train has been launched and, at the same time, a constructor creates instances and the table is brown",F(constructor_creates_instances & table_is_brown & train_has_been_launched),F (train_has_been_launched & constructor_creates_instances & table_is_brown),True
6123,Call for help holds at all times.,G get_help,G get_help,True
6124,at some time reach flag can infer that at some time withhold apple,F reach_flag -> F withhold_apple,F reach_flag -> F withhold_apple,True
6125,"as either a bridge closes or a train has arrived, at some point both a sensor captures data and the semaphore is yellow",G((bridge_closes | train_has_arrived) -> F(semaphore_is_yellow & sensor_captures_data)),F ((bridge_closes | train_has_arrived) & sensor_captures_data & semaphore_is_yellow),False
6126,Go to house_4 to pickup stack_4 and then proceed to street_2 and stay there,F(house_4 & F(p_stack_4 & F(street_2 & G street_2))),F (house_4 & p_stack_4) & G (house_4 & p_stack_4 -> F (street_2 & G street_2)),False
6127,always when a train derails and the brake is released then at some point in time the sensor captures data,G((brake_is_released & train_derails) -> F sensor_captures_data),G ((train_derails & brake_is_released) -> F sensor_captures_data),True
6128,"the car starts implies that as a sensor retrieves data, at some point in time the motorbike has stopped",G(car_starts -> G(sensor_retrieves_data -> F motorbike_has_stopped)),car_starts -> (sensor_retrieves_data -> F motorbike_has_stopped),False
6129,the robot has to go through the yellow or red_room to get to the blue_room,F((red_room | yellow_room) & F blue_room),G (blue_room -> (yellow_room V red_room) U blue_room),False
6130,at any time contact flag and at any time seize orange,F contact_flag & F seize_orange,G contact_flag & G seize_orange,False
6131,walk to the blue_room while avoiding the yellow_room,F blue_room & G!yellow_room,G (!yellow_room U blue_room),False
6132,"Ensure you collect box_5 from plant_8, then take it to store_6",F(plant_8 & F(p_box_5 & F(pd & store_6))),G (plant_8 & p_box_5 -> F (store_6 & p_box_5)),False
6133,"Either idle happens infinitely often, or get_help happens in the next step.",GF idle | X get_help,G(idle) | X(get_help),False
6134,"Once record the car on northwest_4th_street has occurred, get_help will never occur again.",G(record_car_northwest_4th_street -> XG!get_help),G(record_car_northwest_4th_street -> G(!get_help)),False
6135,never drop orange and pick_up fruit,pick_up_fruit & G!drop_orange,G(!drop_orange & !pick_up_fruit),False
6136,"eternally, the table is brown",G table_is_brown,G table_is_brown,True
6137,Avoid building 1 until street 4 is reached,!building_1 U street_4,!building_1 U street_4,True
6138,Do not leave parking_lot_4 until you reach car_5,parking_lot_4 U car_5,G (!parking_lot_4 U car_5),False
6139,hold_on_to pear and never let_go apple,hold_on_to_pear & G!let_go_apple,G(hold_on_to_pear & !let_go_apple),False
6140,"If get_help ever holds, deliver the umbrella to the loading_dock must have held beforehand.",F get_help -> (!get_help U (deliver_umbrella_loading_dock & !get_help)),G(get_help -> !deliver_umbrella_loading_dock W get_help),False
6141,"Either change light_east red happens infinitely often, or get_help happens in the next step.",GF change_light_east_red | X get_help,G F change_light_east_red | X get_help,True
6142,"a table has been moved and, as a consequence, always when the table is brown then finally, the engine starts",G(table_has_been_moved -> G(table_is_brown -> F engine_starts)),table_has_been_moved & G(table_is_brown -> F engine_starts),False
6143,Avoid entering parking_lot_4 until you have reached building_8,!parking_lot_4 U building_8,G (!parking_lot_4 U building_8),False
6144,if the engine stops or the train stops then it is going to happen that either an elevator falls or the motorbike catches fire,G((engine_stops | train_stops) -> F(elevator_falls | motorbike_catches_fire)),G ((engine_stops | train_stops) -> F (elevator_falls | motorbike_catches_fire)),True
6145,Do not go to intersection 8 until you reach street 3 as you go to locality 5,(!intersection_8 U street_3) & F locality_5,G (!intersection_8 U (street_3 & G locality_5)),False
6146,Do not approach building_3 until you reach street_6 as you bring box_8 from store_3 to house_2,(!building_3 U street_6) & F(store_3 & F(p_box_8 & F(house_2 & pd))),G (p_box_8 -> (!building_3 W street_6)),False
6147,repeatedly go_to apple trashcan or at any time clutch orange,GF go_to_apple_trashcan | F clutch_orange,G F (go_to_apple_trashcan | clutch_orange),False
6148,"Whenever get_help holds, from the next step onwards avoid the nearest_gas_leak will eventually hold.",G(get_help -> XF avoid_nearest_gas_leak),G(get_help -> X G(!avoid_nearest_gas_leak)),False
6149,at some time get_to flag until keep apple,F get_to_flag U keep_apple,F (get_to_flag U keep_apple),False
6150,"When change light_west green happens, get_help must hold now or in the next step.",G(change_light_west_green -> (get_help | X get_help)),G (change_light_west_green -> (get_help | X get_help)),True
6151,at some time travel_by tree or never let_go apple,F travel_by_tree | G!let_go_apple,F (travel_by_tree | !let_go_apple),False
6152,"Transport the frisbee to the shelf should always hold, with at most a two-step grace period for recovery.",!G!(deliver_frisbee_shelf & X deliver_frisbee_shelf),G deliver_frisbee_shelf | X (deliver_frisbee_shelf | X deliver_frisbee_shelf),False
6153,"If deliver_aid the safe_victim holds and record injured_person holds next, then deliver_aid the injured_hostile holds in the step after that.",G((deliver_aid_safe_victim & X record_injured_person) -> XX deliver_aid_injured_hostile),G (deliver_aid_safe_victim & record_injured_person) -> (X (record_injured_person) -> XX deliver_aid_injured_hostile),False
6154,"it is going to happen that either the escalator speeds up, the brake is released or a train has been launched",F(brake_is_released | escalator_speeds_up | train_has_been_launched),F (escalator_speeds_up | brake_is_released | train_has_been_launched),True
6155,Do not go to room 2 before retrieving bottle 4 from kitchen 1 and putting it on table 4,!room_2 U (kitchen_1 & F(p_bottle_4 & F(pd & table_4))),G (!room_2 U (kitchen_1 & p_bottle_4 & table_4)),False
6156,"From some point onwards, idle never occurs again.",FG!idle,G F !idle,False
6157,"Whenever get_help and record the cyclist on southwest_10th_avenue are equal, record the cyclist on southwest_10th_avenue and record the jaywalker on east_9th_street are equal as well.",G((get_help <-> record_cyclist_southwest_10th_avenue) -> (record_cyclist_southwest_10th_avenue <-> record_jaywalker_east_9th_street)),G((get_help <-> record_cyclist_southwest_10th_avenue) -> (record_cyclist_southwest_10th_avenue <-> record_jaywalker_east_9th_street)),True
6158,Keep capturing photos of statue_4 and also keep returning to charger_4,GF(photo & statue_4) & GF charger_4,G(photo & statue_4) & G(charger_4),False
6159,at any time grab orange or forever touch flag,F grab_orange | G touch_flag,G(grab_orange | G(touch_flag)),False
6160,"Once avoid the probable_flood has occurred, record flood will never occur again.",G(avoid_probable_flood -> XG!record_flood),G(avoid_probable_flood -> G(!record_flood)),False
6161,"Globally, if go_home occurs then finally deliver_aid the safe_hostile happens.",G(go_home -> F deliver_aid_safe_hostile),G (go_home -> F deliver_aid_safe_hostile),True
6162,"first, eventually, either the bridge closes or the escalator is blocked, and then, at a certain moment the train has arrived and the bridge closes",G!(bridge_closes | escalator_is_blocked) | F((bridge_closes | escalator_is_blocked) & F(bridge_closes & train_has_arrived)),F (bridge_closes | escalator_is_blocked) & F (train_has_arrived & bridge_closes),False
6163,"as a semaphore is yellow, at some point the sensor captures data",G(semaphore_is_yellow -> F sensor_captures_data),G (semaphore_is_yellow -> F sensor_captures_data),True
6164,"Avoid entering street_5 until you reach store_1, and ensure that you eventually at store_1 and pickup package_4",(!street_5 U store_1) & F(p_package_4 & store_1),!street_5 U (store_1 & p_package_4) & F (store_1 & p_package_4),False
6165,Never enter parking_lot_8 as you reach street_5,G!parking_lot_8 & F street_5,G(street_5 -> !parking_lot_8),False
6166,Ensure you never pickup either cone_1 or cone_2,G!(p_cone_1 | p_cone_2),G(!p_cone_1 & !p_cone_2),True
6167,"At every step, photo unsafe_victim equals the value of get_help in the next step.",G(photo_unsafe_victim <-> X get_help),G(photo_unsafe_victim <-> X(get_help)),True
6168,Keep taking crate_1 from storage_4 to office_2,GF(storage_4 & F(p_crate_1 & F(office_2 & pd))),G (storage_4 & p_crate_1 -> X (office_2 & p_crate_1)),False
6169,"Whenever get_help holds, eventually photo the person on east_9th_avenue will hold.",G(get_help -> F photo_person_east_9th_avenue),G(get_help -> F(photo_person_east_9th_avenue)),True
6170,You must always maintain both avoid the probable_unstable_beam and communicate the injured_victim.,G(avoid_probable_unstable_beam & communicate_injured_victim),G(avoid_probable_unstable_beam & communicate_injured_victim),True
6171,"whenever the bar is up or an elevator rises then always, the brake is released or the motorbike has started",G((bar_is_up | elevator_rises) -> G(brake_is_released | motorbike_has_started)),G ((bar_is_up | elevator_rises) -> G (brake_is_released | motorbike_has_started)),True
6172,"At every step, record the vehicle on southeast_2nd_street equals the value of get_help in the next step.",G(record_vehicle_southeast_2nd_street <-> X get_help),G(record_vehicle_southeast_2nd_street <-> X get_help),True
6173,"If record unsafe_rescuer ever holds, communicate the injured_victim must have held beforehand.",F record_unsafe_rescuer -> (!record_unsafe_rescuer U (communicate_injured_victim & !record_unsafe_rescuer)),G(record_unsafe_rescuer -> !record_unsafe_rescuer U communicate_injured_victim),False
6174,"eventually, a sensor retrieves data or a table is brown and, at a certain moment both a train has arrived and the manager handles requests afterwards",G!(sensor_retrieves_data | table_is_brown) | F((sensor_retrieves_data | table_is_brown) & F(manager_handles_requests & train_has_arrived)),F (sensor_retrieves_data | table_is_brown) & F (train_has_arrived & X manager_handles_requests),False
6175,never drop apple or secure apple,secure_apple | G!drop_apple,G(!drop_apple & !secure_apple),False
6176,Never leave area_5,G area_5,G area_5,True
6177,always both the motorbike has stopped and the sensor gathers information implies that it will not happen that both a train is crossing and the bar has to be repaired,G((motorbike_has_stopped & sensor_gathers_information) -> G!(bar_has_to_be_repaired & train_is_crossing)),G ((motorbike_has_stopped & sensor_gathers_information) -> !F (train_is_crossing & bar_has_to_be_repaired)),True
6178,"When photo the person on south_5th_avenue happens, photo the pedestrian on northwest_10th_street must hold now or in the next step.",G(photo_person_south_5th_avenue -> (photo_pedestrian_northwest_10th_street | X photo_pedestrian_northwest_10th_street)),G(photo_person_south_5th_avenue -> (photo_pedestrian_northwest_10th_street | X photo_pedestrian_northwest_10th_street)),True
6179,procure apple and hold pear,hold_pear & procure_apple,F (procure_apple & G hold_pear),False
6180,Our agent must eventually search the fork or idle.,F(idle | search_fork),F (search_fork | idle),True
6181,at any time start_going_to tree and don't pick_up anything,F start_going_to_tree & !F pick_up_anything,G(start_going_to_tree -> !pick_up_anything),False
6182,it is going to happen that the semaphore is red and the engine stops,F(engine_stops & semaphore_is_red),F (semaphore_is_red & engine_stops),True
6183,it is never the case that either the engine starts or a car stops,G!(car_stops | engine_starts),G!((engine_starts)|(car_stops)),True
6184,Ensure you repeatedly photograph area_9 while regularly moving ordnance_3 from camp_4 to camp_9,GF(area_9 & photo) & GF(camp_4 & F(p_ordnance_3 & F(camp_9 & pd))),G(photo & area_9) & G(p_ordnance_3 & camp_4 -> X(p_ordnance_3 & camp_9)),False
6186,grasp orange and grasp orange,grasp_orange,F grasp_orange & F grasp_orange,False
6187,"When get_help happens, search the surfboard must hold now or in the next step.",G(get_help -> (search_surfboard | X search_surfboard)),G (get_help -> (search_surfboard | X search_surfboard)),True
6188,"Whenever pickup the potted_plant and deliver the bed to the loading_dock are equal, deliver the bed to the loading_dock and get_help are equal as well.",G((deliver_bed_loading_dock <-> pickup_potted_plant) -> (deliver_bed_loading_dock <-> get_help)),G((pickup_potted_plant <-> deliver_bed_loading_dock) -> (deliver_bed_loading_dock <-> get_help)),True
6189,whenever go_by waste basket and venture_towards house,venture_towards_house & F go_by_waste_basket,G (go_by_waste_basket & venture_towards_house),False
6190,at the green_room then at the yellow_room,F(green_room & F yellow_room),F (green_room & X yellow_room),False
6191,Change light_south red and record the pedestrian on southeast_8th_avenue are mutually exclusive at all times.,G!(change_light_south_red & record_pedestrian_southeast_8th_avenue),G !(change_light_south_red & record_pedestrian_southeast_8th_avenue),True
6192,stop_by flag or at any time get_to cup,stop_by_flag | F get_to_cup,G(stop_by_flag | get_to_cup),False
6193,"Whenever search the suitcase holds, idle holds as well.",G(search_suitcase -> idle),G(search_suitcase -> idle),True
6194,it is always true that the semaphore is broken,G semaphore_is_broken,G semaphore_is_broken,True
6195,Request assistance and search the fire_hydrant are mutually exclusive at all times.,G!(get_help & search_fire_hydrant),G(!(get_help & search_fire_hydrant)),True
6196,at any time walk_near flag and whenever proceed_to house,F walk_near_flag & F proceed_to_house,G(walk_near_flag & (proceed_to_house -> F walk_near_flag)),False
6197,"If every deliver the fire_hydrant to the shelf is eventually followed by deliver the vase to the loading_dock, then idle must occur infinitely often.",G(deliver_fire_hydrant_shelf -> F deliver_vase_loading_dock) -> GF idle,G((G(deliver_fire_hydrant_shelf -> F deliver_vase_loading_dock)) -> G F idle),False
6198,Always remain in street 8,G street_8,G street_8,True
6199,whenever both the elevator falls and the escalator speeds up then all the time the semaphore is green or a sensor retrieves data,G((elevator_falls & escalator_speeds_up) -> G(semaphore_is_green | sensor_retrieves_data)),G((elevator_falls & escalator_speeds_up) -> G(semaphore_is_green | sensor_retrieves_data)),True
6200,Remove cone 5 from parking lot 2 and place it in street 1,F(parking_lot_2 & F(p_cone_5 & F(pd & street_1))),G (!p_cone_5 & parking_lot_2) U (p_cone_5 & street_1),False
6201,it is going to happen that the table is brown or the car enters or the brake is pressed,F(brake_is_pressed | car_enters | table_is_brown),F (table_is_brown | car_enters | brake_is_pressed),True
6202,"after the brake is released or the escalator is blocked, forever, both the bar has to be repaired and a bridge opens",G((brake_is_released | escalator_is_blocked) -> G(bar_has_to_be_repaired & bridge_opens)),G ((brake_is_released | escalator_is_blocked) -> G (bar_has_to_be_repaired & bridge_opens)),True
6203,if either the bar has to be repaired or the bar is up then at any time the semaphore is yellow,G((bar_has_to_be_repaired | bar_is_up) -> G semaphore_is_yellow),G((bar_has_to_be_repaired | bar_is_up) -> (semaphore_is_yellow -> G semaphore_is_yellow)),False
6204,Pick up trash_can_4 from house_1 and deliver it to gabage dump 3,F(house_1 & F(p_trash_can_4 & F(garbage_dump_3 & pd))),G (house_1 & p_trash_can_4 -> F (garbage_dump_3 & pd)),False
6205,"it will not happen that either a motorbike has started, a house is open or the brake is pressed",G!(brake_is_pressed | house_is_open | motorbike_has_started),G!((motorbike_has_started | house_is_open | brake_is_pressed)),True
6206,Drop off the sofa to the shelf and pickup the sheep are mutually exclusive at all times.,G!(deliver_sofa_shelf & pickup_sheep),G(!(pickup_sheep & deliver_sofa_shelf)),True
6207,when possible withdraw pear or at some time move_near tree,F withdraw_pear | F move_near_tree,F (withdraw_pear | move_near_tree),True
6208,"Do not enter building 3 before arriving at street 6, while ensuring you take box 8 from store 3 to house 2",(!building_3 U street_6) & F(store_3 & F(p_box_8 & F(house_2 & pd))),G(!building_3 U street_6) & G(!p_box_8 U store_3) & G(p_box_8 U house_2) & G(p_box_8 -> (p_box_8 U house_2)),False
6209,enter the blue_room by going though the green_room,F(green_room & F blue_room),F (green_room & X blue_room),False
6210,whenever move_near tree and always have_in orange,F move_near_tree & G have_in_orange,G (move_near_tree -> G have_in_orange),False
6211,Reach garage 4 before going to building 3 and stay there indefinitely,F(garage_4 & F(building_3 & G building_3)),F (garage_4 & !building_3 & G garage_4) & !building_3 U garage_4,False
6212,Take a video of the vehicle on east_9th_street and get_help will each happen at some point.,F record_vehicle_east_9th_street & F get_help,F record_vehicle_east_9th_street & F get_help,True
6213,Persistently take crate_4 from warehouse_3 to store_9 while consistently visiting charger_3,GF(warehouse_3 & F(p_crate_4 & F(pd & store_9))) & GF charger_3,G (p_crate_4 & warehouse_3 & charger_3 & store_9),False
6214,under no condition the car stops or a house collapses after the bar is up and a motorbike has stopped,G((bar_is_up & motorbike_has_stopped) -> G!(car_stops | house_collapses)),G ! ( (bar_is_up & motorbike_has_stopped) -> F (car_stops | house_collapses) ),False
6215,at any time journey_to house or repeatedly go_to waste basket,F journey_to_house | GF go_to_waste_basket,G(journey_to_house | F(go_to_waste_basket & G(go_to_waste_basket))),False
6216,The system must Please avoid the active_fire_source and then go_home.,avoid_active_fire_source U go_home,G (!avoid_active_fire_source -> X (avoid_active_fire_source U go_home)),False
6217,Never come into contact with package 4,G!p_package_4,G!p_package_4,True
6218,The system must always avoid changeing light_west green.,G!change_light_west_green,G!change_light_west_green,True
6219,under no condition the bar has to be repaired and a table is brown,G!(bar_has_to_be_repaired & table_is_brown),G(!bar_has_to_be_repaired & table_is_brown),False
6220,Photograph the car on southeast_1st_avenue can only happen after change light_west green.,!photo_car_southeast_1st_avenue U change_light_west_green,G (!photo_car_southeast_1st_avenue W change_light_west_green),False
6221,"If get_help happens infinitely often, then so does record the motorcycle on southwest_8th_street.",GF get_help -> GF record_motorcycle_southwest_8th_street,G(F get_help -> G F record_motorcycle_southwest_8th_street),False
6222,forever moving or advance_to tree,advance_to_tree | G moving,G(moving | advance_to_tree),False
6223,"This controller must eventually, avoid recording gas_leak.",F!record_gas_leak,F !record_gas_leak,True
6224,"If photo the car on east_5th_avenue holds, then in the next step photo the motorcycle on north_6th_street persists until get_help holds, or else photo the motorcycle on north_6th_street holds forever.",photo_car_east_5th_avenue -> X((photo_motorcycle_north_6th_street U get_help) | G photo_motorcycle_north_6th_street),photo_car_east_5th_avenue -> (X (photo_motorcycle_north_6th_street U get_help) | G photo_motorcycle_north_6th_street),False
6225,always moving or at some time move_near tree,G moving | F move_near_tree,G(moving | F move_near_tree),False
6226,"eternally, the engine breaks or the elevator is open",G(elevator_is_open | engine_breaks),G(engine_breaks | elevator_is_open),True
6227,"eventually, either the escalator moves or the brake is pressed and, in the future both the semaphore is green and a train stops afterwards",G!(brake_is_pressed | escalator_moves) | F((brake_is_pressed | escalator_moves) & F(semaphore_is_green & train_stops)),F (escalator_moves | (brake_is_pressed & F (semaphore_is_green & X train_stops))),False
6228,in any case a motorbike has started and together the engine stops and a train stops,G(engine_stops & motorbike_has_started & train_stops),G (motorbike_has_started -> (engine_stops & train_stops)),False
6229,Our agent must eventually record flood and deliver_aid the injured_victim.,F(deliver_aid_injured_victim & record_flood),F (record_flood & deliver_aid_injured_victim),True
6230,at any time collect orange or repeatedly make_way_to house,F collect_orange | GF make_way_to_house,G(collect_orange | G(make_way_to_house)),False
6231,reach house until advance_to tree,reach_house U advance_to_tree,reach_house U advance_to_tree,True
6232,whenever the house is built and a train derails then it is always true that both a semaphore is yellow and the train stops,G((house_is_built & train_derails) -> G(semaphore_is_yellow & train_stops)),G((house_is_built & train_derails) -> G(semaphore_is_yellow & train_stops)),True
6233,"Wait must hold until delivering the refrigerator to the shelf does, or else idle holds forever.",(idle U deliver_refrigerator_shelf) | G idle,G (wait -> (wait U deliver_refrigerator_shelf)) & G (!deliver_refrigerator_shelf -> G idle),False
6234,whenever the engine starts or the bar has to be repaired then at some point a house collapses and a car stops,G((bar_has_to_be_repaired | engine_starts) -> F(car_stops & house_collapses)),G ((engine_starts | bar_has_to_be_repaired) -> F (house_collapses & car_stops)),True
6235,"first, in the future a train derails and a house is built, and then, at a certain moment a house is built or a bridge opens",G!(house_is_built & train_derails) | F(house_is_built & train_derails & F(bridge_opens | house_is_built)),F (train_derails & house_is_built & F (house_is_built | bridge_opens)),False
6236,Keep revisiting car_3 on your path to eventually reaching building_2,GF car_3 & F building_2,G(car_3 -> F(building_2)) & G(building_2 -> F(car_3)),False
6237,take_to tree and repeatedly go_to waste basket,take_to_tree & GF go_to_waste_basket,G (take_to_tree -> X (go_to_waste_basket & G (go_to_waste_basket))),False
6238,at some time pass_by house or approach tree,approach_tree | F pass_by_house,F (pass_by_house | approach_tree),False
6239,all the time the escalator is blocked or a motorbike is driven or a motorbike falls down,G(escalator_is_blocked | motorbike_falls_down | motorbike_is_driven),G(escalator_is_blocked | motorbike_is_driven | motorbike_falls_down),True
6240,do not let_go orange and at some time go_to transh can,!let_go_orange & F go_to_transh_can,G !let_go_orange & F go_to_transh_can,False
6241,go green or yellow to red,F((green_room | yellow_room) & F red_room),F (green_room | yellow_room) -> F red_room,False
6242,"when move_to trash can , hold apple",move_to_trash_can -> hold_apple,G (move_to_trash_can -> hold_apple),False
6243,Go to house_2 to pickup trash_can_2,F(house_2 & p_trash_can_2),F (house_2 & p_trash_can_2),True
6244,Repeatedly take brochure 8 from table 2 to street 9 while consistently visiting charger 6,GF(table_2 & F(p_brochure_8 & F(pd & street_9))) & GF charger_6,G (p_brochure_8 & table_2 & street_9 & charger_6),False
6245,at some time make_contact flag or when possible advance_to house,F make_contact_flag | F advance_to_house,F (make_contact_flag | advance_to_house),True
6246,"at some point the bridge closes and, it is going to happen that either the table is brown or the motorbike has started afterwards",G!bridge_closes | F(bridge_closes & F(motorbike_has_started | table_is_brown)),F (bridge_closes & F (table_is_brown | motorbike_has_started)),False
6247,"after the elevator rises and the train is crossing, at a certain moment a semaphore is yellow",G((elevator_rises & train_is_crossing) -> F semaphore_is_yellow),G (elevator_rises & train_is_crossing) -> F semaphore_is_yellow,False
6248,Keep returning to charging station 9 as you keep transporting crate 4 from warehouse 5 to mall 4,GF charging_station_9 & GF(warehouse_5 & F(p_crate_4 & F(mall_4 & pd))),G (p_crate_4 & warehouse_5 -> F (p_crate_4 & mall_4)) & G (p_crate_4 -> F charging_station_9),False
6249,Persistently taking crate 6 to building 5 after picking it up from store 2,GF(store_2 & F(p_crate_6 & F(building_5 & pd))),G (p_crate_6 & store_2 -> G (p_crate_6 -> F (p_crate_6 & building_5))),False
6250,Ensure you continuously visit charger 6 and repeatedly pick up brochure 4 from table 4,GF charger_6 & GF(p_brochure_4 & table_4),G(charger_6) & G F(p_brochure_4),False
6251,"Globally, if idle occurs then finally pickup the tv_monitor happens.",G(idle -> F pickup_tv_monitor),G (idle -> F pickup_tv_monitor),True
6252,Always remain in street_5 while continuously taking pictures of parking_lot_4,G street_5 & GF(parking_lot_4 & photo),G(street_5 & photo),False
6253,it is never the case that both a train has arrived and a semaphore is red,G!(semaphore_is_red & train_has_arrived),G! (semaphore_is_red & train_has_arrived),True
6254,"after the car starts and a house is open, at some point in time either a train derails or the engine starts",G((car_starts & house_is_open) -> F(engine_starts | train_derails)),G ( (car_starts & house_is_open) -> F (train_derails | engine_starts) ),True
6255,Every deliver_aid the injured_rescuer is directly followed by calling for help in the next step.,G(deliver_aid_injured_rescuer -> X get_help),G(deliver_aid_injured_rescuer -> X get_help),True
6256,"Eventually at building_9 and remain there permanently, but do not enter building_9 before reaching street_6",FG building_9 & (!building_9 U street_6),!building_9 U street_6 & (street_6 U building_9) & G building_9,False
6257,"At every step, pickup the handbag equals the value of pickup the motorbike in the next step.",G(pickup_handbag <-> X pickup_motorbike),G(pickup_handbag <-> X(pickup_motorbike)),True
6258,"at some point either a table is brown or the motorbike has started and, it is going to happen that either the bridge closes or a semaphore is broken afterwards",G!(motorbike_has_started | table_is_brown) | F((motorbike_has_started | table_is_brown) & F(bridge_closes | semaphore_is_broken)),F ((table_is_brown | motorbike_has_started) & F (bridge_closes | semaphore_is_broken)),False
6259,Find the tennis_racket and pickup the mouse are mutually exclusive at all times.,G!(pickup_mouse & search_tennis_racket),G(!(search_tennis_racket & pickup_mouse)),True
6260,"eventually, the elevator falls and together a bridge opens and a bridge closes",F(bridge_closes & bridge_opens & elevator_falls),F (elevator_falls & bridge_opens & bridge_closes),True
6261,"Whenever get_help holds, go_home holds exactly three steps later.",G(get_help -> XXX go_home),G(get_help -> X(X(X(go_home)) & !X(go_home) & !X(X(go_home)))),False
6262,Always stay away from parking lot 5 while persistently taking pictures of car 9,G!parking_lot_5 & GF(car_9 & photo),G(!parking_lot_5 & photo),False
6263,take_to tree and always go_by trash can,take_to_tree & G go_by_trash_can,G (take_to_tree -> G go_by_trash_can),False
6264,"at a certain moment either the car starts or a train derails and, in the future the brake is pressed and the motorbike has stopped afterwards",G!(car_starts | train_derails) | F((car_starts | train_derails) & F(brake_is_pressed & motorbike_has_stopped)),F ( (car_starts | train_derails) & F (brake_is_pressed & F motorbike_has_stopped) ),False
6265,whenever both the bar has to be repaired and the manager collect claims then at a certain moment both a train has been launched and a train stops,G((bar_has_to_be_repaired & manager_collect_claims) -> F(train_has_been_launched & train_stops)),G((bar_has_to_be_repaired & manager_collect_claims) -> F(train_has_been_launched & train_stops)),True
6266,"first, in the future both a train stops and the brake is pressed, and then, it will happen that the sensor gathers information",G!(brake_is_pressed & train_stops) | F(brake_is_pressed & train_stops & F sensor_gathers_information),F (train_stops & brake_is_pressed) & F (F (train_stops & brake_is_pressed) & F sensor_gathers_information),False
6267,never let_go orange or at any time obtain orange,G!let_go_orange | F obtain_orange,G(!let_go_orange & !obtain_orange),False
6268,whenever both a sensor captures data and the car stops then it will happen that the bar is closing or the manager collect claims,G((car_stops & sensor_captures_data) -> F(bar_is_closing | manager_collect_claims)),G((sensor_captures_data & car_stops) -> F(bar_is_closing | manager_collect_claims)),True
6269,"The system must Eventually, both record safe_person and photo unsafe_person hold simultaneously.",F(photo_unsafe_person & record_safe_person),F (record_safe_person & photo_unsafe_person),True
6270,"first, finally, the brake is released and a sensor captures data, and then, it is going to happen that an elevator is open or the engine stops",G!(brake_is_released & sensor_captures_data) | F(brake_is_released & sensor_captures_data & F(elevator_is_open | engine_stops)),F (brake_is_released & sensor_captures_data & F (elevator_is_open | engine_stops)),False
6271,at any time either the table has been moved or a manager handles requests,G(manager_handles_requests | table_has_been_moved),G(table_has_been_moved | manager_handles_requests),True
6272,Request assistance can only happen after deliver_aid the safe_hostile.,!get_help U deliver_aid_safe_hostile,G (!get_help -> !deliver_aid_safe_hostile),False
6273,"Request assistance should always hold, with at most a two-step grace period for recovery.",!G!(get_help & X get_help),G(get_help | X(get_help | X(get_help))),False
6274,Ensure you photograph monument 3 and afterward proceed to pathway 8 and stay there,F(monument_3 & photo & F(pathway_8 & G pathway_8)),F (photo & monument_3) & G (pathway_8 -> X pathway_8) & F (pathway_8 & G pathway_8),False
6275,all the time both the sensor gathers information and a semaphore is red,G(semaphore_is_red & sensor_gathers_information),G (semaphore_is_red & sensor_gathers_information),True
6276,whenever go_by waste basket and when possible present_at flag,F go_by_waste_basket & F present_at_flag,G(go_by_waste_basket -> (present_at_flag -> X present_at_flag)),False
6277,"at some point in time the bridge closes and, it will happen that either the sensor retrieves data or the engine starts afterwards",G!bridge_closes | F(bridge_closes & F(engine_starts | sensor_retrieves_data)),F (bridge_closes & F (sensor_retrieves_data | engine_starts)),False
6278,at any time either the brake is released or a motorbike has started after both a bridge opens and a constructor creates instances,G((bridge_opens & constructor_creates_instances) -> G(brake_is_released | motorbike_has_started)),G (brake_is_released | (G (bridge_opens & constructor_creates_instances) U motorbike_has_started)),False
6279,"when forever have_in orange , come_to tree",G have_in_orange -> come_to_tree,G (have_in_orange -> X come_to_tree),False
6280,if a table is brown or the escalator speeds up then at any time either a semaphore is yellow or the engine breaks,G((escalator_speeds_up | table_is_brown) -> G(engine_breaks | semaphore_is_yellow)),(table_is_brown | escalator_speeds_up) -> G(semaphore_is_yellow | engine_breaks),False
6281,"If search the spoon happens infinitely often, then so does pickup the horse.",GF search_spoon -> GF pickup_horse,G(F search_spoon -> G F pickup_horse),False
6282,if a car enters and a car starts then at a certain moment the train has arrived,G((car_enters & car_starts) -> F train_has_arrived),G (car_enters & car_starts) -> F train_has_arrived,False
6283,"At every step, record the pedestrian on southwest_1st_avenue equals the value of change light_south yellow in the next step.",G(record_pedestrian_southwest_1st_avenue <-> X change_light_south_yellow),G(record_pedestrian_southwest_1st_avenue <-> X change_light_south_yellow),True
6284,Give aid to the injured_victim and communicate the safe_hostile will each happen at some point.,F deliver_aid_injured_victim & F communicate_safe_hostile,F deliver_aid_injured_victim & F communicate_safe_hostile,True
6285,Either idle or pickup the donut happens infinitely often.,GF idle | GF pickup_donut,G F (idle | pickup_donut),True
6286,Never enter park 2,G!park_2,G!park_2,True
6287,a house collapses involves that at some point the semaphore is green after the escalator moves,G(house_collapses -> G(escalator_moves -> F semaphore_is_green)),G(house_collapses -> F(escalator_moves & F(semaphore_is_green))),False
6288,Keep taking a picture of landmark 21,GF(landmark_21 & photo),G(photo & landmark_21),False
6289,Make sure to go to parking lot 3 and remain there without leaving,FG parking_lot_3,G parking_lot_3,False
6290,forever hold_onto orange or at some time pick_up apple,G hold_onto_orange | F pick_up_apple,G hold_onto_orange | F pick_up_apple,True
6291,Refrain from entering building 8 unless you have already reached parking lot 8,!building_8 U parking_lot_8,G (!building_8 U parking_lot_8),False
6292,"each time a sensor retrieves data then after the engine starts, it will happen that a train stops",G(sensor_retrieves_data -> G(engine_starts -> F train_stops)),G(sensor_retrieves_data -> X(G(!engine_starts) U (engine_starts & G(!engine_starts) U train_stops))),False
6293,"You must Eventually, both go_home and get_help hold simultaneously.",F(get_help & go_home),F (go_home & get_help),True
6294,"If photo the person on northwest_6th_avenue holds, then in the next step photo the pedestrian on west_3rd_avenue persists until photoing the vehicle on west_7th_avenue holds, or else photo the pedestrian on west_3rd_avenue holds forever.",photo_person_northwest_6th_avenue -> X((photo_pedestrian_west_3rd_avenue U photo_vehicle_west_7th_avenue) | G photo_pedestrian_west_3rd_avenue),photo_person_northwest_6th_avenue -> (X (photo_pedestrian_west_3rd_avenue U photo_vehicle_west_7th_avenue) | G photo_pedestrian_west_3rd_avenue),False
6295,"This controller must eventually, avoid deliver_aid the safe_hostile.",F!deliver_aid_safe_hostile,F !deliver_aid_safe_hostile,True
6296,Make sure to reach street_2 and remain there continuously,FG street_2,G F street_2 & G (street_2 -> X street_2),False
6297,"if at some time start_going_to tree , at some time gather pear",F start_going_to_tree -> F gather_pear,F start_going_to_tree -> F gather_pear,True
6298,"after either the elevator is open or the bar is closing, it will not happen that the sensor retrieves data and the sensor captures data",G((bar_is_closing | elevator_is_open) -> G!(sensor_captures_data & sensor_retrieves_data)),G ( (elevator_is_open | bar_is_closing) -> G !(sensor_retrieves_data & sensor_captures_data) ),True
6299,"From some point onwards, get_help never occurs again.",FG!get_help,G F !get_help,False
6300,repeatedly grab tree and reach house,reach_house & GF grab_tree,G F (grab_tree & F reach_house),False
6301,"Retrieve package 2 from store 3, deliver it to house 2, and never go into mall 1",F(store_3 & F(p_package_2 & F(house_2 & pd))) & G!mall_1,G(!mall_1) & F(store_3 & p_package_2) & F(pd & house_2),False
6302,always when a semaphore is yellow then it will happen that either the escalator speeds up or the semaphore is broken,G(semaphore_is_yellow -> F(escalator_speeds_up | semaphore_is_broken)),G (semaphore_is_yellow -> F (escalator_speeds_up | semaphore_is_broken)),True
6303,"an elevator rises and, as a consequence, whenever a house is open then eventually, the house collapses",G(elevator_rises -> G(house_is_open -> F house_collapses)),elevator_rises & G(house_is_open -> F house_collapses),False
6304,"Wait must keep holding until, from some point on, get_help holds infinitely often.",idle U GF get_help,G (wait -> (wait W (F G (F get_help)))),False
6305,"at some point in time either a train is crossing or a manager collect claims and, at some point the bridge closes afterwards",G!(manager_collect_claims | train_is_crossing) | F((manager_collect_claims | train_is_crossing) & F bridge_closes),F (train_is_crossing | manager_collect_claims) & F (bridge_closes & G !bridge_closes),False
6306,"Whenever record the pedestrian on southeast_9th_avenue holds, get_help holds as well.",G(record_pedestrian_southeast_9th_avenue -> get_help),G(record_pedestrian_southeast_9th_avenue -> get_help),True
6307,always when both the elevator falls and the escalator is blocked then it is going to happen that a sensor captures data,G((elevator_falls & escalator_is_blocked) -> F sensor_captures_data),G ((elevator_falls & escalator_is_blocked) -> F sensor_captures_data),True
6308,it is going to happen that both the car enters and the constructor instantiate objects,F(car_enters & constructor_instantiate_objects),F (car_enters & constructor_instantiate_objects),True
6309,at some point in time an elevator is open or the bar is down,F(bar_is_down | elevator_is_open),F (elevator_is_open | bar_is_down),True
6310,whenever present_at flag or never drop apple,F present_at_flag | G!drop_apple,G (present_at_flag | !drop_apple),False
6311,"Whenever neither go_home nor record unsafe_rescuer holds, avoid the impending_unstable_beam eventually holds.",G(!(go_home & record_unsafe_rescuer) -> F avoid_impending_unstable_beam),G (!(go_home | record_unsafe_rescuer) -> F avoid_impending_unstable_beam),False
6312,never drop orange or always hold_onto orange,G!drop_orange | G hold_onto_orange,G(!drop_orange | G(hold_onto_orange)),False
6313,You must always have either get_help or record the pedestrian on northeast_3rd_avenue.,G(get_help | record_pedestrian_northeast_3rd_avenue),G(get_help | record_pedestrian_northeast_3rd_avenue),True
6314,whenever start_going_to tree until get_hold_of pear,F start_going_to_tree U get_hold_of_pear,G(start_going_to_tree -> (start_going_to_tree U get_hold_of_pear)),False
6315,"as the engine starts or a constructor instantiate objects, at some point a sensor captures data",G((constructor_instantiate_objects | engine_starts) -> F sensor_captures_data),G ((engine_starts | constructor_instantiate_objects) -> F sensor_captures_data),True
6316,"Take a photo of safe_victim must hold until staying away from the inactive_fire_source does, or else photo safe_victim holds forever.",(photo_safe_victim U avoid_inactive_fire_source) | G photo_safe_victim,G(photo_safe_victim U avoid_inactive_fire_source) | G(photo_safe_victim),False
6317,"Whenever neither get_help nor record the person on north_3rd_avenue holds, photo the car on southeast_7th_street eventually holds.",G(!(get_help & record_person_north_3rd_avenue) -> F photo_car_southeast_7th_street),G (!(get_help | record_person_north_3rd_avenue) -> F photo_car_southeast_7th_street),False
6318,"whenever the brake is pressed or the elevator is blocked then eternally, the semaphore is yellow",G((brake_is_pressed | elevator_is_blocked) -> G semaphore_is_yellow),G ((brake_is_pressed | elevator_is_blocked) -> G semaphore_is_yellow),True
6319,"sooner or later the train has arrived and the bar is down and, in the future either a car enters or the motorbike falls down afterwards",G!(bar_is_down & train_has_arrived) | F(bar_is_down & train_has_arrived & F(car_enters | motorbike_falls_down)),F (train_has_arrived & bar_is_down & F (car_enters | motorbike_falls_down)),False
6320,"when venture_towards house , when possible go_by waste basket",venture_towards_house -> F go_by_waste_basket,G(venture_towards_house -> (F go_by_waste_basket)),False
6321,Continuously cycle back to charger_9 while repeatedly transferring crate_2 from warehouse_8 to store_2,GF charger_9 & GF(warehouse_8 & F(p_crate_2 & F(pd & store_2))),G(charger_9 & (p_crate_2 & warehouse_8 & X(store_2))),False
6322,whenever haul pear or at any time get pear,F haul_pear | F get_pear,G(haul_pear | get_pear),False
6323,if a train derails and the brake is released then it will happen that a semaphore is red and a sensor retrieves data,G((brake_is_released & train_derails) -> F(semaphore_is_red & sensor_retrieves_data)),G (train_derails & brake_is_released) -> F (semaphore_is_red & sensor_retrieves_data),False
6324,Ensure that you never pickup box_3,G!p_box_3,G!p_box_3,True
6325,Stay on street_6 until you reach intersection_8,street_6 U intersection_8,street_6 U intersection_8,True
6326,"it is going to happen that a house is open and the bar is up and, eventually, both a car enters and the engine stops afterwards",G!(bar_is_up & house_is_open) | F(bar_is_up & house_is_open & F(car_enters & engine_stops)),F (house_is_open & bar_is_up & F (car_enters & X engine_stops)),False
6327,"after either the escalator speeds up or a semaphore is broken, at some point in time a train has arrived",G((escalator_speeds_up | semaphore_is_broken) -> F train_has_arrived),G (escalator_speeds_up | semaphore_is_broken) -> F train_has_arrived,False
6328,The system must always maintain both photo the collision on west_6th_street and get_help.,G(get_help & photo_collision_west_6th_street),G (photo_collision_west_6th_street & get_help),True
6329,"after a train derails, at some point the car enters and the brake is released",G(train_derails -> F(brake_is_released & car_enters)),G(train_derails -> F(car_enters & brake_is_released)),True
6330,"Call for help and change light_east red never coincide, yet one of them is always true.",G!(change_light_east_red & get_help) & G(change_light_east_red | get_help),G((get_help | change_light_east_red) & !(get_help & change_light_east_red)),True
6331,"This controller must eventually, avoid requesting assistance.",F!get_help,F !get_help,True
6332,at no time an elevator is blocked and together the motorbike has stopped and a bridge opens,G!(bridge_opens & elevator_is_blocked & motorbike_has_stopped),G!(elevator_is_blocked & motorbike_has_stopped & bridge_opens),True
6333,Every pickup the surfboard is directly followed by idle in the next step.,G(pickup_surfboard -> X idle),G(pickup_surfboard -> X idle),True
6334,"first, at a certain moment either the bar is closing or the brake is pressed, and then, it will happen that both a table has been moved and the motorbike is driven",G!(bar_is_closing | brake_is_pressed) | F((bar_is_closing | brake_is_pressed) & F(motorbike_is_driven & table_has_been_moved)),F (bar_is_closing | brake_is_pressed) & G ((bar_is_closing | brake_is_pressed) -> F (table_has_been_moved & motorbike_is_driven)),False
6335,"Begin recording the car on east_4th_street and get_help never coincide, yet one of them is always true.",G!(get_help & record_car_east_4th_street) & G(get_help | record_car_east_4th_street),G((!get_help & record_car_east_4th_street) | (get_help & !record_car_east_4th_street)),True
6336,Either change light_east red or photo the car on southwest_3rd_avenue happens infinitely often.,GF change_light_east_red | GF photo_car_southwest_3rd_avenue,G F (change_light_east_red | photo_car_southwest_3rd_avenue),True
6337,"sooner or later the bridge closes and, at some point in time the escalator moves or a manager collect claims afterwards",G!bridge_closes | F(bridge_closes & F(escalator_moves | manager_collect_claims)),F (bridge_closes & F (escalator_moves | manager_collect_claims)),False
6338,at any time get_hold apple and stop_by flag,stop_by_flag & F get_hold_apple,G(get_hold_apple & stop_by_flag),False
6339,at blue without going to yellow,F blue_room & G!yellow_room,G (!yellow_room -> X (!yellow_room U blue_room)),False
6340,"whenever the motorbike catches fire and a bridge opens then never, an elevator falls and the bar is up",G((bridge_opens & motorbike_catches_fire) -> G!(bar_is_up & elevator_falls)),G((motorbike_catches_fire & bridge_opens) -> G(!(elevator_falls & bar_is_up))),True
6341,"If deliver the skateboard to the shelf holds, then in the next step deliver the fork to the loading_dock persists until deliver the bowl to the loading_dock holds, or else deliver the fork to the loading_dock holds forever.",deliver_skateboard_shelf -> X((deliver_fork_loading_dock U deliver_bowl_loading_dock) | G deliver_fork_loading_dock),deliver_skateboard_shelf -> (X (deliver_fork_loading_dock U deliver_bowl_loading_dock) | G deliver_fork_loading_dock),False
6342,"Eventually photo of statue_2, but avoid going to statue_2 until you reach park_5",F(photo & statue_2) & (!statue_2 U park_5),F photo & G (!statue_2 U park_5),False
6343,"at some point a sensor gathers information and, finally, either the bar is up or an elevator is open afterwards",G!sensor_gathers_information | F(sensor_gathers_information & F(bar_is_up | elevator_is_open)),F (sensor_gathers_information & F (bar_is_up | elevator_is_open)),False
6344,always moving or always have_in orange,G moving | G have_in_orange,G(moving | have_in_orange),False
6345,The robot must always have either deliver the motorbike to the loading_dock or pickup the potted_plant.,G(deliver_motorbike_loading_dock | pickup_potted_plant),G (deliver_motorbike_loading_dock | pickup_potted_plant),True
6346,at some time collect apple or repeatedly make_way_to house,F collect_apple | GF make_way_to_house,F collect_apple | G F make_way_to_house,True
6347,repeatedly go_to apple trashcan can infer that grab_hold pear,GF go_to_apple_trashcan -> grab_hold_pear,G(go_to_apple_trashcan -> F(grab_hold_pear)),False
6348,gather apple or get_hold_of pear,gather_apple | get_hold_of_pear,F (gather_apple | get_hold_of_pear),False
6349,"whenever a train is crossing and the manager collect claims then absolutely never, either the car enters or the brake is released",G((manager_collect_claims & train_is_crossing) -> G!(brake_is_released | car_enters)),G((train_is_crossing & manager_collect_claims) -> G(!(car_enters | brake_is_released))),True
6350,Stay in street 4 until you take a picture of house 1,street_4 U (house_1 & photo),street_4 U (photo & house_1),True
6351,"when do not let_go pear , when possible track_towards tree",!let_go_pear -> F track_towards_tree,G(!let_go_pear -> (track_towards_tree | X track_towards_tree)),False
6352,avoid the red_room and continue to the green_room,F green_room & G!red_room,G(!red_room & F green_room),False
6353,Remain in locality 1 until you arrive intersection 4 as you take package 5 from warehouse 9 to store 2,(locality_1 U intersection_4) & F(warehouse_9 & F(p_package_5 & F(pd & store_2))),locality_1 & (p_package_5 & warehouse_9) U (intersection_4 & store_2),False
6354,"Stay in park_5 until you reach bench_4, and ensure you eventually at store_2 and pickup bottle_5 and deliver it to bench_4",(park_5 U bench_4) & F(store_2 & F(p_bottle_5 & F(bench_4 & pd))),G(park_5 U bench_4) & F(store_2 & p_bottle_5 & (G(!bench_4) U (bench_4 & p_bottle_5))),False
6355,"whenever the train derails or the train has been launched then eventually, either the constructor creates instances or the motorbike falls down",G((train_derails | train_has_been_launched) -> F(constructor_creates_instances | motorbike_falls_down)),G ((train_derails | train_has_been_launched) -> F (constructor_creates_instances | motorbike_falls_down)),True
6356,"after both a train is crossing and a manager collect claims, it should not happen that a motorbike has started and the semaphore is red",G((manager_collect_claims & train_is_crossing) -> G!(motorbike_has_started & semaphore_is_red)),G (train_is_crossing & manager_collect_claims) -> G !(motorbike_has_started & semaphore_is_red),False
6358,"If go_home happens infinitely often, then so does avoid the active_debris.",GF go_home -> GF avoid_active_debris,G F go_home -> G F avoid_active_debris,True
6359,Eventually go to house 2 and pick up trash can 2,F(house_2 & p_trash_can_2),F (house_2 & p_trash_can_2),True
6360,"first, it is going to happen that either the bar is closing or the brake is pressed, and then, in the future the train has arrived",G!(bar_is_closing | brake_is_pressed) | F((bar_is_closing | brake_is_pressed) & F train_has_arrived),F (bar_is_closing | brake_is_pressed) & F train_has_arrived,False
6361,at no time a table is old and together the bar is up and the escalator moves,G!(bar_is_up & escalator_moves & table_is_old),G!(table_is_old & bar_is_up & escalator_moves),True
6362,advance_to tree or forever hold_on pear,advance_to_tree | G hold_on_pear,F advance_to_tree | G hold_on_pear,False
6363,if the sensor captures data then at some point in time either the brake is pressed or the engine stops,G(sensor_captures_data -> F(brake_is_pressed | engine_stops)),sensor_captures_data -> F (brake_is_pressed | engine_stops),False
6364,never let_go and never let_go orange,G!let_go & G!let_go_orange,G(!let_go & !let_go_orange),True
6365,"Refrain from visiting street 4 until you have reached intersection 6, after which you must transition to and stay in street 4",(!street_4 U intersection_6) & FG street_4,!street_4 W (intersection_6 & (street_4 & G street_4)),False
6366,"eventually, a bridge closes and, it will happen that either a car enters or the bar has to be repaired afterwards",G!bridge_closes | F(bridge_closes & F(bar_has_to_be_repaired | car_enters)),F (bridge_closes & F (car_enters | bar_has_to_be_repaired)),False
6367,"If go_home ever holds, communicate the injured_victim must have held beforehand.",F go_home -> (!go_home U (communicate_injured_victim & !go_home)),G(go_home -> !communicate_injured_victim),False
6368,"Provide assistance to the injured_rescuer must hold until calling for help does, or else deliver_aid the injured_rescuer holds forever.",(deliver_aid_injured_rescuer U get_help) | G deliver_aid_injured_rescuer,G (deliver_aid_injured_rescuer U get_help) | G deliver_aid_injured_rescuer,False
6369,at any time go_to trash can and at any time grasp apple,F go_to_trash_can & F grasp_apple,G go_to_trash_can & G grasp_apple,False
6370,at any time make_way waste basket or repeatedly grab tree,F make_way_waste_basket | GF grab_tree,G(make_way_waste_basket | F G grab_tree),False
6371,when possible travel_to flag until never let_go orange,F travel_to_flag U G!let_go_orange,G(travel_to_flag -> (travel_to_flag U !let_go_orange)),False
6372,venture_towards house and go_by waste bin,go_by_waste_bin & venture_towards_house,F (venture_towards_house & F go_by_waste_bin),False
6373,do not pick_up anything and when possible venture_to flag,!F pick_up_anything & F venture_to_flag,G(!pick_up_anything & (!venture_to_flag -> X(!venture_to_flag))),False
6374,The robot must always have either photo fire_source or deliver_aid the safe_hostile.,G(deliver_aid_safe_hostile | photo_fire_source),G (photo_fire_source | deliver_aid_safe_hostile),True
6375,Get help can only happen after begining recording the jaywalker on northeast_9th_avenue.,!get_help U record_jaywalker_northeast_9th_avenue,G (!get_help W record_jaywalker_northeast_9th_avenue),False
6376,"whenever the escalator speeds up and a motorbike falls down then eventually, the elevator is open or a semaphore is green",G((escalator_speeds_up & motorbike_falls_down) -> F(elevator_is_open | semaphore_is_green)),G((escalator_speeds_up & motorbike_falls_down) -> F(elevator_is_open | semaphore_is_green)),True
6377,whenever the bar has to be repaired or a train has arrived then at no time the bar is up and the car starts,G((bar_has_to_be_repaired | train_has_arrived) -> G!(bar_is_up & car_starts)),G ((bar_has_to_be_repaired | train_has_arrived) -> G !(bar_is_up & car_starts)),True
6378,Persistently transfer box 2 from store 4 to hall 8,GF(store_4 & F(p_box_2 & F(hall_8 & pd))),G (p_box_2 & store_4 -> X (p_box_2 & hall_8)),False
6379,at some point the train derails after a semaphore is green and an elevator is blocked,G((elevator_is_blocked & semaphore_is_green) -> F train_derails),F (semaphore_is_green & elevator_is_blocked & X F train_derails),False
6380,when possible collect orange until approach tree,F collect_orange U approach_tree,G (collect_orange -> (collect_orange U approach_tree)),False
6381,"If change light_west green happens infinitely often, then so does get_help.",GF change_light_west_green -> GF get_help,G F change_light_west_green -> G F get_help,True
6382,"Whenever record the cyclist on south_5th_street holds, photo the car on north_3rd_avenue holds exactly three steps later.",G(record_cyclist_south_5th_street -> XXX photo_car_north_3rd_avenue),G(record_cyclist_south_5th_street -> X(X(X(photo_car_north_3rd_avenue)))),True
6383,Eventually collect stack 4 from house 4 and go to street 2 and stay there,F(house_4 & F(p_stack_4 & F(street_2 & G street_2))),F (p_stack_4 & G street_2),False
6384,Every go_home is directly followed by staying away from the inactive_flood in the next step.,G(go_home -> X avoid_inactive_flood),G(go_home -> X avoid_inactive_flood),True
6385,"The system must eventually, avoid requesting assistance.",F!get_help,F !get_help,True
6386,Avoid going to store 4 until you reach street 6 as you take package 8 from office 2 to store 4,(!store_4 U street_6) & F(office_2 & F(p_package_8 & F(pd & store_4))),G (!store_4 U (street_6 & p_package_8)),False
6387,You must pickup the stop_sign can only happen after picking up the toilet.,!pickup_stop_sign U pickup_toilet,G (!pickup_stop_sign U pickup_toilet),False
6388,Ensure box_4 is picked up from house_5 and delivered to office_2,F(house_5 & F(p_box_4 & F(office_2 & pd))),G (house_5 & p_box_4 -> F (pd & office_2)),False
6389,at any time travel_to house or never drop orange,F travel_to_house | G!drop_orange,G(travel_to_house | !drop_orange),False
6390,move_to house and take_to tree,move_to_house & take_to_tree,F (move_to_house & F take_to_tree),False
6391,Either avoid the inactive_unstable_beam or record safe_person happens infinitely often.,GF avoid_inactive_unstable_beam | GF record_safe_person,G(!avoid_inactive_unstable_beam | GF record_safe_person),False
6392,"Refrain from entering intersection_1 until you reach street_6, and then move cone_3 from street_2 to intersection_1",(!intersection_1 U street_6) & F(street_2 & F(p_cone_3 & F(intersection_1 & pd))),G (!intersection_1 U street_6) & (street_6 -> X (p_cone_3 & street_2 & intersection_1)),False
6393,in any case a car enters and a manager collect claims,G(car_enters & manager_collect_claims),G (car_enters -> F manager_collect_claims),False
6394,"If deliver the cow to the shelf ever holds, search the backpack must have held beforehand.",F deliver_cow_shelf -> (!deliver_cow_shelf U (!deliver_cow_shelf & search_backpack)),G(deliver_cow_shelf -> F!search_backpack),False
6395,at any time make_contact flag or whenever start_going_to tree,F make_contact_flag | F start_going_to_tree,G(make_contact_flag | start_going_to_tree),False
6396,don't let_go pear or never drop pear,!let_go_pear | G!drop_pear,G(!let_go_pear & !drop_pear),False
6397,"From some point onwards, record the vehicle on south_1st_avenue never occurs again.",FG!record_vehicle_south_1st_avenue,G F !record_vehicle_south_1st_avenue,False
6398,"Whenever neither photo debris nor get_help holds, deliver_aid the injured_rescuer eventually holds.",G(!(get_help & photo_debris) -> F deliver_aid_injured_rescuer),G (!(get_help | photo_debris) -> F deliver_aid_injured_rescuer),False
6399,under no circumstances the car starts or a bridge opens or the engine starts,G!(bridge_opens | car_starts | engine_starts),G!((car_starts | bridge_opens) | engine_starts),True
6400,never let_go orange and grasp orange,grasp_orange & G!let_go_orange,G(!let_go_orange & !grasp_orange),False
6401,"at some point in time both the sensor captures data and the sensor gathers information and, in the future the escalator is blocked or the table is old afterwards",G!(sensor_captures_data & sensor_gathers_information) | F(sensor_captures_data & sensor_gathers_information & F(escalator_is_blocked | table_is_old)),F (sensor_captures_data & sensor_gathers_information & F (escalator_is_blocked | table_is_old)),False
6402,"Whenever get_help holds, from the next step onwards deliver the bear to the loading_dock will eventually hold.",G(get_help -> XF deliver_bear_loading_dock),G(get_help -> X F deliver_bear_loading_dock),True
6404,"Photograph statue 6 and then move to bench 4, staying there continuously",F(photo & statue_6 & F(bench_4 & G bench_4)),G (photo & statue_6) -> (X (F (bench_4 & G bench_4))),False
6405,it should not happen that a train has been launched and the bar is closing,G!(bar_is_closing & train_has_been_launched),G! (train_has_been_launched & bar_is_closing),True
6406,Stay within locality_6 until you collect package_3 from store_8 and transport it to house_5,locality_6 U (store_8 & F(p_package_3 & F(house_5 & pd))),locality_6 U (p_package_3 & house_5),False
6407,it is always true that the house is open and together a sensor captures data and the house collapses,G(house_collapses & house_is_open & sensor_captures_data),G(house_is_open & sensor_captures_data & house_collapses),True
6408,Hand over the tie to the loading_dock and deliver the aeroplane to the shelf will each happen at some point.,F deliver_tie_loading_dock & F deliver_aeroplane_shelf,F deliver_tie_loading_dock & F deliver_aeroplane_shelf,True
6409,"eternally, a car starts and, at the same time, the engine breaks and the sensor captures data",G(car_starts & engine_breaks & sensor_captures_data),G(car_starts & engine_breaks & sensor_captures_data),True
6410,Look for the stop_sign can only happen after droping off the parking_meter to the shelf.,!search_stop_sign U deliver_parking_meter_shelf,G (!search_stop_sign U deliver_parking_meter_shelf),False
6411,"In this task, deliver the laptop to the loading_dock, then search the bed.",deliver_laptop_loading_dock U search_bed,F (deliver_laptop_loading_dock & X F search_bed),False
6412,in any case either the sensor gathers information or the house is open,G(house_is_open | sensor_gathers_information),G (sensor_gathers_information | house_is_open),True
6413,it should not happen that either the engine breaks or the escalator moves,G!(engine_breaks | escalator_moves),G!((engine_breaks | escalator_moves)),True
6414,the engine starts involves that whenever a table has been moved then in the future the train has been launched,G(engine_starts -> G(table_has_been_moved -> F train_has_been_launched)),G(table_has_been_moved -> F(train_has_been_launched)),False
6415,at any time present_at flag can infer that venture_towards house,F present_at_flag -> venture_towards_house,G(present_at_flag -> venture_towards_house),False
6416,"forever, both the table has been moved and the train derails",G(table_has_been_moved & train_derails),G(table_has_been_moved & train_derails),True
6417,Stay confined to county 4 as you repeatedly deliver package 4 from office 3 to office 8,G county_4 & GF(office_3 & F(p_package_4 & F(office_8 & pd))),G(county_4 & (p_package_4 <-> (office_3 | office_8)) & (pd <-> (office_3 & X(office_8)))),False
6418,You must always have either record the jaywalker on east_2nd_street or record the car on east_9th_avenue.,G(record_car_east_9th_avenue | record_jaywalker_east_2nd_street),G(record_jaywalker_east_2nd_street | record_car_east_9th_avenue),True
6419,at some time go_to peach and always go_by trash can,F go_to_peach & G go_by_trash_can,F go_to_peach & G go_by_trash_can,True
6420,"after both the house is built and the train derails, always, a semaphore is yellow",G((house_is_built & train_derails) -> G semaphore_is_yellow),G((house_is_built & train_derails) -> G semaphore_is_yellow),True
6421,when possible venture_to house or when possible reach flag,F venture_to_house | F reach_flag,G (F venture_to_house | F reach_flag),False
6422,Visit parking_lot_3 and stay there,FG parking_lot_3,F (parking_lot_3 & G parking_lot_3),True
6423,at some time obtain apple and whenever go_to tree,F obtain_apple & F go_to_tree,F obtain_apple & G (go_to_tree -> obtain_apple),False
6424,move to the red_room,F red_room,F red_room,True
6425,Our agent must always maintain both change light_south red and record the jaywalker on west_7th_street.,G(change_light_south_red & record_jaywalker_west_7th_street),G(change_light_south_red & record_jaywalker_west_7th_street),True
6426,when possible seize orange until at any time journey_to house,F seize_orange U F journey_to_house,G(seize_orange U journey_to_house),False
6427,Find the clock and get_help will each happen at some point.,F search_clock & F get_help,F search_clock & F get_help,True
6428,Continuously revisit intersection 4 while ensuring you eventually go to locality 9,GF intersection_4 & F locality_9,G intersection_4 & F locality_9,False
6429,in any case an elevator falls or a car enters or the sensor captures data,G(car_enters | elevator_falls | sensor_captures_data),G (elevator_falls | car_enters | sensor_captures_data),True
6430,Eventually visit statue 6 and take a picture of it while remaining in park 5,F(photo & statue_6) & G park_5,F (statue_6 & photo & G park_5),False
6431,The robot must eventually photo unsafe_civilian and record gas_leak.,F(photo_unsafe_civilian & record_gas_leak),F (photo_unsafe_civilian & record_gas_leak),True
6432,"first, eventually, the train has arrived, and then, at some point in time either a semaphore is green or the bar is up",G!train_has_arrived | F(train_has_arrived & F(bar_is_up | semaphore_is_green)),F (train_has_arrived & F (semaphore_is_green | bar_is_up)),False
6433,"after both the car enters and a car starts, it is going to happen that either a motorbike has stopped or the escalator is blocked",G((car_enters & car_starts) -> F(escalator_is_blocked | motorbike_has_stopped)),G (car_enters & car_starts) -> F (motorbike_has_stopped | escalator_is_blocked),False
6434,it will happen that a sensor captures data after a motorbike has stopped and a constructor creates instances,G((constructor_creates_instances & motorbike_has_stopped) -> F sensor_captures_data),F (motorbike_has_stopped & constructor_creates_instances & sensor_captures_data),False
6435,go through the yellow or red_room to get to the blue_room,F((red_room | yellow_room) & F blue_room),G (blue_room -> (yellow_room V red_room)),False
6436,whenever either the car stops or the bar has to be repaired then in any case both the elevator falls and the engine starts,G((bar_has_to_be_repaired | car_stops) -> G(elevator_falls & engine_starts)),G ((car_stops | bar_has_to_be_repaired) -> (elevator_falls & engine_starts)),False
6437,"Go to statue_6, take its photograph, and ensure you continuously stay in park_5",F(photo & statue_6) & G park_5,G park_5 & F (statue_6 & F photo),False
6438,"whenever a semaphore is yellow then finally, a manager collect claims and a train has arrived",G(semaphore_is_yellow -> F(manager_collect_claims & train_has_arrived)),G(semaphore_is_yellow -> F(manager_collect_claims & train_has_arrived)),True
6439,"In this task, get_help, then deliver the umbrella to the shelf.",get_help U deliver_umbrella_shelf,F (get_help & F deliver_umbrella_shelf),False
6440,"Either idle happensing infinitely often, or search the teddy-bear happens in the next step.",GF idle | X search_teddy_bear,G F idle | X search_teddy_bear,True
6441,"it is never the case that either the train stops, a train is crossing or a table is brown",G!(table_is_brown | train_is_crossing | train_stops),G!((train_stops | train_is_crossing) | table_is_brown),True
6442,"Either idle happens infinitely often, or search the cake happens in the next step.",GF idle | X search_cake,G(idle) | X(search_cake),False
6443,Retrieve the traffic_light and pickup the refrigerator will each happen at some point.,F pickup_traffic_light & F pickup_refrigerator,F pickup_traffic_light & F pickup_refrigerator,True
6444,it should not happen that the brake is released and the motorbike has stopped,G!(brake_is_released & motorbike_has_stopped),G!(brake_is_released & motorbike_has_stopped),True
6445,"If get_help holds and record the car on west_9th_avenue holds next, then photo the motorcycle on northwest_10th_avenue holds in the step after that.",G((get_help & X record_car_west_9th_avenue) -> XX photo_motorcycle_northwest_10th_avenue),(get_help & X record_car_west_9th_avenue) -> XX photo_motorcycle_northwest_10th_avenue,False
6446,"Eventually(Reach bench 4, take a photograph, and continue staying there)",F(bench_4 & photo & G bench_4),F (bench_4 & photo & G bench_4),True
6447,Remain in parking lot 9 at all times,G parking_lot_9,G parking_lot_9,True
6448,whenever both a house is built and a motorbike has stopped then it is never the case that either the elevator is open or the bar is closing,G((house_is_built & motorbike_has_stopped) -> G!(bar_is_closing | elevator_is_open)),G((house_is_built & motorbike_has_stopped) -> !F(elevator_is_open | bar_is_closing)),True
6449,Get help can only happen after search the hot_dog.,!get_help U search_hot_dog,G (!get_help -> !search_hot_dog) & G (get_help -> F search_hot_dog),False
6450,take pear can infer that when possible gather pear,take_pear -> F gather_pear,G (take_pear -> F gather_pear),False
6451,at some point the bar is up and together the table is old and an elevator falls,F(bar_is_up & elevator_falls & table_is_old),F (bar_is_up & table_is_old & elevator_falls),True
6452,every time a motorbike is driven or the escalator speeds up then under no condition both the car stops and the engine stops,G((escalator_speeds_up | motorbike_is_driven) -> G!(car_stops & engine_stops)),G ((motorbike_is_driven | escalator_speeds_up) -> !(car_stops & engine_stops)),False
6453,"at some point the sensor gathers information and, it is going to happen that the house is open and the bar is up afterwards",G!sensor_gathers_information | F(sensor_gathers_information & F(bar_is_up & house_is_open)),F (sensor_gathers_information & F (house_is_open & bar_is_up)),False
6454,at some point in time a train has been launched or the semaphore is broken,F(semaphore_is_broken | train_has_been_launched),F (train_has_been_launched | semaphore_is_broken),True
6455,Reach house 5 and stay permanently in that location,FG house_5,F (house_5 & G house_5),True
6456,at any time venture flag can infer that move_to trashcan,F venture_flag -> move_to_trashcan,G(venture_flag -> F move_to_trashcan),False
6457,"In this task, idle, then search the scissors.",idle U search_scissors,G (idle -> X search_scissors),False
6458,forever hold_onto orange until at any time let_go apple,G hold_onto_orange U F let_go_apple,G hold_onto_orange U let_go_apple,False
6459,"From some point onwards, deliver the traffic_light to the shelf never occurs again.",FG!deliver_traffic_light_shelf,G F !deliver_traffic_light_shelf,False
6460,put_in bin or at some time come home,put_in_bin | F come_home,F (put_in_bin | come_home),False
6461,"Whenever record unsafe_rescuer and deliver_aid the safe_hostile are equal, deliver_aid the safe_hostile and photo unsafe_victim are equal as well.",G((deliver_aid_safe_hostile <-> record_unsafe_rescuer) -> (deliver_aid_safe_hostile <-> photo_unsafe_victim)),G (record_unsafe_rescuer & deliver_aid_safe_hostile -> photo_unsafe_victim),False
6462,never let_go orange and at some time go_to trash bin,G!let_go_orange & F go_to_trash_bin,G !let_go_orange & F go_to_trash_bin,True
6463,"From some point onwards, pickup the apple never occurs again.",FG!pickup_apple,G F !pickup_apple,False
6464,Stay in parking_lot_5 until you capture a photo of car_5,parking_lot_5 U (car_5 & photo),parking_lot_5 U (photo & car_5),True
6465,The system must Please idle and then get_help.,idle U get_help,G (idle -> X F get_help),False
6466,if the brake is pressed and the escalator moves then at some point in time the sensor captures data,G((brake_is_pressed & escalator_moves) -> F sensor_captures_data),G ((brake_is_pressed & escalator_moves) -> F sensor_captures_data),True
6467,walk or move_to trash can,move_to_trash_can | walk,walk | move_to_trash_can,True
6468,if the engine breaks or the table has been moved then at a certain moment the train derails and the constructor instantiate objects,G((engine_breaks | table_has_been_moved) -> F(constructor_instantiate_objects & train_derails)),(engine_breaks | table_has_been_moved) -> F (train_derails & constructor_instantiate_objects),False
6469,"if at some time withhold apple , never drop apple",F withhold_apple -> G!drop_apple,G(withhold_apple -> G(!drop_apple)),False
6470,"after both the manager collect claims and the escalator is blocked, all the time the bridge opens or a motorbike has started",G((escalator_is_blocked & manager_collect_claims) -> G(bridge_opens | motorbike_has_started)),G (manager_collect_claims & escalator_is_blocked) -> G (bridge_opens | motorbike_has_started),False
6471,whenever gather pear can infer that always touch flag,F gather_pear -> G touch_flag,G(gather_pear -> G(touch_flag)),False
6472,"Look for the clock and get_help never coincide, yet one of them is always true.",G!(get_help & search_clock) & G(get_help | search_clock),G((!get_help <-> !search_clock) & (get_help | search_clock)),False
6473,"Either get_help happens infinitely often, or record injured_victim happens in the next step.",GF get_help | X record_injured_victim,F G get_help | X record_injured_victim,False
6474,"When avoid the impending_debris happens, deliver_aid the safe_victim must hold now or in the next step.",G(avoid_impending_debris -> (deliver_aid_safe_victim | X deliver_aid_safe_victim)),G(avoid_impending_debris -> (deliver_aid_safe_victim | X deliver_aid_safe_victim)),True
6475,"first, eventually, a train has arrived, and then, eventually, a train stops and an elevator is blocked",G!train_has_arrived | F(train_has_arrived & F(elevator_is_blocked & train_stops)),F train_has_arrived & F (train_stops & elevator_is_blocked),False
6476,"Set light_west red should always hold, with at most a two-step grace period for recovery.",!G!(change_light_west_red & X change_light_west_red),G(change_light_west_red | X(change_light_west_red | XX(change_light_west_red))),False
6477,"Our agent must Eventually, both get_help and change light_north green hold simultaneously.",F(change_light_north_green & get_help),F (get_help & change_light_north_green),True
6478,every time both a manager collect claims and a bridge closes then it never happens that the motorbike has started and a semaphore is red,G((bridge_closes & manager_collect_claims) -> G!(motorbike_has_started & semaphore_is_red)),G((manager_collect_claims & bridge_closes) -> G(!(motorbike_has_started & semaphore_is_red))),True
6479,"under no circumstances either a train has arrived, a motorbike catches fire or a sensor gathers information",G!(motorbike_catches_fire | sensor_gathers_information | train_has_arrived),G(!train_has_arrived & !motorbike_catches_fire & !sensor_gathers_information),True
6480,never let_go orange and pick_up fruit,pick_up_fruit & G!let_go_orange,G(!let_go_orange & !pick_up_fruit),False
6481,Always avoid picking up box 3,G!p_box_3,G!p_box_3,True
6482,"first, eventually, both a train has arrived and a bridge closes, and then, at a certain moment either a car enters or a motorbike has started",G!(bridge_closes & train_has_arrived) | F(bridge_closes & train_has_arrived & F(car_enters | motorbike_has_started)),F (train_has_arrived & bridge_closes & F (car_enters | motorbike_has_started)),False
6483,never let_go apple until travel_to waste bin,G!let_go_apple U travel_to_waste_bin,G (!let_go_apple U travel_to_waste_bin),False
6484,"it will happen that the bridge opens and, at the same time, the semaphore is red and a constructor creates instances",F(bridge_opens & constructor_creates_instances & semaphore_is_red),F (bridge_opens & semaphore_is_red & constructor_creates_instances),True
6485,never drop apple or repeatedly go_to waste basket,G!drop_apple | GF go_to_waste_basket,G(!drop_apple) & !G F go_to_waste_basket,False
6486,"every time the semaphore is yellow then finally, the elevator falls or the train stops",G(semaphore_is_yellow -> F(elevator_falls | train_stops)),G(semaphore_is_yellow -> F(elevator_falls | train_stops)),True
6487,The system must eventually deliver_aid the injured_victim or go_home.,F(deliver_aid_injured_victim | go_home),F (deliver_aid_injured_victim | go_home),True
6488,Do not go to park 5 at any time,G!park_5,G!park_5,True
6489,at some time have pear or repeatedly go_to apple trashcan,F have_pear | GF go_to_apple_trashcan,F have_pear | G F go_to_apple_trashcan,True
6490,"when approach trash can , at some time get_to flag",approach_trash_can -> F get_to_flag,G (approach_trash_can -> F get_to_flag),False
6491,"If avoid the inactive_debris ever holds, go_home must have held beforehand.",F avoid_inactive_debris -> (!avoid_inactive_debris U (!avoid_inactive_debris & go_home)),G(avoid_inactive_debris -> !(!go_home U avoid_inactive_debris)),False
6492,"Ensure you go to mall 5, retrieve box 4, and then transport it to house 1",F(mall_5 & F(p_box_4 & F(house_1 & pd))),G (mall_5 -> (p_box_4 -> (X (p_box_4 & house_1)))),False
6493,always when the bar is closing and the train is crossing then it is going to happen that a table has been moved and the engine breaks,G((bar_is_closing & train_is_crossing) -> F(engine_breaks & table_has_been_moved)),G ((bar_is_closing & train_is_crossing) -> F (table_has_been_moved & engine_breaks)),True
6494,"after the manager collect claims or the elevator falls, at no time a train has been launched and a semaphore is green",G((elevator_falls | manager_collect_claims) -> G!(semaphore_is_green & train_has_been_launched)),G ( (manager_collect_claims | elevator_falls) -> G !(train_has_been_launched & semaphore_is_green) ),True
6495,"first, sooner or later the table is old or the bar has to be repaired, and then, at a certain moment the train derails and a manager handles requests",G!(bar_has_to_be_repaired | table_is_old) | F((bar_has_to_be_repaired | table_is_old) & F(manager_handles_requests & train_derails)),F (table_is_old | bar_has_to_be_repaired) & F (train_derails & manager_handles_requests),False
6496,"Switch light_west yellow and record the person on east_8th_street never coincide, yet one of them is always true.",G!(change_light_west_yellow & record_person_east_8th_street) & G(change_light_west_yellow | record_person_east_8th_street),G((!change_light_west_yellow <-> record_person_east_8th_street) & (change_light_west_yellow | record_person_east_8th_street)),True
6497,Take letter_4 from office_5 to house_2,F(office_5 & F(p_letter_4 & F(house_2 & pd))),G (office_5 & p_letter_4 -> F (house_2 & p_letter_4)),False
6498,Keep visiting charger 4 while repeatedly taking pictures of area 5,GF charger_4 & GF(area_5 & photo),G (photo & area_5) & G F charger_4,False
6499,go through either the red or the green_room to get to the blue_room,F((green_room | red_room) & F blue_room),G (blue_room -> (F (red_room | green_room) & G (!blue_room -> !red_room & !green_room))),False
6500,Maintain your presence in locality 5 as you retrieve package 5 from office 3 and deliver it to office 6,G locality_5 & F(office_3 & F(p_package_5 & F(office_6 & pd))),G(locality_5 & (p_package_5 & office_3 -> X(office_6 & p_package_5))),False
6501,Locate the tennis_racket holds at all times.,G search_tennis_racket,G search_tennis_racket,True
6502,stay in park 4 until you take the picture of statue 9,park_4 U (photo & statue_9),G(park_4 U (photo & statue_9)),False
6503,"first, it is going to happen that an elevator rises or the car stops, and then, it is going to happen that either the bar is closing or a motorbike has stopped",G!(car_stops | elevator_rises) | F((car_stops | elevator_rises) & F(bar_is_closing | motorbike_has_stopped)),F (elevator_rises | car_stops) & F (bar_is_closing | motorbike_has_stopped),False
6504,Reach intersection 5 and remain there indefinitely,FG intersection_5,F (intersection_5 & G intersection_5),True
6505,"at some point both the motorbike has stopped and a semaphore is red and, in the future a sensor gathers information afterwards",G!(motorbike_has_stopped & semaphore_is_red) | F(motorbike_has_stopped & semaphore_is_red & F sensor_gathers_information),F (motorbike_has_stopped & semaphore_is_red & F sensor_gathers_information),False
6506,come_to tree until at any time visit trash bin,come_to_tree U F visit_trash_bin,come_to_tree U visit_trash_bin,False
6507,"forever, both the elevator is open and the manager handles requests",G(elevator_is_open & manager_handles_requests),G(elevator_is_open & manager_handles_requests),True
6508,"if take_to trash can , acquire apple",take_to_trash_can -> acquire_apple,G (take_to_trash_can -> X acquire_apple),False
6509,if the house is open or a table is old then it will happen that either the escalator moves or the car enters,G((house_is_open | table_is_old) -> F(car_enters | escalator_moves)),(house_is_open | table_is_old) -> F (escalator_moves | car_enters),False
6510,Do not at building_6 under any circumstances,G!building_6,G!building_6,True
6511,whenever have pear can infer that approach trash can,F have_pear -> approach_trash_can,G(have_pear -> approach_trash_can),False
6512,if a sensor captures data then at some point in time both the escalator speeds up and a motorbike falls down,G(sensor_captures_data -> F(escalator_speeds_up & motorbike_falls_down)),G(sensor_captures_data -> F(escalator_speeds_up & motorbike_falls_down)),True
6513,"Whenever record the pedestrian on southwest_5th_avenue holds, from the next step onwards get_help will eventually hold.",G(record_pedestrian_southwest_5th_avenue -> XF get_help),G(record_pedestrian_southwest_5th_avenue -> X F get_help),True
6514,"Once search the bus has occurred, deliver the backpack to the shelf will never occur again.",G(search_bus -> XG!deliver_backpack_shelf),G(search_bus -> G(!deliver_backpack_shelf)),False
6515,"Never enter street 5, and eventually go to house 2 and pick up box 4",G!street_5 & F(house_2 & p_box_4),G !street_5 & F (house_2 & p_box_4),True
6516,Our agent must always have either search the cell_phone or get_help.,G(get_help | search_cell_phone),G(search_cell_phone | get_help),True
6517,go through the green or yellow_room to get to the blue_room,F((green_room | yellow_room) & F blue_room),G (blue_room -> (green_room | yellow_room) U blue_room),False
6518,"when always have apple , whenever touch house",G have_apple -> F touch_house,G(have_apple -> G(touch_house -> F have_apple)),False
6519,every time both the elevator rises and the train is crossing then sooner or later the sensor captures data and the engine stops,G((elevator_rises & train_is_crossing) -> F(engine_stops & sensor_captures_data)),G((elevator_rises & train_is_crossing) -> F(sensor_captures_data & engine_stops)),True
6520,Visit parking lot 2 and grab dish 2,F(p_dish_2 & parking_lot_2),F (parking_lot_2 & p_dish_2),True
6521,whenever both the car stops and the constructor instantiate objects then at no time both a sensor captures data and the escalator is blocked,G((car_stops & constructor_instantiate_objects) -> G!(escalator_is_blocked & sensor_captures_data)),G((car_stops & constructor_instantiate_objects) -> G!(sensor_captures_data & escalator_is_blocked)),True
6522,if both the manager handles requests and a table is brown then sooner or later either the brake is released or the semaphore is red,G((manager_handles_requests & table_is_brown) -> F(brake_is_released | semaphore_is_red)),(manager_handles_requests & table_is_brown) -> F (brake_is_released | semaphore_is_red),False
6523,when possible journey_to flag and whenever venture_to waste basket,F journey_to_flag & F venture_to_waste_basket,G(journey_to_flag -> X journey_to_flag) & G(venture_to_waste_basket -> X venture_to_waste_basket),False
6524,"at some point a sensor retrieves data or a train has been launched and, in the future the engine stops and the sensor gathers information afterwards",G!(sensor_retrieves_data | train_has_been_launched) | F((sensor_retrieves_data | train_has_been_launched) & F(engine_stops & sensor_gathers_information)),F (sensor_retrieves_data | train_has_been_launched) & F (engine_stops & F sensor_gathers_information),False
6525,every time the table is old and the house is built then it never happens that either the car stops or the house collapses,G((house_is_built & table_is_old) -> G!(car_stops | house_collapses)),G((table_is_old & house_is_built) -> G!((car_stops | house_collapses))),True
6526,Always avoid entering house_4 and getting bottle_2,G!(house_4 & p_bottle_2),G(!house_4 & !p_bottle_2),False
6527,"Begin recording gas_leak must hold until going back to base does, or else record gas_leak holds forever.",(record_gas_leak U go_home) | G record_gas_leak,record_gas_leak U go_home | G record_gas_leak,True
6528,repeatedly grab tree and at some time go_to transh can,GF grab_tree & F go_to_transh_can,G F grab_tree & F go_to_transh_can,True
6529,"Either change light_east yellow happens infinitely often, or change light_east red happens in the next step.",GF change_light_east_yellow | X change_light_east_red,G F change_light_east_yellow | X change_light_east_red,True
6530,"Whenever get_help holds, idle holds exactly three steps later.",G(get_help -> XXX idle),G(get_help -> X X X idle & !X idle & !X X idle),False
6531,Stay within locality 7 at all times while taking letter 1 from office 4 to house 1,G locality_7 & F(office_4 & F(p_letter_1 & F(house_1 & pd))),G(locality_7 & (p_letter_1 -> (G(!house_1) U (house_1 & !p_letter_1)))),False
6532,Snap a picture of landmark_6,F(landmark_6 & photo),F (photo & landmark_6),True
6533,Call for help holds at all times.,G get_help,G get_help,True
6534,"eternally, the engine starts, the car enters and a sensor captures data",G(car_enters & engine_starts & sensor_captures_data),G(engine_starts & car_enters & sensor_captures_data),True
6535,"Do not go to street 4 before reaching intersection 2, as you proceed to house 13 and collect trash 13",(!street_4 U intersection_2) & F(house_13 & p_trash_13),G (!street_4 W (intersection_2 & (G (!house_13 & !p_trash_13) U (house_13 & p_trash_13)))),False
6536,"all the time either the sensor captures data, the bar is closing or the semaphore is green",G(bar_is_closing | semaphore_is_green | sensor_captures_data),G(sensor_captures_data | bar_is_closing | semaphore_is_green),True
6537,Keep going to charger 12 while you consistently take box 1 from house 5 to house 23,GF charger_12 & GF(house_5 & F(p_box_1 & F(house_23 & pd))),G(charger_12 & (p_box_1 & house_5 & house_23)),False
6538,The system must always have either get_help or idle.,G(get_help | idle),G(get_help | idle),True
6539,"If every record the jaywalker on west_5th_street is eventually followed by change light_east yellow, then get_help must occur infinitely often.",G(record_jaywalker_west_5th_street -> F change_light_east_yellow) -> GF get_help,G((record_jaywalker_west_5th_street -> F change_light_east_yellow) -> G F get_help),False
6540,always when the semaphore is yellow then at some point in time the bar has to be repaired and the manager collect claims,G(semaphore_is_yellow -> F(bar_has_to_be_repaired & manager_collect_claims)),G (semaphore_is_yellow -> F (bar_has_to_be_repaired & manager_collect_claims)),True
6541,always when a semaphore is green and the bar is down then sooner or later the manager collect claims and the train has arrived,G((bar_is_down & semaphore_is_green) -> F(manager_collect_claims & train_has_arrived)),G (semaphore_is_green & bar_is_down -> F (manager_collect_claims & train_has_arrived)),True
6542,at some point in time either the house is built or the engine starts,F(engine_starts | house_is_built),F (house_is_built | engine_starts),True
6543,"when gather apple , whenever get_close flag",gather_apple -> F get_close_flag,G (gather_apple -> G (get_close_flag -> X get_close_flag)),False
6544,whenever both the semaphore is yellow and the train stops then every time the bar is down and the semaphore is red,G((semaphore_is_yellow & train_stops) -> G(bar_is_down & semaphore_is_red)),G((semaphore_is_yellow & train_stops) -> G((bar_is_down & semaphore_is_red) -> true)),False
6545,"finally, a train has arrived and, at some point in time both the table is brown and the escalator moves afterwards",G!train_has_arrived | F(train_has_arrived & F(escalator_moves & table_is_brown)),F (train_has_arrived & F (table_is_brown & escalator_moves)),False
6546,"Whenever photo the jaywalker on southeast_7th_street holds, record the jaywalker on northeast_1st_avenue holds exactly three steps later.",G(photo_jaywalker_southeast_7th_street -> XXX record_jaywalker_northeast_1st_avenue),G(photo_jaywalker_southeast_7th_street -> X(X(X(record_jaywalker_northeast_1st_avenue)))),True
6547,"first, in the future either the bar is closing or a table is brown, and then, eventually, an elevator is blocked or a house is open",G!(bar_is_closing | table_is_brown) | F((bar_is_closing | table_is_brown) & F(elevator_is_blocked | house_is_open)),F (bar_is_closing | table_is_brown) & F (elevator_is_blocked | house_is_open),False
6548,"after a car starts and the manager collect claims, always, the manager handles requests and the house collapses",G((car_starts & manager_collect_claims) -> G(house_collapses & manager_handles_requests)),G(car_starts & manager_collect_claims -> G(manager_handles_requests & house_collapses)),True
6549,"if when possible bring pear , whenever reach flag",F bring_pear -> F reach_flag,G (reach_flag -> X (bring_pear)),False
6550,"if forever touch flag , repeatedly go_to pear",G touch_flag -> GF go_to_pear,G(touch_flag -> G(go_to_pear)),False
6551,This controller must eventually photo unstable_beam or avoid the probable_flood.,F(avoid_probable_flood | photo_unstable_beam),F (photo_unstable_beam | avoid_probable_flood),True
6552,Our agent must pickup the train can only happen after idleing.,!pickup_train U idle,G (!pickup_train W idle),False
6553,always both the motorbike is driven and a house is built implies that it will not happen that either the semaphore is green or the bar is up,G((house_is_built & motorbike_is_driven) -> G!(bar_is_up | semaphore_is_green)),G((motorbike_is_driven & house_is_built) -> !F(semaphore_is_green | bar_is_up)),True
6554,"at some point in time either the engine stops, a table is old or a house is built",F(engine_stops | house_is_built | table_is_old),F (engine_stops | table_is_old | house_is_built),True
6555,pick_up orange until whenever go_to trash can,pick_up_orange U F go_to_trash_can,G (pick_up_orange U go_to_trash_can),False
6556,Stay in building_2 until you reach path_3,building_2 U path_3,building_2 U path_3,True
6557,forever move_around and never drop orange,G move_around & G!drop_orange,G(move_around & !drop_orange),True
6558,never let_go and whenever journey_to flag,G!let_go & F journey_to_flag,G(!let_go & (journey_to_flag -> X(!let_go))),False
6559,"Either pickup the book happens infinitely often, or get_help happens in the next step.",GF pickup_book | X get_help,G(pickup_book) | X(get_help),False
6560,"If pickup the hair-drier holds, then in the next step search the sink persists until pickup the handbag holds, or else search the sink holds forever.",pickup_hair_drier -> X((search_sink U pickup_handbag) | G search_sink),pickup_hair_drier -> (X search_sink U pickup_handbag) | G search_sink,False
6561,"Whenever neither photo the person on northeast_2nd_avenue nor photo the jaywalker on northwest_7th_avenue holds, record the vehicle on northwest_2nd_avenue eventually holds.",G(!(photo_jaywalker_northwest_7th_avenue & photo_person_northeast_2nd_avenue) -> F record_vehicle_northwest_2nd_avenue),G (!(photo_person_northwest_2nd_avenue | photo_jaywalker_northwest_7th_avenue) -> F record_vehicle_northwest_2nd_avenue),False
6562,don't let_go pear and don't let_go orange,!let_go_orange & !let_go_pear,G(!let_go_pear & !let_go_orange),False
6563,take apple until when possible grasp apple,take_apple U F grasp_apple,take_apple U grasp_apple,False
6564,Deliver brochure 3 from table 9 to park 2,F(table_9 & F(p_brochure_3 & F(park_2 & pd))),G (table_9 & p_brochure_3 -> F (park_2 & pd)),False
6565,never drop apple or secure apple,secure_apple | G!drop_apple,G(!drop_apple & !secure_apple),False
6566,an elevator rises involves that if the brake is pressed then at a certain moment the elevator falls,G(elevator_rises -> G(brake_is_pressed -> F elevator_falls)),G(elevator_rises -> (brake_is_pressed -> F elevator_falls)),False
6567,"it will happen that a train has arrived and, eventually, a motorbike catches fire and a semaphore is red afterwards",G!train_has_arrived | F(train_has_arrived & F(motorbike_catches_fire & semaphore_is_red)),F (train_has_arrived & F (motorbike_catches_fire & X semaphore_is_red)),False
6568,"Continue staying in park_8 until you photo of monument_2, and then at bench_5 and remain there indefinitely",park_8 U (monument_2 & photo & F(bench_5 & G bench_5)),G(park_8 U (photo & monument_2)) & F((photo & monument_2) & G(bench_5)),False
6569,Keep capturing images of intersection_4 periodically,GF(intersection_4 & photo),G(photo & intersection_4),False
6570,"in the future the engine breaks or the manager handles requests and, it is going to happen that the sensor gathers information afterwards",G!(engine_breaks | manager_handles_requests) | F((engine_breaks | manager_handles_requests) & F sensor_gathers_information),F (engine_breaks | (manager_handles_requests & X F sensor_gathers_information)),False
6571,Avoid entering house 4 indefinitely,G!house_4,G!house_4,True
6572,You must eventually deliver_aid the safe_rescuer or photo fire_source.,F(deliver_aid_safe_rescuer | photo_fire_source),F (deliver_aid_safe_rescuer | photo_fire_source),True
6573,"Never enter park 3, and ensure that you eventually go to police station 1 and pick up cone 2 and then deliver it to intersection 2",G!park_3 & F(p_cone_2 & police_station_1 & F(intersection_2 & pd)),G !park_3 & F (police_station_1 & p_cone_2 & X (G (!intersection_2) U (intersection_2 & pd))),False
6574,Do not go to park 9 before arriving at gate 7 and capturing a photo,!park_9 U (gate_7 & photo),G !(park_9 & !gate_7 & !photo),False
6575,"first, eventually, the train has arrived, and then, it will happen that both the house is open and the bar is up",G!train_has_arrived | F(train_has_arrived & F(bar_is_up & house_is_open)),F (train_has_arrived & F (house_is_open & bar_is_up)),False
6576,Pick up traffic cone 5 from street 4 and subsequently place it in intersection 6,F(street_4 & F(p_traffic_cone_5 & F(intersection_6 & pd))),G (street_4 & p_traffic_cone_5 -> X (pd & street_4 & p_traffic_cone_5 & X (intersection_6 & p_traffic_cone_5))),False
6577,"Whenever idle holds, deliver the dining_table to the shelf holds exactly three steps later.",G(idle -> XXX deliver_dining_table_shelf),G(idle -> X X X deliver_dining_table_shelf),True
6578,"when drop pear , whenever journey_by flag",drop_pear -> F journey_by_flag,G (drop_pear -> G (journey_by_flag -> journey_by_flag)),False
6579,if either a sensor captures data or the train is crossing then it will not happen that either an elevator is open or the bar is closing,G((sensor_captures_data | train_is_crossing) -> G!(bar_is_closing | elevator_is_open)),G ((sensor_captures_data | train_is_crossing) -> !(elevator_is_open | bar_is_closing)),False
6580,never drop apple or venture_towards house,venture_towards_house | G!drop_apple,G(!drop_apple & !venture_towards_house),False
6581,Avoid entering parking lot 4 until you reach street 5 and then enter and remain in parking lot 4,(!parking_lot_4 U street_5) & F(parking_lot_4 & G parking_lot_4),!parking_lot_4 U (street_5 & parking_lot_4) & G (street_5 & parking_lot_4 -> X G parking_lot_4),False
6582,get_hold_of pear until hold orange,get_hold_of_pear U hold_orange,get_hold_of_pear U hold_orange,True
6583,Go to street_5 before heading to building_2 and staying there forever.,F(street_5 & F(building_2 & G building_2)),F (street_5 & G !building_2) & G (!building_2 -> !street_5) & F (building_2 & G building_2),False
6584,"first, sooner or later a sensor gathers information, and then, finally, the escalator speeds up and a bridge opens",G!sensor_gathers_information | F(sensor_gathers_information & F(bridge_opens & escalator_speeds_up)),F (sensor_gathers_information & F (escalator_speeds_up & bridge_opens)),False
6585,always when both the house collapses and the car stops then at a certain moment the bar is down and the car starts,G((car_stops & house_collapses) -> F(bar_is_down & car_starts)),G((house_collapses & car_stops) -> F(bar_is_down & car_starts)),True
6586,travel_to tree and move_to trash can,move_to_trash_can & travel_to_tree,F travel_to_tree & F move_to_trash_can,False
6587,at some time reach tree can infer that whenever reach tree,1,G(reach_tree -> G(reach_tree)),False
6588,Avoid entering park_5 until you have reached intersection_4,!park_5 U intersection_4,G (!park_5 U intersection_4),False
6589,don't let_go pear or move_towards trash can,!let_go_pear | move_towards_trash_can,G(!let_go_pear & !move_towards_trash_can),False
6590,in any case the elevator is blocked or the elevator falls or the sensor gathers information,G(elevator_falls | elevator_is_blocked | sensor_gathers_information),G (elevator_is_blocked | elevator_falls | sensor_gathers_information),True
6591,enter the yellow_room without passing the blue one,F yellow_room & G!blue_room,G (!yellow_room U (blue_room & !yellow_room)) -> G !yellow_room,False
6592,Either deliver_aid the safe_rescuer or communicate the injured_rescuer happens infinitely often.,GF deliver_aid_safe_rescuer | GF communicate_injured_rescuer,G F (deliver_aid_safe_rescuer | communicate_injured_rescuer),True
6593,seize apple and going_to tree,going_to_tree & seize_apple,F (seize_apple & going_to_tree),False
6594,"If get_help holds and record safe_rescuer holds next, then go_home holds in the step after that.",G((get_help & X record_safe_rescuer) -> XX go_home),(get_help & X record_safe_rescuer) -> XX go_home,False
6595,"first, in the future a train derails and a manager handles requests, and then, in the future both the escalator is blocked and a sensor captures data",G!(manager_handles_requests & train_derails) | F(manager_handles_requests & train_derails & F(escalator_is_blocked & sensor_captures_data)),F (train_derails & manager_handles_requests) & F (escalator_is_blocked & sensor_captures_data),False
6596,Stay in park 8 until you capture a photo of monument 2 and then proceed to bench 5 and remain there,park_8 U (monument_2 & photo & F(bench_5 & G bench_5)),G(park_8 U (photo & monument_2)) & G((photo & monument_2) -> (X (G(bench_5)))),False
6597,always when the engine breaks and the motorbike is driven then it will happen that the car stops and the table is old,G((engine_breaks & motorbike_is_driven) -> F(car_stops & table_is_old)),G ((engine_breaks & motorbike_is_driven) -> F (car_stops & table_is_old)),True
6598,"finally, both a house is built and the brake is released",F(brake_is_released & house_is_built),F (house_is_built & brake_is_released),True
6599,acquire orange or never let_go apple,acquire_orange | G!let_go_apple,acquire_orange | G !let_go_apple,True
6600,"When change light_north green happens, record the vehicle on east_3rd_street must hold now or in the next step.",G(change_light_north_green -> (record_vehicle_east_3rd_street | X record_vehicle_east_3rd_street)),G (change_light_north_green -> (record_vehicle_east_3rd_street | X record_vehicle_east_3rd_street)),True
6601,"The robot must eventually, avoid photoing the car on northwest_10th_avenue.",F!photo_car_northwest_10th_avenue,G F !photo_car_northwest_10th_avenue,False
6602,"finally, the sensor gathers information and, at some point a train stops and the brake is pressed afterwards",G!sensor_gathers_information | F(sensor_gathers_information & F(brake_is_pressed & train_stops)),F (sensor_gathers_information & F (train_stops & X brake_is_pressed)),False
6603,Either get_help or change light_south yellow happens infinitely often.,GF get_help | GF change_light_south_yellow,G F (get_help | change_light_south_yellow),True
6604,Keep take pictures of car 1 while refraining from visiting parking lot 9,GF(car_1 & photo) & G!parking_lot_9,G(photo & car_1 & !parking_lot_9),False
6605,forever have_in orange or drop pear,drop_pear | G have_in_orange,G (have_in_orange | drop_pear),False
6606,"At every step, record the vehicle on northeast_4th_street equals the value of change light_north red in the next step.",G(record_vehicle_northeast_4th_street <-> X change_light_north_red),G(record_vehicle_northeast_4th_street <-> X(change_light_north_red)),True
6607,"if at some time steal apple , when possible proceed_to flag",F steal_apple -> F proceed_to_flag,G(steal_apple -> F(proceed_to_flag)),False
6608,at a certain moment the brake is pressed,F brake_is_pressed,F brake_is_pressed,True
6609,never drop apple means that at some time get_close flag,G!drop_apple -> F get_close_flag,!drop_apple <-> F get_close_flag,False
6610,"If get_help ever holds, search the kite must have held beforehand.",F get_help -> (!get_help U (!get_help & search_kite)),G(get_help -> !search_kite W get_help),False
6611,"At every step, get_help equals the value of pickup the skis in the next step.",G(get_help <-> X pickup_skis),G(get_help <-> X(pickup_skis)),True
6612,whenever get_hold orange until acquire orange,F get_hold_orange U acquire_orange,G (get_hold_orange -> (get_hold_orange U acquire_orange)),False
6613,it is going to happen that the sensor gathers information or the motorbike has stopped,F(motorbike_has_stopped | sensor_gathers_information),F (sensor_gathers_information | motorbike_has_stopped),True
6614,"after a semaphore is green or the car enters, in the future the train has arrived",G((car_enters | semaphore_is_green) -> F train_has_arrived),G ((semaphore_is_green | car_enters) -> F train_has_arrived),True
6615,Pick up package_4 from store_2 and place it in house_4,F(store_2 & F(p_package_4 & F(house_4 & pd))),G (p_package_4 & store_2 -> X (p_package_4 & house_4)),False
6616,"as a semaphore is yellow, it will happen that either the bar is closing or a table has been moved",G(semaphore_is_yellow -> F(bar_is_closing | table_has_been_moved)),G(semaphore_is_yellow -> F(bar_is_closing | table_has_been_moved)),True
6617,always when the sensor captures data or the bar is up then in the future the sensor captures data,G((bar_is_up | sensor_captures_data) -> F sensor_captures_data),G ((sensor_captures_data | bar_is_up) -> F sensor_captures_data),True
6618,"Go to store_3 to get package_2 and deliver it to house_2, ensuring you do not enter mall_1",F(store_3 & F(p_package_2 & F(house_2 & pd))) & G!mall_1,G !mall_1 & F (store_3 & p_package_2) & F (house_2 & p_package_2),False
6619,Both get_help and change light_north green hold at every step.,G(change_light_north_green & get_help),G(get_help & change_light_north_green),True
6620,"If every change light_west yellow is eventually followed by geting help, then record the pedestrian on southwest_2nd_avenue must occur infinitely often.",G(change_light_west_yellow -> F get_help) -> GF record_pedestrian_southwest_2nd_avenue,G((G(change_light_west_yellow -> F get_help)) -> G F record_pedestrian_southwest_2nd_avenue),False
6621,hold apple and always have apple,hold_apple & G have_apple,G(hold_apple & have_apple),False
6622,"when at some time travel_to trash can , at some time visit house",F travel_to_trash_can -> F visit_house,G(travel_to_trash_can -> F visit_house),False
6623,"If every search the microwave is eventually followed by idleing, then pickup the boat must occur infinitely often.",G(search_microwave -> F idle) -> GF pickup_boat,G((search_microwave -> F idle) -> G F pickup_boat),False
6624,"Our agent must eventually, avoid photoing the collision on southwest_4th_avenue.",F!photo_collision_southwest_4th_avenue,G F !photo_collision_southwest_4th_avenue,False
6625,go into the blue_room,F blue_room,F blue_room,True
6626,Continuously transport crate_1 from storage_4 to office_2,GF(storage_4 & F(p_crate_1 & F(office_2 & pd))),G (p_crate_1 & storage_4 -> X (p_crate_1 & !storage_4 & !office_2 U (p_crate_1 & office_2))),False
6627,This controller must eventually photo the person on northeast_4th_street or photo the motorcycle on southwest_8th_street.,F(photo_motorcycle_southwest_8th_street | photo_person_northeast_4th_street),F (photo_person_northeast_4th_street | photo_motorcycle_southwest_8th_street),True
6628,"Eventually, (pick up crate 4 and afterward go to park 1 and deliver it and remain in park 1 permanently)",F(p_crate_4 & F(park_1 & pd & G park_1)),F (p_crate_4 & X (park_1 & pd & G park_1)),False
6629,forever touch flag and whenever go_to trash receptacle,G touch_flag & F go_to_trash_receptacle,G touch_flag & G (go_to_trash_receptacle -> X touch_flag),False
6630,"it is going to happen that the train has arrived and, finally, both the escalator is blocked and a sensor captures data afterwards",G!train_has_arrived | F(train_has_arrived & F(escalator_is_blocked & sensor_captures_data)),F (train_has_arrived & F (escalator_is_blocked & sensor_captures_data)),False
6631,Stay away from street_4 until you reach intersection_2 as you at house_13 and pickup trash_13,(!street_4 U intersection_2) & F(house_13 & p_trash_13),G (house_13 & p_trash_13 -> (!street_4 U intersection_2)),False
6632,This controller must eventually search the parking_meter or search the chair.,F(search_chair | search_parking_meter),F (search_parking_meter | search_chair),True
6633,"If change light_north yellow holds, then in the next step record the vehicle on west_5th_street persists until taking a photo of the cyclist on northwest_1st_avenue holds, or else record the vehicle on west_5th_street holds forever.",change_light_north_yellow -> X((record_vehicle_west_5th_street U photo_cyclist_northwest_1st_avenue) | G record_vehicle_west_5th_street),change_light_north_yellow -> (X (record_vehicle_west_5th_street U photo_cyclist_northwest_1st_avenue) | G record_vehicle_west_5th_street),False
6634,it should not happen that both a motorbike has stopped and the car starts after the escalator is blocked and a house is open,G((escalator_is_blocked & house_is_open) -> G!(car_starts & motorbike_has_stopped)),G ! ( (escalator_is_blocked & house_is_open) & (motorbike_has_stopped & F car_starts) ),False
6635,at the green_room while avoiding the red_room on the way,F green_room & G!red_room,G (!red_room U green_room),False
6636,Keep returning to area_5 periodically,GF area_5,G F area_5,True
6637,whenever yield pear can infer that go_to orange,F yield_pear -> go_to_orange,G (yield_pear -> X go_to_orange),False
6638,"finally, either the engine breaks, the elevator is blocked or a sensor retrieves data",F(elevator_is_blocked | engine_breaks | sensor_retrieves_data),F (engine_breaks | elevator_is_blocked | sensor_retrieves_data),True
6639,repeatedly go_to waste basket or at some time come home,GF go_to_waste_basket | F come_home,G(go_to_waste_basket) | F(come_home),False
6640,procure apple or go_to orange,go_to_orange | procure_apple,F (procure_apple | go_to_orange),False
6641,"forever, a sensor retrieves data or a sensor gathers information",G(sensor_gathers_information | sensor_retrieves_data),G(sensor_retrieves_data | sensor_gathers_information),True
6642,"at some point both a car starts and a semaphore is red and, at a certain moment the bridge closes afterwards",G!(car_starts & semaphore_is_red) | F(car_starts & semaphore_is_red & F bridge_closes),F (car_starts & semaphore_is_red & F bridge_closes),False
6643,"if when possible withold apple , at some time seize pear",F withold_apple -> F seize_pear,G(withold_apple -> F seize_pear),False
6644,pick_up fruit or stop_by flag,pick_up_fruit | stop_by_flag,F (pick_up_fruit | stop_by_flag),False
6645,First at park_5 and then make sure to photograph monument_3,F(park_5 & F(monument_3 & photo)),G (park_5 -> X (F (photo & monument_3))),False
6646,"Take a photo of the collision on southwest_5th_avenue must keep holding until, from some point on, get_help holds infinitely often.",photo_collision_southwest_5th_avenue U GF get_help,G (photo_collision_southwest_5th_avenue <-> (photo_collision_southwest_5th_avenue V (F G get_help))),False
6647,always moving and drop pear,drop_pear & G moving,G(moving & F drop_pear),False
6648,at the blue_room,F blue_room,G blue_room,False
6649,if either the brake is released or the train has been launched then under no condition the bridge closes or the table has been moved,G((brake_is_released | train_has_been_launched) -> G!(bridge_closes | table_has_been_moved)),G ((brake_is_released | train_has_been_launched) -> !(bridge_closes | table_has_been_moved)),False
6650,"Whenever search the bowl holds, search the suitcase holds as well.",G(search_bowl -> search_suitcase),G(search_bowl -> search_suitcase),True
6651,Take a picture at statue 7 after visiting it,F(photo & statue_7),G (statue_7 -> X photo),False
6652,"Go to store 1, grab bottle_3, and move it to hospital_2.",F(shop_1 & F(p_bottle_3 & F(hospital_2 & pd))),G (shop_1 -> (p_bottle_3 & (G (!hospital_2) U hospital_2))),False
6653,"Avoid taking a photo until you reach park 5, and ensure you eventually go to landmark 4 and take a photo there",(!photo U park_5) & F(landmark_4 & photo),!photo W park_5 & F (landmark_4 & photo),True
6654,"If every pickup the wine_glass is eventually followed by remaining still, then get_help must occur infinitely often.",G(pickup_wine_glass -> F idle) -> GF get_help,G((G(pickup_wine_glass -> F idle)) -> G F get_help),False
6655,The robot must always maintain both pickup the bird and deliver the bus to the shelf.,G(deliver_bus_shelf & pickup_bird),G(pickup_bird & deliver_bus_shelf),True
6656,it will happen that both the escalator moves and the bar is closing,F(bar_is_closing & escalator_moves),F (escalator_moves & bar_is_closing),True
6657,advance_to tree or do not let_go orange,advance_to_tree | !let_go_orange,G(advance_to_tree | !let_go_orange),False
6658,Keep visiting street 5,GF street_5,G F street_5,True
6659,if either a car starts or a train derails then sooner or later the semaphore is red or the engine stops,G((car_starts | train_derails) -> F(engine_stops | semaphore_is_red)),(car_starts | train_derails) -> F (semaphore_is_red | engine_stops),False
6660,"Start by picking up box 5 at plant 8, then proceed to deliver it to store 6",F(plant_8 & F(p_box_5 & F(pd & store_6))),G (plant_8 & p_box_5 -> X (F (store_6 & pd) & ! (store_6 & pd) U (store_6 & pd))),False
6661,"first, in the future either the engine breaks or the manager handles requests, and then, eventually, either a constructor creates instances or the elevator is blocked",G!(engine_breaks | manager_handles_requests) | F((engine_breaks | manager_handles_requests) & F(constructor_creates_instances | elevator_is_blocked)),F ( (engine_breaks | manager_handles_requests) & F (constructor_creates_instances | elevator_is_blocked) ),False
6662,go into the red_room then go into the blue_room,F(red_room & F blue_room),G (red_room -> X (blue_room)),False
6663,move to the blue_room,F blue_room,F blue_room,True
6664,collect pear means that move_to tree,collect_pear -> move_to_tree,G (collect_pear -> move_to_tree),False
6665,always hold_on pear and at any time migrate_to tree,G hold_on_pear & F migrate_to_tree,G(hold_on_pear & F migrate_to_tree),False
6666,"Whenever deliver_aid the safe_hostile holds, communicate the injured_rescuer holds as well.",G(deliver_aid_safe_hostile -> communicate_injured_rescuer),G (deliver_aid_safe_hostile -> communicate_injured_rescuer),True
6667,"Do not enter intersection_8 before arriving at street_3, while ensuring you eventually at locality_5",(!intersection_8 U street_3) & F locality_5,!intersection_8 W street_3 & F locality_5,False
6668,"Whenever search the sports_ball holds, from the next step onwards deliver the refrigerator to the shelf will eventually hold.",G(search_sports_ball -> XF deliver_refrigerator_shelf),G(search_sports_ball -> X F deliver_refrigerator_shelf),True
6669,Begin recording the collision on south_8th_avenue holds at all times.,G record_collision_south_8th_avenue,G record_collision_south_8th_avenue,True
6670,never drop apple or venture_towards house,venture_towards_house | G!drop_apple,G(!drop_apple & !venture_towards_house),False
6671,"You must Eventually, both photo fire_source and record injured_rescuer hold simultaneously.",F(photo_fire_source & record_injured_rescuer),F (photo_fire_source & record_injured_rescuer),True
6672,Find your way to intersection 4 and stay there permanently,FG intersection_4,F (intersection_4 & G intersection_4),True
6673,Persistently take pictures of street 3,GF(photo & street_3),G(street_3 -> photo),False
6674,it will not happen that the car stops or the train is crossing,G!(car_stops | train_is_crossing),G!((car_stops)|(train_is_crossing)),True
6675,"first, finally, the table is brown and the bar is down, and then, it will happen that both the house is open and the elevator rises",G!(bar_is_down & table_is_brown) | F(bar_is_down & table_is_brown & F(elevator_rises & house_is_open)),F (table_is_brown & bar_is_down & F (house_is_open & elevator_rises)),False
6676,Continuously visit parking_lot_4 while delivering document_4 from car_5 to car_6,GF parking_lot_4 & F(car_5 & F(p_document_4 & F(car_6 & pd))),G(parking_lot_4 & (car_5 -> X car_6) & p_document_4),False
6677,travel through the blue_room to the yellow_room,F(blue_room & F yellow_room),G (blue_room -> F yellow_room),False
6678,"If record the jaywalker on south_3rd_avenue holds and get_help holds next, then change light_east yellow holds in the step after that.",G((record_jaywalker_south_3rd_avenue & X get_help) -> XX change_light_east_yellow),(record_jaywalker_south_3rd_avenue & X get_help) -> XX change_light_east_yellow,False
6679,Ensure you reach house 5 and stay there forever,FG house_5,F (house_5 & G house_5),True
6680,forever go_by trash can and whenever get_close tree,G go_by_trash_can & F get_close_tree,G go_by_trash_can & G (get_close_tree -> X go_by_trash_can),False
6681,Avoid entering park 6 until you have picked up pass 4,!park_6 U p_pass_4,G (!park_6 U p_pass_4),False
6682,"Deliver aid to the injured_victim should always hold, with at most a two-step grace period for recovery.",!G!(deliver_aid_injured_victim & X deliver_aid_injured_victim),G deliver_aid_injured_victim | X deliver_aid_injured_victim | XX deliver_aid_injured_victim,False
6683,"at a certain moment a train derails and, at the same time, a motorbike has stopped and the engine stops",F(engine_stops & motorbike_has_stopped & train_derails),F (train_derails & motorbike_has_stopped & engine_stops),True
6684,"Go to house 3, collect pass 2, and take it to office 2, making sure you do not go to street 5 before picking up pass 2",F(house_3 & F(p_pass_2 & F(office_2 & pd))) & (!street_5 U p_pass_2),G (house_3 -> (G (!street_5) U p_pass_2) & (p_pass_2 -> (G (!street_5) U office_2))),False
6685,"at some point in time the house is open or the motorbike is driven and, at a certain moment a bridge closes or a semaphore is broken afterwards",G!(house_is_open | motorbike_is_driven) | F((house_is_open | motorbike_is_driven) & F(bridge_closes | semaphore_is_broken)),F (house_is_open | motorbike_is_driven) & F (bridge_closes | semaphore_is_broken),False
6686,venture_towards house or go_by waste bin,go_by_waste_bin | venture_towards_house,F (venture_towards_house | go_by_waste_bin),False
6687,"forever, the escalator speeds up and together a table is brown and a motorbike has started",G(escalator_speeds_up & motorbike_has_started & table_is_brown),G(escalator_speeds_up & table_is_brown & motorbike_has_started),True
6688,whenever the semaphore is broken or the train has arrived then in any case the semaphore is yellow,G((semaphore_is_broken | train_has_arrived) -> G semaphore_is_yellow),G ((semaphore_is_broken | train_has_arrived) -> semaphore_is_yellow),False
6689,"if never let_go orange , procure apple",G!let_go_orange -> procure_apple,G(!let_go_orange -> F procure_apple),False
6690,never drop orange or whenever travel_to house,G!drop_orange | F travel_to_house,G(!drop_orange | (travel_to_house -> G(!drop_orange))),False
6691,always touch flag until when possible walk_to flag,G touch_flag U F walk_to_flag,G(touch_flag U (walk_to_flag & touch_flag)),False
6692,"Retrieve package 2 at warehouse 3, bring it to house 1, and capture a photo at house 1",F(warehouse_3 & F(p_package_2 & F(house_1 & pd & photo))),F (warehouse_3 & p_package_2 & pd & F (house_1 & photo)),False
6693,Do not visit room 4 until building 4 is reached,!room_4 U building_4,!room_4 W building_4,False
6694,"under no circumstances the constructor creates instances, a sensor retrieves data and the bridge closes",G!(bridge_closes & constructor_creates_instances & sensor_retrieves_data),G !(constructor_creates_instances & sensor_retrieves_data & bridge_closes),True
6695,"Deliver the tie to the shelf and get_help never coincide, yet one of them is always true.",G!(deliver_tie_shelf & get_help) & G(deliver_tie_shelf | get_help),G((deliver_tie_shelf & !get_help) | (!deliver_tie_shelf & get_help)),True
6696,at some time present_at flag until at some time reach flag,F present_at_flag U F reach_flag,F (present_at_flag U reach_flag),True
6697,whenever a constructor creates instances or the house is built then it is always true that the motorbike falls down or a house collapses,G((constructor_creates_instances | house_is_built) -> G(house_collapses | motorbike_falls_down)),G ((constructor_creates_instances | house_is_built) -> G (motorbike_falls_down | house_collapses)),True
6698,"Take a video of the collision on north_5th_street must hold until calling for help does, or else record the collision on north_5th_street holds forever.",(record_collision_north_5th_street U get_help) | G record_collision_north_5th_street,G(record_collision_north_5th_street U get_help) | G(record_collision_north_5th_street),False
6699,"at some point in time the table is brown and, at the same time, the escalator moves and an elevator is blocked",F(elevator_is_blocked & escalator_moves & table_is_brown),F (table_is_brown & escalator_moves & elevator_is_blocked),True
6700,all the time a train stops and the bar is down after a semaphore is yellow,G(semaphore_is_yellow -> G(bar_is_down & train_stops)),G (semaphore_is_yellow -> X (bar_is_down & train_stops)),False
6701,under no condition an elevator rises and the semaphore is broken,G!(elevator_rises & semaphore_is_broken),G!(elevator_rises & semaphore_is_broken),True
6702,Eventually go to parking lot 3 and remain there permanently,FG parking_lot_3,F (parking_lot_3 & G parking_lot_3),True
6703,Keep going to area_2 and taking a picture,GF(area_2 & photo),G(area_2 & photo),False
6704,repeatedly grab tree or at some time stop_by house,GF grab_tree | F stop_by_house,G(grab_tree | F stop_by_house),False
6705,when possible touch house or whenever let_go apple,F touch_house | F let_go_apple,G (let_go_apple -> touch_house),False
6706,Stay in locality 3 until you reach office 4,locality_3 U office_4,locality_3 U office_4,True
6707,Keep taking a picture of building_5 while you also keep visiting charger_4,GF(building_5 & photo) & GF charger_4,G(photo & building_5 & charger_4),False
6708,"If pickup the umbrella happens infinitely often, then so does get_help.",GF pickup_umbrella -> GF get_help,G F pickup_umbrella -> G F get_help,True
6709,"If every get_help is eventually followed by search the handbag, then idle must occur infinitely often.",G(get_help -> F search_handbag) -> GF idle,G((get_help -> F search_handbag) -> G F idle),False
6711,"when take pear , never let_go orange",take_pear -> G!let_go_orange,G(take_pear -> !F let_go_orange),False
6712,whenever a sensor captures data then at some point in time both the elevator rises and the train is crossing,G(sensor_captures_data -> F(elevator_rises & train_is_crossing)),G(sensor_captures_data -> F(elevator_rises & train_is_crossing)),True
6713,"as either the table is brown or the bar has to be repaired, eventually, either a car stops or a motorbike catches fire",G((bar_has_to_be_repaired | table_is_brown) -> F(car_stops | motorbike_catches_fire)),G ( (table_is_brown | bar_has_to_be_repaired) -> F (car_stops | motorbike_catches_fire) ),True
6714,"Whenever record the cyclist on south_1st_street holds, photo the collision on southeast_4th_street holds as well.",G(record_cyclist_south_1st_street -> photo_collision_southeast_4th_street),G(record_cyclist_south_1st_street -> photo_collision_southeast_4th_street),True
6715,"it never happens that a sensor gathers information and, at the same time, the constructor creates instances and a motorbike is driven",G!(constructor_creates_instances & motorbike_is_driven & sensor_gathers_information),G!(sensor_gathers_information & constructor_creates_instances & motorbike_is_driven),True
6716,put_in apple bucket until take_to trash can,put_in_apple_bucket U take_to_trash_can,put_in_apple_bucket U take_to_trash_can,True
6717,"finally, the engine breaks or a semaphore is yellow and, sooner or later a sensor gathers information afterwards",G!(engine_breaks | semaphore_is_yellow) | F((engine_breaks | semaphore_is_yellow) & F sensor_gathers_information),F (engine_breaks | semaphore_is_yellow) & F sensor_gathers_information,False
6718,do not let_go pear or whenever visit trash bin,!let_go_pear | F visit_trash_bin,G(!let_go_pear | (visit_trash_bin -> let_go_pear)),False
6719,it is always the case that the train stops and a sensor gathers information after the escalator moves and the bar is closing,G((bar_is_closing & escalator_moves) -> G(sensor_gathers_information & train_stops)),G ( (escalator_moves & bar_is_closing) -> X (train_stops & sensor_gathers_information) ),False
6720,whenever present_at flag until at some time reach flag,F present_at_flag U F reach_flag,G(present_at_flag -> (present_at_flag U reach_flag)),False
6721,"Eventually, you need to visit bench_4, capture a photo, and stay there permanently",F(bench_4 & photo & G bench_4),F (bench_4 & photo & G (bench_4 & photo)),False
6722,"after either the bar has to be repaired or the sensor retrieves data, at a certain moment both the elevator is blocked and the motorbike has stopped",G((bar_has_to_be_repaired | sensor_retrieves_data) -> F(elevator_is_blocked & motorbike_has_stopped)),G ( (bar_has_to_be_repaired | sensor_retrieves_data) -> F (elevator_is_blocked & motorbike_has_stopped) ),True
6723,"in any case the house is built, the engine breaks and a car stops",G(car_stops & engine_breaks & house_is_built),G(house_is_built -> (engine_breaks & car_stops)),False
6724,"Always eventually visit parking lot 4, and ensure that you eventually go to car 5, pick up document 4, and then go to car 6 and deliver it",GF parking_lot_4 & F(car_5 & F(p_document_4 & F(car_6 & pd))),G F parking_lot_4 & F (car_5 & F (p_document_4 & F car_6)),False
6725,Eventually (pickup crate_4 and eventually at park_1 and put_down the crate_4 and stay in park_1),"F(""p_crate_4 "" & F(""park_1 "" & pd & G park_1))","F (pd & ""p_crate_4 "" & F (park_1 & pd & G park_1))",False
6726,Stay in parking_lot_4 until you photo of car_5,parking_lot_4 U (car_5 & photo),parking_lot_4 U (photo & car_5),True
6727,You must always have either get_help or deliver the sports_ball to the loading_dock.,G(deliver_sports_ball_loading_dock | get_help),G(get_help | deliver_sports_ball_loading_dock),True
6728,"Whenever deliver the tennis_racket to the loading_dock and deliver the sports_ball to the shelf are equal, deliver the sports_ball to the shelf and search the bed are equal as well.",G((deliver_sports_ball_shelf <-> deliver_tennis_racket_loading_dock) -> (deliver_sports_ball_shelf <-> search_bed)),G((deliver_tennis_racket_loading_dock <-> deliver_sports_ball_shelf) -> (deliver_sports_ball_shelf <-> search_bed)),True
6729,"This controller must pickup the bear and pickup the knife never coincide, yet one of them is always true.",G!(pickup_bear & pickup_knife) & G(pickup_bear | pickup_knife),G((pickup_bear | pickup_knife) & !(pickup_bear & pickup_knife)),True
6730,at some time show_yourself_near house and repeatedly go_to waste basket,F show_yourself_near_house & GF go_to_waste_basket,F (show_yourself_near_house & G F go_to_waste_basket),True
6731,pick_up fruit or at some time grab orange,pick_up_fruit | F grab_orange,pick_up_fruit | F grab_orange,True
6732,at some point in time the engine starts and the constructor creates instances,F(constructor_creates_instances & engine_starts),F (engine_starts & constructor_creates_instances),True
6733,every time the train derails then at some point the car stops or the escalator is blocked,G(train_derails -> F(car_stops | escalator_is_blocked)),G(train_derails -> F(car_stops | escalator_is_blocked)),True
6734,"If record the car on west_1st_street ever holds, get_help must have held beforehand.",F record_car_west_1st_street -> (!record_car_west_1st_street U (get_help & !record_car_west_1st_street)),G(record_car_west_1st_street -> !record_car_west_1st_street W get_help),False
6735,"When get_help happens, record the vehicle on east_4th_street must hold now or in the next step.",G(get_help -> (record_vehicle_east_4th_street | X record_vehicle_east_4th_street)),G (get_help -> (record_vehicle_east_4th_street | X record_vehicle_east_4th_street)),True
6736,at any time got_to house and do not let_go orange,!let_go_orange & F got_to_house,G(got_to_house & !let_go_orange),False
6737,"first, at a certain moment the bar is closing or a table is brown, and then, it is going to happen that a train has arrived",G!(bar_is_closing | table_is_brown) | F((bar_is_closing | table_is_brown) & F train_has_arrived),F (bar_is_closing | table_is_brown) & F train_has_arrived,False
6738,"finally, either a house collapses or a motorbike is driven",F(house_collapses | motorbike_is_driven),F (house_collapses | motorbike_is_driven),True
6739,You must Please deliver the bowl to the shelf and then deliver the clock to the loading_dock.,deliver_bowl_shelf U deliver_clock_loading_dock,G (deliver_bowl_shelf -> X (deliver_bowl_shelf U deliver_clock_loading_dock)),False
6740,whenever spend_time_at tree or do not let_go pear,!let_go_pear | F spend_time_at_tree,G (spend_time_at_tree | !let_go_pear),False
6741,"after a sensor captures data, sooner or later the engine breaks or the table has been moved",G(sensor_captures_data -> F(engine_breaks | table_has_been_moved)),G(sensor_captures_data -> F(engine_breaks | table_has_been_moved)),True
6742,"When photo injured_rescuer happens, get_help must hold now or in the next step.",G(photo_injured_rescuer -> (get_help | X get_help)),G(photo_injured_rescuer -> (get_help | X get_help)),True
6743,"it never happens that either the bar is down, the manager handles requests or an elevator rises",G!(bar_is_down | elevator_rises | manager_handles_requests),G!((bar_is_down) | (manager_handles_requests) | (elevator_rises)),True
6744,"Globally, it is not the case that both get_help and record the cyclist on north_4th_avenue hold simultaneously.",G!(get_help & record_cyclist_north_4th_avenue),G!(get_help & record_cyclist_north_4th_avenue),True
6745,"Wait should always hold, with at most a two-step grace period for recovery.",!G!(idle & X idle),G (idle | (X idle & XX idle)),False
6746,all the time the elevator falls and together the bar is up and a train is crossing,G(bar_is_up & elevator_falls & train_is_crossing),G(elevator_falls & bar_is_up & train_is_crossing),True
6747,"Request assistance must hold until idleing does, or else get_help holds forever.",(get_help U idle) | G get_help,G (request_assistance -> (request_assistance U idle)) & (!idle -> G get_help),False
6748,The robot must always avoid geting help.,G!get_help,G!get_help,True
6749,at the yellow_room but only go through the green_room to get there,F(green_room & F yellow_room),G (yellow_room -> (green_room U yellow_room)),False
6750,at the green_room,F green_room,green_room,False
6751,never drop pear or at some time go_to house,G!drop_pear | F go_to_house,G(!drop_pear | F go_to_house),False
6752,"Globally, if photo the vehicle on west_2nd_street occurs then finally record the person on southeast_8th_avenue happens.",G(photo_vehicle_west_2nd_street -> F record_person_southeast_8th_avenue),G(photo_vehicle_west_2nd_street -> F(record_person_southeast_8th_avenue)),True
6753,Keep retrieving crate_6 from store_2 and moving it to building_5,GF(store_2 & F(p_crate_6 & F(building_5 & pd))),G (p_crate_6 & store_2 -> X (p_crate_6 & building_5)),False
6754,"at a certain moment the escalator is blocked or the table is old and, sooner or later the train has arrived afterwards",G!(escalator_is_blocked | table_is_old) | F((escalator_is_blocked | table_is_old) & F train_has_arrived),F (escalator_is_blocked | (table_is_old & F train_has_arrived)),False
6755,"If pickup the zebra ever holds, pickup the dog must have held beforehand.",F pickup_zebra -> (!pickup_zebra U (pickup_dog & !pickup_zebra)),G(pickup_zebra -> !pickup_zebra W pickup_dog),False
6756,Stay in area 2 as you keep goint to building 8 to take a picture,G area_2 & GF(building_8 & photo),G(area_2 & (building_8 -> X photo)),False
6757,forever have apple or going_to tree,going_to_tree | G have_apple,G (have_apple | going_to_tree),False
6758,"Once avoid the probable_fire_source has occurred, avoid the probable_gas_leak will never occur again.",G(avoid_probable_fire_source -> XG!avoid_probable_gas_leak),G(avoid_probable_fire_source -> G(!avoid_probable_gas_leak)),False
6759,"eternally, both a semaphore is broken and the engine starts",G(engine_starts & semaphore_is_broken),G(semaphore_is_broken & engine_starts),True
6760,"when at any time snag orange , keep apple",F snag_orange -> keep_apple,G(snag_orange -> X keep_apple),False
6761,"after the train stops or the house is open, at some point in time a car starts and the engine stops",G((house_is_open | train_stops) -> F(car_starts & engine_stops)),G ( (train_stops | house_is_open) -> F (car_starts & engine_stops) ),True
6762,"Whenever go_home holds, get_help holds as well.",G(go_home -> get_help),G(go_home -> get_help),True
6763,"From some point onwards, record the motorcycle on south_9th_street never occurs again.",FG!record_motorcycle_south_9th_street,G F !record_motorcycle_south_9th_street,False
6764,"Globally, if deliver the backpack to the shelf occurs then finally deliver the dining_table to the loading_dock happens.",G(deliver_backpack_shelf -> F deliver_dining_table_loading_dock),G(deliver_backpack_shelf -> F deliver_dining_table_loading_dock),True
6765,under no circumstances either the house is built or the bar is up,G!(bar_is_up | house_is_built),G!((house_is_built) | (bar_is_up)),True
6766,Eventually(Ensure you capture a photo of monument 12 and stay there),F(monument_12 & photo & G monument_12),F (photo & monument_12 & G (monument_12)),True
6767,"Whenever neither get_help nor search the hair-drier holds, search the tv_monitor eventually holds.",G(!(get_help & search_hair_drier) -> F search_tv_monitor),G(!(get_help | search_hair_drier) -> F search_tv_monitor),False
6768,Never go to parking lot 5 as you capture a photo of car 3,G!parking_lot_5 & F(car_3 & photo),G !(photo & car_3 & parking_lot_5),False
6769,"Whenever neither get_help nor photo the person on west_6th_avenue holds, change light_west red eventually holds.",G(!(get_help & photo_person_west_6th_avenue) -> F change_light_west_red),G (!(get_help | photo_person_west_6th_avenue) -> F change_light_west_red),False
6770,"Globally, if go_home occurs then finally avoid the nearest_debris happens.",G(go_home -> F avoid_nearest_debris),G(go_home -> F(avoid_nearest_debris)),True
6771,"in the future either the table is old, a semaphore is broken or the semaphore is green",F(semaphore_is_broken | semaphore_is_green | table_is_old),F (table_is_old | semaphore_is_broken | semaphore_is_green),True
6772,Ensure you reach parking_lot_3 and stay there continuously,FG parking_lot_3,F (parking_lot_3 & G parking_lot_3),True
6773,at some point in time the bar is up and a motorbike has started after a train has arrived,G(train_has_arrived -> F(bar_is_up & motorbike_has_started)),F (bar_is_up & (motorbike_has_started & (train_has_arrived U motorbike_has_started))),False
6774,in the future either a sensor gathers information or a train derails after the train has arrived,G(train_has_arrived -> F(sensor_gathers_information | train_derails)),F (sensor_gathers_information | (train_has_arrived & X train_derails)),False
6775,"at a certain moment the sensor gathers information, a car stops and a manager collect claims",F(car_stops & manager_collect_claims & sensor_gathers_information),F (sensor_gathers_information & car_stops & manager_collect_claims),True
6776,"If every pickup the sandwich is eventually followed by requesting assistance, then idle must occur infinitely often.",G(pickup_sandwich -> F get_help) -> GF idle,G((G(pickup_sandwich -> F get_help)) -> G F idle),False
6777,never drop apple or at some time venture_to house,G!drop_apple | F venture_to_house,G(!drop_apple | F venture_to_house),False
6778,don't let_go pear or forever go_by trash can,!let_go_pear | G go_by_trash_can,G(!let_go_pear | !go_by_trash_can),False
6779,grab_hold pear or grab_hold pear,grab_hold_pear,grab_hold_pear,True
6780,The robot must always avoid geting help.,G!get_help,G!get_help,True
6781,whenever start_going_to house until whenever stop_by house,F start_going_to_house U F stop_by_house,G(start_going_to_house -> (start_going_to_house U stop_by_house)),False
6782,"when whenever venture flag , approach trash can",F venture_flag -> approach_trash_can,G(venture_flag -> approach_trash_can),False
6783,"Request assistance must keep holding until, from some point on, record the vehicle on southwest_7th_avenue holds infinitely often.",get_help U GF record_vehicle_southwest_7th_avenue,G (get_help U (F G record_vehicle_southwest_7th_avenue)),False
6785,"sooner or later both the car starts and a semaphore is broken and, eventually, a table is brown and the escalator moves afterwards",G!(car_starts & semaphore_is_broken) | F(car_starts & semaphore_is_broken & F(escalator_moves & table_is_brown)),F (car_starts & semaphore_is_broken) & F (table_is_brown & X escalator_moves),False
6786,This controller must always avoid requesting assistance.,G!get_help,G!get_help,True
6787,Continuously take pictures of building 5 while repeatedly visiting charger 4,GF(building_5 & photo) & GF charger_4,G (photo & building_5) & G F charger_4,False
6788,when possible get_close flag until pick_up flag,F get_close_flag U pick_up_flag,G (get_close_flag -> (get_close_flag U pick_up_flag)),False
6789,Avoid handling or picking up crate 8 indefinitely,G!p_crate_8,G!p_crate_8,True
6790,at no time the sensor retrieves data or the constructor instantiate objects,G!(constructor_instantiate_objects | sensor_retrieves_data),G(!sensor_retrieves_data & !constructor_instantiate_objects),True
6791,if either the escalator is blocked or the car starts then under no circumstances either the escalator moves or a table is old,G((car_starts | escalator_is_blocked) -> G!(escalator_moves | table_is_old)),G ((escalator_is_blocked | car_starts) -> ! (escalator_moves | table_is_old)),False
6792,when possible go_near house and always hold_on pear,F go_near_house & G hold_on_pear,G(go_near_house -> F(hold_on_pear)) & G(hold_on_pear),False
6793,Get help and photo the person on north_2nd_avenue will each happen at some point.,F get_help & F photo_person_north_2nd_avenue,F get_help & F photo_person_north_2nd_avenue,True
6794,pass thru either the green or yellow box to get to the blue box,F((green_room | yellow_room) & F blue_room),F ( (green_room | yellow_room) & X (F blue_room) ),False
6795,at some time gather pear can infer that going_to tree,F gather_pear -> going_to_tree,F (gather_pear & going_to_tree),False
6796,Both get_help and change light_west green hold at every step.,G(change_light_west_green & get_help),G(get_help & change_light_west_green),True
6797,all the time either a motorbike has started or the table has been moved,G(motorbike_has_started | table_has_been_moved),G(motorbike_has_started | table_has_been_moved),True
6798,Avoid visiting house 4 for the purpose of picking up bottle 2,G!(house_4 & p_bottle_2),G ! (house_4 & p_bottle_2),True
6799,never drop apple or never drop apple,G!drop_apple,G!drop_apple,True
6800,at any time the motorbike has stopped or a semaphore is yellow after both an elevator is blocked and the escalator is blocked,G((elevator_is_blocked & escalator_is_blocked) -> G(motorbike_has_stopped | semaphore_is_yellow)),G ( (elevator_is_blocked & escalator_is_blocked) -> F (motorbike_has_stopped | semaphore_is_yellow) ),False
6801,Stay in building 9 until you take bottle 3 from room 2 to room 6,building_9 U (room_2 & F(p_bottle_3 & F(pd & room_6))),G (building_9 U (p_bottle_3 & room_2 & X (room_6))),False
6802,at some time withdraw pear or forever hold_on pear,F withdraw_pear | G hold_on_pear,F withdraw_pear | G hold_on_pear,True
6803,"Either record the jaywalker on west_2nd_avenue happens infinitely often, or photo the jaywalker on northwest_6th_avenue happens in the next step.",GF record_jaywalker_west_2nd_avenue | X photo_jaywalker_northwest_6th_avenue,G F record_jaywalker_west_2nd_avenue | X photo_jaywalker_northwest_6th_avenue,True
6804,in the future the bar is closing and the house is built,F(bar_is_closing & house_is_built),F (bar_is_closing & house_is_built),True
6805,"Remain in building 9 permanently, but avoid entering building 9 until you reach street 6",FG building_9 & (!building_9 U street_6),G building_9 & G (!building_9 U street_6),False
6806,whenever move_past trash can until when possible start_going_to tree,F move_past_trash_can U F start_going_to_tree,G (move_past_trash_can -> (move_past_trash_can U start_going_to_tree)),False
6807,pick_up flag or repeatedly go_to waste basket,pick_up_flag | GF go_to_waste_basket,F pick_up_flag | G F go_to_waste_basket,False
6808,at the blue_room but do not pass through the yellow_room,F blue_room & G!yellow_room,G (!yellow_room U blue_room) & G (blue_room -> !X yellow_room),False
6809,it is always the case that a bridge opens and the engine breaks,G(bridge_opens & engine_breaks),G(bridge_opens & engine_breaks),True
6810,Revisit street_5 periodically,GF street_5,G F street_5,True
6811,Put down whatever you are carrying and head to parking lot 2,F(pd & F parking_lot_2),X (pd & F parking_lot_2),False
6812,"after the bar is closing and a train is crossing, it is going to happen that the sensor captures data",G((bar_is_closing & train_is_crossing) -> F sensor_captures_data),G (bar_is_closing & train_is_crossing) -> F sensor_captures_data,False
6813,repeatedly grab tree or when possible move_near tree,GF grab_tree | F move_near_tree,G (grab_tree | (move_near_tree -> X (grab_tree | move_near_tree))),False
6814,if the engine stops or a house is open then at a certain moment the sensor captures data,G((engine_stops | house_is_open) -> F sensor_captures_data),G((engine_stops | house_is_open) -> F sensor_captures_data),True
6815,"in the future a sensor retrieves data or a manager collect claims and, at some point the sensor gathers information afterwards",G!(manager_collect_claims | sensor_retrieves_data) | F((manager_collect_claims | sensor_retrieves_data) & F sensor_gathers_information),F (sensor_retrieves_data | manager_collect_claims) & F sensor_gathers_information,False
6816,whenever steal apple and go_to orange,go_to_orange & F steal_apple,G (steal_apple & go_to_orange -> X (steal_apple & go_to_orange)),False
6817,Refrain from entering park 2 at all times,G!park_2,G!park_2,True
6818,"This controller must eventually, avoid deliver_aid the safe_rescuer.",F!deliver_aid_safe_rescuer,F !deliver_aid_safe_rescuer,True
6819,This controller must always have either idle or search the toothbrush.,G(idle | search_toothbrush),G (idle | search_toothbrush),True
6820,"it will happen that an elevator falls, a constructor instantiate objects and the train is crossing",F(constructor_instantiate_objects & elevator_falls & train_is_crossing),F (elevator_falls & constructor_instantiate_objects & train_is_crossing),True
6821,Take a video of injured_rescuer holds at all times.,G record_injured_rescuer,G record_injured_rescuer,True
6822,"Ensure you repeatedly transport crate 4 from warehouse 3 to store 9, and also periodically visit charger 3",GF(warehouse_3 & F(p_crate_4 & F(pd & store_9))) & GF charger_3,G F (warehouse_3 & p_crate_4) & G F (store_9 & p_crate_4) & G F charger_3,False
6823,"Whenever change light_west yellow holds, eventually photo the person on northeast_9th_avenue will hold.",G(change_light_west_yellow -> F photo_person_northeast_9th_avenue),G(change_light_west_yellow -> F(photo_person_northeast_9th_avenue)),True
6824,Every record the vehicle on northwest_3rd_avenue is directly followed by changeing light_east yellow in the next step.,G(record_vehicle_northwest_3rd_avenue -> X change_light_east_yellow),G(record_vehicle_northwest_3rd_avenue -> X(change_light_east_yellow)),True
6825,it will not happen that a house is built and an elevator is open,G!(elevator_is_open & house_is_built),G!(house_is_built & elevator_is_open),True
6826,"if the engine starts or the motorbike catches fire then never, the escalator is blocked or the motorbike has started",G((engine_starts | motorbike_catches_fire) -> G!(escalator_is_blocked | motorbike_has_started)),(engine_starts | motorbike_catches_fire) -> G(!(escalator_is_blocked | motorbike_has_started)),False
6827,never let_go orange until at any time advance_to house,G!let_go_orange U F advance_to_house,G (!let_go_orange U advance_to_house),False
6828,never drop orange or collect pear,collect_pear | G!drop_orange,G(!drop_orange & !collect_pear),False
6829,Either idle or pickup the carrot happens infinitely often.,GF idle | GF pickup_carrot,G F (idle | pickup_carrot),True
6830,if either an elevator rises or a semaphore is yellow then at some point both a semaphore is red and a sensor retrieves data,G((elevator_rises | semaphore_is_yellow) -> F(semaphore_is_red & sensor_retrieves_data)),((elevator_rises | semaphore_is_yellow) -> F (semaphore_is_red & sensor_retrieves_data)),False
6831,"If idle holds, then in the next step get_help persists until search the frisbee holds, or else get_help holds forever.",idle -> X((get_help U search_frisbee) | G get_help),idle -> (X (get_help U search_frisbee) | G get_help),False
6832,"as a train has arrived, at some point in time either a semaphore is yellow or the engine stops",G(train_has_arrived -> F(engine_stops | semaphore_is_yellow)),G(train_has_arrived -> F(semaphore_is_yellow | engine_stops)),True
6833,"Whenever change light_west green and record the car on northeast_4th_street are equal, record the car on northeast_4th_street and change light_east red are equal as well.",G((change_light_west_green <-> record_car_northeast_4th_street) -> (change_light_east_red <-> record_car_northeast_4th_street)),G ((change_light_west_green & record_car_northeast_4th_street) -> (record_car_northeast_4th_street & change_light_east_red)),False
6834,every time the semaphore is yellow then at any time either the manager collect claims or the sensor gathers information,G(semaphore_is_yellow -> G(manager_collect_claims | sensor_gathers_information)),G(semaphore_is_yellow -> G(manager_collect_claims | sensor_gathers_information)),True
6835,The robot must always avoid recording the person on southwest_6th_avenue.,G!record_person_southwest_6th_avenue,G!record_person_southwest_6th_avenue,True
6836,"Globally, if record safe_civilian occurs then finally record unsafe_rescuer happens.",G(record_safe_civilian -> F record_unsafe_rescuer),G(record_safe_civilian -> F record_unsafe_rescuer),True
6837,whenever make_way waste basket or move_to trashcan,move_to_trashcan | F make_way_waste_basket,G (make_way_waste_basket | move_to_trashcan),False
6838,Pick up bottle 3 from bedroom 2 and deliver it to kitchen 4,F(bedroom_2 & F(p_bottle_3 & F(kitchen_4 & pd))),G (bedroom_2 & p_bottle_3 -> F (pd & kitchen_4)),False
6839,"Whenever neither photo flood nor deliver_aid the safe_victim holds, communicate the injured_hostile eventually holds.",G(!(deliver_aid_safe_victim & photo_flood) -> F communicate_injured_hostile),G (!(photo_flood | deliver_aid_safe_victim) -> F communicate_injured_hostile),False
6840,"finally, a sensor gathers information and, finally, either a car stops or the brake is released afterwards",G!sensor_gathers_information | F(sensor_gathers_information & F(brake_is_released | car_stops)),F sensor_gathers_information & F (car_stops | brake_is_released),False
6841,repeatedly grab tree or at any time track_towards tree,GF grab_tree | F track_towards_tree,G F (grab_tree | track_towards_tree),False
6842,"first, sooner or later a bridge closes, and then, it will happen that either a train is crossing or an elevator rises",G!bridge_closes | F(bridge_closes & F(elevator_rises | train_is_crossing)),G (bridge_closes -> F (train_is_crossing | elevator_rises)),False
6843,whenever lay_hold_of apple and snatch_up pear,snatch_up_pear & F lay_hold_of_apple,G (lay_hold_of_apple & snatch_up_pear),False
6844,repeatedly go_to apple trashcan or grip apple,grip_apple | GF go_to_apple_trashcan,G F (go_to_apple_trashcan | grip_apple),False
6845,Both pickup the bed and deliver the motorbike to the loading_dock hold at every step.,G(deliver_motorbike_loading_dock & pickup_bed),G(pickup_bed & deliver_motorbike_loading_dock),True
6846,whenever secure pear or forever hold_onto orange,F secure_pear | G hold_onto_orange,G (secure_pear | G hold_onto_orange),False
6847,Every deliver the sink to the shelf is directly followed by delivering the person to the shelf in the next step.,G(deliver_sink_shelf -> X deliver_person_shelf),G(deliver_sink_shelf -> X deliver_person_shelf),True
6848,at some point a train stops or the train has arrived,F(train_has_arrived | train_stops),F (train_stops | train_has_arrived),True
6849,"as an elevator is blocked or a constructor creates instances, at some point a sensor captures data",G((constructor_creates_instances | elevator_is_blocked) -> F sensor_captures_data),G ((elevator_is_blocked | constructor_creates_instances) -> F sensor_captures_data),True
6850,Every deliver_aid the injured_hostile is directly followed by doing not go near the probable_fire_source in the next step.,G(deliver_aid_injured_hostile -> X avoid_probable_fire_source),G(deliver_aid_injured_hostile -> X(!avoid_probable_fire_source)),False
6851,never drop orange and at some time get_close flag,G!drop_orange & F get_close_flag,G!drop_orange & Fget_close_flag,True
6852,enter the blue_room and then the red_room,F(blue_room & F red_room),F (blue_room & F red_room),True
6853,forever have_in orange or whenever get_to flag,G have_in_orange | F get_to_flag,G have_in_orange | G (get_to_flag -> X have_in_orange),False
6854,"it will not happen that either the escalator moves, the house collapses or the escalator speeds up",G!(escalator_moves | escalator_speeds_up | house_collapses),G ! (escalator_moves | house_collapses | escalator_speeds_up),True
6855,"Whenever photo the motorcycle on west_7th_avenue and photo the collision on west_7th_street are equal, photo the collision on west_7th_street and photo the pedestrian on southwest_9th_street are equal as well.",G((photo_collision_west_7th_street <-> photo_motorcycle_west_7th_avenue) -> (photo_collision_west_7th_street <-> photo_pedestrian_southwest_9th_street)),G((photo_motorcycle_west_7th_avenue <-> photo_collision_west_7th_street) -> (photo_collision_west_7th_street <-> photo_pedestrian_southwest_9th_street)),True
6856,"Go to bench 4, take a picture, and stay there",F(bench_4 & photo & G bench_4),F (bench_4 & photo & G bench_4),True
6857,Stay within park 2 until you capture a photo of monument 13,park_2 U (monument_13 & photo),park_2 W (photo & monument_13),False
6858,"at a certain moment the escalator moves or a manager collect claims and, at a certain moment both the sensor captures data and a sensor gathers information afterwards",G!(escalator_moves | manager_collect_claims) | F((escalator_moves | manager_collect_claims) & F(sensor_captures_data & sensor_gathers_information)),F (escalator_moves | manager_collect_claims) & F (sensor_captures_data & F sensor_gathers_information),False
6859,"in the future the engine stops and a sensor gathers information and, at some point the train has arrived afterwards",G!(engine_stops & sensor_gathers_information) | F(engine_stops & sensor_gathers_information & F train_has_arrived),F(engine_stops & sensor_gathers_information & F(train_has_arrived)),False
6860,Ensure that streets 3 and 4 are never entered at any time,G!(street_3 | street_4),G(!street_3 & !street_4),True
6861,Visit park 5 first and then take a photo of monument 3,F(park_5 & F(monument_3 & photo)),G (park_5 -> (X (F (photo & monument_3) & !park_5))),False
6862,"it will not happen that a bridge closes and, at the same time, a house is open and an elevator is open",G!(bridge_closes & elevator_is_open & house_is_open),G!(bridge_closes & house_is_open & elevator_is_open),True
6863,forever go_by trash can or at any time journey_to flag,G go_by_trash_can | F journey_to_flag,G(go_by_trash_can | F journey_to_flag),False
6864,always moving means that when possible get_to flag,G moving -> F get_to_flag,G (moving -> (moving U get_to_flag)),False
6865,whenever a sensor captures data or the train has been launched then all the time either the semaphore is green or the house collapses,G((sensor_captures_data | train_has_been_launched) -> G(house_collapses | semaphore_is_green)),G((sensor_captures_data | train_has_been_launched) -> G(semaphore_is_green | house_collapses)),True
6866,whenever the elevator is open or the bar is closing then it will not happen that both the constructor instantiate objects and the escalator speeds up,G((bar_is_closing | elevator_is_open) -> G!(constructor_instantiate_objects & escalator_speeds_up)),G ((elevator_is_open | bar_is_closing) -> ! (constructor_instantiate_objects & escalator_speeds_up)),False
6867,"Take a photo of the person on north_9th_street must hold until photo the jaywalker on east_5th_street does, or else photo the person on north_9th_street holds forever.",(photo_person_north_9th_street U photo_jaywalker_east_5th_street) | G photo_person_north_9th_street,G(photo_person_north_9th_street U photo_jaywalker_east_5th_street) | G(photo_person_north_9th_street),False
6868,Refrain from visiting street 7 while delivering package 3 from store 9 to house 1,G!street_7 & F(store_9 & F(p_package_3 & F(house_1 & pd))),G (p_package_3 & store_9 & !house_1 -> !street_7),False
6869,hold orange until at some time visit waste basket,hold_orange U F visit_waste_basket,hold_orange U visit_waste_basket,False
6870,"whenever a semaphore is yellow then forever, both a table is brown and the car starts",G(semaphore_is_yellow -> G(car_starts & table_is_brown)),G(semaphore_is_yellow -> G(table_is_brown & car_starts)),True
6871,Avoid entering park_3 while completing the task of taking a picture of monument_3,G!park_3 & F(monument_3 & photo),G (photo & monument_3 -> !park_3),False
6872,at any time venture_to flag until repeatedly go_to pear,F venture_to_flag U GF go_to_pear,G(venture_to_flag U F(go_to_pear & F(go_to_pear))),True
6873,whenever grasp apple until whenever grasp pear,F grasp_apple U F grasp_pear,G(grasp_apple -> (grasp_apple U (G(grasp_pear -> (grasp_pear U grasp_apple))))),False
6874,Take a picture of the person on east_9th_avenue holds at all times.,G photo_person_east_9th_avenue,G photo_person_east_9th_avenue,True
6875,when possible procure pear or never let_go orange,F procure_pear | G!let_go_orange,G(procure_pear | !let_go_orange),False
6876,"if the elevator is open and a train has been launched then always, the semaphore is green or the sensor retrieves data",G((elevator_is_open & train_has_been_launched) -> G(semaphore_is_green | sensor_retrieves_data)),(elevator_is_open & train_has_been_launched) -> G(semaphore_is_green | sensor_retrieves_data),False
6877,never drop apple or when possible present_at flag,G!drop_apple | F present_at_flag,G(!drop_apple | F present_at_flag),False
6878,never drop apple and at any time bring pear,G!drop_apple & F bring_pear,G(!drop_apple & F bring_pear),False
6879,Never pass through parking lot 8 on your way to street 5,G!parking_lot_8 & F street_5,G !(parking_lot_8 & F street_5),False
6880,at no time either a train stops or the manager handles requests,G!(manager_handles_requests | train_stops),G!((train_stops) | (manager_handles_requests)),True
6881,Never at parking_lot_5 as you capture a photo of car_3,G!parking_lot_5 & F(car_3 & photo),G !(parking_lot_5 & photo & car_3),False
6882,at any time visit house or move_towards trash can,move_towards_trash_can | F visit_house,G(visit_house | move_towards_trash_can),False
6883,in the future the constructor creates instances and the escalator moves after the engine stops or the train stops,G((engine_stops | train_stops) -> F(constructor_creates_instances & escalator_moves)),F (constructor_creates_instances & (engine_stops | train_stops) U escalator_moves),False
6884,venture_towards house or at any time go_by waste basket,venture_towards_house | F go_by_waste_basket,F venture_towards_house | F go_by_waste_basket,False
6885,when possible go_by house until grasp orange,F go_by_house U grasp_orange,F (go_by_house U grasp_orange),False
6886,whenever proceed_to tree and repeatedly make_way_to house,F proceed_to_tree & GF make_way_to_house,G(proceed_to_tree -> G(make_way_to_house)),False
6887,at some time make_to flag until reach house,F make_to_flag U reach_house,F (make_to_flag U reach_house),False
6888,Our agent must always avoid change light_north green.,G!change_light_north_green,G!change_light_north_green,True
6889,whenever journey_to flag or at some time reach tree,F journey_to_flag | F reach_tree,G(journey_to_flag | F reach_tree),False
6890,move through the yellow or red_room to the green_room,F((red_room | yellow_room) & F green_room),F (green_room & (G !green_room U (yellow_room | red_room))),False
6891,Go to park 5,F park_5,F park_5,True
6892,it is always the case that either a motorbike has stopped or an elevator falls,G(elevator_falls | motorbike_has_stopped),G(motorbike_has_stopped | elevator_falls),True
6893,Keep taking a picture of area_4 and also photo of area_3 periodically,GF(area_4 & photo) & GF(area_3 & photo),G(photo & area_4) & G F(photo & area_3),False
6894,snatch_up pear or come_to tree,come_to_tree | snatch_up_pear,F (snatch_up_pear | come_to_tree),False
6895,This controller must eventually get_help or search the skateboard.,F(get_help | search_skateboard),F (get_help | search_skateboard),True
6896,"if either the house is open or a train is crossing then eventually, a semaphore is yellow",G((house_is_open | train_is_crossing) -> F semaphore_is_yellow),G ((house_is_open | train_is_crossing) -> F semaphore_is_yellow),True
6897,"Search for the surfboard should always hold, with at most a two-step grace period for recovery.",!G!(search_surfboard & X search_surfboard),G(search_surfboard | X(search_surfboard | X search_surfboard)),False
6898,"first, at a certain moment the constructor creates instances or an elevator is blocked, and then, at some point the bridge closes",G!(constructor_creates_instances | elevator_is_blocked) | F((constructor_creates_instances | elevator_is_blocked) & F bridge_closes),F (constructor_creates_instances | elevator_is_blocked) & F bridge_closes,False
6899,The system must eventually record safe_rescuer or avoid the inactive_fire_source.,F(avoid_inactive_fire_source | record_safe_rescuer),F (record_safe_rescuer | avoid_inactive_fire_source),True
6900,every time the bar has to be repaired or the bar is up then it is always true that the manager collect claims or the sensor gathers information,G((bar_has_to_be_repaired | bar_is_up) -> G(manager_collect_claims | sensor_gathers_information)),G ((bar_has_to_be_repaired | bar_is_up) -> G (manager_collect_claims | sensor_gathers_information)),True
6901,"it is always true that either a semaphore is red, the brake is released or the bar is up",G(bar_is_up | brake_is_released | semaphore_is_red),G(semaphore_is_red | brake_is_released | bar_is_up),True
6902,"Always eventually visit charger 1, and eventually you go to house 4 to get box 4 and go to house 9 and put it down",GF charger_1 & F(house_4 & F(box_4 & F(house_9 & pd))),G F charger_1 & F (house_4 & box_4 & F (house_9 & pd)),False
6903,at any time withold apple and when possible grab orange,F withold_apple & F grab_orange,G(withold_apple & (!withhold_apple -> F grab_orange)),False
6904,Collect the traffic_light and search the elephant will each happen at some point.,F pickup_traffic_light & F search_elephant,F pickup_traffic_light & F search_elephant,True
6905,"when move_to trash can , when possible go_to house",move_to_trash_can -> F go_to_house,G(move_to_trash_can -> (F go_to_house)),False
6906,"never, either the elevator is blocked or the semaphore is red",G!(elevator_is_blocked | semaphore_is_red),G ! (elevator_is_blocked | semaphore_is_red),True
6907,whenever get_close tree until at any time steal apple,F get_close_tree U F steal_apple,G(get_close_tree -> (!steal_apple U steal_apple)),False
6908,walk through any room except the yellow_room to enter the blue_room,F blue_room & G!yellow_room,G ( (blue_room | yellow_room) -> ( (blue_room & !yellow_room) U (blue_room & !yellow_room) ) ) & G ( !yellow_room -> ( !blue_room U blue_room ) ),False
6909,Get help can only happen after change light_north yellow.,!get_help U change_light_north_yellow,G (!get_help W change_light_north_yellow),False
6910,"it is always true that either a table is brown, a train derails or the motorbike catches fire",G(motorbike_catches_fire | table_is_brown | train_derails),G(table_is_brown | train_derails | motorbike_catches_fire),True
6911,at any time journey_by flag or at some time lay_hold_of apple,F journey_by_flag | F lay_hold_of_apple,G journey_by_flag | F lay_hold_of_apple,False
6912,it is always the case that a train derails and the train has been launched,G(train_derails & train_has_been_launched),G(train_derails & train_has_been_launched),True
6913,"first, it will happen that both the table is brown and the escalator moves, and then, at some point a bridge closes",G!(escalator_moves & table_is_brown) | F(escalator_moves & table_is_brown & F bridge_closes),F (table_is_brown & escalator_moves) & F bridge_closes,False
6914,"Whenever neither get_help nor search the potted_plant holds, deliver the cat to the shelf eventually holds.",G(!(get_help & search_potted_plant) -> F deliver_cat_shelf),G (!(get_help | search_potted_plant) -> F deliver_cat_shelf),False
6915,at any time stop_by house until grab_hold pear,F stop_by_house U grab_hold_pear,G(stop_by_house U grab_hold_pear),False
6916,at any time go_to trash bin and collect pear,collect_pear & F go_to_trash_bin,G(go_to_trash_bin & collect_pear),False
6917,never drop orange and whenever get_close tree,G!drop_orange & F get_close_tree,G(!drop_orange & (get_close_tree -> X(!drop_orange))),False
6918,at some time get_to cup can infer that when possible going_to house,F get_to_cup -> F going_to_house,F (get_to_cup & (going_to_house -> get_to_cup)),False
6919,"If pickup the cell_phone ever holds, pickup the motorbike must have held beforehand.",F pickup_cell_phone -> (!pickup_cell_phone U (!pickup_cell_phone & pickup_motorbike)),G(pickup_cell_phone -> !pickup_cell_phone W pickup_motorbike),False
6920,whenever a table is brown or a car stops then at no time a sensor captures data or the escalator moves,G((car_stops | table_is_brown) -> G!(escalator_moves | sensor_captures_data)),G((table_is_brown | car_stops) -> G(!(sensor_captures_data | escalator_moves))),True
6921,"at house_1, pickup trash_can_4, and take it ot garbage_dump_3",F(house_1 & F(p_trash_can_4 & F(garbage_dump_3 & pd))),G(house_1 -> (p_trash_can_4 -> X(garbage_dump_3))),False
6922,"Deliver aid to the injured_victim must keep holding until, from some point on, go_home holds infinitely often.",deliver_aid_injured_victim U GF go_home,G (deliver_aid_injured_victim U (F G go_home)),False
6923,The system must always avoid staying away from the probable_debris.,G!avoid_probable_debris,G avoid_probable_debris,False
6925,"Whenever deliver_aid the injured_hostile holds, record flood holds as well.",G(deliver_aid_injured_hostile -> record_flood),G (deliver_aid_injured_hostile -> record_flood),True
6926,"Whenever get_help and change light_south red are equal, change light_south red and photo the cyclist on north_7th_street are equal as well.",G((change_light_south_red <-> get_help) -> (change_light_south_red <-> photo_cyclist_north_7th_street)),G((get_help <-> change_light_south_red) -> (change_light_south_red <-> photo_cyclist_north_7th_street)),True
6927,Continuously transport box 2 from store 4 to hall 8,GF(store_4 & F(p_box_2 & F(hall_8 & pd))),G (p_box_2 & store_4 -> X (p_box_2 & (p_box_2 U (p_box_2 & hall_8)))),False
6928,"Eventually go to parking lot 2, while ensuring that the delivery process (pd) never occurs",F parking_lot_2 & G!pd,F parking_lot_2 & G !pd,True
6929,Capture an image of landmark 6,F(landmark_6 & photo),F (photo & landmark_6),True
6930,Never go to street 5 as you pick up box 4 from house 2,G!street_5 & F(house_2 & p_box_4),G !(street_5 & p_box_4),False
6931,"every time the house is built and the train derails then forever, a bridge opens or the motorbike has started",G((house_is_built & train_derails) -> G(bridge_opens | motorbike_has_started)),G((house_is_built & train_derails) -> G(bridge_opens | motorbike_has_started)),True
6932,travel_to tree until whenever proceed_to tree,travel_to_tree U F proceed_to_tree,G(travel_to_tree U proceed_to_tree),False
6933,"after the brake is pressed and the bar is down, at any time both the sensor captures data and a motorbike falls down",G((bar_is_down & brake_is_pressed) -> G(motorbike_falls_down & sensor_captures_data)),G ( (brake_is_pressed & bar_is_down) -> G ( (sensor_captures_data & motorbike_falls_down) ) ),True
6934,"finally, a table is old or the bar has to be repaired and, finally, the escalator moves or a manager collect claims afterwards",G!(bar_has_to_be_repaired | table_is_old) | F((bar_has_to_be_repaired | table_is_old) & F(escalator_moves | manager_collect_claims)),F (table_is_old | bar_has_to_be_repaired) & F (escalator_moves | X manager_collect_claims),False
6935,"when advance_to tree , when possible journey_by flag",advance_to_tree -> F journey_by_flag,G(advance_to_tree -> (journey_by_flag | X(!journey_by_flag & advance_to_tree))),False
6936,move to the green_room without using the yellow_room,F green_room & G!yellow_room,F green_room & G (!green_room -> !yellow_room),False
6937,"If get_help ever holds, record the pedestrian on southwest_4th_street must have held beforehand.",F get_help -> (!get_help U (!get_help & record_pedestrian_southwest_4th_street)),G(get_help -> !record_pedestrian_southwest_4th_street W get_help),False
6938,at the green_room via the blue_room,F(blue_room & F green_room),F (blue_room & X green_room),False
6939,always when the semaphore is yellow and the train is crossing then at some point the car enters or the escalator speeds up,G((semaphore_is_yellow & train_is_crossing) -> F(car_enters | escalator_speeds_up)),G ((semaphore_is_yellow & train_is_crossing) -> F (car_enters | escalator_speeds_up)),True
6940,"If avoid the inactive gas_leak holds, then in the next step record flood persists until taking a picture of gas_leak holds, or else record flood holds forever.",avoid_inactive_gas_leak -> X((record_flood U photo_gas_leak) | G record_flood),avoid_inactive_gas_leak -> X (record_flood U photo_gas_leak) | G record_flood,False
6941,never drop apple or whenever reach flag,G!drop_apple | F reach_flag,G(!drop_apple | (reach_flag -> G(!drop_apple))),False
6942,drop orange means that repeatedly go_to pear,drop_orange -> GF go_to_pear,G (drop_orange <-> G F go_to_pear),False
6943,move toward either the yellow or red_room then into the blue_room,F((red_room | yellow_room) & F blue_room),F ( (yellow_room | red_room) & X F blue_room ),False
6944,"Collect docuent 1 from office 3 and take it to street 2, where you stay permanently",F(office_3 & F(p_document_1 & F(street_2 & G street_2))),F (office_3 & p_document_1) & F (street_2 & G street_2),False
6945,when possible get_close tree or never drop pear,F get_close_tree | G!drop_pear,G (get_close_tree | !drop_pear),False
6946,Avoid entering street_3 while ensuring you reach building_4,G!street_3 & F building_4,G(!street_3) & F(building_4),True
6947,Stay away from room_2 until you collect bottle_4 from kitchen_1 and deliver it to table_4,!room_2 U (kitchen_1 & F(p_bottle_4 & F(pd & table_4))),G(!room_2 U (kitchen_1 & p_bottle_4 & table_4)),False
6948,a constructor instantiate objects involves that always when the engine starts then it is going to happen that the train has arrived,G(constructor_instantiate_objects -> G(engine_starts -> F train_has_arrived)),G(engine_starts -> F(train_has_arrived)),False
6949,acquire apple until at any time make_contact_with house,acquire_apple U F make_contact_with_house,acquire_apple U make_contact_with_house,False
6950,"first, it will happen that the constructor creates instances and the train has been launched, and then, at a certain moment the train is crossing or the motorbike has stopped",G!(constructor_creates_instances & train_has_been_launched) | F(constructor_creates_instances & train_has_been_launched & F(motorbike_has_stopped | train_is_crossing)),F (constructor_creates_instances & train_has_been_launched & F (train_is_crossing | motorbike_has_stopped)),False
6951,"If change light_south yellow ever holds, record the collision on southwest_6th_avenue must have held beforehand.",F change_light_south_yellow -> (!change_light_south_yellow U (!change_light_south_yellow & record_collision_southwest_6th_avenue)),G(change_light_south_yellow -> !F(record_collision_southwest_6th_avenue)),False
6952,in the future the brake is released or a train is crossing after the motorbike is driven or the bridge closes,G((bridge_closes | motorbike_is_driven) -> F(brake_is_released | train_is_crossing)),F (brake_is_released | (X (motorbike_is_driven | bridge_closes) U train_is_crossing)),False
6953,every time either the engine stops or the car enters then it is always the case that the engine breaks or the semaphore is yellow,G((car_enters | engine_stops) -> G(engine_breaks | semaphore_is_yellow)),G ((engine_stops | car_enters) -> G (engine_breaks | semaphore_is_yellow)),True
6954,Ensure area 5 is visited repeatedly over time,GF area_5,G F area_5,True
6955,move_to tree and always hold_onto orange,move_to_tree & G hold_onto_orange,F move_to_tree & G hold_onto_orange,False
6956,"if either an elevator falls or a train derails then eventually, the house is built or a motorbike falls down",G((elevator_falls | train_derails) -> F(house_is_built | motorbike_falls_down)),(elevator_falls | train_derails) -> F (house_is_built | motorbike_falls_down),False
6957,Stay in locality 6 until you transport package 3 from store 8 to house 5,locality_6 U (store_8 & F(p_package_3 & F(house_5 & pd))),locality_6 U (p_package_3 & store_8 & house_5),False
6958,"finally, both the escalator is blocked and the semaphore is yellow",F(escalator_is_blocked & semaphore_is_yellow),F (escalator_is_blocked & semaphore_is_yellow),True
6959,"first, it is going to happen that the motorbike has started and a semaphore is yellow, and then, it is going to happen that both the car enters and the table is brown",G!(motorbike_has_started & semaphore_is_yellow) | F(motorbike_has_started & semaphore_is_yellow & F(car_enters & table_is_brown)),F (motorbike_has_started & semaphore_is_yellow) & F (car_enters & table_is_brown),False
6960,when possible journey_by flag or never drop orange,F journey_by_flag | G!drop_orange,G(journey_by_flag | !drop_orange),False
6961,"Photograph the cyclist on southeast_3rd_street and get_help never coincide, yet one of them is always true.",G!(get_help & photo_cyclist_southeast_3rd_street) & G(get_help | photo_cyclist_southeast_3rd_street),G((!get_help & photo_cyclist_southeast_3rd_street) | (get_help & !photo_cyclist_southeast_3rd_street)),True
6962,at some point both the bar has to be repaired and the table has been moved,F(bar_has_to_be_repaired & table_has_been_moved),F (bar_has_to_be_repaired & table_has_been_moved),True
6963,move to green_room,F green_room,F green_room,True
6964,forever have apple and at any time visit flag,G have_apple & F visit_flag,G have_apple & G F visit_flag,False
6965,under no condition both the bar is down and the train has been launched after a motorbike falls down and a semaphore is red,G((motorbike_falls_down & semaphore_is_red) -> G!(bar_is_down & train_has_been_launched)),G !((motorbike_falls_down & semaphore_is_red) -> F (bar_is_down & train_has_been_launched)),False
6966,"From some point onwards, idle never occurs again.",FG!idle,G F !idle,False
6967,move to the green_room,F green_room,F green_room,True
6968,"whenever either the table is brown or a car stops then never, a sensor captures data or a train is crossing",G((car_stops | table_is_brown) -> G!(sensor_captures_data | train_is_crossing)),G((table_is_brown | car_stops) -> G(!(sensor_captures_data | train_is_crossing))),True
6969,never drop apple and never drop apple,G!drop_apple,G!drop_apple,True
6970,"at some point both the train has arrived and the elevator falls and, at some point the sensor gathers information afterwards",G!(elevator_falls & train_has_arrived) | F(elevator_falls & train_has_arrived & F sensor_gathers_information),F (train_has_arrived & elevator_falls) & F (elevator_falls & X F sensor_gathers_information),False
6971,in the future a car enters or the escalator speeds up or the semaphore is broken,F(car_enters | escalator_speeds_up | semaphore_is_broken),F (car_enters | escalator_speeds_up | semaphore_is_broken),True
6972,"If pickup the knife holds and deliver the snowboard to the loading_dock holds next, then get_help holds in the step after that.",G((pickup_knife & X deliver_snowboard_loading_dock) -> XX get_help),X(pickup_knife & deliver_snowboard_loading_dock) -> XX(get_help),False
6973,Go to street_2 and stay there indefinitely,FG street_2,F (street_2 & G street_2),True
6974,"always, either the house is built or a motorbike falls down",G(house_is_built | motorbike_falls_down),G(house_is_built | motorbike_falls_down),True
6975,it is always the case that the brake is pressed and the bar is down after either the motorbike catches fire or the escalator speeds up,G((escalator_speeds_up | motorbike_catches_fire) -> G(bar_is_down & brake_is_pressed)),G ((motorbike_catches_fire | escalator_speeds_up) -> X (brake_is_pressed & bar_is_down)),False
6976,You must eventually search the carrot and pickup the sandwich.,F(pickup_sandwich & search_carrot),F (search_carrot & F pickup_sandwich),False
6977,Stay confined to county_4 as you repeatedly deliver package_4 from office_3 to office_8,G county_4 & GF(office_3 & F(p_package_4 & F(office_8 & pd))),G(county_4 & (p_package_4 <-> (office_3 | office_8)) & (G F (office_3 & p_package_4) & G F (office_8 & p_package_4))),False
6978,"Whenever deliver the tennis_racket to the shelf holds, from the next step onwards deliver the bench to the loading_dock will eventually hold.",G(deliver_tennis_racket_shelf -> XF deliver_bench_loading_dock),G(deliver_tennis_racket_shelf -> X G(deliver_bench_loading_dock)),False
6979,You must always avoid doing not go near the probable_flood.,G!avoid_probable_flood,G avoid_probable_flood,False
6980,drop pear or never drop orange,drop_pear | G!drop_orange,G(drop_pear | !drop_orange),False
6981,go_by waste bin until when possible venture_to house,go_by_waste_bin U F venture_to_house,F (go_by_waste_bin U venture_to_house),True
6982,"Deliver aid to the injured_rescuer should always hold, with at most a two-step grace period for recovery.",!G!(deliver_aid_injured_rescuer & X deliver_aid_injured_rescuer),G deliver_aid_injured_rescuer | X deliver_aid_injured_rescuer | XX deliver_aid_injured_rescuer,False
6983,"Give aid to the safe_rescuer must keep holding until, from some point on, photo debris holds infinitely often.",deliver_aid_safe_rescuer U GF photo_debris,G (deliver_aid_safe_rescuer -> (deliver_aid_safe_rescuer U (F G photo_debris))),False
6984,at any time visit trash bin or never drop orange,F visit_trash_bin | G!drop_orange,G(visit_trash_bin | !drop_orange),False
6985,"forever, a manager collect claims, an elevator is open and the bar is up",G(bar_is_up & elevator_is_open & manager_collect_claims),G (manager_collect_claims & elevator_is_open & bar_is_up),True
6986,"as a train derails, it will happen that the brake is pressed and a house is built",G(train_derails -> F(brake_is_pressed & house_is_built)),G(train_derails -> X(brake_is_pressed & house_is_built)),False
6987,never drop apple or at any time get_hold orange,G!drop_apple | F get_hold_orange,G(!drop_apple & !get_hold_orange),False
6988,hold_on_to pear until at any time procure orange,hold_on_to_pear U F procure_orange,hold_on_to_pear U procure_orange,False
6989,Go to hospital 3 and pick up water bottle 4 while never entering pharmacy 2,F(hospital_3 & p_bottle_4) & G!pharmacy_2,G(!pharmacy_2) & F(hospital_3 & p_bottle_4),True
6990,go_to bucket or move_to tree,go_to_bucket | move_to_tree,F (go_to_bucket | move_to_tree),False
6991,forever touch flag or whenever journey_by house,G touch_flag | F journey_by_house,G(touch_flag | (journey_by_house -> touch_flag)),False
6992,"If idle ever holds, deliver the skateboard to the loading_dock must have held beforehand.",F idle -> (!idle U (deliver_skateboard_loading_dock & !idle)),G(idle -> !deliver_skateboard_loading_dock W idle),False
6993,"if take apple , move_to trash can",take_apple -> move_to_trash_can,G (take_apple -> X move_to_trash_can),False
6994,"The system must eventually, avoid returning to base.",F!go_home,F !go_home,True
6995,"it never happens that a table is brown, the escalator moves and the elevator falls",G!(elevator_falls & escalator_moves & table_is_brown),G!(table_is_brown & escalator_moves & elevator_falls),True
6996,approach tree and pick_up fruit,approach_tree & pick_up_fruit,F (approach_tree & F pick_up_fruit),False
6997,"sooner or later either the motorbike has stopped or a motorbike has started and, finally, a train has arrived or the escalator is blocked afterwards",G!(motorbike_has_started | motorbike_has_stopped) | F((motorbike_has_started | motorbike_has_stopped) & F(escalator_is_blocked | train_has_arrived)),F (motorbike_has_stopped | motorbike_has_started) & F (train_has_arrived | escalator_is_blocked),False
6998,every time either the constructor instantiate objects or a train has been launched then at a certain moment the sensor captures data,G((constructor_instantiate_objects | train_has_been_launched) -> F sensor_captures_data),G ((constructor_instantiate_objects | train_has_been_launched) -> F sensor_captures_data),True
6999,"Deliver box 1 from store 6 to house 9, then proceed to intersection 5 and remain there permanently",F(store_6 & F(p_box_1 & F(house_9 & pd))) & F(intersection_5 & G intersection_5),G ( (store_6 & p_box_1) -> F (house_9 & p_box_1) ) & G ( (house_9 & p_box_1) -> F (intersection_5 & G intersection_5) ),False
7000,Do not enter street_4 before reaching intersection_6 and then stay in street_4 continuously,(!street_4 U intersection_6) & FG street_4,G (!street_4 U (intersection_6 & X (street_4 U !street_4))),False
7001,"finally, both the constructor creates instances and the sensor captures data and, it will happen that a bridge closes afterwards",G!(constructor_creates_instances & sensor_captures_data) | F(constructor_creates_instances & sensor_captures_data & F bridge_closes),F (constructor_creates_instances & sensor_captures_data & F bridge_closes),False
7003,go_by waste bin and secure apple,go_by_waste_bin & secure_apple,F (go_by_waste_bin & secure_apple),False
7004,Stay within area 5 continuously,G area_5,G area_5,True
7005,"Request assistance must keep holding until, from some point on, record the cyclist on northeast_7th_street holds infinitely often.",get_help U GF record_cyclist_northeast_7th_street,G (get_help U (F G record_cyclist_northeast_7th_street)),False
7006,always when the car starts and a house is open then it is going to happen that a bridge closes or the bar has to be repaired,G((car_starts & house_is_open) -> F(bar_has_to_be_repaired | bridge_closes)),G (car_starts & house_is_open -> F (bridge_closes | bar_has_to_be_repaired)),True
7007,whenever both a house is built and a train derails then it is always the case that either the bar is up or an elevator rises,G((house_is_built & train_derails) -> G(bar_is_up | elevator_rises)),G((house_is_built & train_derails) -> G(bar_is_up | elevator_rises)),True
7008,Maintain your presence in locality_5 as you retrieve package_5 from office_3 and deliver it to office_6,G locality_5 & F(office_3 & F(p_package_5 & F(office_6 & pd))),G(locality_5 & (p_package_5 & office_3 -> X(office_6 & p_package_5))),False
7009,"At every step, photo the car on south_3rd_street equals the value of photo the motorcycle on northeast_7th_avenue in the next step.",G(photo_car_south_3rd_street <-> X photo_motorcycle_northeast_7th_avenue),G(photo_car_south_3rd_street <-> X photo_motorcycle_northeast_7th_avenue),True
7010,Every change light_east green is directly followed by recording the motorcycle on south_2nd_avenue in the next step.,G(change_light_east_green -> X record_motorcycle_south_2nd_avenue),G(change_light_east_green -> X record_motorcycle_south_2nd_avenue),True
7011,Capture an image of building_2.,F(building_2 & photo),F (photo & building_2),True
7012,at large green_room through red_room,F(red_room & F green_room),G (green_room -> F red_room),False
7013,"If change light_west yellow happens infinitely often, then so does photo the vehicle on west_5th_avenue.",GF change_light_west_yellow -> GF photo_vehicle_west_5th_avenue,G F change_light_west_yellow -> G F photo_vehicle_west_5th_avenue,True
7014,it never happens that the brake is pressed or a house is built,G!(brake_is_pressed | house_is_built),G!((brake_is_pressed) | (house_is_built)),True
7015,it is always true that a sensor gathers information or the semaphore is green,G(semaphore_is_green | sensor_gathers_information),G(sensor_gathers_information | semaphore_is_green),True
7016,whenever either the engine starts or the bar is up then it is going to happen that either an elevator falls or a house is open,G((bar_is_up | engine_starts) -> F(elevator_falls | house_is_open)),G ((engine_starts | bar_is_up) -> F (elevator_falls | house_is_open)),True
7017,"If go_home holds, then in the next step photo injured_rescuer persists until recording fire_source holds, or else photo injured_rescuer holds forever.",go_home -> X((photo_injured_rescuer U record_fire_source) | G photo_injured_rescuer),go_home -> (X (photo_injured_rescuer U record_fire_source) | G photo_injured_rescuer),False
7018,"Visit street 5 first, and then proceed to house 4",F(street_5 & F house_4),G (street_5 -> X (!street_5 & !house_4 U house_4)) & G (!house_4 U street_5),False
7019,under no condition both a table is old and the train has been launched,G!(table_is_old & train_has_been_launched),G!(table_is_old & train_has_been_launched),True
7020,"Whenever get_help holds, change light_south yellow holds exactly three steps later.",G(get_help -> XXX change_light_south_yellow),G(get_help -> X X X change_light_south_yellow),True
7021,when possible get_to flag and snatch_up pear,snatch_up_pear & F get_to_flag,G (get_to_flag -> F snatch_up_pear),False
7022,"in any case either the constructor instantiate objects, the brake is released or the train has been launched",G(brake_is_released | constructor_instantiate_objects | train_has_been_launched),G (constructor_instantiate_objects | brake_is_released | train_has_been_launched),True
7023,Every pickup the book is directly followed by geting help in the next step.,G(pickup_book -> X get_help),G(pickup_book -> X get_help),True
7024,whenever pass_by waste receptacle or never drop apple,F pass_by_waste_receptacle | G!drop_apple,G(pass_by_waste_receptacle -> !drop_apple) & G(!pass_by_waste_receptacle -> !drop_apple),False
7025,always hold_on pear or repeatedly go_to apple trashcan,G hold_on_pear | GF go_to_apple_trashcan,G(hold_on_pear | F(go_to_apple_trashcan & G(go_to_apple_trashcan))),False
7026,"Once get_help has occurred, idle will never occur again.",G(get_help -> XG!idle),G(get_help -> G(!idle)),False
7027,whenever a motorbike falls down and the escalator is blocked then it is always true that a train has been launched and the bar is closing,G((escalator_is_blocked & motorbike_falls_down) -> G(bar_is_closing & train_has_been_launched)),G(motorbike_falls_down & escalator_is_blocked -> G(train_has_been_launched & bar_is_closing)),True
7028,Take a picture of arch_2 and then make sure to at park_8 and stay there indefinitely,F(arch_2 & photo & F(park_8 & G park_8)),F (photo & arch_2 & G (park_8)),False
7029,drop pear or move_to trashcan,drop_pear | move_to_trashcan,F (drop_pear | move_to_trashcan),False
7030,repeatedly go_to pear and at any time make_your_way flag,GF go_to_pear & F make_your_way_flag,G(go_to_pear -> X(G(go_to_pear -> X(go_to_pear)))) & G(make_your_way_flag),False
7031,The system must eventually photo flood and avoid the nearest_flood.,F(avoid_nearest_flood & photo_flood),F photo_flood & G !avoid_nearest_flood,False
7032,"after the brake is released or the escalator is blocked, every time the elevator is open and a train has been launched",G((brake_is_released | escalator_is_blocked) -> G(elevator_is_open & train_has_been_launched)),G ((brake_is_released | escalator_is_blocked) -> G ((elevator_is_open & train_has_been_launched) -> F (brake_is_released | escalator_is_blocked))),False
7033,every time either the sensor captures data or the train has been launched then it is always the case that a motorbike falls down and a table has been moved,G((sensor_captures_data | train_has_been_launched) -> G(motorbike_falls_down & table_has_been_moved)),G((sensor_captures_data | train_has_been_launched) -> G(motorbike_falls_down & table_has_been_moved)),True
7034,Do not enter park_6 until you pickup pass_4,!park_6 U p_pass_4,G (!park_6 U p_pass_4),False
7035,"whenever a semaphore is yellow then eternally, a motorbike falls down or a house collapses",G(semaphore_is_yellow -> G(house_collapses | motorbike_falls_down)),G(semaphore_is_yellow -> G(motorbike_falls_down | house_collapses)),True
7036,if a car stops and a constructor instantiate objects then it is never the case that the bar is closing and the elevator is blocked,G((car_stops & constructor_instantiate_objects) -> G!(bar_is_closing & elevator_is_blocked)),G((car_stops & constructor_instantiate_objects) -> !F(bar_is_closing & elevator_is_blocked)),True
7037,"always both the train has been launched and a semaphore is green implies that absolutely never, the escalator is blocked or the motorbike has started",G((semaphore_is_green & train_has_been_launched) -> G!(escalator_is_blocked | motorbike_has_started)),G ((train_has_been_launched & semaphore_is_green) -> G !(escalator_is_blocked | motorbike_has_started)),True
7038,when possible going_to house or always go_by trash can,F going_to_house | G go_by_trash_can,F going_to_house | G go_by_trash_can,True
7039,Always avoid touching letter_8,G!p_letter_8,G!p_letter_8,True
7040,never let_go orange until at any time travel_to flag,G!let_go_orange U F travel_to_flag,G (!let_go_orange U travel_to_flag),False
7041,"Switch light_north green should always hold, with at most a two-step grace period for recovery.",!G!(change_light_north_green & X change_light_north_green),G (change_light_north_green | X (change_light_north_green | X change_light_north_green)),False
7042,"Take a photo of the cyclist on northwest_5th_avenue must keep holding until, from some point on, get_help holds infinitely often.",photo_cyclist_northwest_5th_avenue U GF get_help,G (photo_cyclist_northwest_5th_avenue -> (photo_cyclist_northwest_5th_avenue U (G F get_help))),False
7043,whenever journey_to flag can infer that at some time pass_by trash bin,F journey_to_flag -> F pass_by_trash_bin,G(journey_to_flag -> F pass_by_trash_bin),False
7044,Either deliver the sofa to the loading_dock or idle happens infinitely often.,GF deliver_sofa_loading_dock | GF idle,F deliver_sofa_loading_dock | G F idle,False
7045,"first, in the future the engine breaks or a manager handles requests, and then, it will happen that either the manager collect claims or the constructor creates instances",G!(engine_breaks | manager_handles_requests) | F((engine_breaks | manager_handles_requests) & F(constructor_creates_instances | manager_collect_claims)),F (engine_breaks | manager_handles_requests) & G ((engine_breaks | manager_handles_requests) -> F (manager_collect_claims | constructor_creates_instances)),False
7046,"Collect the mouse must hold until idleing does, or else pickup the mouse holds forever.",(pickup_mouse U idle) | G pickup_mouse,G (pickup_mouse -> (pickup_mouse W idle)) & G (!idle -> F pickup_mouse),False
7047,whenever the escalator speeds up or a sensor gathers information then in any case both the elevator falls and the engine starts,G((escalator_speeds_up | sensor_gathers_information) -> G(elevator_falls & engine_starts)),G ((escalator_speeds_up | sensor_gathers_information) -> (elevator_falls & engine_starts)),False
7048,"after the brake is released and the bar has to be repaired, all the time a semaphore is yellow",G((bar_has_to_be_repaired & brake_is_released) -> G semaphore_is_yellow),G ( (brake_is_released & bar_has_to_be_repaired) -> G semaphore_is_yellow ),True
7049,don't let_go pear can infer that venture_to trash can,!let_go_pear -> venture_to_trash_can,G(!let_go_pear -> F venture_to_trash_can),False
7050,whenever snag orange and don't let_go orange,!let_go_orange & F snag_orange,G (snag_orange & !let_go_orange),False
7051,never let_go apple can infer that at some time reach tree,G!let_go_apple -> F reach_tree,G(!let_go_apple -> F reach_tree),False
7052,"At every step, get_help equals the value of photo the motorcycle on southeast_1st_street in the next step.",G(get_help <-> X photo_motorcycle_southeast_1st_street),G(get_help <-> X(photo_motorcycle_southeast_1st_street)),True
7053,forever have apple or at any time get_hold orange,G have_apple | F get_hold_orange,G have_apple | F get_hold_orange,True
7054,"after both the table is old and a house is built, at no time a house is open or a manager collect claims",G((house_is_built & table_is_old) -> G!(house_is_open | manager_collect_claims)),G((table_is_old & house_is_built) -> G(!house_is_open & !manager_collect_claims)),True
7055,You must Please idle and then search the vase.,idle U search_vase,G (idle -> X F search_vase),False
7056,Update light_east red and get_help are mutually exclusive at all times.,G!(change_light_east_red & get_help),G !(get_help & change_light_east_red),True
7057,"Whenever record injured_rescuer holds, from the next step onwards deliver_aid the safe_hostile will eventually hold.",G(record_injured_rescuer -> XF deliver_aid_safe_hostile),G(record_injured_rescuer -> X G(deliver_aid_safe_hostile | F record_injured_rescuer)),False
7058,Do not go to parking lot 4 before arriving at building 8,!parking_lot_4 U building_8,G (!parking_lot_4 W building_8),False
7059,"Whenever deliver the scissors to the shelf holds, pickup the carrot holds as well.",G(deliver_scissors_shelf -> pickup_carrot),G (deliver_scissors_shelf -> pickup_carrot),True
7060,Both record injured_civilian and go_home hold at every step.,G(go_home & record_injured_civilian),G(record_injured_civilian & go_home),True
7061,Always avoid going to street_7 while transporting package_3 from store_9 to house_1,G!street_7 & F(store_9 & F(p_package_3 & F(house_1 & pd))),G ( (store_9 & p_package_3) U (house_1 & p_package_3) ) -> G !street_7,False
7062,"Once avoid the probable_unstable_beam has occurred, communicate the injured_rescuer will never occur again.",G(avoid_probable_unstable_beam -> XG!communicate_injured_rescuer),G(avoid_probable_unstable_beam -> G(!communicate_injured_rescuer)),False
7063,"first, finally, the bridge closes and the elevator falls, and then, at some point in time the brake is released and the sensor captures data",G!(bridge_closes & elevator_falls) | F(bridge_closes & elevator_falls & F(brake_is_released & sensor_captures_data)),G ( (F (bridge_closes & elevator_falls)) & (F (brake_is_released & sensor_captures_data)) ),False
7064,"Globally, it is not the case that both search the handbag and get_help hold simultaneously.",G!(get_help & search_handbag),G!(search_handbag & get_help),True
7065,"after the escalator is blocked or the engine stops, at a certain moment both the semaphore is green and the bridge opens",G((engine_stops | escalator_is_blocked) -> F(bridge_opens & semaphore_is_green)),G ( (escalator_is_blocked | engine_stops) -> F (semaphore_is_green & bridge_opens) ),True
7066,it will not happen that the bar has to be repaired and together a semaphore is broken and a semaphore is yellow,G!(bar_has_to_be_repaired & semaphore_is_broken & semaphore_is_yellow),G!((bar_has_to_be_repaired & semaphore_is_broken) & semaphore_is_yellow),True
7067,at a certain moment the train has arrived or an elevator falls,F(elevator_falls | train_has_arrived),F (train_has_arrived | elevator_falls),True
7068,Remain in house 4 till you arrive room 2,house_4 U room_2,house_4 U room_2,True
7069,at any time seize pear and gather apple,gather_apple & F seize_pear,G(seize_pear & gather_apple),False
7070,"under no condition either the constructor instantiate objects, the engine starts or the train has arrived",G!(constructor_instantiate_objects | engine_starts | train_has_arrived),G !(constructor_instantiate_objects | engine_starts | train_has_arrived),True
7071,"If idle holds and search the cow holds next, then get_help holds in the step after that.",G((idle & X search_cow) -> XX get_help),G (idle & X search_cow) -> XX get_help,False
7072,"first, sooner or later a constructor creates instances and a motorbike has stopped, and then, sooner or later either the escalator moves or the manager collect claims",G!(constructor_creates_instances & motorbike_has_stopped) | F(constructor_creates_instances & motorbike_has_stopped & F(escalator_moves | manager_collect_claims)),F (constructor_creates_instances & motorbike_has_stopped) & F (escalator_moves | manager_collect_claims),False
7073,whenever the semaphore is yellow then in the future a train derails,G(semaphore_is_yellow -> F train_derails),G(semaphore_is_yellow -> F(train_derails)),True
7074,if a sensor captures data then at some point in time the semaphore is green and the bridge opens,G(sensor_captures_data -> F(bridge_opens & semaphore_is_green)),G(sensor_captures_data -> F(semaphore_is_green & bridge_opens)),True
7075,sooner or later either a manager handles requests or the house is built,F(house_is_built | manager_handles_requests),F (manager_handles_requests | house_is_built),True
7076,Continuously take pictures of locality_7 while ensuring you never visit park_3,GF(locality_7 & photo) & G!park_3,G(locality_7 -> photo) & G(!park_3),False
7077,"Once deliver_aid the injured_hostile has occurred, photo unstable_beam will never occur again.",G(deliver_aid_injured_hostile -> XG!photo_unstable_beam),G(deliver_aid_injured_hostile -> G(!photo_unstable_beam)),False
7078,under no condition the train has been launched and together an elevator is blocked and the brake is released,G!(brake_is_released & elevator_is_blocked & train_has_been_launched),G!(train_has_been_launched & elevator_is_blocked & brake_is_released),True
7079,"when at some time yield pear , venture_to trash can",F yield_pear -> venture_to_trash_can,G(yield_pear -> F venture_to_trash_can),False
7080,"whenever a semaphore is green or the sensor retrieves data then always, the brake is released or the escalator is blocked",G((semaphore_is_green | sensor_retrieves_data) -> G(brake_is_released | escalator_is_blocked)),G ((semaphore_is_green | sensor_retrieves_data) -> (brake_is_released | escalator_is_blocked)),False
7081,"after both the engine breaks and the engine starts, at some point in time either the brake is released or a sensor captures data",G((engine_breaks & engine_starts) -> F(brake_is_released | sensor_captures_data)),G ( (engine_breaks & engine_starts) -> F (brake_is_released | sensor_captures_data) ),True
7082,"If every pickup the pizza is eventually followed by looking for the horse, then search the giraffe must occur infinitely often.",G(pickup_pizza -> F search_horse) -> GF search_giraffe,G((G(pickup_pizza -> F search_horse)) -> G F search_giraffe),False
7083,if the engine starts or the engine stops then under no condition the engine breaks or the sensor gathers information,G((engine_starts | engine_stops) -> G!(engine_breaks | sensor_gathers_information)),G ((engine_starts | engine_stops) -> G (!engine_breaks & !sensor_gathers_information)),True
7084,always hold_on pear or whenever got_to house,G hold_on_pear | F got_to_house,G (hold_on_pear | (got_to_house -> hold_on_pear)),False
7085,move to red_room,F red_room,F red_room,True
7086,collect pear or never drop orange,collect_pear | G!drop_orange,G(collect_pear | !drop_orange),False
7087,"Ensure you collect box 5 from plant 8, then take it to store 6",F(plant_8 & F(p_box_5 & F(pd & store_6))),G (plant_8 & p_box_5 -> X (G (!store_6) U store_6)),False
7088,don't let_go pear or at some time clutch orange,!let_go_pear | F clutch_orange,G(!let_go_pear | F clutch_orange),False
7089,at any time the elevator is open and a car stops,G(car_stops & elevator_is_open),G(elevator_is_open & car_stops),True
7090,Remain in area_3 at all times,G area_3,G area_3,True
7091,"after both a train is crossing and a manager collect claims, it will not happen that a train derails or the motorbike falls down",G((manager_collect_claims & train_is_crossing) -> G!(motorbike_falls_down | train_derails)),G ((train_is_crossing & manager_collect_claims) -> X G !(train_derails | motorbike_falls_down)),False
7092,"If change light_west yellow ever holds, photo the vehicle on northwest_3rd_street must have held beforehand.",F change_light_west_yellow -> (!change_light_west_yellow U (!change_light_west_yellow & photo_vehicle_northwest_3rd_street)),G(change_light_west_yellow -> !F(!photo_vehicle_northwest_3rd_street & !change_light_west_yellow)),False
7093,"Whenever get_help holds, from the next step onwards photo the collision on northwest_9th_street will eventually hold.",G(get_help -> XF photo_collision_northwest_9th_street),G(get_help -> X F photo_collision_northwest_9th_street),True
7094,keep apple or repeatedly go_to apple trashcan,keep_apple | GF go_to_apple_trashcan,G(keep_apple | F(go_to_apple_trashcan & G(go_to_apple_trashcan))),False
7095,"after the brake is pressed and the bar is down, all the time the car stops or the brake is released",G((bar_is_down & brake_is_pressed) -> G(brake_is_released | car_stops)),G ( (brake_is_pressed & bar_is_down) -> G (car_stops | brake_is_released) ),True
7096,"If avoid the impending_debris happens infinitely often, then so does get_help.",GF avoid_impending_debris -> GF get_help,G(F avoid_impending_debris -> F get_help),False
7097,"Whenever record debris and communicate the injured_rescuer are equal, communicate the injured_rescuer and record unsafe_civilian are equal as well.",G((communicate_injured_rescuer <-> record_debris) -> (communicate_injured_rescuer <-> record_unsafe_civilian)),G ((record_debris & communicate_injured_rescuer) <-> (communicate_injured_rescuer & record_unsafe_civilian)),False
7098,if either the car enters or a train has arrived then all the time either a car stops or the brake is released,G((car_enters | train_has_arrived) -> G(brake_is_released | car_stops)),G ((car_enters | train_has_arrived) -> G (car_stops | brake_is_released)),True
7099,"Get help must keep holding until, from some point on, search the bear holds infinitely often.",get_help U GF search_bear,G (get_help -> (get_help U (F G search_bear))),False
7100,"Take a photo of arch 4 at some point, but avoid entering park 2 at all times",F(arch_4 & photo) & G!park_2,F photo & G !park_2,False
7101,"Whenever record the vehicle on northeast_8th_avenue holds, record the collision on northeast_4th_street holds exactly three steps later.",G(record_vehicle_northeast_8th_avenue -> XXX record_collision_northeast_4th_street),G(record_vehicle_northeast_8th_avenue -> X(X(X(record_collision_northeast_4th_street)))),True
7102,always stay or when possible track_towards tree,G stay | F track_towards_tree,G (stay | (F track_towards_tree)),False
7103,"Once go_home has occurred, avoid the impending_gas_leak will never occur again.",G(go_home -> XG!avoid_impending_gas_leak),G(go_home -> G(!avoid_impending_gas_leak)),False
7104,drop pear and move_to trashcan,drop_pear & move_to_trashcan,F (drop_pear & move_to_trashcan),False
7105,when possible go_to transh can and repeatedly go_to apple trashcan,F go_to_transh_can & GF go_to_apple_trashcan,G(go_to_transh_can -> (go_to_transh_can & F(go_to_apple_trashcan & G(go_to_apple_trashcan)))),False
7106,"always the bar is down or the house is open implies that never, both the train is crossing and the manager collect claims",G((bar_is_down | house_is_open) -> G!(manager_collect_claims & train_is_crossing)),G ((bar_is_down | house_is_open) -> G !(train_is_crossing & manager_collect_claims)),True
7107,go_by waste bin and when possible present_at flag,go_by_waste_bin & F present_at_flag,G(go_by_waste_bin & (present_at_flag | X(!present_at_flag & G(!present_at_flag)))),False
7108,"Eventually take a picture of monument 1, but avoid going to monument 1 until you have reached park 4",F(monument_1 & photo) & (!monument_1 U park_4),F photo & G (!monument_1 U park_4),False
7109,"If get_help holds and deliver the aeroplane to the shelf holds next, then search the bowl holds in the step after that.",G((get_help & X deliver_aeroplane_shelf) -> XX search_bowl),(get_help & X deliver_aeroplane_shelf) -> XX search_bowl,False
7110,"after the elevator is open or a house is built, at any time both the manager collect claims and the escalator is blocked",G((elevator_is_open | house_is_built) -> G(escalator_is_blocked & manager_collect_claims)),G ( (elevator_is_open | house_is_built) -> G (manager_collect_claims & escalator_is_blocked) ),True
7111,"at a certain moment both the escalator moves and a car starts and, at some point the train has been launched and the escalator is blocked afterwards",G!(car_starts & escalator_moves) | F(car_starts & escalator_moves & F(escalator_is_blocked & train_has_been_launched)),F (escalator_moves & car_starts & F (train_has_been_launched & G escalator_is_blocked)),False
7112,"at some point in time the escalator is blocked and a sensor captures data and, it is going to happen that both a manager collect claims and the semaphore is broken afterwards",G!(escalator_is_blocked & sensor_captures_data) | F(escalator_is_blocked & sensor_captures_data & F(manager_collect_claims & semaphore_is_broken)),F (escalator_is_blocked & sensor_captures_data & F (manager_collect_claims & F semaphore_is_broken)),False
7113,in any case both a motorbike falls down and the escalator is blocked after a semaphore is broken or the train has arrived,G((semaphore_is_broken | train_has_arrived) -> G(escalator_is_blocked & motorbike_falls_down)),G ((semaphore_is_broken | train_has_arrived) -> X (motorbike_falls_down & escalator_is_blocked)),False
7114,if the motorbike is driven or the escalator speeds up then at no time both an elevator rises and a train has arrived,G((escalator_speeds_up | motorbike_is_driven) -> G!(elevator_rises & train_has_arrived)),G((motorbike_is_driven | escalator_speeds_up) -> G!(elevator_rises & train_has_arrived)),True
7115,"In this task, get_help, then record the cyclist on west_10th_street.",get_help U record_cyclist_west_10th_street,F (get_help & X record_cyclist_west_10th_street),False
7116,Stay within parking lot 4 until you get to car 5,parking_lot_4 U car_5,parking_lot_4 U car_5,True
7117,"if either the brake is released or the engine starts then absolutely never, either the car enters or the brake is released",G((brake_is_released | engine_starts) -> G!(brake_is_released | car_enters)),G((brake_is_released | engine_starts) -> G(!(car_enters | brake_is_released))),True
7118,"When deliver the banana to the loading_dock happens, get_help must hold now or in the next step.",G(deliver_banana_loading_dock -> (get_help | X get_help)),G (deliver_banana_loading_dock -> (get_help | X get_help)),True
7119,Regularly visit street 4,GF street_4,G F street_4,True
7120,"From some point onwards, go_home never occurs again.",FG!go_home,F !G go_home,False
7121,always moving and don't let_go pear,!let_go_pear & G moving,G(moving & !let_go_pear),False
7122,Get help and deliver_aid the safe_hostile will each happen at some point.,F get_help & F deliver_aid_safe_hostile,F get_help & F deliver_aid_safe_hostile,True
7123,don't let_go pear and snatch_up pear,!let_go_pear & snatch_up_pear,G(!let_go_pear & !snatch_up_pear),False
7124,"If deliver_aid the safe_hostile ever holds, go_home must have held beforehand.",F deliver_aid_safe_hostile -> (!deliver_aid_safe_hostile U (!deliver_aid_safe_hostile & go_home)),G(deliver_aid_safe_hostile -> !F(!go_home & !X(go_home))),False
7125,Begin recording the jaywalker on northeast_9th_avenue holds at all times.,G record_jaywalker_northeast_9th_avenue,G record_jaywalker_northeast_9th_avenue,True
7126,it is always true that the semaphore is broken or the train has been launched or a manager handles requests,G(manager_handles_requests | semaphore_is_broken | train_has_been_launched),G (semaphore_is_broken | train_has_been_launched | manager_handles_requests),True
7127,Ensure you repeatedly visit charger_5 while continuously taking pictures of region_4,GF charger_5 & GF(photo & region_4),G(charger_5 & (photo & region_4)),False
7128,"If photo the motorcycle on northwest_3rd_street holds and photo the motorcycle on east_2nd_avenue holds next, then get_help holds in the step after that.",G((photo_motorcycle_northwest_3rd_street & X photo_motorcycle_east_2nd_avenue) -> XX get_help),G (photo_motorcycle_northwest_3rd_street & X photo_motorcycle_east_2nd_avenue) -> XX get_help,False
7129,"Go home and avoid the probable_gas_leak never coincide, yet one of them is always true.",G!(avoid_probable_gas_leak & go_home) & G(avoid_probable_gas_leak | go_home),G(go_home | avoid_probable_gas_leak) & G(!(go_home & avoid_probable_gas_leak)),True
7130,Request assistance and deliver the tv_monitor to the loading_dock are mutually exclusive at all times.,G!(deliver_tv_monitor_loading_dock & get_help),G(!(get_help & deliver_tv_monitor_loading_dock)),True
7131,photo of monument_3 and then ensure you reach pathway_8 and stay there indefinitely,F(monument_3 & photo & F(pathway_8 & G pathway_8)),F (photo & monument_3) & G (pathway_8),False
7132,"If change light_south yellow happens infinitely often, then so does get_help.",GF change_light_south_yellow -> GF get_help,G F change_light_south_yellow -> G F get_help,True
7133,Either get_help or change light_south red happens infinitely often.,GF get_help | GF change_light_south_red,G F (get_help | change_light_south_red),True
7134,"if repeatedly make_way_to house , when possible acquire pear",GF make_way_to_house -> F acquire_pear,G(make_way_to_house -> (F(acquire_pear) | G(!make_way_to_house))),False
7135,"it is going to happen that a house is open and an elevator rises and, at a certain moment a train has arrived afterwards",G!(elevator_rises & house_is_open) | F(elevator_rises & house_is_open & F train_has_arrived),F (house_is_open & elevator_rises & F train_has_arrived),False
7136,if either an elevator is open or the bar is closing then under no condition both the bar has to be repaired and the engine stops,G((bar_is_closing | elevator_is_open) -> G!(bar_has_to_be_repaired & engine_stops)),G ((elevator_is_open | bar_is_closing) -> !(bar_has_to_be_repaired & engine_stops)),False
7137,"after the train has been launched and the bar is closing, it is always true that both the motorbike falls down and the escalator is blocked",G((bar_is_closing & train_has_been_launched) -> G(escalator_is_blocked & motorbike_falls_down)),G ( (F (train_has_been_launched & bar_is_closing)) -> G (motorbike_falls_down & escalator_is_blocked) ),False
7138,"If pickup the cat ever holds, get_help must have held beforehand.",F pickup_cat -> (!pickup_cat U (get_help & !pickup_cat)),G(pickup_cat -> !pickup_cat W get_help),False
7139,Keep visiting charger_6 as you keep picking up brochure_4 from table_4,GF charger_6 & GF(p_brochure_4 & table_4),G (p_brochure_4 <-> X p_brochure_4) & G (charger_6 <-> X charger_6) & G (p_brochure_4 -> charger_6),False
7140,"as both the escalator is blocked and a manager collect claims, sooner or later the constructor instantiate objects and the table is brown",G((escalator_is_blocked & manager_collect_claims) -> F(constructor_instantiate_objects & table_is_brown)),(escalator_is_blocked & manager_collect_claims) -> F (constructor_instantiate_objects & table_is_brown),False
7141,"Whenever record the person on north_6th_street holds, from the next step onwards photo the person on southwest_8th_street will eventually hold.",G(record_person_north_6th_street -> XF photo_person_southwest_8th_street),G(record_person_north_6th_street -> X F photo_person_southwest_8th_street),True
7142,"absolutely never, a house is built and the semaphore is yellow",G!(house_is_built & semaphore_is_yellow),G!(house_is_built & semaphore_is_yellow),True
7143,at any time going_to flag until whenever pass_by waste receptacle,F going_to_flag U F pass_by_waste_receptacle,G (going_to_flag U pass_by_waste_receptacle),False
7144,under no circumstances the elevator is blocked or the bar has to be repaired or the escalator is blocked,G!(bar_has_to_be_repaired | elevator_is_blocked | escalator_is_blocked),G(!elevator_is_blocked & !bar_has_to_be_repaired & !escalator_is_blocked),True
7145,Stay within area_5 until you collect package_8 from store_2 and transport it to house_9,area_5 U (store_2 & F(p_package_8 & F(house_9 & pd))),area_5 U (p_package_8 & (store_2 U house_9)),False
7146,at a certain moment the engine stops or the motorbike has stopped or a motorbike is driven,F(engine_stops | motorbike_has_stopped | motorbike_is_driven),F (engine_stops | motorbike_has_stopped | motorbike_is_driven),True
7147,in the future the escalator speeds up or the bar is closing or the engine starts,F(bar_is_closing | engine_starts | escalator_speeds_up),F (escalator_speeds_up | bar_is_closing | engine_starts),True
7148,never drop orange or never drop orange,G!drop_orange,G!drop_orange,True
7149,"first, it will happen that both the engine stops and the car stops, and then, eventually, either the engine stops or the train is crossing",G!(car_stops & engine_stops) | F(car_stops & engine_stops & F(engine_stops | train_is_crossing)),F (engine_stops & car_stops) & F (engine_stops | train_is_crossing),False
7150,whenever go_near flag or acquire apple,acquire_apple | F go_near_flag,G((go_near_flag | acquire_apple) -> X(go_near_flag | acquire_apple)),False
7151,"Avoid taking a photo until you reach park 5, and ensure that you eventually go to landmark 4 and take a picture there",(!photo U park_5) & F(landmark_4 & photo),!photo W park_5 & F (landmark_4 & photo),True
7152,Switch light_south green holds at all times.,G change_light_south_green,G change_light_south_green,True
7153,every time the escalator moves and the bar is closing then every time both a motorbike falls down and the table has been moved,G((bar_is_closing & escalator_moves) -> G(motorbike_falls_down & table_has_been_moved)),G (escalator_moves & bar_is_closing -> G (motorbike_falls_down & table_has_been_moved)),True
7154,Retrieve water bottle_4 at hospital_3 while ensuring pharmacy_2 is not entered.,F(hospital_3 & p_bottle_4) & G!pharmacy_2,G (hospital_3 & p_bottle_4 -> !pharmacy_2) & F (hospital_3 & p_bottle_4),False
11588,For all time make sure (prop_2) happens and keep (prop_3) equivalent to (prop_1) .,(prop_1 <-> prop_3) & G prop_2,G (prop_2 & (prop_3 <-> prop_1)),False
11589,( prop_1 ) or when possible ( prop_2 ),prop_1 | F prop_2,prop_1 | (prop_2 & F prop_2),False
11590,( prop_1 ) and when possible ( prop_2 ),prop_1 & F prop_2,G(prop_1 & (prop_2 -> X prop_2)),False
11591,at some time ( prop_1 ) and when possible ( prop_2 ),F(prop_1 & F prop_2),F (prop_1 & F prop_2),True
11592,( prop_1 ) and repeatedly ( prop_2 ),prop_1 & GF prop_2,G(prop_1 & F prop_2),False
11593,"Globally , whenever the event that ( prop_3 ) is observed then the following condition holds : the transition action that ( prop_2 ) has to be observed promptly or ( prop_1 ) .",G(prop_3 -> (prop_1 | prop_2)),G (prop_3 -> (X prop_2 | prop_1)),False
11594,"If ( prop_1 ) , or ( prop_2 ) , then for every time point in the future before the execution ends , there will have to be a certain moment in the future before the simulation ends ultimately , at which ( prop_3 ) .",G((prop_1 | prop_2) -> GF prop_3),(prop_1 | prop_2) -> G F prop_3,False
11595,when possible ( prop_1 ) or repeatedly ( prop_2 ),F(prop_1 | GF prop_2),G(prop_1 | G(prop_2)),False
11596,"If (prop_1) leads to (prop_2), then eventually (prop_3) should happen.",(prop_1 -> prop_2) -> F prop_3,(prop_1 -> prop_2) -> F prop_3,True
11597,In case that the event that ( prop_1 ) takes place then in response ( prop_2 ) .,G(prop_1 -> prop_2),G(prop_1 -> F prop_2),False
11598,(prop_1) or (prop_4). (prop_2) until (prop_3).,(prop_1 | prop_4) & (prop_2 U prop_3),prop_1 | prop_4 & prop_2 U prop_3,False
11599,"(prop_1) does not happen, and (prop_3) or (prop_2) should happen .",!prop_1 & (prop_2 | prop_3),G(!prop_1 & (prop_3 | prop_2)),False
11600,"It is required that at a certain point ( prop_1 ) is equivalent to ( prop_2 ) , and only then ( prop_3 ) .",F(prop_1 <-> prop_2) -> prop_3,F((prop_1 <-> prop_2) & prop_3),False
11601,( prop_1 ) can infer that at some time ( prop_2 ),prop_1 -> F prop_2,G(prop_1 -> F(prop_2)),False
11602,"(prop_3) is always true and (prop_2) is true at some point, or (prop_1) should not be true .",!prop_1 | (prop_2 & G prop_3),G prop_3 & (F prop_2 | !prop_1),False
11603,always ( prop_1 ) and whenever ( prop_2 ),G(prop_1 & F prop_2),G prop_1 & G (prop_2 -> F prop_1),False
11604,"In case that ( prop_2 ) , and ( prop_1 ) , then all of the following conditions are true : at the same moment ( prop_3 ) and starting without any delay ( prop_4 ) .",G((prop_1 & prop_2) -> (prop_3 & prop_4)),prop_2 & prop_1 -> (prop_3 & X prop_4),False
11605,If ( prop_2 ) does not happen then ( prop_1 ) happens and ( prop_3 ) .,prop_3 & (!prop_2 -> prop_1),G (!prop_2 -> (prop_1 & prop_3)),False
11606,at some time ( prop_1 ) until ( prop_2 ),F(prop_1 U prop_2),F (prop_1 U prop_2),True
11607,when possible ( prop_1 ) means that ( prop_2 ),F prop_1 -> prop_2,G(prop_1 -> prop_2),False
11608,"It is always the case that whenever ( prop_1 ) , or ( prop_2 ) then there ought to eventually exist a certain time instant in the future before the execution ends , at which ( prop_3 ) .",G((prop_1 | prop_2) -> F prop_3),G ((prop_1 | prop_2) -> F prop_3),True
11609,For all time (prop_2) happens is equivalent to the scenario that if (prop_3) then (prop_1) .,(prop_3 -> prop_1) <-> G prop_2,G prop_2 <-> (prop_3 -> prop_1),True
11610,"First (prop_1) unless (prop_4) happens, then make sure to (prop_2) after you have witnessed (prop_3).",(prop_1 U prop_4) -> (prop_2 -> prop_3),G (prop_1 U prop_4) & G (prop_3 -> F prop_2),False
11611,If at a certain time instant ( prop_2 ) or ( prop_4 ) or ( prop_3 ) is detected then in response ( prop_1 ) should be satisfied .,(prop_2 | prop_3 | prop_4) -> prop_1,G ((prop_2 | prop_4 | prop_3) -> X prop_1),False
11612,"If (prop_3), (prop_1) and (prop_2) as well.",prop_3 -> (prop_1 & prop_2),prop_3 -> (prop_1 & prop_2),True
11613,"At some point or another, (prop_1)",F prop_1,F prop_1,True
11614,"For each time instant ( prop_2 ) should happen , and ( prop_3 ) should be detected , or else ( prop_1 ) .",prop_1 | (prop_3 & G prop_2),G (prop_2 & prop_3 | prop_1),False
11615,"For each time instant ( prop_2 ) should imply ( prop_3 ) , or else ( prop_1 ) .",prop_1 | G(prop_2 -> prop_3),G (prop_2 -> (prop_3 | prop_1)),False
11616,"Once (prop_2) occurs, make sure that both (prop_1) and (prop_3) happen.",F prop_2 -> (prop_1 & prop_3),G(prop_2 -> F(prop_1 & prop_3)),False
11617,"On condition that ( prop_4 ) , or ( prop_1 ) , then in response there will exist a certain moment in the future , at which the event that ( prop_2 ) should be ultimately observed , and till then ( prop_3 ) .",G((prop_1 | prop_4) -> (prop_2 U prop_3)),((prop_4 | prop_1) -> (prop_3 U prop_2)),False
11618,The scenario in which ( prop_3 ) and ( prop_2 ) and ( prop_4 ) is equivalent to the scenario in which ( prop_1 ) .,prop_1 <-> (prop_2 & prop_3 & prop_4),G((prop_3 & prop_2 & prop_4) <-> prop_1),False
11619,at some time ( prop_1 ) or at any time ( prop_2 ),F(prop_1 | F prop_2),F prop_1 | G prop_2,False
11620,"(prop_3) is not true, or (prop_2) is equivalent to (prop_1) .",!prop_3 | (prop_1 <-> prop_2),!prop_3 | (prop_2 <-> prop_1),True
11621,whenever ( prop_1 ) or forever ( prop_2 ),F(prop_1 | G prop_2),G(prop_1 | G prop_2),False
11622,"It is true that ( prop_4 ) or ( prop_3 ) is equivalent to ( prop_2 ) , or ( prop_1 ) .",prop_1 | (prop_2 <-> (prop_3 | prop_4)),((prop_4 | prop_3) <-> prop_2) | prop_1,True
11623,"At some point ( prop_1 ) should happen , or else if ( prop_2 ) then ( prop_3 ) .",(prop_2 -> prop_3) | F prop_1,F prop_1 | G (prop_2 -> prop_3),False
11624,( prop_1 ) or ( prop_2 ),prop_1 | prop_2,prop_1 | prop_2,True
11625,"If ( prop_2 ) is true , then ( prop_3 ) should be true as well , and ( prop_1 ) .",prop_1 & (prop_2 -> prop_3),G (prop_2 -> (prop_3 & prop_1)),False
11626,"Globally , when ( prop_1 ) then the following condition is true : finally after a certain moment in the future before the simulation ends uninterruptedly ( prop_2 ) .",G(prop_1 -> FG prop_2),G (prop_1 -> F prop_2),False
11627,"For each time instant in the future if ( prop_3 ) and ( prop_2 ) , then ( prop_1 ) .",G(prop_2 & prop_3) -> prop_1,G ((prop_3 & prop_2) -> prop_1),False
11628,"If (prop_3) and (prop_1) are both true, then (prop_2) should always be true .",(prop_1 & prop_3) -> G prop_2,G((prop_3 & prop_1) -> G prop_2),False
11629,"If at some point ( prop_2 ) happens , then ( prop_1 ) is equal to ( prop_3 ) .",F prop_2 -> (prop_1 <-> prop_3),G(prop_2 -> (prop_1 <-> prop_3)),False
11630,"If ( prop_4 ) is equivalent to ( prop_3 ) then ( prop_1 ) happens , or else ( prop_2 ) .",prop_2 | ((prop_3 <-> prop_4) -> prop_1),G((prop_4 <-> prop_3) -> F prop_1) & G(!(prop_4 <-> prop_3) -> F prop_2),False
11631,never ( prop_1 ) and whenever ( prop_2 ),G(!prop_1 & F prop_2),G(!prop_1 & (prop_2 -> F prop_1)),False
11632,"If at some point in the future ( prop_3 ) happens, and before that ( prop_2 ) is happening and continuing, then ( prop_1 ) should happen .",(prop_3 U prop_2) -> prop_1,G (F (prop_3 & (prop_2 U prop_3)) -> F prop_1),False
11633,In case that ( prop_3 ) then the following condition holds : instantly the scenario that ( prop_2 ) must n't be detected and without any delay ( prop_1 ) .,G(prop_3 -> (prop_1 & prop_2)),prop_3 -> (X(!prop_2 & prop_1)),False
11634,"Globally , when ( prop_2 ) and ( prop_1 ) , then all of the following conditions hold : at a certain time instant in the future before the end of the execution ( prop_3 ) .",G((prop_1 & prop_2) -> F prop_3),G ((prop_2 & prop_1) -> F prop_3),True
11635,"if when possible ( prop_1 ) , repeatedly ( prop_2 )",F prop_1 -> GF prop_2,G(prop_1 -> X(prop_2 U !prop_1)),False
11636,"Either for all time (prop_2) is true, or the scenario in which (prop_1) is false is equivalent to the scenario in which (prop_3) is true .",(!prop_1 <-> prop_3) | G prop_2,G prop_2 | (!prop_1 <-> prop_3),True
11637,whenever ( prop_1 ) until when possible ( prop_2 ),F(prop_1 U F prop_2),G(prop_1 U prop_2),False
11638,"Either (prop_2) or (prop_3) should happen, or else both of the following should happen: (prop_4) and (prop_1) .",prop_2 | prop_3 | (prop_1 & prop_4),G ((prop_2 | prop_3) | (prop_4 & prop_1)),False
11639,If ( prop_1 ) and ( prop_2 ) and the scenario that ( prop_4 ) is detected or in case that ( prop_3 ) is true .,prop_3 | (prop_1 & prop_2 & prop_4),prop_1 & prop_2 & (prop_4 | prop_3),False
11640,"If (prop_2) is always true, then make sure that (prop_3) and (prop_1) are both true .",G prop_2 -> (prop_1 & prop_3),G(prop_2 -> G(prop_3 & prop_1)),False
11641,"Until (prop_1) is equal to (prop_2), make sure not to do (prop_3) .",!prop_1 U (prop_2 <-> prop_3),G (!prop_3 U (prop_1 <-> prop_2)),False
11642,"Until (prop_2) or (prop_1), keep (prop_3) not happening .",!prop_2 U (prop_1 | prop_3),G (!prop_3 U (prop_2 | prop_1)),False
11643,If it is always the case that ( prop_2 ) does not lead to ( prop_3 ) then ( prop_1 ) .,G!(prop_2 -> prop_3) -> prop_1,G(!(G(prop_2 -> !prop_3)) -> prop_1),False
11644,"If not (prop_3), then ensure that (prop_2) is equivalent to (prop_1) .",!prop_3 -> (prop_1 <-> prop_2),G (!prop_3 -> (prop_2 <-> prop_1)),False
11645,repeatedly ( prop_1 ) and at some time ( prop_2 ),G(F prop_1 & F prop_2),G F prop_1 & F prop_2,False
11646,"If you do either (prop_3) or (prop_1), then you should do both (prop_4) and (prop_2), and vice versa .",(prop_1 | prop_3) <-> (prop_2 & prop_4),G ((prop_3 | prop_1) <-> (prop_4 & prop_2)),False
11647,You need to wait until (prop_1) before (prop_2).,!prop_1 U prop_2,G (!prop_2 U prop_1),False
11648,"If (prop_3) occurs, keep it true until (prop_1), or else do (prop_2) or (prop_4) .",prop_2 | prop_4 | (prop_3 U prop_1),G (prop_3 -> (prop_3 U prop_1 | (prop_2 | prop_4))),False
11649,"If it is not the case that at some future time ( prop_1 ) or ( prop_2 ) , then ( prop_3 ) is true , and vice versa .",prop_3 <-> !F(prop_1 | prop_2),!F(prop_1 | prop_2) <-> prop_3,True
11650,The scenario in which (prop_4) happens and then (prop_2) should happen is equivalent to the scenario in which (prop_1) and (prop_3) happen at the same time .,(prop_4 -> prop_2) <-> (prop_1 & prop_3),((prop_4 & X prop_2) <-> (prop_1 & prop_3)),False
11651,Keep (prop_3) equal to (prop_1) until (prop_2) is no longer true .,(prop_1 <-> prop_3) U !prop_2,prop_3 <-> prop_1 U !prop_2,False
11652,"In the event that ( prop_2 ) , and ( prop_1 ) then all of the following conditions hold : ( prop_3 ) .",G((prop_1 & prop_2) -> prop_3),G ((prop_2 & prop_1) -> prop_3),True
11653,If ( prop_3 ) is equivalent to ( prop_2 ) or ( prop_1 ) is detected or ( prop_4 ) is detected .,prop_1 | prop_4 | (prop_2 <-> prop_3),G((prop_3 <-> prop_2) | prop_1 | prop_4),False
11654,"Either (prop_2) or (prop_1) should happen, or else at some point in the future, (prop_3) should occur.",prop_1 | prop_2 | F prop_3,G((prop_2 | prop_1) | F prop_3),False
11655,never ( prop_1 ) or at some time ( prop_2 ),G(!prop_1 | F prop_2),G(!prop_1) | F(prop_2),False
11656,"If it is not the case that ( prop_1 ) and ( prop_2 ) , then ( prop_3 ) .",!(prop_1 & prop_2) -> prop_3,G (!(prop_1 & prop_2) -> prop_3),False
11657,forever ( prop_1 ) until do not ( prop_2 ),G(prop_1 U !prop_2),G prop_1 U !prop_2,False
11658,whenever ( prop_1 ) and ( prop_2 ),F(prop_1 & prop_2),G((prop_1 & prop_2) -> X(prop_1 & prop_2)),False
11659,( prop_1 ) until ( prop_2 ),prop_1 U prop_2,prop_1 U prop_2,True
11660,"Either (prop_2) or (prop_3) should happen, or else (prop_1) should not happen .",!prop_1 | prop_2 | prop_3,G ((prop_2 | prop_3) | !prop_1),False
11661,"If (prop_2) happens, then eventually (prop_4) will happen, and in the meantime, keep doing (prop_3) until (prop_1) happens .",(prop_2 -> prop_4) & (prop_3 U prop_1),prop_2 -> (F prop_4 & (prop_3 U prop_1)),False
11662,"Globally , if ( prop_1 ) and ( prop_3 ) , then all of the following conditions are true : starting without any delay the event that ( prop_4 ) gets detected or at the same time ( prop_2 ) .",G((prop_1 & prop_3) -> (prop_2 | prop_4)),G ( (prop_1 & prop_3) -> (prop_4 | prop_2) ),True
11663,"If you do (prop_3) and observe (prop_1), then you should not do (prop_2) .",(prop_1 & prop_3) -> !prop_2,G (prop_3 & prop_1) -> !prop_2,False
11664,"During the interval that the event that ( prop_3 ) does not get detected , and ( prop_1 ) , then all of the following conditions are true : ( prop_2 ) .",G((prop_1 & prop_3) -> G prop_2),G ( (!prop_3 & prop_1) -> prop_2 ),False
11665,"( prop_1 ) happens if ( prop_3 ) does not happen , and ( prop_2 ) should also be true all the time . ",(!prop_1 -> prop_3) & G prop_2,G(prop_2) & G(!prop_3 -> prop_1),False
11666,"Always make sure that at some point either (prop_2) or (prop_1) happens, and keep (prop_3) for all time afterward .",(prop_1 | prop_2) & G prop_3,G F ((prop_2 | prop_1) & G prop_3),False
11667,"Globally , everytime when ( prop_1 ) , or ( prop_4 ) then all of the following conditions hold : ( prop_3 ) , or at the same time instant ( prop_2 ) .",G((prop_1 | prop_4) -> (prop_2 | prop_3)),G ((prop_1 | prop_4) -> (prop_3 | prop_2)),True
11668,"If (prop_2), (prop_1) and (prop_3) until (prop_4).",prop_2 -> ((prop_1 & prop_3) U prop_4),prop_2 -> (prop_1 & prop_3) U prop_4,True
11669,( prop_1 ) or never ( prop_2 ),prop_1 | G!prop_2,prop_1 | G !prop_2,True
11670,"Globally , everytime when ( prop_2 ) and ( prop_1 ) , then for each moment in the future till the end of the simulation at a certain time instant in the future before the execution ends , ( prop_3 ) .",G((prop_1 & prop_2) -> GF prop_3),G ((prop_2 & prop_1) -> (G (prop_3))),False
11671,"( prop_1 ) happens and continues until at some point ( prop_2 ) happens , or else ( prop_3 ) does not happen .",!prop_3 | (prop_1 U prop_2),prop_1 & (prop_1 U prop_2) | !prop_3,False
11672,"If (prop_2) or (prop_1), then make sure (prop_3) eventually happens .",(prop_1 | prop_2) -> F prop_3,G ((prop_2 | prop_1) -> F prop_3),False
11673,"If (prop_4), then do (prop_2) until (prop_3) is equivalent to (prop_1) .",(prop_4 -> prop_2) U (prop_1 <-> prop_3),prop_4 -> ((prop_2 U prop_3) <-> prop_1),False
11674,"If it is true that when (prop_3) happens, (prop_1) also happens, then (prop_2) should not happen.",(prop_3 -> prop_1) -> !prop_2,G((prop_3 -> prop_1) -> !prop_2),False
11675,always ( prop_1 ) can infer that at some time ( prop_2 ),G prop_1 -> F prop_2,G(prop_1 -> F(prop_2)),False
11676,"On condition that ( prop_1 ) , or ( prop_2 ) , then in response instantly the event that ( prop_3 ) must happen .",G((prop_1 | prop_2) -> prop_3),G ((prop_1 | prop_2) -> X prop_3),False
11677,It is always the case that if ( prop_1 ) and ( prop_3 ) then in response the condition that ultimately ( prop_2 ) .,G((prop_1 & prop_3) -> !F prop_2),G((prop_1 & prop_3) -> F(prop_2)),False
11678,"Until (prop_1) happens and then (prop_2) follows, keep (prop_4) being equivalent to (prop_3) .",(prop_1 <-> prop_2) U (prop_4 -> prop_3),G (prop_4 <-> prop_3) U (prop_1 & X prop_2),False
11679,"Either it is not the case that ( prop_2 ) or else ( prop_3 ) , or else ( prop_1 ) .",prop_1 | !prop_2 | prop_3,!prop_2 | prop_3 | prop_1,True
11680,If ( prop_4 ) and ( prop_3 ) then ( prop_2 ) if and only if ( prop_1 ) .,prop_1 <-> ((prop_3 & prop_4) -> prop_2),((prop_4 & prop_3) -> prop_2) <-> prop_1,True
11681,Always (prop_1). (prop_3) when (prop_2).,(prop_3 -> prop_2) & G prop_1,G(prop_1) & G(prop_2 -> prop_3),False
11682,"If (prop_2), (prop_3) until (prop_1).",prop_2 -> (prop_3 U prop_1),prop_2 -> (prop_3 U prop_1),True
11683,"It is not the case that ( prop_2 ) and ( prop_1 ) are both detected at the same time , until ( prop_3 ) .",!(prop_1 & prop_2) U prop_3,!((prop_2 & prop_1) U prop_3),False
11684,(prop_3) does not happen and make sure (prop_1) and (prop_2) both hold .,prop_1 & prop_2 & !prop_3,G(!prop_3 & prop_1 & prop_2),False
11685,"Either (prop_1) and (prop_3) are equal, or else make sure (prop_2) happens eventually .",(prop_1 <-> prop_3) | F prop_2,(prop_1 <-> prop_3) | F prop_2,True
11686,( prop_1 ) until whenever ( prop_2 ),prop_1 U F prop_2,prop_1 U (prop_2 -> prop_1),False
11687,"It should be the case that either not (prop_1) is equivalent to (prop_2) , or else (prop_3) finally happens .",(!prop_1 <-> prop_2) | F prop_3,(!prop_1 <-> prop_2) | F prop_3,True
11688,"When ( prop_1 ) , then the following condition is true : ( prop_2 ) .",G(prop_1 -> G prop_2),G (prop_1 -> prop_2),False
11689,at some time ( prop_1 ) or never ( prop_2 ),F(prop_1 | G!prop_2),F prop_1 | G !prop_2,False
11690,at some time ( prop_1 ) or ( prop_2 ),F(prop_1 | prop_2),F (prop_1 | prop_2),True
11691,forever ( prop_1 ) and repeatedly ( prop_2 ),G(prop_1 & GF prop_2),G prop_1 & G F prop_2,True
11692,"( prop_3 ) happens and continues until ( prop_1 ) happens , and in the same time ( prop_2 ) does not happen .",!prop_2 & (prop_3 U prop_1),prop_3 & !prop_2 & (prop_3 U prop_1),False
11693,( prop_1 ) or forever ( prop_2 ),prop_1 | G prop_2,prop_1 | G prop_2,True
11694,"If (prop_2) then (prop_1), or else both (prop_4) and (prop_3) .",(prop_2 -> prop_1) | (prop_3 & prop_4),G (prop_2 -> prop_1) & G (!prop_2 -> (prop_4 & prop_3)),False
11695,If ( prop_3 ) and ( prop_4 ) and the scenario that ( prop_2 ) is detected then it should be the case that ( prop_1 ) .,(prop_2 & prop_3 & prop_4) -> prop_1,G ((prop_3 & prop_4 & prop_2) -> prop_1),False
11696,"When ( prop_3 ) or the event that ( prop_2 ) gets detected , then the following condition holds : ( prop_1 ) .",G((prop_2 | prop_3) -> G prop_1),G ((prop_3 | prop_2) -> prop_1),False
11697,"If (prop_3), then it's recommended to immediately (prop_2) and then (prop_1).",F prop_3 -> (prop_2 -> prop_1),G(prop_3 -> (prop_2 & X(prop_1))),False
11698,"If (prop_3) is equivalent to (prop_2), and if (prop_1), then (prop_4) .",(prop_2 <-> prop_3) & (prop_1 -> prop_4),G((prop_3 <-> prop_2) & (prop_1 -> prop_4)),False
11699,"If (prop_2), then (prop_3), and finally (prop_1) .",(prop_2 -> prop_3) & F prop_1,G(prop_2 -> (prop_3 & F prop_1)),False
11700,"if at any time ( prop_1 ) , when possible ( prop_2 )",F prop_1 -> F prop_2,G(prop_1 -> (prop_2 | X(!prop_2 & G(!prop_2)))),False
11701,never ( prop_1 ) or ( prop_2 ),G(!prop_1 | prop_2),G(!(prop_1 | prop_2)),False
11702,"If (prop_2) is always true, then if (prop_1) happens, make sure (prop_3) does too .",G prop_2 -> (prop_1 -> prop_3),G(prop_2) -> G(prop_1 -> F prop_3),False
11703,Always avoid (prop_1),G!prop_1,G!prop_1,True
11704,"As long as (prop_3) is always true, then either (prop_1) or (prop_2) can happen .",G prop_3 -> (prop_1 | prop_2),G(prop_3 -> F(prop_1 | prop_2)),False
11705,"It is always the case that if the scenario that ( prop_2 ) happens or ( prop_4 ) , then all of the following conditions hold : starting without any delay the transition action that ( prop_3 ) needs to occur , and at the same time instant the scenario that ( prop_1 ) is n't observed .",G((prop_2 | prop_4) -> (prop_1 & prop_3)),G ((prop_2 | prop_4) -> (X prop_3 & X !prop_1)),False
11706,It is required that the scenario in which ( prop_2 ) is false is equivalent to the scenario in which ( prop_1 ) is equivalent to ( prop_3 ) .,!prop_2 <-> (prop_1 <-> prop_3),G (!prop_2 <-> (prop_1 <-> prop_3)),False
11707,at any time ( prop_1 ) and don't ( prop_2 ),F(prop_1 & !F prop_2),G(prop_1 & !prop_2),False
11708,"when ( prop_1 ) , never ( prop_2 )",prop_1 -> G!prop_2,G(prop_1 -> !F prop_2),False
11709,"It is always the case that whenever the scenario that ( prop_3 ) is detected or ( prop_1 ) , then the following condition holds : there will exist sometime in the future before the end of the simulation eventually , at which ( prop_2 ) and then this scenario will remain uninterruptedly in the future before the simulation ends .",G((prop_1 | prop_3) -> FG prop_2),G ((prop_3 | prop_1) -> F (prop_2 & G prop_2)),True
11710,At some point in the future it should be the case that ( prop_1 ) implies ( prop_3 ) and ( prop_2 ) .,F(prop_2 & (prop_1 -> prop_3)),F (prop_1 -> (prop_3 & prop_2)),False
11711,"Either (prop_2) or (prop_1) should happen, and at the same time make sure (prop_3) is equivalent to (prop_4) .",(prop_3 <-> prop_4) & (prop_1 | prop_2),G((prop_1 | prop_2) & (prop_3 <-> prop_4)),False
11712,"It is required that in a future time ( prop_3 ) or the scenario that ( prop_1 ) is detected, and the above statement is equivalent to that ( prop_2 ) should be observed at the current time instant .",prop_2 <-> F(prop_1 | prop_3),F prop_3 | prop_1 <-> prop_2,False
11713,( prop_1 ) and ( prop_2 ),prop_1 & prop_2,prop_1 & prop_2,True
11714,"If ( prop_1 ) and ( prop_2 ) happens and continues to happen until ( prop_3 ) , then the scenario is equivalent to ( prop_4 ) .",prop_4 <-> ((prop_1 & prop_2) U prop_3),G ((prop_1 & prop_2) U prop_3) <-> prop_4,False
11715,"In case that the transition action that ( prop_3 ) gets detected , then all of the following conditions are true : ( prop_1 ) then uninterruptedly this scenario will be lasting until ( prop_2 ) .",G(prop_3 -> (prop_1 U prop_2)),prop_3 -> (prop_1 & G(prop_1 U prop_2)),False
11716,"Either keep (prop_3) until (prop_2), or if (prop_1) then make (prop_4) happen .",(prop_1 -> prop_4) | (prop_3 U prop_2),(prop_3 U prop_2) | (prop_1 -> F prop_4),False
11717,"The scenario in which ( prop_2 ) and ( prop_4 ) or ( prop_3 ) , is equivalent to the scenario in which ( prop_1 ) .",prop_1 <-> (prop_3 | (prop_2 & prop_4)),((prop_2 & prop_4) | prop_3) <-> prop_1,True
11718,repeatedly ( prop_1 ) or whenever ( prop_2 ),G(F prop_1 | F prop_2),G(prop_1 | (prop_2 -> X(prop_1))),False
11719,The condition in which both ( prop_1 ) and ( prop_3 ) happen is equivalent to ( prop_2 ) not happening.,!prop_2 <-> (prop_1 & prop_3),G((prop_1 & prop_3) <-> !prop_2),False
11720,( prop_4 ) or ( prop_2 ) happens if and only if ( prop_3 ) happens and continues until ( prop_1 ) happens .,(prop_2 | prop_4) <-> (prop_3 U prop_1),(prop_4 | prop_2) <-> (prop_3 U prop_1),True
11721,"In case that ( prop_2 ) and ( prop_4 ) happens and continues to happen until ( prop_1 ) is detected , or else ( prop_3 ) .",prop_3 | ((prop_2 & prop_4) U prop_1),G ((prop_2 & prop_4) U prop_1) | prop_3,False
11722,"It is required that at a certain point ( prop_2 ) should happen then ( prop_1 ) , and also ( prop_3 ) .",prop_3 & F(prop_2 -> prop_1),G (prop_2 -> (F (prop_1 & prop_3))),False
11723,The scenario in which ( prop_3 ) does not happen is equivalent to the scenario in which ( prop_2 ) or ( prop_1 ) happens .,!prop_3 <-> (prop_1 | prop_2),!prop_3 <-> (prop_2 | prop_1),True
11724,( prop_1 ) and always ( prop_2 ),prop_1 & G prop_2,prop_1 & G prop_2,True
11725,( prop_1 ) or repeatedly ( prop_2 ),prop_1 | GF prop_2,prop_1 | G F prop_2,True
11726,"If it is not the case that ( prop_3 ) is detected and ( prop_2 ) is detected , then ( prop_1 ) should be detected .",(prop_2 & !prop_3) -> prop_1,G (!(prop_3 & prop_2) -> prop_1),False
11727,"If (prop_2), (prop_1).",prop_2 -> prop_1,G(prop_2 -> prop_1),False
11728,"If (prop_1) happens, then (prop_2) should happen as well, but (prop_3) should not happen.",!prop_3 & (prop_1 -> prop_2),G(prop_1 -> (prop_2 & !prop_3)),False
11729,Make sure that doing (prop_3) or (prop_1) is always equivalent to always doing (prop_2) .,(prop_1 | prop_3) <-> G prop_2,G((prop_3 | prop_1) <-> G prop_2),False
11730,"(prop_1) is equivalent to (prop_3), and do not do (prop_2) .",!prop_2 & (prop_1 <-> prop_3),G((prop_1 <-> prop_3) & !prop_2),False
11731,If ( prop_3 ) and ( prop_1 ) is equivalent to ( prop_4 ) and also ( prop_2 ) .,prop_2 & (prop_4 <-> (prop_1 & prop_3)),G((prop_3 & prop_1) <-> (prop_4 & prop_2)),False
11732,"when repeatedly ( prop_1 ) , repeatedly ( prop_2 )",GF prop_1 -> GF prop_2,G(prop_1 -> F prop_2) & G(prop_2 -> F prop_1),False
11733,"If you do (prop_3), then you should do (prop_2), or else don't do (prop_1) .",!prop_1 | (prop_3 -> prop_2),G (prop_3 -> (prop_2 | !prop_1)),False
11734,"If ( prop_2 ) then ( prop_1 ) happens , and this scenario will hold until at some point ( prop_3 ) does not happen .",(prop_2 -> prop_1) U !prop_3,G (prop_2 -> (prop_1 U !prop_3)),False
11735,( prop_3 ) should not happen and continues until at some point ( prop_2 ) and ( prop_1 ) happen .,!prop_3 U (prop_1 & prop_2),G (!prop_3 & (prop_3 U (prop_2 & prop_1))),False
11736,at some time ( prop_1 ) and repeatedly ( prop_2 ),F(prop_1 & GF prop_2),F (prop_1 & G F prop_2),True
11737,"For all time make sure that (prop_1), or else (prop_3) or (prop_2) is true .",prop_2 | prop_3 | G prop_1,G(prop_1 | prop_2 | prop_3),False
11738,"If (prop_3) doesn't happen, then if (prop_1), make (prop_2) .",!prop_3 -> (prop_1 -> prop_2),G (!prop_3 -> (prop_1 -> prop_2)),False
11739,"If ( prop_4 ) is equivalent to ( prop_1 ) and also ( prop_3 ) , then ( prop_2 ) .",(prop_3 & (prop_1 <-> prop_4)) -> prop_2,G((prop_4 <-> (prop_1 & prop_3)) -> prop_2),False
11740,Keep doing (prop_1) after doing (prop_2),F(prop_1 -> G prop_2),G(prop_2 -> X G(prop_1)),False
11741,"( prop_2 ) is not equivalent to ( prop_3 ) , and ( prop_1 ) .",prop_1 & !(prop_2 <-> prop_3),! (prop_2 <-> prop_3) & prop_1,True
11742,"Globally , if the transition action that ( prop_1 ) does not happen , and ( prop_4 ) , then the following condition is true : there shall exist a certain moment in the future eventually , at which ( prop_2 ) , and before this ( prop_3 ) .",G((prop_1 & prop_4) -> (prop_2 U prop_3)),G (!prop_1 & prop_4 -> F (prop_2 & !prop_3 U prop_2)),False
11743,"If ( prop_1 ) does not happen then ( prop_3 ) should happen and vice versa , and ( prop_2 ) should also be observed .",prop_2 & (!prop_1 <-> prop_3),G((!prop_1 <-> prop_3) & prop_2),False
11744,The scenario that ( prop_2 ) and ( prop_3 ) is detected if and only if the scenario that ( prop_1 ) should be observed .,prop_1 <-> (prop_2 & prop_3),G((prop_2 & prop_3) <-> prop_1),False
11745,"If you ensure that (prop_4) implies (prop_3), then you should also make sure that (prop_2) is equivalent to (prop_1) .",(prop_4 -> prop_3) -> (prop_1 <-> prop_2),G((prop_4 -> prop_3) -> (prop_2 <-> prop_1)),False
11746,The situation in which (prop_1) happens and continues until (prop_2) happens is equivalent to the situation in which (prop_3) and (prop_4) happen at the same time .,(prop_3 & prop_4) <-> (prop_1 U prop_2),(prop_1 U prop_2) <-> (prop_3 & prop_4),True
11747,repeatedly ( prop_1 ) means that ( prop_2 ),GF prop_1 -> prop_2,G(prop_1 -> F(prop_2)),False
11748,"If (prop_2), then (prop_1), but if (prop_4) or (prop_3), then stop .",(prop_2 -> prop_1) U (prop_3 | prop_4),G(prop_2 -> prop_1) & G((prop_4 | prop_3) -> G(!prop_1 & !prop_2 & !prop_3 & !prop_4)),False
11749,"If at some point ( prop_4 ) or ( prop_1 ) then the scenario is equivalent to ( prop_2 ) , it should be followed by ( prop_3 ) .",(prop_2 <-> (prop_1 | prop_4)) -> prop_3,G ( (prop_4 | prop_1) & prop_2 -> X prop_3 ),False
11750,"If (prop_2) is the same as (prop_3), then if (prop_4), then (prop_1) .",(prop_2 <-> prop_3) -> (prop_4 -> prop_1),G((prop_2 <-> prop_3) -> (prop_4 -> prop_1)),False
11751,"If ( prop_1 ) is equivalent to ( prop_2 ) , then ( prop_3 ) and ( prop_4 ) .",(prop_1 <-> prop_2) -> (prop_3 & prop_4),G((prop_1 <-> prop_2) -> (prop_3 & prop_4)),False
11752,forever ( prop_1 ) and ( prop_2 ),G(prop_1 & prop_2),G prop_1 & G prop_2,True
11753,"If it is the case that for the event that ( prop_4 ) happens then ( prop_2 ) , and this in turn implies ( prop_1 ) , then ( prop_3 ) has to be true .",((prop_4 -> prop_2) -> prop_1) -> prop_3,((prop_4 -> prop_2) -> prop_1) -> prop_3,True
11754,"( prop_4 ) or ( prop_2 ) or ( prop_1 ) should be observed , equivalent to the condition that ( prop_3 ) should be observed .",prop_3 <-> (prop_1 | prop_2 | prop_4),G((prop_4 | prop_2 | prop_1) <-> prop_3),False
11755,"If ( prop_1 ) happens and continues until ( prop_3 ) happens , then ( prop_2 ) should not happen .",(prop_1 U prop_3) -> !prop_2,G((prop_1 U prop_3) -> !prop_2),False
11756,forever ( prop_1 ) or ( prop_2 ),G(prop_1 | prop_2),G prop_1 | prop_2,False
11757,"If you do not do (prop_2), then you should do (prop_3) and (prop_1) .",!prop_2 -> (prop_1 & prop_3),G (!prop_2 -> (prop_3 & prop_1)),False
11758,It is not the case that ( prop_2 ) and ( prop_1 ) are both true if and only if ( prop_3 ) is true .,!(prop_3 <-> (prop_1 & prop_2)),!( (prop_2 & prop_1) <-> prop_3 ),True
11759,The scenario in which ( prop_3 ) does not happen is equivalent to the scenario in which ( prop_2 ) happens and continues until ( prop_1 ) happens .,!prop_3 <-> (prop_2 U prop_1),!prop_3 <-> (prop_2 U prop_1),True
11760,"If ( prop_2 ) is equivalent to ( prop_4 ) and this scenario continues until ( prop_3 ) is detected , then ( prop_1 ) .",((prop_2 <-> prop_4) U prop_3) -> prop_1,G((prop_2 <-> prop_4) & !prop_3) -> (prop_2 <-> prop_4) U (prop_3 & prop_1),False
11761,"On condition that ( prop_2 ) or ( prop_1 ) , then the condition that ( prop_3 ) is n't true .",G((prop_1 | prop_2) -> !G prop_3),G ((prop_2 | prop_1) -> !prop_3),False
11762,"Either (prop_4) or (prop_1) should happen, and at the same time, either (prop_3) or (prop_2) .",(prop_1 | prop_4) & (prop_2 | prop_3),G((prop_4 | prop_1) & (prop_3 | prop_2)),False
11763,"If (prop_1), then do (prop_4), which is the same as if (prop_2) happens and continues until (prop_3) happens .",(prop_1 -> prop_4) <-> (prop_2 U prop_3),prop_1 -> (prop_4 <-> (prop_2 U prop_3)),False
11764,"For all time, (prop_3), is equivalent to the scenario in which (prop_2) and (prop_1) happen .",(prop_1 & prop_2) <-> G prop_3,G(prop_3 <-> (prop_2 & prop_1)),False
11765,"( prop_2 ) should not happen if ( prop_1 ) does not happen , and ( prop_3 ) should also be true all the time . ",(!prop_2 -> !prop_1) & G prop_3,G(!prop_1 -> !prop_2) & G(prop_3),False
11766,"If (prop_1) or (prop_2), then either do (prop_3) or (prop_4) .",(prop_1 | prop_2) -> (prop_3 | prop_4),G ((prop_1 | prop_2) -> (prop_3 | prop_4)),False
11767,"If you do not do (prop_2), then either (prop_1) or (prop_3) .",!prop_2 -> (prop_1 | prop_3),G (!prop_2 -> (prop_1 | prop_3)),False
11768,"While ( prop_3 ) and ( prop_2 ) then in response there will be a certain time instant in the future before the execution ends finally , after which ( prop_1 ) .",G((prop_2 & prop_3) -> FG prop_1),G((prop_3 & prop_2) -> F(prop_1)),False
11769,"If (prop_2) holds until (prop_4), then make sure (prop_3) and (prop_1) both happen .",(prop_2 U prop_4) -> (prop_1 & prop_3),G((prop_2 U prop_4) -> F(prop_3 & prop_1)),False
11770,( prop_1 ) and never ( prop_2 ),prop_1 & G!prop_2,G(prop_1 & !prop_2),False
11771,"If (prop_2) is always true, then make sure (prop_1) is not true and (prop_3) is true .",G prop_2 -> (!prop_1 & prop_3),G(prop_2 -> (!prop_1 & prop_3)),False
11772,"( prop_2 ) and ( prop_3 ) then implies ( prop_1 ), or it will be ( prop_4 ) .",prop_4 | ((prop_2 & prop_3) -> prop_1),G ((prop_2 & prop_3) -> (prop_1 | prop_4)),False
11773,"If (prop_2) is equal to (prop_3), then make sure (prop_1) is true for all time afterward .",(prop_2 <-> prop_3) -> G prop_1,G(prop_2 <-> prop_3) -> G(prop_1),False
11774,Either for all time (prop_1) is true or else both (prop_2) and (prop_3) are true .,(prop_2 & prop_3) | G prop_1,G prop_1 | (prop_2 & prop_3),True
11775,at some time ( prop_1 ) until never ( prop_2 ),F(prop_1 U G!prop_2),F (prop_1 U G !prop_2),True
11776,If ( prop_3 ) is not equivalent to ( prop_1 ) then ( prop_2 ) .,!(prop_1 <-> prop_3) -> prop_2,G(!((prop_3 <-> prop_1)) -> prop_2),False
11777,If ( prop_2 ) is equivalent to ( prop_1 ) or if ( prop_3 ) then ( prop_4 ) .,(prop_3 | (prop_1 <-> prop_2)) -> prop_4,G((prop_2 <-> prop_1) | prop_3) -> prop_4,False
11778,"If it is implied that when (prop_1), then (prop_2), then it should be globally true that (prop_3) .",(prop_1 -> prop_2) -> G prop_3,G((prop_1 -> prop_2) -> prop_3),False
11779,forever ( prop_1 ) or at any time ( prop_2 ),G(prop_1 | F prop_2),G prop_1 | F prop_2,False
11780,Do not do (prop_2) until if (prop_1) happens then you should do (prop_3) .,!prop_2 U (prop_1 -> prop_3),G (!prop_2 U (prop_1 -> prop_3)),False
11781,"It is required that at the end of the simulation either ( prop_2 ) or ( prop_3 ) should have happened , and also ( prop_1 ) .",prop_1 & F(prop_2 | prop_3),G F (prop_1 & (prop_2 | prop_3)),False
11782,don't ( prop_1 ) until repeatedly ( prop_2 ),!(prop_1 U GF prop_2),!prop_1 U (G F prop_2),False
11783,"If (prop_2) is equivalent to (prop_3), then make sure (prop_1) happens .",(prop_2 <-> prop_3) -> F prop_1,G((prop_2 <-> prop_3) -> F prop_1),False
11784,"If (prop_1), then (prop_3), and if (prop_2), then (prop_4), are equivalent .",(prop_1 -> prop_3) <-> (prop_2 -> prop_4),((prop_1 -> prop_3) <-> (prop_2 -> prop_4)),True
11785,"(prop_1) doesn't happen, or make sure (prop_2) and (prop_3) both happen .",!prop_1 | (prop_2 & prop_3),G(!prop_1 | (prop_2 & prop_3)),False
11786,"If (prop_2) and (prop_3) happen at the same time, then keep this condition until (prop_1) is not true .",(prop_2 & prop_3) U !prop_1,G((prop_2 & prop_3) -> ((prop_2 & prop_3) U !prop_1)),False
11787,"If (prop_2), then (prop_1), or else keep (prop_3) all the time .",(prop_2 -> prop_1) | G prop_3,G(prop_2 -> prop_1) & G(!prop_2 -> prop_3),False
11788,"If you do (prop_1) then you should do (prop_3) and vice versa, or else keep doing (prop_2) until you do (prop_4) .",(prop_1 <-> prop_3) | (prop_2 U prop_4),((prop_1 <-> prop_3) | (prop_2 W prop_4)),False
11789,"when ( prop_1 ) , do not ( prop_2 )",prop_1 -> !prop_2,G(prop_1 -> !prop_2),False
11790,If ( prop_2 ) is equivalent to ( prop_3 ) and also ( prop_1 ) .,prop_1 & (prop_2 <-> prop_3),prop_2 <-> (prop_3 & prop_1),False
11791,when possible ( prop_1 ) and never ( prop_2 ),F(prop_1 & G!prop_2),G(prop_1 -> X(prop_1 | !prop_1)) & G(!prop_2),False
11792,"If ( prop_2 ) is equivalent to ( prop_3 ) , then ( prop_4 ) , and ( prop_1 ) .",prop_1 & ((prop_2 <-> prop_3) -> prop_4),G((prop_2 <-> prop_3) -> (prop_4 & prop_1)),False
11793,"If it is not the case that at some point ( prop_2 ) happens and continues to happen until ( prop_3 ) is detected , then ( prop_1 ) .",!(prop_2 U prop_3) -> prop_1,!F(prop_2 & G(prop_2 U prop_3)) -> prop_1,False
11794,"( prop_3 ) and ( prop_4 ) should happen at the same time , and also ( prop_2 ) happens and continues until ( prop_1 ) happens .",prop_3 & prop_4 & (prop_2 U prop_1),(prop_3 & prop_4) & (prop_2 U prop_1),True
11795,"when at some time ( prop_1 ) , forever ( prop_2 )",F prop_1 -> G prop_2,F (prop_1 & G prop_2),False
11796,"In case that ( prop_2 ) or ( prop_4 ) is happening until a time point that ( prop_1 ) should occur , then as a result ( prop_3 ) .",((prop_2 | prop_4) U prop_1) -> prop_3,G ((prop_2 | prop_4) U prop_1) -> prop_3,False
11797,Eventually do prop_1 but never do prop_2,F prop_1 & G!prop_2,F prop_1 & G !prop_2,True
11798,Keep having (prop_4) and (prop_1) until a point where both (prop_3) and (prop_2) happen simultaneously.,(prop_1 & prop_4) U (prop_2 & prop_3),prop_4 & prop_1 U (prop_3 & prop_2),False
11799,"Once (prop_3) and (prop_2) both happen, eventually (prop_1) should also happen .",(prop_2 & prop_3) -> F prop_1,G((prop_3 & prop_2) -> F prop_1),False
11800,do not ( prop_1 ) and repeatedly ( prop_2 ),!(prop_1 & GF prop_2),G(!prop_1 & F prop_2),False
11801,"If ( prop_4 ) or ( prop_3 ) then ( prop_2 ) , the above condition is equivalent to ( prop_1 ) .",prop_1 <-> ((prop_3 | prop_4) -> prop_2),( (prop_4 | prop_3) -> prop_2 ) <-> prop_1,True
11802,"Globally , everytime when ( prop_3 ) until ( prop_2 ) , then the following condition holds : there will have to be eventually a certain time point in the future , after which ( prop_1 ) .",G((prop_3 U prop_2) -> FG prop_1),G ((prop_3 U prop_2) -> F G prop_1),True
11803,"Achieve (prop_1), but only if (prop_3) and (prop_2) are currently happening .",prop_2 & prop_3 & F prop_1,G (prop_1 -> (prop_2 & prop_3)),False
11804,The scenario in which (prop_1) happens and continues until (prop_3) happens is equivalent to the scenario in which (prop_2) is equivalent to (prop_4) .,(prop_2 <-> prop_4) <-> (prop_1 U prop_3),(prop_1 U prop_3) <-> (prop_2 <-> prop_4),True
11805,"Globally , while the scenario that ( prop_1 ) is detected , then ( prop_3 ) should be true , and in response ( prop_2 ) .",prop_2 & G(prop_1 -> prop_3),G (prop_1 -> (prop_3 & X prop_2)),False
11806,"Globally , when the transition action that ( prop_1 ) occurs , or ( prop_3 ) , then the condition that ( prop_2 ) ought n't to be true .",G((prop_1 | prop_3) -> !F prop_2),G ((prop_1 | prop_3) -> !prop_2),False
11807,always ( prop_1 ) until ( prop_2 ),G(prop_1 U prop_2),G(prop_1 U prop_2),True
11808,do not ( prop_1 ) or ( prop_2 ),!(prop_1 | prop_2),G!((prop_1) | (prop_2)),False
11809,(prop_1).,prop_1,prop_1,True
11810,"Either (prop_3) or (prop_1) should happen at some point, and (prop_2) should eventually happen .",(prop_1 | prop_3) & F prop_2,F (prop_3 | prop_1) & F prop_2,False
11811,never ( prop_1 ) and ( prop_2 ),G(!prop_1 & prop_2),G!((prop_1) & (prop_2)),False
11812,at any time ( prop_1 ) and do not ( prop_2 ),F(prop_1 & !prop_2),G(prop_1 & !prop_2),False
11813,"If ( prop_1 ) then ( prop_3 ) happens , as well as ( prop_2 ) , and ( prop_4 ) .",prop_2 & prop_4 & (prop_1 -> prop_3),prop_1 -> (prop_3 & prop_2 & prop_4),False
11814,repeatedly ( prop_1 ) means that at some time ( prop_2 ),GF prop_1 -> F prop_2,G(prop_1 -> F(prop_2)),False
11815,"It is required that ( prop_3 ) and ( prop_2 ) must be detected at the same time in the future , which is equivalent to the scenario that ( prop_1 ) .",prop_1 <-> F(prop_2 & prop_3),G F (prop_3 & prop_2) <-> G F prop_1,False
11816,"If ( prop_1 ) is equivalent to ( prop_2 ) , then ( prop_3 ) should not happen .",(prop_1 <-> prop_2) -> !prop_3,G((prop_1 <-> prop_2) -> !prop_3),False
11817,"It is required that (prop_2) and (prop_3) happen at the same time, and (prop_1) does not .",!prop_1 & prop_2 & prop_3,G((prop_2 & prop_3) -> !prop_1),False
11818,repeatedly ( prop_1 ) until ( prop_2 ),G(F prop_1 U prop_2),G(prop_1 U prop_2),False
11819,"If (prop_3) is always true, then (prop_1) should always be equivalent to (prop_2) .",G prop_3 -> (prop_1 <-> prop_2),G(prop_3) -> G(prop_1 <-> prop_2),False
11820,"If ( prop_4 ) then ( prop_2 ) happens , or else ( prop_3 ) is equivalent to the case ( prop_1 ) .",(prop_4 -> prop_2) | (prop_1 <-> prop_3),G(prop_4 -> F prop_2) & G(!prop_4 -> (prop_3 <-> prop_1)),False
11821,If ( prop_3 ) and ( prop_1 ) then ( prop_2 ) .,(prop_1 & prop_3) -> prop_2,G ((prop_3 & prop_1) -> prop_2),False
11822,It is required that at a certain point ( prop_2 ) is equivalent to the scenario in which ( prop_3 ) and ( prop_1 ) .,(prop_1 & prop_3) <-> F prop_2,F (prop_2 <-> (prop_3 & prop_1)),False
11823,"( prop_1 ) is equivalent to ( prop_4 ) , or else ( prop_2 ) and ( prop_3 ) should happen at the same time .",(prop_1 <-> prop_4) | (prop_2 & prop_3),G((prop_1 <-> prop_4) | (prop_2 & prop_3)),False
11824,(prop_2). (prop_3) before (prop_1).,prop_2 & (prop_3 U prop_1),G (prop_2 & prop_3) -> (!prop_1 U (prop_2 & prop_3)),False
11825,"If ( prop_2 ) happens and continues to happen until ( prop_3 ) or else ( prop_1 ) , and also ( prop_4 ) then .",prop_4 & (prop_1 | (prop_2 U prop_3)),prop_4 & (prop_2 U (prop_3 | prop_1)),False
11826,never ( prop_1 ) and never ( prop_2 ),G(!prop_1 & G!prop_2),G!prop_1 & G!prop_2,True
11827,never ( prop_1 ) or never ( prop_2 ),G(!prop_1 | G!prop_2),G!prop_1 & G!prop_2,False
11828,"If ( prop_2 ) then ( prop_1 ) , or else ( prop_4 ) , or else ( prop_3 ) .",prop_3 | prop_4 | (prop_2 -> prop_1),G (prop_2 -> prop_1) & G (!prop_2 & !prop_1 -> prop_4) & G (!prop_2 & !prop_1 & !prop_4 -> prop_3),False
11829,"The scenario in which ( prop_3 ) implies ( prop_2 ) and this scenario continues until ( prop_4 ) , the above scenario is equivalent to ( prop_1 ) .",prop_1 <-> ((prop_3 -> prop_2) U prop_4),((prop_3 -> prop_2) U prop_4) <-> prop_1,True
11830,"If not (prop_5), then (prop_3), otherwise while (prop_2), do (prop_4) or (prop_1).",(!prop_5 -> prop_3) | (prop_2 -> (prop_1 | prop_4)),!prop_5 -> prop_3 | (prop_2 -> (prop_4 | prop_1)),True
11831,do not ( prop_1 ) or at some time ( prop_2 ),!(prop_1 | F prop_2),! (prop_1 | F prop_2),True
11832,"For all time, either (prop_3) is equivalent to (prop_2), or else (prop_1) is always true .",(prop_2 <-> prop_3) | G prop_1,G((prop_3 <-> prop_2) | G prop_1),False
11833,The scenario in which (prop_1) is not true is equivalent to the scenario in which (prop_3) implies (prop_2) .,!prop_1 <-> (prop_3 -> prop_2),!prop_1 <-> (prop_3 -> prop_2),True
11834,"While (prop_1), do (prop_4), and when (prop_3), then (prop_2).",(prop_1 -> prop_4) & (prop_3 -> prop_2),G(prop_1 -> prop_4) & G(prop_3 -> prop_2),False
11835,Do not (prop_1) at this point!,!prop_1,!prop_1,True
11836,"If it is globally the case that whenever ( prop_3 ) is observed then ( prop_2 ) , and then ( prop_1 ) can be implied .",G(prop_3 -> prop_2) -> prop_1,G (prop_3 -> prop_2) -> prop_1,True
11837,"(prop_1) and (prop_4) are true, and (prop_2) is equivalent to (prop_3) .",prop_1 & prop_4 & (prop_2 <-> prop_3),prop_1 & prop_4 & (prop_2 <-> prop_3),True
11838,( prop_4 ) or ( prop_1 ) or ( prop_3 ) or ( prop_2 ) should happen .,prop_1 | prop_2 | prop_3 | prop_4,G(prop_4 | prop_1 | prop_3 | prop_2),False
11839,don't ( prop_1 ) until at any time ( prop_2 ),!(prop_1 U F prop_2),!prop_1 U prop_2,False
11840,If ( prop_2 ) or ( prop_4 ) then ( prop_1 ) and also ( prop_3 ) .,prop_3 & ((prop_2 | prop_4) -> prop_1),G ((prop_2 | prop_4) -> (prop_1 & prop_3)),False
11841,"If ( prop_3 ) then ( prop_4 ) and also ( prop_2 ) is true , the above scenario is equivalent to ( prop_1 ) .",prop_1 <-> (prop_2 & (prop_3 -> prop_4)),( prop_3 -> ( prop_4 & prop_2 ) ) <-> prop_1,False
11842,never ( prop_1 ) means that at some time ( prop_2 ),G!prop_1 -> F prop_2,G(!prop_1 <-> F(prop_2)),False
11843,"If it is not the case that ( prop_3 ) then ( prop_2 ) happens , or else ( prop_1 ) .",prop_1 | !(prop_3 -> prop_2),!prop_3 -> (prop_2 | prop_1),False
11844,"At some point in the future ( prop_1 ) should happen and then ( prop_3 ) , or else ( prop_2 ) .",prop_2 | F(prop_1 -> prop_3),F (prop_1 & X prop_3) | G prop_2,False
11845,do not ( prop_1 ) and at any time ( prop_2 ),!(prop_1 & F prop_2),G(!prop_1 & prop_2),False
11846,"If (prop_3) does not happen, then (prop_2) until (prop_1) .",!prop_3 -> (prop_2 U prop_1),!prop_3 -> (prop_2 U prop_1),True
11847,( prop_1 ) or do not ( prop_2 ),prop_1 | !prop_2,prop_1 | !prop_2,True
11848,"If at some point ( prop_1 ) is equivalent to ( prop_2 ) and this scenario continues until at some other point ( prop_4 ) is detected , or else ( prop_3 ) .",prop_3 | ((prop_1 <-> prop_2) U prop_4),F ((prop_1 <-> prop_2) U prop_4) | prop_3,False
11849,"when forever ( prop_1 ) , ( prop_2 )",G prop_1 -> prop_2,G(prop_1 -> prop_2),False
11850,"In the event that ( prop_1 ) , then the following condition holds : there has to be sometime in the future before the end of the simulation , at which ( prop_2 ) .",G(prop_1 -> F prop_2),G(prop_1 -> F prop_2),True
11851,"( prop_4 ) will continue to happen until ( prop_3 ) happens , then ( prop_2 ) should be true , and in turn ( prop_1 ) should be true .",((prop_4 U prop_3) -> prop_2) -> prop_1,prop_4 U (prop_3 & (prop_2 U prop_1)),False
11852,"If ( prop_3 ) , and ( prop_1 ) , then in response the subsequent condition will not be true : ( prop_2 ) .",G((prop_1 & prop_3) -> !G prop_2),G ((prop_3 & prop_1) -> X !prop_2),False
11853,whenever ( prop_1 ) until forever ( prop_2 ),F(prop_1 U G prop_2),G(prop_1 U G prop_2),False
11854,"if never ( prop_1 ) , ( prop_2 )",G!prop_1 -> prop_2,G(!prop_1 -> prop_2),False
11855,"Ensure that ( prop_3 ) is equivalent to ( prop_2 ) , and at some point in the future, ( prop_1 ) should happen.",(prop_2 <-> prop_3) & F prop_1,G(prop_3 <-> prop_2) & F(prop_1),False
11856,Doing either (prop_2) or (prop_3) is the same as eventually doing (prop_1) .,(prop_2 | prop_3) <-> F prop_1,(prop_2 | prop_3) <-> F prop_1,True
11857,"If ( prop_4 ) then ( prop_1 ) happens at some point , or else ( prop_2 ) , and also ( prop_3 ) .",prop_3 & (prop_2 | (prop_4 -> prop_1)),prop_4 -> (F prop_1 | prop_2) & prop_3,False
11858,"If at some point (prop_1) or (prop_3) happens, then wait until (prop_2) is equivalent to (prop_4) .",(prop_1 | prop_3) U (prop_2 <-> prop_4),F (prop_1 | prop_3) -> G (prop_2 <-> prop_4),False
11859,The scenario in which not (prop_2) and (prop_1) is equivalent to the scenario in which (prop_3) is always true .,(prop_1 & !prop_2) <-> G prop_3,(!prop_2 & prop_1) <-> G prop_3,True
11860,( prop_1 ) means that repeatedly ( prop_2 ),prop_1 -> GF prop_2,G(prop_1 <-> G(prop_2)),False
11861,If at some point (prop_2) or (prop_1) happens and continues until then at some other point (prop_3) should not be detected .,(prop_1 | prop_2) U !prop_3,G((prop_2 | prop_1) -> (!prop_3 U (prop_2 | prop_1))),False
11862,"If ( prop_3 ) or ( prop_2 ) happens and continues to happen until ( prop_1 ) is detected , then the scenario is equivalent to ( prop_4 ) .",prop_4 <-> ((prop_2 | prop_3) U prop_1),((prop_3 | prop_2) U prop_1) -> prop_4,False
11863,"Keep doing either (prop_1) or (prop_4) until it happens that, if (prop_2) occurs, then (prop_3) should also occur.",(prop_1 | prop_4) U (prop_2 -> prop_3),G((prop_1 | prop_4) U (prop_2 -> prop_3)),False
11864,"If ( prop_1 ) does not happen is equivalent to ( prop_2 ) , then ( prop_3 ) .",(!prop_1 <-> prop_2) -> prop_3,G((!prop_1 <-> prop_2) -> prop_3),False
11865,"If (prop_4), then (prop_2), and (prop_3) or (prop_1) .",(prop_4 -> prop_2) & (prop_1 | prop_3),prop_4 -> (prop_2 & (prop_3 | prop_1)),False
11866,Keep doing (prop_2) and (prop_4) until a point when (prop_1) implies (prop_3).,(prop_2 & prop_4) U (prop_1 -> prop_3),G(prop_2 & prop_4) U (prop_1 -> prop_3),False
11867,whenever ( prop_1 ) and always ( prop_2 ),F(prop_1 & G prop_2),G(prop_1 & G(prop_2)),False
11868,For all time (prop_1) happens should be equivalent to the scenario in which (prop_2) is equivalent to (prop_3) .,(prop_2 <-> prop_3) <-> G prop_1,G(prop_1 <-> (prop_2 <-> prop_3)),False
11869,"If it is not the case that ( prop_3 ) or ( prop_2 ) then ( prop_1 ) should be true , and vice versa .",prop_1 <-> !(prop_2 | prop_3),!((!prop_3 | !prop_2) <-> prop_1),False
11870,"If (prop_2) is equivalent to (prop_4), then make sure (prop_1) occurs until (prop_3) .",(prop_2 <-> prop_4) -> (prop_1 U prop_3),(prop_2 <-> prop_4) -> (prop_1 U prop_3),True
11871,( prop_1 ) until always ( prop_2 ),prop_1 U G prop_2,prop_1 U G prop_2,True
11872,"In case that ( prop_2 ) or ( prop_1 ) then ( prop_4 ) should happen , or else ( prop_3 ) .",prop_3 | ((prop_1 | prop_2) -> prop_4),G ((prop_2 | prop_1) -> prop_4) & G (!(prop_2 | prop_1) -> prop_3),False
11873,Either (prop_3) or (prop_1) is the same as if (prop_4) then (prop_2) .,(prop_4 -> prop_2) <-> (prop_1 | prop_3),G((prop_3 | prop_1) <-> (prop_4 -> prop_2)),False
11874,never ( prop_1 ) until at some time ( prop_2 ),G(!prop_1 U F prop_2),G !(prop_1 U prop_2),False
11875,"For all time, (prop_2) is true, and at the same time, (prop_1) and (prop_3) are both true .",prop_1 & prop_3 & G prop_2,G (prop_2 & prop_1 & prop_3),False
11876,Guarantee to (prop_1),G prop_1,G prop_1,True
11877,( prop_1 ) until never ( prop_2 ),prop_1 U G!prop_2,prop_1 U G !prop_2,True
11878,"If either ( prop_3 ) or ( prop_1 ) happens, then ( prop_2 ) should always be true.",(prop_1 | prop_3) -> G prop_2,G((prop_3 | prop_1) -> G prop_2),False
11879,don't ( prop_1 ) and when possible ( prop_2 ),!(F prop_1 & F prop_2),G(!prop_1 & (prop_2 -> F prop_2)),False
11880,"If either (prop_4) or (prop_3) happens, then keep this condition until either (prop_1) or (prop_2) happens .",(prop_3 | prop_4) U (prop_1 | prop_2),G ((prop_4 | prop_3) -> ((prop_4 | prop_3) U (prop_1 | prop_2))),False
11881,( prop_2 ) and ( prop_1 ) do not happen is equivalent to ( prop_3 ) .,prop_3 <-> !(prop_1 & prop_2),!((prop_2) & (prop_1)) <-> prop_3,True
11882,"( prop_3 ) is not equivalent to ( prop_2 ) , then ( prop_1 ) .",prop_1 | !(prop_2 <-> prop_3),G((prop_3 <-> prop_2) -> prop_1),False
11883,"If you finally do (prop_2), then you should have done either (prop_3) or (prop_1) earlier .",F prop_2 -> (prop_1 | prop_3),G (prop_2 -> (prop_2 U (prop_3 | prop_1))),False
11884,"Either eventually (prop_2) happens, or both (prop_1) and (prop_3) happen at the same time.",(prop_1 & prop_3) | F prop_2,F prop_2 | (prop_1 & prop_3),True
11885,"The scenario in which ( prop_1 ) or ( prop_3 ) is detected should be equivalent to the scenario in which ( prop_4 ) is detected , until ( prop_2 ) is detected .",(prop_4 <-> (prop_1 | prop_3)) U prop_2,((prop_1 | prop_3) <-> prop_4) U prop_2,True
11886,"(prop_3) is equivalent to (prop_2), and (prop_1) continues to happen until (prop_4) happens.",(prop_2 <-> prop_3) & (prop_1 U prop_4),(prop_3 <-> prop_2) & (prop_1 U prop_4),True
11887,( prop_3 ) and ( prop_1 ) and ( prop_2 ) should hold to be true until ( prop_4 ) happens to be true .,(prop_1 & prop_2 & prop_3) U prop_4,(prop_3 & prop_1 & prop_2) U prop_4,True
11888,"If eventually (prop_2) happens, then when (prop_1) does not happen, it implies that (prop_3) should happen.",F prop_2 -> (!prop_1 -> prop_3),F prop_2 -> G (!prop_1 -> prop_3),False
11889,( prop_3 ) and ( prop_2 ) and ( prop_1 ) will not happen at the same time .,!(prop_1 & prop_2 & prop_3),G ! (prop_3 & prop_2 & prop_1),False
11890,do not ( prop_1 ) or do not ( prop_2 ),!(prop_1 | !prop_2),G(!prop_1 | !prop_2),False
11891,The scenario in which (prop_1) and (prop_3) should happen is equivalent to the scenario in which (prop_4) or (prop_2) should happen .,(prop_1 & prop_3) <-> (prop_2 | prop_4),(prop_1 & prop_3) <-> (prop_4 | prop_2),True
11892,"If at some point ( prop_3 ) or ( prop_1 ) and also ( prop_2 ) is detected , then ( prop_4 ) .",(prop_2 & (prop_1 | prop_3)) -> prop_4,G ((prop_3 | (prop_1 & prop_2)) -> prop_4),False
11893,Do prop_1 but not do prop_2,prop_1 & !prop_2,G(prop_1 & !prop_2),False
11894,"If (prop_4) happens and continues until (prop_2), then either (prop_3) or (prop_1) should also happen .",(prop_4 U prop_2) -> (prop_1 | prop_3),G (prop_4 & (prop_4 U prop_2) -> (prop_3 | prop_1)),False
11895,"If you do either (prop_2) or (prop_3), then you should not do (prop_1) .",(prop_2 | prop_3) -> !prop_1,G ((prop_2 | prop_3) -> !prop_1),False
11896,repeatedly ( prop_1 ) until at any time ( prop_2 ),G(F prop_1 U F prop_2),G(prop_1 U prop_2),False
11897,"If both ( prop_3 ) and ( prop_1 ) are true, then both ( prop_2 ) and ( prop_4 ) should also be true.",(prop_1 & prop_3) -> (prop_2 & prop_4),G ((prop_3 & prop_1) -> (prop_2 & prop_4)),False
11898,"Until (prop_3) and (prop_1) happen at the same time, if (prop_4) happens then (prop_2) should also happen .",(prop_3 -> prop_1) U (prop_2 & prop_4),G ( (prop_3 & prop_1) -> (prop_4 -> prop_2) ),False
11899,"If ( prop_2 ) happens and continues to happen until ( prop_4 ) , or ( prop_3 ) , then ( prop_1 ) .",(prop_3 | (prop_2 U prop_4)) -> prop_1,((prop_2 U (prop_4 | prop_3)) -> prop_1),False
11900,"It is required that at a certain point the scenario in which ( prop_3 ) happens and then ( prop_1 ) , is equivalent to ( prop_2 ) .",prop_2 <-> F(prop_3 -> prop_1),F ((prop_3 & X prop_1) <-> prop_2),False
11901,"Either (prop_1) and (prop_2) happen at the same time, or (prop_3) and (prop_4) happen at the same time .",(prop_1 & prop_2) | (prop_3 & prop_4),(prop_1 & prop_2) | (prop_3 & prop_4),True
11902,"If it is always the case that ( prop_2 ) is logically equivalent to the scenario that ( prop_3 ) , then ( prop_1 ) .",G(prop_2 <-> prop_3) -> prop_1,G((prop_2 <-> prop_3) -> prop_1),False
11903,"It is required that either globally always ( prop_2 ) if and only if ( prop_1 ) is detected , or else ( prop_3 ) should be detected .",prop_3 | G(prop_1 <-> prop_2),G((prop_2 <-> prop_1) | prop_3),False
11904,always ( prop_1 ) until whenever ( prop_2 ),G(prop_1 U F prop_2),G(prop_1 U prop_2),False
11905,forever ( prop_1 ) and never ( prop_2 ),G(prop_1 & G!prop_2),G prop_1 & G !prop_2,True
11906,If ( prop_4 ) happens and continues to happen until ( prop_2 ) or ( prop_3 ) is detected then the above scenario is equivalent to ( prop_1 ) .,prop_1 <-> (prop_3 | (prop_4 U prop_2)),G((prop_4 & (prop_4 U (prop_2 | prop_3))) <-> prop_1),False
11907,"if at any time ( prop_1 ) , never ( prop_2 )",F prop_1 -> G!prop_2,G(prop_1 -> G!prop_2),False
11908,"The case that ( prop_2 ) is not ture is equivalent to ( prop_3 ) is ture , which should be detected until ( prop_1 ) is true .",(!prop_2 <-> prop_3) U prop_1,G((!prop_2 <-> prop_3) U prop_1),False
11909,"If ( prop_4 ) then ( prop_1 ) , and ( prop_2 ) , or else ( prop_3 ) .",prop_3 | (prop_2 & (prop_4 -> prop_1)),G(prop_4 -> (prop_1 & prop_2)) & (!prop_4 -> prop_3),False
11910,"If ( prop_1 ) leads to ( prop_3 ), then this scenario is equivalent to a situation where ( prop_2 ) eventually happens.",(prop_1 -> prop_3) <-> F prop_2,( prop_1 -> prop_3 ) -> F prop_2,False
11911,The occurrence of ( prop_1 ) is equivalent to when ( prop_2 ) is equivalent to ( prop_3 ).,(prop_2 <-> prop_3) <-> F prop_1,prop_1 <-> (prop_2 <-> prop_3),False
11912,If it is not the case that ( prop_1 ) or ( prop_2 ) then ( prop_3 ) .,!(prop_1 | prop_2) -> prop_3,G (! (prop_1 | prop_2) -> prop_3),False
11913,"If (prop_4) and (prop_1) occur, then keep them occurring until (prop_3) or (prop_2) happens .",(prop_1 & prop_4) U (prop_2 | prop_3),G ((prop_4 & prop_1) -> ((prop_4 & prop_1) U (prop_3 | prop_2))),False
11914,"The scenario that ( prop_4 ) is ture until a time point that ( prop_2 ) should be detected is equivalent to the scenario that ( prop_3 ) , and this is in conjunction with the scenario that ( prop_1 ) is true .",prop_1 & (prop_3 <-> (prop_4 U prop_2)),((prop_4 U prop_2) <-> prop_3) & prop_1,True
11915,"If ( prop_3 ) happens and continues until ( prop_2 ) happens , then the scenario in which ( prop_1 ) happens is equivalent to the scenario in which ( prop_4 ) happens .",(prop_3 U prop_2) -> (prop_1 <-> prop_4),G((prop_3 & (prop_3 U prop_2)) -> (prop_1 <-> prop_4)),False
11916,If ( prop_1 ) is equivalent to ( prop_3 ) then ( prop_2 ) .,(prop_1 <-> prop_3) -> prop_2,G((prop_1 <-> prop_3) -> prop_2),False
11917,"If (prop_2) is equivalent to (prop_4), or if (prop_3), then you should do (prop_1) .",(prop_2 <-> prop_4) | (prop_3 -> prop_1),G ((prop_2 <-> prop_4) | prop_3) -> prop_1,False
11918,"Ensure that either ( prop_3 ) is always true or ( prop_1 ) happens, and at the same time, ( prop_2 ) does not happen.",!prop_2 & (prop_1 | G prop_3),G(prop_3 | (F prop_1 & G !prop_2)),False
11919,don't ( prop_1 ) until ( prop_2 ),!(prop_1 U prop_2),!prop_1 U prop_2,False
11920,"( prop_3 ) is detected or ( prop_1 ) is detected, and ( prop_2 ) should be observed as well .",prop_2 & (prop_1 | prop_3),G((prop_3 | prop_1) & prop_2),False
11921,"Ensure that (prop_1) happens soon, but do not let (prop_3) occur until after (prop_2).",F prop_1 & (!prop_3 U prop_2),F prop_1 & (!prop_3 U prop_2),True
11922,"If ( prop_1 ) then ( prop_3 ) at some point and this scenario continues until ( prop_2 ) is detected , and ( prop_4 ) .",prop_4 & ((prop_1 -> prop_3) U prop_2),G(prop_1 -> F(prop_3 & (prop_3 U prop_2) & prop_4)),False
11923,"If ( prop_1 ) and ( prop_6 ), then ( prop_2 ) until ( prop_4 ) does not happen , and ( prop_3 ) until ( prop_5 ) does not happen .",((prop_1 & prop_6) -> (prop_2 U !prop_4)) & (prop_3 U !prop_5),(prop_1 & prop_6) -> ((prop_2 U !prop_4) & (prop_3 U !prop_5)),False
11924,"It is not the case that ( prop_1 ) and ( prop_2 ) both happen, or else ( prop_3 ) .",prop_3 | !(prop_1 & prop_2),!(prop_1 & prop_2) | prop_3,True
11925,"If (prop_2) is equivalent to (prop_4), then either (prop_3) or (prop_1) can happen .",(prop_2 <-> prop_4) -> (prop_1 | prop_3),G((prop_2 <-> prop_4) -> (prop_3 | prop_1)),False
11926,"(prop_3) is not the case and you observe (prop_2), or eventually do (prop_1) .",(prop_2 & !prop_3) | F prop_1,(!prop_3 & prop_2) | F prop_1,True
11927,"( prop_1 ) and ( prop_2 ) should happen at the same time , and this situation should continue until ( prop_3 ) is equivalent to the scenario in which ( prop_4 ) happens .",(prop_1 & prop_2) U (prop_3 <-> prop_4),G((prop_1 & prop_2) U (prop_3 <-> prop_4)),False
11928,whenever ( prop_1 ) or don't ( prop_2 ),F(prop_1 | !prop_2),G((prop_1 | !prop_2) -> X(prop_1 | !prop_2)),False
11929,( prop_2 ) and ( prop_3 ) and ( prop_1 ) .,prop_1 & prop_2 & prop_3,prop_2 & prop_3 & prop_1,True
11930,"Do not do (prop_3), or you should do either (prop_2) or (prop_1) .",prop_1 | prop_2 | !prop_3,!prop_3 | (prop_2 | prop_1),True
11931,If ( prop_1 ) then ( prop_4 ) and ( prop_2 ) then ( prop_3 ) .,(prop_2 & (prop_1 -> prop_4)) -> prop_3,G(prop_1 -> prop_4) & G(prop_2 -> prop_3),False
11932,"If ( prop_3 ) then ( prop_2 ) happens , and ( prop_1 ) is equivalent to ( prop_4 ) .",(prop_3 -> prop_2) & (prop_1 <-> prop_4),( prop_3 -> F prop_2 ) & ( prop_1 <-> prop_4 ),False
11933,It is not the case that ( prop_3 ) continues to happen until at some point ( prop_2 ) happens and also ( prop_1 ) .,!(prop_1 & (prop_3 U prop_2)),! (prop_3 U (prop_2 & prop_1)),False
11934,"Eventually make (prop_3) happen, or have a situation where not having (prop_2) is equivalent to having (prop_1).",(prop_1 <-> !prop_2) | F prop_3,F prop_3 | G (!prop_2 <-> prop_1),False
11935,"If (prop_1) and (prop_4), then either do (prop_3) or (prop_2) .",(prop_1 & prop_4) -> (prop_2 | prop_3),G ((prop_1 & prop_4) -> (prop_3 | prop_2)),False
11936,whenever ( prop_1 ) until don't ( prop_2 ),F(prop_1 U !prop_2),G(prop_1 U !prop_2),False
11937,Continue (prop_3) until (prop_1) or until (prop_2),prop_3 U (prop_1 | prop_2),prop_3 U (prop_1 | prop_2),True
11938,"If (prop_3) is observed and (prop_1), then keep doing (prop_2) until you do (prop_4) .",(prop_1 & prop_3) -> (prop_2 U prop_4),G((prop_3 & prop_1) -> (prop_2 U prop_4)),False
11939,It is not the case that either ( prop_1 ) happens and continues to happen until ( prop_2 ) or else ( prop_3 ) .,!(prop_3 | (prop_1 U prop_2)),!( (prop_1 U prop_2) | prop_3 ),True
11940,"Either ( prop_3 ) and ( prop_2 ) , or else ( prop_1 ) .",prop_1 | (prop_2 & prop_3),( prop_3 & prop_2 ) | prop_1,True
11941,It is not the case that if ( prop_2 ) then ( prop_1 ) happens and this scenario will hold until ( prop_3 ) .,!(prop_2 -> prop_1) U prop_3,!((prop_2 -> prop_1) U prop_3),False
11942,"Either ( prop_2 ) or ( prop_4 ) should happen and continue until at some point, both ( prop_1 ) and ( prop_3 ) happen together.",(prop_2 | prop_4) U (prop_1 & prop_3),G((prop_2 | prop_4) U (prop_1 & prop_3)),False
11943,The scenario in which at each time step (prop_3) is true and (prop_1) is true is equivalent to the scenario in which (prop_2) is not true .,!prop_2 <-> (prop_1 & G prop_3),G((prop_3 & prop_1) <-> !prop_2),False
11944,do not ( prop_1 ) and ( prop_2 ),!(prop_1 & prop_2),G!((prop_1) & (prop_2)),False
11945,"If (prop_2) and (prop_4) happen, then make sure that (prop_1) is equivalent to (prop_3) .",(prop_2 & prop_4) -> (prop_1 <-> prop_3),G (prop_2 & prop_4) -> (prop_1 <-> prop_3),False
11946,"If you do not do (prop_2) and instead do (prop_1), then always do (prop_3) .",(prop_1 & !prop_2) -> G prop_3,G((!prop_2 & prop_1) -> G prop_3),False
11947,"If ( prop_3 ) happens until the scenario that ( prop_1 ) is detected , and ( prop_2 ) is observed , then it should be followed by ( prop_4 ) .",(prop_2 & (prop_3 U prop_1)) -> prop_4,G((prop_3 U (prop_1 & prop_2)) -> X prop_4),False
11948,whenever ( prop_1 ) or don't ( prop_2 ),F(prop_1 | !F prop_2),G((prop_1 | !prop_2) -> X(prop_1 | !prop_2)),False
11949,"The scenario that ( prop_1 ) is equivalent to the scenario that ( prop_3 ) until the scenario that ( prop_4 ) happens , and ( prop_2 ) .",prop_2 & ((prop_1 <-> prop_3) U prop_4),prop_1 <-> (prop_3 U prop_4) & prop_2,False
11950,"If you do either (prop_3) or (prop_4), then you should do both (prop_1) and (prop_2) .",(prop_3 | prop_4) -> (prop_1 & prop_2),G ((prop_3 | prop_4) -> (prop_1 & prop_2)),False
11951,The scenario that ( prop_1 ) is equivalent to the scenario that ( prop_2 ) is not the case if and only if ( prop_3 ) .,prop_3 <-> !(prop_1 <-> prop_2),(prop_1 <-> !prop_2) <-> prop_3,True
11952,"It is not the case that ( prop_1 ) happens and continues to happen until ( prop_2 ) is detected , and ( prop_3 ) .",prop_3 & !(prop_1 U prop_2),!((prop_1 U prop_2) & prop_3),False
11953,"If (prop_3) and (prop_4), or else if (prop_2) then do (prop_1) .",(prop_3 & prop_4) | (prop_2 U prop_1),G ((prop_3 & prop_4) | prop_2) -> prop_1,False
11954,"It should be the case that ( prop_4 ) leads to ( prop_3 ) until ( prop_1 ) happens , then implying that ( prop_2 ) is also true .",((prop_4 -> prop_3) U prop_1) -> prop_2,G (prop_4 -> (prop_3 U (prop_1 & prop_2))),False
11955,"The scenario that ( prop_2 ) or ( prop_3 ) , and the scenario that ( prop_4 ) , and the scenario that ( prop_1 ) all should be detected .",prop_1 & prop_4 & (prop_2 | prop_3),G(prop_1 & prop_4 & (prop_2 | prop_3)),False
11956,"If at some point ( prop_3 ) then ( prop_1 ) happens and this scenario will hold until ( prop_2 ) is detected , or else ( prop_4 ) .",prop_4 | ((prop_3 -> prop_1) U prop_2),F (prop_3 & (prop_1 U prop_2) | prop_4),False
11957,at some time ( prop_1 ) until repeatedly ( prop_2 ),F(prop_1 U GF prop_2),F (prop_1 U G prop_2),False
11958,"If it is the case that when (prop_1) happens, then (prop_3) also happens, it must also be true that (prop_2) and (prop_4) happen.",(prop_1 -> prop_3) -> (prop_2 & prop_4),G((prop_1 -> prop_3) -> (prop_2 & prop_4)),False
11959,"If ( prop_2 ) or ( prop_1 ) happens , then the scenario in which ( prop_3 ) happens is equivalent to the scenario in which ( prop_4 ) happens .",(prop_1 | prop_2) -> (prop_3 <-> prop_4),G ((prop_2 | prop_1) -> (prop_3 <-> prop_4)),False
11960,repeatedly ( prop_1 ) or never ( prop_2 ),G(F prop_1 | G!prop_2),G(prop_1 | !prop_2),False
11961,"If (prop_3) does not happen, then (prop_2) should happen, and eventually, (prop_1) should also happen.",(!prop_3 -> prop_2) & F prop_1,!prop_3 -> (prop_2 & F prop_1),False
11962,If ( prop_4 ) and ( prop_3 ) is equivalent to ( prop_1 ) then ( prop_2 ) .,(prop_1 <-> (prop_3 & prop_4)) -> prop_2,G ((prop_4 & prop_3) <-> prop_1) -> prop_2,False
11963,do not ( prop_1 ) and repeatedly ( prop_2 ),!(F prop_1 & GF prop_2),G(!prop_1 & F prop_2),False
11964,"Until (prop_1) happens and (prop_2) is true as a result, if (prop_3) happens, then (prop_4) should also be true.",(prop_1 -> prop_2) U (prop_3 -> prop_4),G (prop_3 -> (prop_1 U (prop_2 & prop_4))),False
