Index,Requirement,Ground Truth,Response,Equivalent
7155,"If record the pedestrian on west_9th_street ever holds, get_help must have held beforehand.",F record_pedestrian_west_9th_street -> (!record_pedestrian_west_9th_street U (get_help & !record_pedestrian_west_9th_street)),G(record_pedestrian_west_9th_street -> !record_pedestrian_west_9th_street R get_help),False
7156,"Whenever get_help holds, go_home holds exactly three steps later.",G(get_help -> XXX go_home),G(get_help -> X(X(X(go_home)))),True
7157,capture orange and never drop apple,capture_orange & G!drop_apple,G(!drop_apple) & F(capture_orange),False
7158,Remove cone 5 from parking lot 2 and move it to street 1,F(parking_lot_2 & F(p_cone_5 & F(pd & street_1))),G(!p_cone_5 & !parking_lot_2) & F(p_cone_5 & street_1),False
7159,Keep returning to take a photo of landmark 21 periodically,GF(landmark_21 & photo),G F (photo & landmark_21),True
7160,"at a certain moment the sensor retrieves data and, at the same time, the elevator is open and the bar has to be repaired",F(bar_has_to_be_repaired & elevator_is_open & sensor_retrieves_data),F(sensor_retrieves_data & elevator_is_open & bar_has_to_be_repaired),True
7161,This controller must avoid the inactive_debris holds at all times.,G avoid_inactive_debris,G(!avoid_inactive_debris),False
7162,"when when possible proceed_to house , at any time make_contact flag",F proceed_to_house -> F make_contact_flag,G(proceed_to_house -> G(make_contact_flag)),False
7163,always when either a car enters or the escalator speeds up then it will happen that both the engine breaks and the engine starts,G((car_enters | escalator_speeds_up) -> F(engine_breaks & engine_starts)),G((car_enters | escalator_speeds_up) -> F(engine_breaks & engine_starts)),True
7164,Pick up bottle_2 from kitchen_1 and at hall_2 and stay there,F(kitchen_1 & F(p_bottle_2 & F(hall_2 & G hall_2))),G(!p_bottle_2 | F(p_bottle_2 & F(hall_2 & G(hall_2)))),False
7165,"after the car enters and a train is crossing, at a certain moment a train derails",G((car_enters & train_is_crossing) -> F train_derails),G((car_enters & train_is_crossing) -> F(train_derails)),True
7166,the escalator moves implies that whenever the semaphore is green then in the future the house is open,G(escalator_moves -> G(semaphore_is_green -> F house_is_open)),G(escalator_moves -> G(semaphore_is_green -> F house_is_open)),True
7167,go through either a yellow or blue_room to enter the green_room,F((blue_room | yellow_room) & F green_room),G(green_room -> F((yellow_room | blue_room) & F(green_room))),False
7168,whenever venture_to house and at some time withhold apple,F venture_to_house & F withhold_apple,G((venture_to_house) -> F(withhold_apple)),False
7169,the robot avoids the red to get to the yellow,F yellow_room & G!red_room,G(!red_room) & F(yellow_room),True
7170,Locate cone_5 in intersection_5 and deliver it to street_2,F(intersection_5 & F(p_cone_5 & F(pd & street_2))),G(p_cone_5 & intersection_5 -> F(pd & street_2)),False
7171,"Either record the motorcycle on southeast_1st_avenue happens infinitely often, or get_help happens in the next step.",GF record_motorcycle_southeast_1st_avenue | X get_help,G F record_motorcycle_southeast_1st_avenue | X get_help,True
7172,"Once get_help has occurred, change light_west yellow will never occur again.",G(get_help -> XG!change_light_west_yellow),G(get_help -> G(!change_light_west_yellow)),False
7173,take orange and never drop pear,take_orange & G!drop_pear,G(take_orange) & G(!drop_pear),False
7174,every time the escalator moves,G escalator_moves,G escalator_moves,True
7175,drop orange until capture orange,drop_orange U capture_orange,drop_orange U capture_orange,True
7176,venture_towards house and never drop apple,venture_towards_house & G!drop_apple,G(venture_towards_house -> G(!drop_apple)),False
7177,"If record the cyclist on south_8th_street ever holds, get_help must have held beforehand.",F record_cyclist_south_8th_street -> (!record_cyclist_south_8th_street U (get_help & !record_cyclist_south_8th_street)),G(record_cyclist_south_8th_street -> !record_cyclist_south_8th_street R get_help),False
7178,"Either change light_south red happens infinitely often, or get_help happens in the next step.",GF change_light_south_red | X get_help,G F change_light_south_red | X get_help,True
7179,"the train derails implies that whenever a house is built then eventually, the semaphore is green",G(train_derails -> G(house_is_built -> F semaphore_is_green)),train_derails -> G(house_is_built -> F semaphore_is_green),False
7180,Stay away from intersection_4 until you get to street_5,!intersection_4 U street_5,G(!intersection_4 U street_5),False
7181,"after the bar has to be repaired or the sensor retrieves data, finally, either the motorbike has stopped or a motorbike falls down",G((bar_has_to_be_repaired | sensor_retrieves_data) -> F(motorbike_falls_down | motorbike_has_stopped)),G((bar_has_to_be_repaired | sensor_retrieves_data) -> F(motorbike_has_stopped | motorbike_falls_down)),True
7182,"Avoid going to intersection 8 until you reach street 3, and then proceed to locality 5",(!intersection_8 U street_3) & F locality_5,(!intersection_8 U street_3) & (street_3 -> F locality_5),False
7183,"Stay away from intersection_1 until you get to street_6, and afterward, deliver cone_3 from street_2 to intersection_1",(!intersection_1 U street_6) & F(street_2 & F(p_cone_3 & F(intersection_1 & pd))),G(!intersection_1 U street_6) & G(street_6 -> G(!street_6 -> G(!intersection_1 U (street_2 & p_cone_3 & F(intersection_1 & !p_cone_3))))),False
7184,repeatedly grab tree or when possible go_to trashcan,GF grab_tree | F go_to_trashcan,G(grab_tree | go_to_trashcan),False
7185,"after the semaphore is yellow, it will happen that the bar is down or a manager collect claims",G(semaphore_is_yellow -> F(bar_is_down | manager_collect_claims)),G(semaphore_is_yellow -> F(bar_is_down | manager_collect_claims)),True
7186,"Whenever idle holds, from the next step onwards search the book will eventually hold.",G(idle -> XF search_book),G(idle -> F(search_book)),False
7187,whenever go_by waste basket until venture_towards house,F go_by_waste_basket U venture_towards_house,G(go_by_waste_basket -> (go_by_waste_basket U venture_towards_house)),False
7188,"When record the jaywalker on west_2nd_street happens, change light_west red must hold now or in the next step.",G(record_jaywalker_west_2nd_street -> (change_light_west_red | X change_light_west_red)),G(record_jaywalker_west_2nd_street -> (change_light_west_red | X change_light_west_red)),True
7189,when possible seize orange or never let_go apple,F seize_orange | G!let_go_apple,G(seize_orange | G(!let_go_apple)),False
7190,"Switch light_east green should always hold, with at most a two-step grace period for recovery.",!G!(change_light_east_green & X change_light_east_green),G(change_light_east_green | X(change_light_east_green | X(change_light_east_green))),False
7191,"If photo the collision on southeast_2nd_street holds and photo the motorcycle on south_1st_street holds next, then record the jaywalker on southeast_10th_street holds in the step after that.",G((photo_collision_southeast_2nd_street & X photo_motorcycle_south_1st_street) -> XX record_jaywalker_southeast_10th_street),G((photo_collision_southeast_2nd_street & X photo_motorcycle_south_1st_street) -> XX record_jaywalker_southeast_10th_street),True
7192,"finally, the engine stops or the bar is down or a car starts",F(bar_is_down | car_starts | engine_stops),F(engine_stops | bar_is_down | car_starts),True
7193,Stay out of locality 5 until you retrieve pass 5 from house 2 and put it in office 3,!locality_5 U (house_2 & F(p_pass_5 & F(office_3 & pd))),(!locality_5) U ((house_2 & p_pass_5) & (office_3 & p_pass_5)),False
7194,Keep capturing photos of statue 4 and also keep returning to charger 4,GF(photo & statue_4) & GF charger_4,G(photo & statue_4) & G(charger_4),False
7195,"Whenever communicate the injured_rescuer and get_help are equal, get_help and avoid the impending_flood are equal as well.",G((communicate_injured_rescuer <-> get_help) -> (avoid_impending_flood <-> get_help)),G((communicate_injured_rescuer <-> get_help) -> (get_help <-> avoid_impending_flood)),True
7196,Ensure you keep capturing photos of area_51 while consistently revisiting charger_4,GF(area_51 & photo) & GF charger_4,G(photo & area_51 & charger_4),False
7197,whenever capture pear or forever hold_onto orange,F capture_pear | G hold_onto_orange,G((capture_pear | G(hold_onto_orange)) -> (capture_pear | G(hold_onto_orange))),False
7198,"Once idle has occurred, search the knife will never occur again.",G(idle -> XG!search_knife),G(idle -> G(!search_knife)),False
7199,"Whenever go_home holds, eventually record unsafe_person will hold.",G(go_home -> F record_unsafe_person),G(go_home -> F(record_unsafe_person)),True
7200,"in the future the escalator speeds up or the bar is closing and, finally, both a house is open and the bar is up afterwards",G!(bar_is_closing | escalator_speeds_up) | F((bar_is_closing | escalator_speeds_up) & F(bar_is_up & house_is_open)),F((escalator_speeds_up | bar_is_closing) & F(house_is_open & bar_is_up)),False
7201,"after a sensor captures data, at some point the semaphore is yellow",G(sensor_captures_data -> F semaphore_is_yellow),G(sensor_captures_data -> F(semaphore_is_yellow)),True
7202,Stay out of garage_1 until you photo as part of photographing landmark_5,(!garage_1 U photo) & F(landmark_5 & photo),(!garage_1) U (photo & landmark_5),False
7203,never let_go orange and when possible travel_to house,G!let_go_orange & F travel_to_house,G(!let_go_orange) & G(travel_to_house),False
7204,Never enter streets 3 and 4,G!(street_3 | street_4),G(!(street_3 & street_4)),False
7205,"At every step, idle equals the value of deliver the skis to the loading_dock in the next step.",G(idle <-> X deliver_skis_loading_dock),G(idle <-> X deliver_skis_loading_dock),True
7206,"Whenever search the sports_ball holds, eventually idle will hold.",G(search_sports_ball -> F idle),G(search_sports_ball -> F idle),True
7207,Both avoid the active_debris and go_home hold at every step.,G(avoid_active_debris & go_home),G(!avoid_active_debris & go_home),False
7208,"every time the manager handles requests or a motorbike has started then always, the bar is up or an elevator rises",G((manager_handles_requests | motorbike_has_started) -> G(bar_is_up | elevator_rises)),G((manager_handles_requests | motorbike_has_started) -> G(bar_is_up | elevator_rises)),True
7209,"At every step, change light_north red equals the value of photo the cyclist on west_5th_street in the next step.",G(change_light_north_red <-> X photo_cyclist_west_5th_street),G(change_light_north_red <-> X photo_cyclist_west_5th_street),True
7210,"If get_help ever holds, deliver the donut to the loading_dock must have held beforehand.",F get_help -> (!get_help U (deliver_donut_loading_dock & !get_help)),G(get_help -> !deliver_donut_loading_dock R get_help),False
7211,"finally, the escalator is blocked or the table is old and, it will happen that the house is open and an elevator rises afterwards",G!(escalator_is_blocked | table_is_old) | F((escalator_is_blocked | table_is_old) & F(elevator_rises & house_is_open)),F((escalator_is_blocked | table_is_old) & F(house_is_open & F(elevator_rises))),False
7212,put_in bin or never drop apple,put_in_bin | G!drop_apple,G(put_in_bin | G(!drop_apple)),False
7213,Ensure that you always stay within area_3,G area_3,G area_3,True
7214,"whenever the escalator is blocked and a house is open then never, the bar is closing and an elevator is blocked",G((escalator_is_blocked & house_is_open) -> G!(bar_is_closing & elevator_is_blocked)),G((escalator_is_blocked & house_is_open) -> G(!(bar_is_closing & elevator_is_blocked))),True
7215,"When get_help happens, photo debris must hold now or in the next step.",G(get_help -> (photo_debris | X photo_debris)),G(get_help -> (photo_debris | X photo_debris)),True
7216,drop pear and reach house,drop_pear & reach_house,F(drop_pear & F(reach_house)),False
7217,This controller must eventually communicate the injured_victim or photo flood.,F(communicate_injured_victim | photo_flood),F(communicate_injured_victim | photo_flood),True
7218,when possible procure pear and don't pick_up anything,F procure_pear & !F pick_up_anything,G(procure_pear -> !pick_up_anything),False
7219,in the future the semaphore is green and an elevator rises,F(elevator_rises & semaphore_is_green),F (semaphore_is_green & elevator_rises),True
7220,it should not happen that either the motorbike has started or the brake is released,G!(brake_is_released | motorbike_has_started),G(!(motorbike_has_started | brake_is_released)),True
7221,at some time venture house and at some time move_past trash can,F venture_house & F move_past_trash_can,F(venture_house & F(move_past_trash_can)),False
7222,venture_towards house or venture_towards house,venture_towards_house,G(venture_towards_house),False
7223,"When photo the pedestrian on west_9th_street happens, photo the motorcycle on southeast_4th_street must hold now or in the next step.",G(photo_pedestrian_west_9th_street -> (photo_motorcycle_southeast_4th_street | X photo_motorcycle_southeast_4th_street)),G(photo_pedestrian_west_9th_street -> (photo_motorcycle_southeast_4th_street | X photo_motorcycle_southeast_4th_street)),True
7224,"Whenever get_help and change light_east yellow are equal, change light_east yellow and photo the jaywalker on southwest_1st_street are equal as well.",G((change_light_east_yellow <-> get_help) -> (change_light_east_yellow <-> photo_jaywalker_southwest_1st_street)),G((get_help <-> change_light_east_yellow) -> (change_light_east_yellow <-> photo_jaywalker_southwest_1st_street)),True
7225,whenever contact house and pick_up orange,pick_up_orange & F contact_house,G((contact_house & pick_up_orange) -> F(contact_house & pick_up_orange)),False
7226,the robot goes to the red to get to the green,F(red_room & F green_room),G(red_room -> F(green_room)),False
7227,"Globally, it is not the case that both photo the collision on east_4th_street and get_help hold simultaneously.",G!(get_help & photo_collision_east_4th_street),G!(photo_collision_east_4th_street & get_help),True
7228,when possible have pear or reach house,reach_house | F have_pear,G((have_pear | reach_house) -> F(have_pear | reach_house)),False
7229,"when pick_up pear , at some time seize orange",pick_up_pear -> F seize_orange,G(pick_up_pear -> F(seize_orange)),False
7230,"Whenever get_help holds, record the car on west_5th_street holds as well.",G(get_help -> record_car_west_5th_street),G(get_help -> record_car_west_5th_street),True
7231,it is always true that the engine stops,G engine_stops,G engine_stops,True
7232,"Globally, it is not the case that both avoid the probable_flood and get_help hold simultaneously.",G!(avoid_probable_flood & get_help),G!(avoid_probable_flood & get_help),True
7234,"If every photo the jaywalker on northwest_1st_street is eventually followed by geting help, then change light_west green must occur infinitely often.",G(photo_jaywalker_northwest_1st_street -> F get_help) -> GF change_light_west_green,G(photo_jaywalker_northwest_1st_street -> F(get_help)) -> G F(change_light_west_green),True
7235,Stay in parking lot 9,G parking_lot_9,G parking_lot_9,True
7236,at any time a constructor creates instances or a house is built after an elevator is open and the train has been launched,G((elevator_is_open & train_has_been_launched) -> G(constructor_creates_instances | house_is_built)),G((elevator_is_open & train_has_been_launched) -> F((constructor_creates_instances | house_is_built))),False
7237,Ensure box 8 is picked up from store 5 and delivered to house 1,F(store_5 & F(p_box_8 & F(house_1 & pd))),G((p_box_8 & store_5 & pd) -> F(p_box_8 & house_1)),False
7238,"finally, the house is open or the table has been moved or the escalator is blocked",F(escalator_is_blocked | house_is_open | table_has_been_moved),F(house_is_open | table_has_been_moved | escalator_is_blocked),True
7239,"if either a motorbike falls down or a house collapses then always, a house is built and a train derails",G((house_collapses | motorbike_falls_down) -> G(house_is_built & train_derails)),G((motorbike_falls_down | house_collapses) -> G(house_is_built & train_derails)),True
7240,"after the bar has to be repaired or the escalator moves, it is always the case that a semaphore is yellow",G((bar_has_to_be_repaired | escalator_moves) -> G semaphore_is_yellow),G((bar_has_to_be_repaired | escalator_moves) -> G(semaphore_is_yellow)),True
7241,"Ensure you at mall_5, retrieve box_4, and then transport it to house_1",F(mall_5 & F(p_box_4 & F(house_1 & pd))),G(mall_5 -> G(!p_box_4 | F(p_box_4 & F(house_1)))),False
7242,it is never the case that a train has arrived or a sensor retrieves data or the engine breaks,G!(engine_breaks | sensor_retrieves_data | train_has_arrived),G(!(train_has_arrived | sensor_retrieves_data | engine_breaks)),True
7243,Provide assistance to the safe_rescuer and go_home are mutually exclusive at all times.,G!(deliver_aid_safe_rescuer & go_home),G(!(go_home & deliver_aid_safe_rescuer)),True
7244,whenever go_to trash receptacle or when possible travel_by tree,F go_to_trash_receptacle | F travel_by_tree,G((go_to_trash_receptacle | travel_by_tree) -> F(go_to_trash_receptacle | travel_by_tree)),False
7245,Do not enter office 4 until you pick pass 6 as you move pass 6 from house 5 to office 4,(!office_4 U p_pass_6) & F(house_5 & F(p_pass_6 & F(office_4 & pd))),(!office_4) U (p_pass_6 & !office_4),False
7246,"Do not visit parking_lot_4 before reaching street_5, and after that, proceed to enter and remain there",(!parking_lot_4 U street_5) & F(parking_lot_4 & G parking_lot_4),G(!parking_lot_4 U street_5) & G(street_5 -> G(parking_lot_4)),False
7247,the robot goes through the red to get to blue,F(red_room & F blue_room),G(red_room -> F(blue_room)),False
7248,whenever come home and forever touch flag,F come_home & G touch_flag,G(come_home -> G(touch_flag)),False
7249,Go to street 5 before heading to building 2 and staying there forever.,F(street_5 & F(building_2 & G building_2)),F(street_5 & F(building_2 & G(building_2))),True
7250,Photograph the person on north_2nd_street and photo the car on southwest_2nd_avenue will each happen at some point.,F photo_person_north_2nd_street & F photo_car_southwest_2nd_avenue,F photo_person_north_2nd_street & F photo_car_southwest_2nd_avenue,True
7251,Repeatedly move crate_8 from warehouse_4 to store_8 while making regular visits to charger_2,GF(warehouse_4 & F(p_crate_8 & F(pd & store_8))) & GF charger_2,G(F(p_crate_8 & warehouse_4 & F(p_crate_8 & store_8 & F(charger_2)))),False
7252,if a bridge opens and an elevator is blocked then it is never the case that the engine breaks or a sensor gathers information,G((bridge_opens & elevator_is_blocked) -> G!(engine_breaks | sensor_gathers_information)),G((bridge_opens & elevator_is_blocked) -> G(!(engine_breaks | sensor_gathers_information))),True
7253,when possible obtain orange or repeatedly go_to waste basket,F obtain_orange | GF go_to_waste_basket,G(obtain_orange | G(go_to_waste_basket)),False
7254,This controller must Please pickup the potted_plant and then search the bird.,pickup_potted_plant U search_bird,!pickup_potted_plant | F(pickup_potted_plant & F(search_bird)),False
7255,Never visit house 3 under any circumstances,G!house_3,G! house_3,True
7256,The robot must always avoid delivering the baseball_bat to the loading_dock.,G!deliver_baseball_bat_loading_dock,G! deliver_baseball_bat_loading_dock,True
7257,it never happens that both an elevator is blocked and the semaphore is green,G!(elevator_is_blocked & semaphore_is_green),G!(elevator_is_blocked & semaphore_is_green),True
7258,Our agent must avoid the impending_flood can only happen after deliver_aid the injured_rescuer.,!avoid_impending_flood U deliver_aid_injured_rescuer,G(avoid_impending_flood -> G(!deliver_aid_injured_rescuer)),False
7259,"If get_help happens infinitely often, then so does record the person on northwest_9th_avenue.",GF get_help -> GF record_person_northwest_9th_avenue,G F get_help -> G F record_person_northwest_9th_avenue,True
7260,forever have_in orange or reach house,reach_house | G have_in_orange,G(have_in_orange | reach_house),False
7261,"You must eventually, avoid deliver the chair to the shelf.",F!deliver_chair_shelf,G(!deliver_chair_shelf),False
7262,never drop orange and don't let_go orange,!let_go_orange & G!drop_orange,G(!drop_orange & !let_go_orange),False
7263,"If communicate the safe_hostile holds, then in the next step avoid the nearest_flood persists until talking to the injured_rescuer holds, or else avoid the nearest_flood holds forever.",communicate_safe_hostile -> X((avoid_nearest_flood U communicate_injured_rescuer) | G avoid_nearest_flood),G(communicate_safe_hostile -> (X(avoid_nearest_flood U communicate_injured_rescuer) | G(avoid_nearest_flood))),False
7264,forever have apple or at some time walk_to flag,G have_apple | F walk_to_flag,G (have_apple | walk_to_flag) | F (walk_to_flag),True
7265,all the time an elevator is open or a motorbike has started,G(elevator_is_open | motorbike_has_started),G(elevator_is_open | motorbike_has_started),True
7266,"first, at a certain moment the bar is closing or the table is brown, and then, it will happen that both the car starts and the bar is down",G!(bar_is_closing | table_is_brown) | F((bar_is_closing | table_is_brown) & F(bar_is_down & car_starts)),F((bar_is_closing | table_is_brown) & F(car_starts & bar_is_down)),False
7267,"in any case an elevator is blocked and, at the same time, a bridge opens and the motorbike has stopped",G(bridge_opens & elevator_is_blocked & motorbike_has_stopped),G(!(elevator_is_blocked & bridge_opens & motorbike_has_stopped)),False
7268,"The system must Eventually, both photo the vehicle on east_4th_avenue and get_help hold simultaneously.",F(get_help & photo_vehicle_east_4th_avenue),F (photo_vehicle_east_4th_avenue & get_help),True
7269,when possible going_to house or repeatedly go_to waste basket,F going_to_house | GF go_to_waste_basket,G(going_to_house | G(go_to_waste_basket)),False
7270,Remain in house_4 until you make your way to room_2,house_4 U room_2,house_4 U room_2,True
7271,if the manager collect claims and the escalator is blocked then in any case the house is built and the train derails,G((escalator_is_blocked & manager_collect_claims) -> G(house_is_built & train_derails)),G((manager_collect_claims & escalator_is_blocked) -> (house_is_built & train_derails)),False
7272,"You must avoid the probable_debris must hold until calling for help does, or else avoid the probable_debris holds forever.",(avoid_probable_debris U get_help) | G avoid_probable_debris,G(!avoid_probable_debris U get_help) | G(!avoid_probable_debris),False
7273,"as the car enters or a semaphore is yellow, it will happen that the bar is down and the elevator is open",G((car_enters | semaphore_is_yellow) -> F(bar_is_down & elevator_is_open)),G((car_enters | semaphore_is_yellow) -> F(bar_is_down & elevator_is_open)),True
7274,repeatedly make_way_to house and at some time go_to home,GF make_way_to_house & F go_to_home,G(make_way_to_house) & F(go_to_home),False
7275,repeatedly go_to apple trashcan and reach house,reach_house & GF go_to_apple_trashcan,G(go_to_apple_trashcan & F(reach_house)),False
7276,whenever visit waste basket or acquire orange,acquire_orange | F visit_waste_basket,G((visit_waste_basket | acquire_orange) -> F(visit_waste_basket | acquire_orange)),False
7277,"it is always true that either a train derails, the engine breaks or the sensor captures data",G(engine_breaks | sensor_captures_data | train_derails),G(train_derails | engine_breaks | sensor_captures_data),True
7278,Stay at park_2 until taking a picture of monument_13,park_2 U (monument_13 & photo),park_2 U (photo & monument_13),True
7279,at the blue_room or the red_room and head straight away to the yellow_room avoiding the yellow_room,F((blue_room | red_room) & F yellow_room),G((blue_room | red_room) -> (G(!yellow_room) & F(yellow_room))),False
7280,"when get_hold_of pear , gather orange",get_hold_of_pear -> gather_orange,G(get_hold_of_pear -> F(gather_orange)),False
7281,Take a picture of building_2,F(building_2 & photo),G(photo & building_2),False
7282,"eventually, either a semaphore is broken or the escalator speeds up",F(escalator_speeds_up | semaphore_is_broken),F(semaphore_is_broken | escalator_speeds_up),True
7283,Keep taking crate 8 from warehouse 4 to store 8 while ensuring you frequently visit charger 2,GF(warehouse_4 & F(p_crate_8 & F(pd & store_8))) & GF charger_2,G(p_crate_8 & warehouse_4 & store_8) & G F charger_2,False
7284,at any time get_hold_of orange or when possible tax apple,F get_hold_of_orange | F tax_apple,G(get_hold_of_orange | tax_apple),False
7285,"eventually, a train has arrived and, in the future a constructor creates instances or the elevator is blocked afterwards",G!train_has_arrived | F(train_has_arrived & F(constructor_creates_instances | elevator_is_blocked)),F(train_has_arrived & F((constructor_creates_instances | elevator_is_blocked))),False
7286,every time the engine starts and the bar is up then at a certain moment the train derails,G((bar_is_up & engine_starts) -> F train_derails),G((engine_starts & bar_is_up) -> F(train_derails)),True
7287,Keep visiting charger 9 as you keep taking crate 2 from warehouse 8 to store 2,GF charger_9 & GF(warehouse_8 & F(p_crate_2 & F(pd & store_2))),G(p_crate_2 & warehouse_8 & store_2 -> G(charger_9)),False
7288,grip apple or repeatedly grab tree,grip_apple | GF grab_tree,F(grip_apple | G(grab_tree)),False
7289,Persistently return to charger 4 as you keep taking photo of area 5,GF charger_4 & GF(area_5 & photo),G(photo & area_5 -> F(charger_4)),False
7290,"Globally, if search the mouse occurs then finally get_help happens.",G(search_mouse -> F get_help),G(search_mouse -> F get_help),True
7291,Ensure you stay in street_5 at all times while repeatedly capturing photos of parking_lot_4,G street_5 & GF(parking_lot_4 & photo),G(street_5 & F(photo & parking_lot_4)),True
7292,it will not happen that both the manager collect claims and a motorbike is driven,G!(manager_collect_claims & motorbike_is_driven),G!(manager_collect_claims & motorbike_is_driven),True
7293,at some point either an elevator rises or the elevator falls after the manager collect claims and the bridge opens,G((bridge_opens & manager_collect_claims) -> F(elevator_falls | elevator_rises)),F((manager_collect_claims & bridge_opens) & F(elevator_rises | elevator_falls)),False
7294,Every idle is directly followed by geting help in the next step.,G(idle -> X get_help),G(idle -> X get_help),True
7295,"Eventually at building_9 and stay there permanently, but do not enter building_9 before reaching street_6",FG building_9 & (!building_9 U street_6),G(!building_9 U street_6) & F(building_9 & G(building_9)),False
7296,"At every step, photo the cyclist on southwest_3rd_avenue equals the value of photo the person on southeast_9th_street in the next step.",G(photo_cyclist_southwest_3rd_avenue <-> X photo_person_southeast_9th_street),G(photo_cyclist_southwest_3rd_avenue <-> X photo_person_southeast_9th_street),True
7297,"first, at a certain moment a manager handles requests or a motorbike has started, and then, it is going to happen that either the engine breaks or the semaphore is yellow",G!(manager_handles_requests | motorbike_has_started) | F((manager_handles_requests | motorbike_has_started) & F(engine_breaks | semaphore_is_yellow)),!(manager_handles_requests | motorbike_has_started) | F((manager_handles_requests | motorbike_has_started) & F(engine_breaks | semaphore_is_yellow)),False
7298,"Globally, it is not the case that both photo the pedestrian on east_6th_street and photo the person on southwest_2nd_street hold simultaneously.",G!(photo_pedestrian_east_6th_street & photo_person_southwest_2nd_street),G!(photo_pedestrian_east_6th_street & photo_person_southwest_2nd_street),True
7299,"in the future a constructor creates instances and, at the same time, the brake is released and a train is crossing",F(brake_is_released & constructor_creates_instances & train_is_crossing),F (constructor_creates_instances & brake_is_released & train_is_crossing),True
7300,"Whenever deliver_aid the safe_rescuer holds, deliver_aid the injured_victim holds exactly three steps later.",G(deliver_aid_safe_rescuer -> XXX deliver_aid_injured_victim),G(deliver_aid_safe_rescuer -> X(X(X(deliver_aid_injured_victim)))),True
7301,Avoid parking lot 5 as you keep taking pictures of car 9,G!parking_lot_5 & GF(car_9 & photo),G((photo & car_9) -> !parking_lot_5),False
7302,always move_around and hold_on_to pear,hold_on_to_pear & G move_around,G (move_around & hold_on_to_pear),False
7303,"at some point either the bar is down or the motorbike falls down and, in the future both a house is open and an elevator rises afterwards",G!(bar_is_down | motorbike_falls_down) | F((bar_is_down | motorbike_falls_down) & F(elevator_rises & house_is_open)),F((bar_is_down | motorbike_falls_down) & F(house_is_open & elevator_rises)),False
7304,"as the bridge closes and a sensor captures data, it will happen that both the bridge opens and the bridge closes",G((bridge_closes & sensor_captures_data) -> F(bridge_closes & bridge_opens)),G((bridge_closes & sensor_captures_data) -> F(bridge_opens & bridge_closes)),True
7305,"first, eventually, the table has been moved and a motorbike is driven, and then, sooner or later the train has arrived",G!(motorbike_is_driven & table_has_been_moved) | F(motorbike_is_driven & table_has_been_moved & F train_has_arrived),!(table_has_been_moved & motorbike_is_driven) | F((table_has_been_moved & motorbike_is_driven) & F(train_has_arrived)),False
7306,never drop apple or at any time venture_to house,G!drop_apple | F venture_to_house,G(!drop_apple & !venture_to_house),False
7307,"eventually, either the house is open or the constructor instantiate objects after both a car starts and the table is brown",G((car_starts & table_is_brown) -> F(constructor_instantiate_objects | house_is_open)),F(house_is_open | (car_starts & table_is_brown & F(constructor_instantiate_objects))),False
7308,"Our agent must Eventually, both idle and deliver the oven to the shelf hold simultaneously.",F(deliver_oven_shelf & idle),F (idle & deliver_oven_shelf),True
7309,"in the future the engine stops and a sensor gathers information and, it is going to happen that an elevator is blocked or the escalator speeds up afterwards",G!(engine_stops & sensor_gathers_information) | F(engine_stops & sensor_gathers_information & F(elevator_is_blocked | escalator_speeds_up)),F(engine_stops & sensor_gathers_information & F(elevator_is_blocked | escalator_speeds_up)),False
7310,it is always the case that an elevator falls or the bar is up,G(bar_is_up | elevator_falls),G(elevator_falls | bar_is_up),True
7311,Call for help can only happen after delivering the pizza to the loading_dock.,!get_help U deliver_pizza_loading_dock,G(get_help -> !deliver_pizza_loading_dock R get_help),False
7312,"Deliver the bird to the shelf should always hold, with at most a two-step grace period for recovery.",!G!(deliver_bird_shelf & X deliver_bird_shelf),G(deliver_bird_shelf | X deliver_bird_shelf | X X deliver_bird_shelf),False
7313,Capture a photo of monument 3 and then go to pathway 8 and staying there continuously,F(monument_3 & photo & F(pathway_8 & G pathway_8)),F(photo & monument_3 & F(pathway_8 & G(pathway_8))),True
7314,in any case a motorbike catches fire and the bar has to be repaired,G(bar_has_to_be_repaired & motorbike_catches_fire),G(motorbike_catches_fire -> bar_has_to_be_repaired),False
7315,at any time pick_up peach and whenever arrive_at tree,F pick_up_peach & F arrive_at_tree,G(pick_up_peach -> G(arrive_at_tree)),False
7316,"in the future the train has arrived and, in the future either a manager handles requests or a motorbike has started afterwards",G!train_has_arrived | F(train_has_arrived & F(manager_handles_requests | motorbike_has_started)),F(train_has_arrived & F(manager_handles_requests | F(motorbike_has_started))),False
7317,"always, either the brake is released or a motorbike has started after a train stops and the bar is down",G((bar_is_down & train_stops) -> G(brake_is_released | motorbike_has_started)),G((train_stops & bar_is_down) -> (brake_is_released | F motorbike_has_started)),False
7318,"if forever have apple , hold_on_to pear",G have_apple -> hold_on_to_pear,G(have_apple) -> G(hold_on_to_pear),False
7319,whenever either a table is old or the car starts then it is always the case that a semaphore is green or a house collapses,G((car_starts | table_is_old) -> G(house_collapses | semaphore_is_green)),G((table_is_old | car_starts) -> G(semaphore_is_green | house_collapses)),True
7320,"If photo the vehicle on northwest_10th_avenue happens infinitely often, then so does get_help.",GF photo_vehicle_northwest_10th_avenue -> GF get_help,G F photo_vehicle_northwest_10th_avenue -> G F get_help,True
7321,always when both the semaphore is yellow and a table has been moved then at a certain moment a train derails,G((semaphore_is_yellow & table_has_been_moved) -> F train_derails),G((semaphore_is_yellow & table_has_been_moved) -> F(train_derails)),True
7322,"At every step, change light_east red equals the value of change light_west green in the next step.",G(change_light_east_red <-> X change_light_west_green),G(change_light_east_red <-> X change_light_west_green),True
7323,Request assistance and pickup the baseball_bat will each happen at some point.,F get_help & F pickup_baseball_bat,F get_help & F pickup_baseball_bat,True
7324,Either get_help or record the collision on east_4th_street happens infinitely often.,GF get_help | GF record_collision_east_4th_street,G F (get_help | record_collision_east_4th_street),True
7325,Do not go to building 6 under any circumstances,G!building_6,G! building_6,True
7326,"the train stops and, as a consequence, after the sensor retrieves data, in the future an elevator is blocked",G(train_stops -> G(sensor_retrieves_data -> F elevator_is_blocked)),G(train_stops -> G(sensor_retrieves_data -> F(elevator_is_blocked))),True
7327,Continuously go to house 2 and pick up trash can 4,GF(house_2 & p_trash_can_4),G(house_2 & p_trash_can_4),False
7328,Go to parking lot 5 and stay there forever.,FG parking_lot_5,F(parking_lot_5 & G(parking_lot_5)),True
7329,forever have_in orange or at any time grab flag,G have_in_orange | F grab_flag,G(have_in_orange | F(grab_flag)),False
7330,Avoid entering parking lot 4 until you have reached building 8,!parking_lot_4 U building_8,!parking_lot_4 U building_8,True
7331,when a car starts then at some point in time a semaphore is green after a table is old afterwards,G(car_starts -> G(table_is_old -> F semaphore_is_green)),G(car_starts -> F(table_is_old & F(semaphore_is_green))),False
7332,"You must Eventually, both get_help and change light_south green hold simultaneously.",F(change_light_south_green & get_help),F(get_help & change_light_south_green),True
7333,"If pickup the skateboard holds, then in the next step pickup the bear persists until calling for help holds, or else pickup the bear holds forever.",pickup_skateboard -> X((pickup_bear U get_help) | G pickup_bear),G(pickup_skateboard -> (X(pickup_bear U get_help) | G(pickup_bear))),False
7334,"You must eventually, avoid requesting assistance.",F!get_help,G(!get_help),False
7335,Eventually at table_4 and remain there permanently,FG table_4,F(table_4 & G(table_4)),True
7336,at some time stop_by trash can means that whenever haul pear,F stop_by_trash_can -> F haul_pear,G(stop_by_trash_can -> G(haul_pear)),False
7337,"after the train has been launched or the train has arrived, at no time the semaphore is broken and an elevator is blocked",G((train_has_arrived | train_has_been_launched) -> G!(elevator_is_blocked & semaphore_is_broken)),G((train_has_been_launched | train_has_arrived) -> G(!(semaphore_is_broken & elevator_is_blocked))),True
7338,"From some point onwards, pickup the wine_glass never occurs again.",FG!pickup_wine_glass,F G !pickup_wine_glass,True
7339,keep apple and repeatedly grab tree,keep_apple & GF grab_tree,G(keep_apple & F(grab_tree)),False
7340,Pick up cone 2 from police station 1 and place it in intersection 2 without ever going to park 3.,F(police_station_1 & F(p_cone_2 & F(intersection_2 & pd))) & G!park_3,G(!park_3) & F(p_cone_2 & police_station_1 & F(intersection_2 & !p_cone_2)),False
7341,whenever a train derails then at some point in time the bar is closing or the brake is pressed,G(train_derails -> F(bar_is_closing | brake_is_pressed)),G(train_derails -> F(bar_is_closing | brake_is_pressed)),True
7342,when a train stops then at a certain moment a semaphore is red after a house is built afterwards,G(train_stops -> G(house_is_built -> F semaphore_is_red)),G(train_stops -> F(house_is_built & F(semaphore_is_red))),False
7343,"Go home must keep holding until, from some point on, deliver_aid the safe_rescuer holds infinitely often.",go_home U GF deliver_aid_safe_rescuer,go_home U G F deliver_aid_safe_rescuer,True
7344,"at some point in time either a constructor creates instances or a motorbike is driven and, in the future a train has arrived afterwards",G!(constructor_creates_instances | motorbike_is_driven) | F((constructor_creates_instances | motorbike_is_driven) & F train_has_arrived),F((constructor_creates_instances | motorbike_is_driven) & F(train_has_arrived)),False
7345,"Whenever photo the car on west_2nd_street holds, change light_west green holds as well.",G(photo_car_west_2nd_street -> change_light_west_green),G(photo_car_west_2nd_street -> change_light_west_green),True
7346,"as both the elevator is blocked and the train derails, at some point the sensor captures data",G((elevator_is_blocked & train_derails) -> F sensor_captures_data),!(elevator_is_blocked & train_derails) | F((elevator_is_blocked & train_derails) & F(sensor_captures_data)),False
7347,"finally, both the train has been launched and a train derails",F(train_derails & train_has_been_launched),F(train_has_been_launched & train_derails),True
7348,"finally, the engine stops or the bridge closes",F(bridge_closes | engine_stops),F(engine_stops | bridge_closes),True
7349,at some time proceed_to tree or never drop apple,F proceed_to_tree | G!drop_apple,F (proceed_to_tree | G !drop_apple),False
7350,"Whenever neither change light_south green nor photo the collision on southeast_7th_avenue holds, record the car on north_2nd_avenue eventually holds.",G(!(change_light_south_green & photo_collision_southeast_7th_avenue) -> F record_car_north_2nd_avenue),G((!change_light_south_green & !photo_collision_southeast_7th_avenue) -> F(record_car_north_2nd_avenue)),False
7351,never drop orange or forever hold_onto orange,G!drop_orange | G hold_onto_orange,G(!drop_orange | G(hold_onto_orange)),False
7352,The robot must always have either photo the person on east_9th_avenue or get_help.,G(get_help | photo_person_east_9th_avenue),G(photo_person_east_9th_avenue | get_help),True
7353,when possible go_by waste basket until venture_towards house,F go_by_waste_basket U venture_towards_house,G(go_by_waste_basket U venture_towards_house),False
7354,it is going to happen that the train derails after a train is crossing or a train has been launched,G((train_has_been_launched | train_is_crossing) -> F train_derails),G((train_is_crossing | train_has_been_launched) -> F(train_derails)),True
7355,"Pick up the teddy-bear must hold until get_help does, or else pickup the teddy-bear holds forever.",(pickup_teddy_bear U get_help) | G pickup_teddy_bear,pickup_teddy_bear U get_help | G pickup_teddy_bear,True
7356,"Whenever neither deliver the orange to the shelf nor deliver the book to the shelf holds, search the chair eventually holds.",G(!(deliver_book_shelf & deliver_orange_shelf) -> F search_chair),G(!(deliver_orange_shelf | deliver_book_shelf) -> F search_chair),False
7357,"every time the manager collect claims or the escalator speeds up then always, the semaphore is yellow",G((escalator_speeds_up | manager_collect_claims) -> G semaphore_is_yellow),G((manager_collect_claims | escalator_speeds_up) -> G(semaphore_is_yellow)),True
7358,"eventually, both the brake is pressed and a motorbike has stopped and, sooner or later either a sensor retrieves data or a bridge closes afterwards",G!(brake_is_pressed & motorbike_has_stopped) | F(brake_is_pressed & motorbike_has_stopped & F(bridge_closes | sensor_retrieves_data)),F(brake_is_pressed & motorbike_has_stopped & F(sensor_retrieves_data | bridge_closes)),False
7359,take_to tree can infer that whenever go_past flag,take_to_tree -> F go_past_flag,G(go_past_flag -> take_to_tree),False
7360,Keep visiting charger_9 as you keep taking crate_2 from warehouse_8 to store_2,GF charger_9 & GF(warehouse_8 & F(p_crate_2 & F(pd & store_2))),G(charger_9 & (p_crate_2 & warehouse_8 -> X(store_2))),False
7362,"always when both the bar is closing and a semaphore is broken then eventually, both a motorbike has stopped and the escalator moves",G((bar_is_closing & semaphore_is_broken) -> F(escalator_moves & motorbike_has_stopped)),G((bar_is_closing & semaphore_is_broken) -> F(motorbike_has_stopped & escalator_moves)),True
7363,Stay out of house_3 indefinitely,G!house_3,G! house_3,True
7364,Continue staying in street_6 until you successfully arrive at intersection_8,street_6 U intersection_8,street_6 U intersection_8,True
7365,"it will happen that the train has been launched and the constructor creates instances and, it will happen that both a sensor captures data and the escalator is blocked afterwards",G!(constructor_creates_instances & train_has_been_launched) | F(constructor_creates_instances & train_has_been_launched & F(escalator_is_blocked & sensor_captures_data)),F(train_has_been_launched & constructor_creates_instances & F(sensor_captures_data & escalator_is_blocked)),False
7366,"every time the constructor instantiate objects or the bar is up then finally, the sensor captures data",G((bar_is_up | constructor_instantiate_objects) -> F sensor_captures_data),G((constructor_instantiate_objects | bar_is_up) -> F(sensor_captures_data)),True
7367,You must always maintain both go_home and photo unstable_beam.,G(go_home & photo_unstable_beam),G(go_home & photo_unstable_beam),True
7368,sooner or later a table is brown and a train stops after a sensor captures data,G(sensor_captures_data -> F(table_is_brown & train_stops)),F(table_is_brown & F(sensor_captures_data & F(train_stops))),False
7369,"Drop off the bed to the loading_dock and deliver the vase to the shelf never coincide, yet one of them is always true.",G!(deliver_bed_loading_dock & deliver_vase_shelf) & G(deliver_bed_loading_dock | deliver_vase_shelf),G(!deliver_vase_shelf | !deliver_bed_loading_dock) & G(deliver_vase_shelf | deliver_bed_loading_dock),True
7370,"You must eventually, avoid geting help.",F!get_help,G(!get_help),False
7371,"it never happens that the motorbike has started and, at the same time, the table is old and the engine breaks",G!(engine_breaks & motorbike_has_started & table_is_old),G!(motorbike_has_started & table_is_old & engine_breaks),True
7372,Every get_help is directly followed by droping off the zebra to the loading_dock in the next step.,G(get_help -> X deliver_zebra_loading_dock),G(get_help -> X deliver_zebra_loading_dock),True
7373,"first, at some point in time the bridge closes or a semaphore is broken, and then, it will happen that the car enters and the engine stops",G!(bridge_closes | semaphore_is_broken) | F((bridge_closes | semaphore_is_broken) & F(car_enters & engine_stops)),!(bridge_closes | semaphore_is_broken) | F((bridge_closes | semaphore_is_broken) & F(car_enters & engine_stops)),False
7374,"Request assistance and photo fire_source never coincide, yet one of them is always true.",G!(get_help & photo_fire_source) & G(get_help | photo_fire_source),G(!(get_help & photo_fire_source) & (get_help | photo_fire_source)),True
7375,"in the future a bridge closes and, it is going to happen that a car stops or the motorbike has started afterwards",G!bridge_closes | F(bridge_closes & F(car_stops | motorbike_has_started)),F(bridge_closes & F(car_stops | motorbike_has_started)),False
7376,approach trash can and when possible get_to flag,approach_trash_can & F get_to_flag,G(approach_trash_can -> F(get_to_flag)),False
7377,don t go through the green_room towards the red_room,F red_room & G!green_room,G(green_room -> !F(red_room)),False
7378,whenever a motorbike has started and a semaphore is red then under no condition the bar is closing and the elevator is blocked,G((motorbike_has_started & semaphore_is_red) -> G!(bar_is_closing & elevator_is_blocked)),G((motorbike_has_started & semaphore_is_red) -> G(!(bar_is_closing & elevator_is_blocked))),True
7379,"If deliver_aid the injured_victim holds, then in the next step avoid the impending_fire_source persists until going home holds, or else avoid the impending_fire_source holds forever.",deliver_aid_injured_victim -> X((avoid_impending_fire_source U go_home) | G avoid_impending_fire_source),G(deliver_aid_injured_victim -> (X(avoid_impending_fire_source U go_home) | G(avoid_impending_fire_source))),False
7380,Take a picture of monument_1 but do not at monument_1 until you reach park_4,F(monument_1 & photo) & (!monument_1 U park_4),G(!monument_1 -> !photo) & G(monument_1 -> (park_4 R photo)),False
7381,"at some point in time a sensor gathers information and, finally, the escalator is blocked or a sensor captures data afterwards",G!sensor_gathers_information | F(sensor_gathers_information & F(escalator_is_blocked | sensor_captures_data)),F(sensor_gathers_information & F(escalator_is_blocked | sensor_captures_data)),False
7382,The robot must always have either search the elephant or get_help.,G(get_help | search_elephant),G(get_help | search_elephant),True
7383,at any time visit trash bin or repeatedly go_to apple trashcan,F visit_trash_bin | GF go_to_apple_trashcan,G(visit_trash_bin | G(go_to_apple_trashcan)),False
7384,repeatedly go_to apple trashcan means that drop pear,GF go_to_apple_trashcan -> drop_pear,G(go_to_apple_trashcan -> G(drop_pear)),False
7385,walk or seize apple,seize_apple | walk,G(walk | seize_apple),False
7386,whenever both the constructor instantiate objects and the escalator speeds up then it should not happen that the motorbike catches fire or the bar has to be repaired,G((constructor_instantiate_objects & escalator_speeds_up) -> G!(bar_has_to_be_repaired | motorbike_catches_fire)),G((constructor_instantiate_objects & escalator_speeds_up) -> G(!(motorbike_catches_fire | bar_has_to_be_repaired))),True
7387,Stay within street 4 until you capture a photo of house 1,street_4 U (house_1 & photo),(street_4 & !house_1) U (street_4 & house_1 & photo),False
7388,"if do not let_go pear , at any time go_to trashcan",!let_go_pear -> F go_to_trashcan,G(!let_go_pear -> G(go_to_trashcan)),False
7389,drive through the room that is not yellow and enter the blue_room,F blue_room & G!yellow_room,G(!yellow_room) & F(blue_room),True
7390,Stay in park 5 until you reach bench 4 and ensure you eventually go to store 2 and  pick up bottle 5 and deliver it to bench 4,(park_5 U bench_4) & F(store_2 & F(p_bottle_5 & F(bench_4 & pd))),(park_5 U bench_4) & F(store_2 & p_bottle_5 & F(bench_4)),False
7391,Stay in locality_1 until you reach intersection_4 as you take package_5 from warehouse_9 to store_2,(locality_1 U intersection_4) & F(warehouse_9 & F(p_package_5 & F(pd & store_2))),(locality_1 & p_package_5 & warehouse_9) U (intersection_4 & p_package_5 & store_2),False
7392,"after either an elevator is blocked or the escalator moves, it will happen that either a table is brown or a train derails",G((elevator_is_blocked | escalator_moves) -> F(table_is_brown | train_derails)),G((elevator_is_blocked | escalator_moves) -> F(table_is_brown | train_derails)),True
7393,if the escalator is blocked and the semaphore is yellow then it should not happen that the motorbike has stopped and a sensor gathers information,G((escalator_is_blocked & semaphore_is_yellow) -> G!(motorbike_has_stopped & sensor_gathers_information)),G((escalator_is_blocked & semaphore_is_yellow) -> G(!(motorbike_has_stopped & sensor_gathers_information))),True
7394,Do not enter park 4 until you reach street 3 as you take takeout 2 from store 7 to bench 3,(!park_4 U street_3) & F(store_7 & F(p_takeout_2 & F(bench_3 & pd))),G(!park_4 U street_3),False
7395,"If idle happens infinitely often, then so does get_help.",GF idle -> GF get_help,G F idle -> G F get_help,True
7396,Capture an image of arch 1,F(arch_1 & photo),F(photo & arch_1),True
7397,"it is going to happen that the escalator is blocked or a table is old and, at some point in time a sensor gathers information afterwards",G!(escalator_is_blocked | table_is_old) | F((escalator_is_blocked | table_is_old) & F sensor_gathers_information),F((escalator_is_blocked | table_is_old) & F(sensor_gathers_information)),False
7398,"it is never the case that the constructor instantiate objects, a manager collect claims and the escalator speeds up",G!(constructor_instantiate_objects & escalator_speeds_up & manager_collect_claims),G!(constructor_instantiate_objects & manager_collect_claims & escalator_speeds_up),True
7399,always hold_onto orange or drop orange,drop_orange | G hold_onto_orange,G(hold_onto_orange | drop_orange),False
7400,"Ensure you put down your held item and then go to park 4, where you stay forever",F(pd & F(park_4 & G park_4)),F(pd & F(park_4 & G(park_4))),True
7401,Do not enter street 4 before reaching intersection 6 and then stay in street 4 continuously,(!street_4 U intersection_6) & FG street_4,G(!street_4 U (intersection_6 & street_4)) & G(street_4 -> X street_4),False
7402,"in the future a train has arrived and, finally, a manager collect claims or the constructor creates instances afterwards",G!train_has_arrived | F(train_has_arrived & F(constructor_creates_instances | manager_collect_claims)),F(train_has_arrived & F(manager_collect_claims | constructor_creates_instances)),False
7403,"If record the vehicle on east_6th_avenue ever holds, change light_south yellow must have held beforehand.",F record_vehicle_east_6th_avenue -> (!record_vehicle_east_6th_avenue U (change_light_south_yellow & !record_vehicle_east_6th_avenue)),G(record_vehicle_east_6th_avenue -> !record_vehicle_east_6th_avenue R change_light_south_yellow),False
7404,"Update light_west yellow must hold until get_help does, or else change light_west yellow holds forever.",(change_light_west_yellow U get_help) | G change_light_west_yellow,change_light_west_yellow U get_help | G change_light_west_yellow,True
7405,at some time proceed_to tree and at some time visit house,F proceed_to_tree & F visit_house,F (proceed_to_tree & F visit_house),False
7406,whenever move_near tree or repeatedly grab tree,F move_near_tree | GF grab_tree,G((move_near_tree | F(G(grab_tree))) -> F(move_near_tree | grab_tree)),False
7407,at some time present_at flag until never drop apple,F present_at_flag U G!drop_apple,F(present_at_flag & G(!drop_apple)),False
7408,move_towards trash can and hold apple,hold_apple & move_towards_trash_can,G(hold_apple & move_towards_trash_can),False
7409,do not pick_up anything and when possible make_your_way flag,!F pick_up_anything & F make_your_way_flag,G(!pick_up_anything & (make_your_way_flag | !make_your_way_flag)),False
7410,Our agent must always have either record the pedestrian on northeast_1st_street or get_help.,G(get_help | record_pedestrian_northeast_1st_street),G(record_pedestrian_northeast_1st_street | get_help),True
7411,Retrieve the donut can only happen after pickuping the horse.,!pickup_donut U pickup_horse,G(!pickup_donut U (pickup_horse & F pickup_donut)),False
7412,if both the bar is up and the escalator is blocked then at a certain moment a motorbike catches fire or a semaphore is broken,G((bar_is_up & escalator_is_blocked) -> F(motorbike_catches_fire | semaphore_is_broken)),G((bar_is_up & escalator_is_blocked) -> F(motorbike_catches_fire | semaphore_is_broken)),True
7413,whenever either the semaphore is green or a motorbike falls down then under no circumstances both the bar is up and the engine stops,G((motorbike_falls_down | semaphore_is_green) -> G!(bar_is_up & engine_stops)),G((semaphore_is_green | motorbike_falls_down) -> G(!(bar_is_up & engine_stops))),True
7414,Keep taking crate 6 to building 5 after picking it up from store 2,GF(store_2 & F(p_crate_6 & F(building_5 & pd))),G(p_crate_6 & store_2 -> F(pd & building_5)),False
7415,if the brake is released and a constructor creates instances then in the future the train derails,G((brake_is_released & constructor_creates_instances) -> F train_derails),G((brake_is_released & constructor_creates_instances) -> F(train_derails)),True
7416,whenever contact flag until pick_up fruit,F contact_flag U pick_up_fruit,G(contact_flag -> (contact_flag U pick_up_fruit)),False
7417,"If go_home happens infinitely often, then so does deliver_aid the safe_rescuer.",GF go_home -> GF deliver_aid_safe_rescuer,G F go_home -> G F deliver_aid_safe_rescuer,True
7418,"Whenever idle holds, get_help holds exactly three steps later.",G(idle -> XXX get_help),G(idle -> X(X(X(get_help)))),True
7419,"Take brochure 9 from table 2, head to park 4, and stay there indefinitely",F(table_2 & F(p_brochure_9 & F(park_4 & G park_4))),G(!p_brochure_9) & G(!park_4) & F(p_brochure_9 & F(park_4 & G(park_4))),False
7420,Every get_help is directly followed by changeing light_east green in the next step.,G(get_help -> X change_light_east_green),G(get_help -> X change_light_east_green),True
7421,"You must eventually, avoid photoing the cyclist on southeast_10th_street.",F!photo_cyclist_southeast_10th_street,G(! photo_cyclist_southeast_10th_street),False
7422,Do not enter intersection 1 until you reach street 6 as you take cone 3 from street 2 and put it in intersection 1,(!intersection_1 U street_6) & F(street_2 & F(p_cone_3 & F(intersection_1 & pd))),G(!intersection_1 U (street_6 & (street_2 & p_cone_3))),False
7423,Go home can only happen after deliver_aid the safe_rescuer.,!go_home U deliver_aid_safe_rescuer,G(go_home -> !deliver_aid_safe_rescuer) | F(deliver_aid_safe_rescuer & F(go_home)),False
7424,"Whenever neither avoid the probable_unstable_beam nor deliver_aid the injured_hostile holds, avoid the active_gas_leak eventually holds.",G(!(avoid_probable_unstable_beam & deliver_aid_injured_hostile) -> F avoid_active_gas_leak),G(!(avoid_probable_unstable_beam | deliver_aid_injured_hostile) -> F(avoid_active_gas_leak)),False
7425,Ensure you collect package_4 from store_2 and then put it in house_4,F(store_2 & F(p_package_4 & F(house_4 & pd))),G(!p_package_4 | F(p_package_4 & F(house_4))),False
7426,whenever venture house or never let_go orange,F venture_house | G!let_go_orange,G((venture_house | G(!let_go_orange)) -> G(!let_go_orange)),False
7427,come_to tree and reach house,come_to_tree & reach_house,F(come_to_tree & F(reach_house)),False
7428,Either change light_north yellow or get_help happens infinitely often.,GF change_light_north_yellow | GF get_help,G F (change_light_north_yellow | get_help),True
7429,Avoid going to intersection_5 until you reach street_4 while delivering pass_4 from house_4 to office_1,(!intersection_5 U street_4) & F(house_4 & F(p_pass_4 & F(office_1 & pd))),G((pd & p_pass_4 & house_4) -> (!intersection_5 U (street_4 & office_1))),False
7430,in any case both an elevator is blocked and the engine stops,G(elevator_is_blocked & engine_stops),G(elevator_is_blocked & engine_stops),True
7431,"If get_help ever holds, record the motorcycle on east_1st_avenue must have held beforehand.",F get_help -> (!get_help U (!get_help & record_motorcycle_east_1st_avenue)),G(get_help -> !record_motorcycle_east_1st_avenue R get_help),False
7432,when possible get_near flag or at some time snag orange,F get_near_flag | F snag_orange,G(get_near_flag | F(snag_orange)),False
7433,never drop orange or don't let_go pear,!let_go_pear | G!drop_orange,G(!drop_orange & !let_go_pear),False
7434,"From some point onwards, pickup the bear never occurs again.",FG!pickup_bear,F G !pickup_bear,True
7435,"Whenever neither deliver the broccoli to the shelf nor get_help holds, idle eventually holds.",G(!(deliver_broccoli_shelf & get_help) -> F idle),G(!(deliver_broccoli_shelf | get_help) -> F idle),False
7436,"never, the engine starts or the car starts or the house is open",G!(car_starts | engine_starts | house_is_open),G(!(engine_starts | car_starts | house_is_open)),True
7437,never drop apple and venture_towards house,venture_towards_house & G!drop_apple,G!(drop_apple & venture_towards_house),False
7438,"first, it will happen that both a motorbike has stopped and the semaphore is red, and then, at some point in time either the engine breaks or the semaphore is yellow",G!(motorbike_has_stopped & semaphore_is_red) | F(motorbike_has_stopped & semaphore_is_red & F(engine_breaks | semaphore_is_yellow)),!(motorbike_has_stopped & semaphore_is_red) | F((motorbike_has_stopped & semaphore_is_red) & F(engine_breaks | semaphore_is_yellow)),False
7439,"Whenever photo the collision on southeast_2nd_avenue holds, from the next step onwards photo the jaywalker on south_8th_avenue will eventually hold.",G(photo_collision_southeast_2nd_avenue -> XF photo_jaywalker_south_8th_avenue),G(photo_collision_southeast_2nd_avenue -> X F photo_jaywalker_south_8th_avenue),True
7440,go_to bucket means that at any time advance_to house,go_to_bucket -> F advance_to_house,G(go_to_bucket -> advance_to_house),False
7441,"Take a picture of arch 2, then go to park 8 and remain there permanently",F(arch_2 & photo & F(park_8 & G park_8)),F(photo & arch_2 & F(park_8 & G(park_8))),True
7442,under no circumstances both the bridge opens and the table has been moved,G!(bridge_opens & table_has_been_moved),G(!(bridge_opens & table_has_been_moved)),True
7443,Remain in area_5 until you take package_8 from store_2 and deliver it to house_9,area_5 U (store_2 & F(p_package_8 & F(house_9 & pd))),(area_5 & !p_package_8) U (store_2 & p_package_8 & F(house_9 & p_package_8)),False
7444,it is always the case that a manager handles requests and together a table is old and a semaphore is green,G(manager_handles_requests & semaphore_is_green & table_is_old),G(manager_handles_requests & table_is_old & semaphore_is_green),True
7445,Record the jaywalker on west_5th_avenue and change light_west green will each happen at some point.,F record_jaywalker_west_5th_avenue & F change_light_west_green,F(record_jaywalker_west_5th_avenue & F(change_light_west_green)) | F(change_light_west_green & F(record_jaywalker_west_5th_avenue)),True
7446,every time a table is old and together the brake is pressed and the bar has to be repaired,G(bar_has_to_be_repaired & brake_is_pressed & table_is_old),G((table_is_old & brake_is_pressed) -> bar_has_to_be_repaired),False
7447,Return to base can only happen after begining recording safe_victim.,!go_home U record_safe_victim,G(go_home -> G(!record_safe_victim)),False
7448,You must Please deliver_aid the injured_hostile and then go_home.,deliver_aid_injured_hostile U go_home,G(!deliver_aid_injured_hostile | F(deliver_aid_injured_hostile & F(go_home))),False
7449,all the time either the house is built or a sensor gathers information,G(house_is_built | sensor_gathers_information),G(house_is_built | sensor_gathers_information),True
7450,the bar has to be repaired involves that always when the semaphore is green then in the future the brake is pressed,G(bar_has_to_be_repaired -> G(semaphore_is_green -> F brake_is_pressed)),bar_has_to_be_repaired -> G(semaphore_is_green -> F brake_is_pressed),False
7451,"if whenever advance_to house , collect pear",F advance_to_house -> collect_pear,G(advance_to_house -> collect_pear),False
7452,all the time both the elevator rises and a sensor gathers information,G(elevator_rises & sensor_gathers_information),G (elevator_rises & sensor_gathers_information),True
7453,Our agent must always have either avoid the impending_gas_leak or photo flood.,G(avoid_impending_gas_leak | photo_flood),G(avoid_impending_gas_leak | photo_flood),True
7454,at any time get apple and forever touch flag,F get_apple & G touch_flag,G(get_apple -> G(touch_flag)),False
7455,"if both a sensor retrieves data and the engine breaks then always, a semaphore is yellow",G((engine_breaks & sensor_retrieves_data) -> G semaphore_is_yellow),G((sensor_retrieves_data & engine_breaks) -> G(semaphore_is_yellow)),True
7456,at some time go_to trash bin or whenever move_forward trash can,F go_to_trash_bin | F move_forward_trash_can,F(go_to_trash_bin | G(move_forward_trash_can)),False
7457,Go to intersection_4 and never leave,FG intersection_4,F(intersection_4 & G(intersection_4)),True
7458,at some time move_near tree and when possible snag orange,F move_near_tree & F snag_orange,F(move_near_tree & F(snag_orange)),False
7459,go from the blue room to the red room then to the green_room,F green_room,F(green_room),True
7460,Both idle and search the oven hold at every step.,G(idle & search_oven),G (idle & search_oven),True
7461,at any time withhold apple until at any time go_by waste basket,F withhold_apple U F go_by_waste_basket,G(withhold_apple U go_by_waste_basket),False
7462,Call for help and record the jaywalker on southeast_6th_avenue will each happen at some point.,F get_help & F record_jaywalker_southeast_6th_avenue,F get_help & F record_jaywalker_southeast_6th_avenue,True
7463,Keep returning to car 3 as you work your way to building 2,GF car_3 & F building_2,G(car_3 -> F(building_2 & G(car_3))),False
7464,"it is always the case that either a train derails, the train is crossing or a table is old",G(table_is_old | train_derails | train_is_crossing),G(train_derails | train_is_crossing | table_is_old),True
7465,Go to statue 6 and take a picture of it while you stay in park 5,F(photo & statue_6) & G park_5,G(statue_6 & park_5 -> photo),False
7466,"The robot must Eventually, both deliver_aid the injured_rescuer and photo gas_leak hold simultaneously.",F(deliver_aid_injured_rescuer & photo_gas_leak),F (deliver_aid_injured_rescuer & photo_gas_leak),True
7467,"at some point in time a sensor gathers information and, sooner or later either a train is crossing or an elevator rises afterwards",G!sensor_gathers_information | F(sensor_gathers_information & F(elevator_rises | train_is_crossing)),F(sensor_gathers_information & F(train_is_crossing | elevator_rises)),False
7468,"after both the escalator is blocked and the manager collect claims, at some point either the bridge closes or the elevator is blocked",G((escalator_is_blocked & manager_collect_claims) -> F(bridge_closes | elevator_is_blocked)),G((escalator_is_blocked & manager_collect_claims) -> F(bridge_closes | elevator_is_blocked)),True
7469,"as both the bar is up and the car stops, it will happen that a train derails",G((bar_is_up & car_stops) -> F train_derails),G((bar_is_up & car_stops) -> F(train_derails)),True
7470,move to the blue_room by going through red or green only,F((green_room | red_room) & F blue_room),G(!blue_room U (red_room | green_room)) & G((red_room | green_room) -> F blue_room),False
7471,"always, both the motorbike falls down and a table has been moved after either the car stops or the brake is released",G((brake_is_released | car_stops) -> G(motorbike_falls_down & table_has_been_moved)),G((car_stops | brake_is_released) -> F(motorbike_falls_down & table_has_been_moved)),False
7472,"as a train derails, sooner or later both the train is crossing and the engine stops",G(train_derails -> F(engine_stops & train_is_crossing)),G(train_derails -> F(train_is_crossing & engine_stops)),True
7473,"In this task, photo the car on west_2nd_street, then record the pedestrian on west_4th_avenue.",photo_car_west_2nd_street U record_pedestrian_west_4th_avenue,!photo_car_west_2nd_street | F(photo_car_west_2nd_street & F(record_pedestrian_west_4th_avenue)),False
7474,"Either change light_north yellow happens infinitely often, or get_help happens in the next step.",GF change_light_north_yellow | X get_help,G F change_light_north_yellow | X get_help,True
7475,"at no time either a train derails, the constructor creates instances or a train has been launched",G!(constructor_creates_instances | train_derails | train_has_been_launched),G(!(train_derails | constructor_creates_instances | train_has_been_launched)),True
7476,"Either get_help happens infinitely often, or deliver_aid the safe_rescuer happens in the next step.",GF get_help | X deliver_aid_safe_rescuer,G F get_help | X deliver_aid_safe_rescuer,True
7477,Record the cyclist on west_2nd_street and record the collision on east_5th_street will each happen at some point.,F record_cyclist_west_2nd_street & F record_collision_east_5th_street,F(record_cyclist_west_2nd_street & F(record_collision_east_5th_street)) | F(record_collision_east_5th_street & F(record_cyclist_west_2nd_street)),True
7478,"never, both a car stops and the table has been moved",G!(car_stops & table_has_been_moved),G! (car_stops & table_has_been_moved),True
7479,"If record safe_person holds and photo flood holds next, then get_help holds in the step after that.",G((record_safe_person & X photo_flood) -> XX get_help),G(record_safe_person -> (X(photo_flood) -> XX(get_help))),True
7480,Reach park 8 and remain there indefinitely,FG park_8,F(park_8 & G(park_8)),True
7481,Stay in area 5,G area_5,G area_5,True
7482,whenever the train is crossing and the manager collect claims then under no circumstances the bar is down or a house is open,G((manager_collect_claims & train_is_crossing) -> G!(bar_is_down | house_is_open)),G((train_is_crossing & manager_collect_claims) -> G(!(bar_is_down | house_is_open))),True
7483,Call for help can only happen after deliver_aid the injured_hostile.,!get_help U deliver_aid_injured_hostile,G(!get_help U deliver_aid_injured_hostile),False
7484,pick_up flag means that when possible get_hold_of orange,pick_up_flag -> F get_hold_of_orange,G(pick_up_flag -> F(get_hold_of_orange)),False
7485,it will happen that the escalator speeds up and together an elevator falls and the escalator is blocked,F(elevator_falls & escalator_is_blocked & escalator_speeds_up),F(escalator_speeds_up & elevator_falls & escalator_is_blocked),True
7486,it will not happen that the motorbike has stopped and the car starts after either a semaphore is green or a motorbike falls down,G((motorbike_falls_down | semaphore_is_green) -> G!(car_starts & motorbike_has_stopped)),G!((semaphore_is_green | motorbike_falls_down) & F(motorbike_has_stopped & car_starts)),True
7487,"first, at some point a bridge closes, and then, finally, a house is open and the bar is up",G!bridge_closes | F(bridge_closes & F(bar_is_up & house_is_open)),!bridge_closes | F(bridge_closes & F(house_is_open & bar_is_up)),False
7488,"finally, the train has been launched or the train stops",F(train_has_been_launched | train_stops),F(train_has_been_launched | train_stops),True
7489,Visit table 4 at some point and continue staying there indefinitely,FG table_4,F(table_4 & G(table_4)),True
7491,"In this task, get_help, then deliver the car to the shelf.",get_help U deliver_car_shelf,!get_help | F(get_help & F(deliver_car_shelf)),False
7492,forever move until at some time venture_to waste basket,G move U F venture_to_waste_basket,G(move U venture_to_waste_basket),False
7493,"From some point onwards, photo the pedestrian on east_3rd_street never occurs again.",FG!photo_pedestrian_east_3rd_street,F G ! photo_pedestrian_east_3rd_street,True
7494,when possible move_past trash can or take orange,take_orange | F move_past_trash_can,G((take_orange | move_past_trash_can) -> F(take_orange | move_past_trash_can)),False
7495,at no time the semaphore is yellow or the motorbike falls down or an elevator rises,G!(elevator_rises | motorbike_falls_down | semaphore_is_yellow),G(!(semaphore_is_yellow | motorbike_falls_down | elevator_rises)),True
7496,Continuously take pictures of area 9 while periodically transporting ordnance 3 from camp 4 to camp 9,GF(area_9 & photo) & GF(camp_4 & F(p_ordnance_3 & F(camp_9 & pd))),G(photo & area_9) & G(F(p_ordnance_3 & camp_4) & F(p_ordnance_3 & camp_9)),False
7497,never let_go orange and when possible journey_to flag,G!let_go_orange & F journey_to_flag,G(!let_go_orange) & G(journey_to_flag),False
7498,"From some point onwards, deliver the tie to the loading_dock never occurs again.",FG!deliver_tie_loading_dock,F G ! deliver_tie_loading_dock,True
7499,Remain in parking_lot_4 until you photo of car_5,parking_lot_4 U (car_5 & photo),parking_lot_4 U (photo & car_5),True
7500,"In this task, get_help, then photo the car on northwest_3rd_avenue.",get_help U photo_car_northwest_3rd_avenue,!get_help | F(get_help & F(photo_car_northwest_3rd_avenue)),False
7501,if both a bridge opens and the brake is pressed then at some point the semaphore is yellow,G((brake_is_pressed & bridge_opens) -> F semaphore_is_yellow),G((bridge_opens & brake_is_pressed) -> F(semaphore_is_yellow)),True
7502,go_by waste bin or secure apple,go_by_waste_bin | secure_apple,G(go_by_waste_bin | secure_apple),False
7503,it will happen that both a car enters and an elevator is open after either the brake is released or the bar is down,G((bar_is_down | brake_is_released) -> F(car_enters & elevator_is_open)),G((brake_is_released | bar_is_down) -> F(car_enters & elevator_is_open)),True
7504,"Whenever get_help and record the pedestrian on south_10th_street are equal, record the pedestrian on south_10th_street and record the motorcycle on west_4th_avenue are equal as well.",G((get_help <-> record_pedestrian_south_10th_street) -> (record_motorcycle_west_4th_avenue <-> record_pedestrian_south_10th_street)),G((get_help <-> record_pedestrian_south_10th_street) -> (record_pedestrian_south_10th_street <-> record_motorcycle_west_4th_avenue)),True
7505,"if whenever proceed_to house , never let_go apple",F proceed_to_house -> G!let_go_apple,G(proceed_to_house -> G(!let_go_apple)),False
7506,if both the motorbike catches fire and the engine breaks then in any case either a car starts or the bar is closing,G((engine_breaks & motorbike_catches_fire) -> G(bar_is_closing | car_starts)),G((motorbike_catches_fire & engine_breaks) -> (car_starts | bar_is_closing)),False
7507,it is going to happen that both a house is built and a bridge opens,F(bridge_opens & house_is_built),F(house_is_built & bridge_opens),True
7508,when possible venture house can infer that forever touch flag,F venture_house -> G touch_flag,G(venture_house -> G(touch_flag)),False
7509,"Photograph unstable_beam and deliver_aid the injured_hostile never coincide, yet one of them is always true.",G!(deliver_aid_injured_hostile & photo_unstable_beam) & G(deliver_aid_injured_hostile | photo_unstable_beam),G(!(deliver_aid_injured_hostile & photo_unstable_beam) & (deliver_aid_injured_hostile | photo_unstable_beam)),True
7510,"Either get_help happens infinitely often, or photo the pedestrian on north_1st_street happens in the next step.",GF get_help | X photo_pedestrian_north_1st_street,G F get_help | X photo_pedestrian_north_1st_street,True
7511,"When photo the cyclist on west_1st_street happens, change light_west green must hold now or in the next step.",G(photo_cyclist_west_1st_street -> (change_light_west_green | X change_light_west_green)),G(photo_cyclist_west_1st_street -> (change_light_west_green | X change_light_west_green)),True
7512,"first, sooner or later the train has arrived, and then, eventually, a motorbike has stopped and a semaphore is red",G!train_has_arrived | F(train_has_arrived & F(motorbike_has_stopped & semaphore_is_red)),F(train_has_arrived & F(motorbike_has_stopped & semaphore_is_red)),False
7513,"first, finally, both the escalator moves and the train stops, and then, at some point the engine stops or the constructor instantiate objects",G!(escalator_moves & train_stops) | F(escalator_moves & train_stops & F(constructor_instantiate_objects | engine_stops)),!(escalator_moves & train_stops) | F((escalator_moves & train_stops) & F(engine_stops | constructor_instantiate_objects)),False
7514,"Retrieve the backpack should always hold, with at most a two-step grace period for recovery.",!G!(pickup_backpack & X pickup_backpack),G(pickup_backpack | X(pickup_backpack | X(pickup_backpack))),False
7515,"The system must Eventually, both get_help and change light_north green hold simultaneously.",F(change_light_north_green & get_help),F(get_help & change_light_north_green),True
7516,if the train has been launched and the semaphore is green then at no time both the elevator falls and the bar is up,G((semaphore_is_green & train_has_been_launched) -> G!(bar_is_up & elevator_falls)),G((train_has_been_launched & semaphore_is_green) -> G(!(elevator_falls & bar_is_up))),True
7517,never drop apple and secure apple,secure_apple & G!drop_apple,G!(drop_apple & secure_apple),False
7518,Ensure that you never visit street 3,G!street_3,G! street_3,True
7519,"finally, both a table is brown and the bar is down and, it is going to happen that a constructor creates instances or the elevator is blocked afterwards",G!(bar_is_down & table_is_brown) | F(bar_is_down & table_is_brown & F(constructor_creates_instances | elevator_is_blocked)),F(table_is_brown & bar_is_down & F(constructor_creates_instances | elevator_is_blocked)),False
7520,never drop orange until drop pear,G!drop_orange U drop_pear,!drop_orange U drop_pear,False
7521,"it is going to happen that the table has been moved and, at the same time, a semaphore is yellow and the bar is down",F(bar_is_down & semaphore_is_yellow & table_has_been_moved),F(table_has_been_moved & semaphore_is_yellow & bar_is_down),True
7522,never let_go or repeatedly go_to pear,G!let_go | GF go_to_pear,G(!let_go) & G F go_to_pear,False
7523,whenever a semaphore is yellow then it is going to happen that either a sensor gathers information or a train derails,G(semaphore_is_yellow -> F(sensor_gathers_information | train_derails)),G(semaphore_is_yellow -> F(sensor_gathers_information | train_derails)),True
7524,Pick up luggage 2 and take it to room 402,F(p_luggage_2 & F(pd & room_402)),G(p_luggage_2 -> F(room_402)),False
7525,The system must eventually record the cyclist on northwest_7th_street or get_help.,F(get_help | record_cyclist_northwest_7th_street),F(record_cyclist_northwest_7th_street | get_help),True
7526,Do not pick up package 5 under any circumstances,G!p_package_5,G! p_package_5,True
7527,whenever travel house or repeatedly make_way_to house,F travel_house | GF make_way_to_house,G((travel_house | G(make_way_to_house)) -> G(make_way_to_house)),False
7528,put_in apple bucket can infer that at some time get_hold orange,put_in_apple_bucket -> F get_hold_orange,G(put_in_apple_bucket -> F(get_hold_orange)),False
7529,"If idle ever holds, search the microwave must have held beforehand.",F idle -> (!idle U (!idle & search_microwave)),G(idle -> !idle R search_microwave),False
7530,"Visit mall 5, pick up box 4, and deliver it to house 1",F(mall_5 & F(p_box_4 & F(house_1 & pd))),G(!mall_5) | F(mall_5 & F(p_box_4 & F(house_1 & pd))),False
7531,always when both the motorbike falls down and the train stops then at some point both a sensor retrieves data and the escalator moves,G((motorbike_falls_down & train_stops) -> F(escalator_moves & sensor_retrieves_data)),G((motorbike_falls_down & train_stops) -> F(sensor_retrieves_data & escalator_moves)),True
7532,every time either the engine starts or the train is crossing then it never happens that the motorbike falls down and the engine starts,G((engine_starts | train_is_crossing) -> G!(engine_starts & motorbike_falls_down)),G((engine_starts | train_is_crossing) -> G(!(motorbike_falls_down & engine_starts))),True
7533,"first, in the future a table is brown or a motorbike has started, and then, it is going to happen that the constructor creates instances and a sensor captures data",G!(motorbike_has_started | table_is_brown) | F((motorbike_has_started | table_is_brown) & F(constructor_creates_instances & sensor_captures_data)),!(table_is_brown | motorbike_has_started) | F((table_is_brown | motorbike_has_started) & F(constructor_creates_instances & sensor_captures_data)),False
7534,"The robot must pickup the sheep and get_help never coincide, yet one of them is always true.",G!(get_help & pickup_sheep) & G(get_help | pickup_sheep),G(!get_help & !pickup_sheep | get_help & !pickup_sheep | !get_help & pickup_sheep),False
7535,Go to parking_lot_2 to pickup cone_5 and put it down in street_1,F(parking_lot_2 & F(p_cone_5 & F(pd & street_1))),G(!parking_lot_2 | F(parking_lot_2 & F(p_cone_5 & F(street_1 & pd)))),False
7536,Repeatedly visit charger 3 while repeatedly taking pictures of area 3,GF charger_3 & GF(area_3 & photo),G F (charger_3 & photo & area_3),False
7537,go through the blue or red_room to the yellow_room,F((blue_room | red_room) & F yellow_room),G((blue_room | red_room) -> F(yellow_room)),False
7538,Always remain in locality 7 while transporting letter 1 from office 4 to house 1,G locality_7 & F(office_4 & F(p_letter_1 & F(house_1 & pd))),G((p_letter_1 & office_4) -> (locality_7 U (p_letter_1 & house_1))),False
7539,Call for help holds at all times.,G get_help,G get_help,True
7540,Stay in parking lot 5 until you take a picture of car 5,parking_lot_5 U (car_5 & photo),(parking_lot_5 & !photo) U (photo & car_5),False
7541,"at a certain moment either a train is crossing or an elevator rises and, eventually, either a house is open or a motorbike is driven afterwards",G!(elevator_rises | train_is_crossing) | F((elevator_rises | train_is_crossing) & F(house_is_open | motorbike_is_driven)),F((train_is_crossing | elevator_rises) & F(house_is_open | motorbike_is_driven)),False
7542,Ensure you go to mall 5 and remain there permanently,FG mall_5,F(mall_5 & G(mall_5)),True
7543,"finally, both the bar has to be repaired and a car stops and, eventually, a bridge closes afterwards",G!(bar_has_to_be_repaired & car_stops) | F(bar_has_to_be_repaired & car_stops & F bridge_closes),F(bar_has_to_be_repaired & car_stops & F(bridge_closes)),False
7544,move_towards trash can until when possible be_at flag,move_towards_trash_can U F be_at_flag,move_towards_trash_can U be_at_flag,False
7545,it is always the case that a table is brown and the bar is up,G(bar_is_up & table_is_brown),G(table_is_brown & bar_is_up),True
7546,"when venture_towards house , secure apple",venture_towards_house -> secure_apple,G(venture_towards_house -> F secure_apple),False
7547,always when either the table is old or an elevator falls then it is going to happen that either the elevator rises or the semaphore is yellow,G((elevator_falls | table_is_old) -> F(elevator_rises | semaphore_is_yellow)),G((table_is_old | elevator_falls) -> F(elevator_rises | semaphore_is_yellow)),True
7548,never drop apple until never drop apple,G!drop_apple,G(!drop_apple) U G(!drop_apple),True
7549,"if at any time spend_time_at tree , snatch_up pear",F spend_time_at_tree -> snatch_up_pear,G(spend_time_at_tree -> snatch_up_pear),False
7550,"as the semaphore is yellow, sooner or later both a sensor captures data and a car stops",G(semaphore_is_yellow -> F(car_stops & sensor_captures_data)),G(semaphore_is_yellow -> F(sensor_captures_data & car_stops)),True
7551,"Whenever go_home holds, from the next step onwards communicate the safe_victim will eventually hold.",G(go_home -> XF communicate_safe_victim),G(go_home -> X F(communicate_safe_victim)),True
7552,"Once deliver the parking_meter to the loading_dock has occurred, deliver the giraffe to the loading_dock will never occur again.",G(deliver_parking_meter_loading_dock -> XG!deliver_giraffe_loading_dock),G(deliver_parking_meter_loading_dock -> G(!deliver_giraffe_loading_dock)),False
7553,Always refrain from entering building 2 as you collect letter 5 from office 6,G!building_2 & F(office_6 & p_letter_5),G((office_6 & p_letter_5) -> G(!building_2)),False
7554,This controller must always have either photo the motorcycle on west_2nd_avenue or record the car on west_5th_avenue.,G(photo_motorcycle_west_2nd_avenue | record_car_west_5th_avenue),G(photo_motorcycle_west_2nd_avenue | record_car_west_5th_avenue),True
7555,"From some point onwards, record the person on northeast_5th_avenue never occurs again.",FG!record_person_northeast_5th_avenue,F G ! record_person_northeast_5th_avenue,True
7556,go through the green or red_room and enter the blue_room,F((green_room | red_room) & F blue_room),F((green_room | red_room) & F(blue_room)),True
7557,"when forever have apple , when possible acquire pear",G have_apple -> F acquire_pear,G(G have_apple -> F acquire_pear),False
7558,"after both the engine stops and the manager collect claims, eventually, the semaphore is green and a train derails",G((engine_stops & manager_collect_claims) -> F(semaphore_is_green & train_derails)),G((engine_stops & manager_collect_claims) -> F(semaphore_is_green & train_derails)),True
7559,Take a photograph of landmark 6,F(landmark_6 & photo),F(photo & landmark_6),True
7560,"after a train has been launched and the semaphore is green, absolutely never, a car stops and a constructor instantiate objects",G((semaphore_is_green & train_has_been_launched) -> G!(car_stops & constructor_instantiate_objects)),G((train_has_been_launched & semaphore_is_green) -> G(!(car_stops & constructor_instantiate_objects))),True
7561,always when both the bar has to be repaired and a manager collect claims then it is going to happen that either the escalator moves or the train has arrived,G((bar_has_to_be_repaired & manager_collect_claims) -> F(escalator_moves | train_has_arrived)),G((manager_collect_claims & bar_has_to_be_repaired) -> F(escalator_moves | train_has_arrived)),True
7562,at any time go_to trash can and when possible scoop_up apple,F go_to_trash_can & F scoop_up_apple,G(go_to_trash_can -> F(scoop_up_apple)),False
7563,"at a certain moment either a sensor retrieves data or the engine starts and, it will happen that both the engine stops and a car stops afterwards",G!(engine_starts | sensor_retrieves_data) | F((engine_starts | sensor_retrieves_data) & F(car_stops & engine_stops)),F((sensor_retrieves_data | engine_starts) & F(engine_stops & car_stops)),False
7564,if a motorbike has stopped and the car starts then it is never the case that either a motorbike catches fire or the bar has to be repaired,G((car_starts & motorbike_has_stopped) -> G!(bar_has_to_be_repaired | motorbike_catches_fire)),G((motorbike_has_stopped & car_starts) -> G(!(motorbike_catches_fire | bar_has_to_be_repaired))),True
7565,"if forever have apple , forever go_by trash can",G have_apple -> G go_by_trash_can,G(have_apple) -> G(go_by_trash_can),True
7566,Never at hall_1 to pickup file_6,G!(hall_1 & p_file_6),G(!(hall_1 & p_file_6)),True
7567,"Request assistance must hold until recording safe_civilian does, or else get_help holds forever.",(get_help U record_safe_civilian) | G get_help,get_help U record_safe_civilian | G get_help,True
7568,repeatedly go_to apple trashcan and at any time go_to transh can,GF go_to_apple_trashcan & F go_to_transh_can,G(go_to_apple_trashcan) & G(go_to_transh_can),False
7569,"Either record the vehicle on north_8th_street happens infinitely often, or change light_south green happens in the next step.",GF record_vehicle_north_8th_street | X change_light_south_green,G F record_vehicle_north_8th_street | X change_light_south_green,True
7570,"Whenever search the donut holds, get_help holds exactly three steps later.",G(search_donut -> XXX get_help),G(search_donut -> X(X(X(get_help)))),True
7571,Stay in locality 2 as you take document 5 from office 4 to office 9,G locality_2 & F(office_4 & F(p_document_5 & F(office_9 & pd))),G((p_document_5 & office_4) -> (locality_2 U (p_document_5 & office_9))),False
7572,never let_go orange or don't pick_up anything,G!let_go_orange | !F pick_up_anything,G(!let_go_orange & !pick_up_anything),False
7573,"at any time the sensor gathers information, the car enters and a table is old",G(car_enters & sensor_gathers_information & table_is_old),G(sensor_gathers_information -> (car_enters & table_is_old)),False
7574,Ensure you avoid street 4 until intersection 2 is reached while picking up trash 13 at house 13,(!street_4 U intersection_2) & F(house_13 & p_trash_13),G(!street_4 U (intersection_2 & p_trash_13)),False
7575,"forever, a motorbike has started or the motorbike falls down or a train derails",G(motorbike_falls_down | motorbike_has_started | train_derails),G(motorbike_has_started | motorbike_falls_down | train_derails),True
7576,Keep returing to charging station 5 as you repeatedly transport package 5 from warehouse 1 to store 5,GF charger_5 & GF(warehouse_1 & F(p_package_5 & F(pd & store_5))),G(p_package_5 & warehouse_1 -> F(p_package_5 & store_5 & F(charger_5))),False
7577,Our agent must always have either photo unstable_beam or get_help.,G(get_help | photo_unstable_beam),G(photo_unstable_beam | get_help),True
7578,"If every communicate the safe_victim is eventually followed by talking to the safe_rescuer, then deliver_aid the injured_victim must occur infinitely often.",G(communicate_safe_victim -> F communicate_safe_rescuer) -> GF deliver_aid_injured_victim,G(G(communicate_safe_victim -> F(communicate_safe_rescuer)) -> G F(deliver_aid_injured_victim)),False
7579,"eventually, both the train has arrived and the brake is pressed after a train derails",G(train_derails -> F(brake_is_pressed & train_has_arrived)),F(train_derails & F(brake_is_pressed & train_has_arrived)),False
7580,"whenever both the car stops and an elevator is blocked then eventually, both a motorbike catches fire and the bar has to be repaired",G((car_stops & elevator_is_blocked) -> F(bar_has_to_be_repaired & motorbike_catches_fire)),G((car_stops & elevator_is_blocked) -> F(motorbike_catches_fire & bar_has_to_be_repaired)),True
7581,at some point either the train is crossing or a house is open,F(house_is_open | train_is_crossing),F(house_is_open | train_is_crossing),True
7582,visit tree means that when possible walk_to flag,visit_tree -> F walk_to_flag,G(visit_tree -> walk_to_flag),False
7583,every time both a house is built and a train derails then at any time both a bridge opens and the constructor creates instances,G((house_is_built & train_derails) -> G(bridge_opens & constructor_creates_instances)),G((house_is_built & train_derails) -> G(bridge_opens & constructor_creates_instances)),True
7584,"first, at some point a bridge closes, and then, sooner or later a sensor retrieves data and the train is crossing",G!bridge_closes | F(bridge_closes & F(sensor_retrieves_data & train_is_crossing)),F(bridge_closes & F(sensor_retrieves_data & train_is_crossing)),False
7585,"Whenever search the truck holds, deliver the sheep to the loading_dock holds exactly three steps later.",G(search_truck -> XXX deliver_sheep_loading_dock),G(search_truck -> X(X(X(deliver_sheep_loading_dock)))),True
7586,"first, at some point the semaphore is red or the engine stops, and then, at a certain moment a sensor retrieves data or a manager collect claims",G!(engine_stops | semaphore_is_red) | F((engine_stops | semaphore_is_red) & F(manager_collect_claims | sensor_retrieves_data)),!(semaphore_is_red | engine_stops) | F((semaphore_is_red | engine_stops) & F(sensor_retrieves_data | manager_collect_claims)),False
7587,if the elevator falls and the engine starts then at any time both the train has arrived and the sensor gathers information,G((elevator_falls & engine_starts) -> G(sensor_gathers_information & train_has_arrived)),G((elevator_falls & engine_starts) -> G(train_has_arrived & sensor_gathers_information)),True
7588,when possible obtain pear means that when possible go_past flag,F obtain_pear -> F go_past_flag,G(obtain_pear -> go_past_flag),False
7589,The system must eventually deliver the tie to the loading_dock or pickup the zebra.,F(deliver_tie_loading_dock | pickup_zebra),F (deliver_tie_loading_dock | pickup_zebra),True
7590,Call for help can only happen after delivering the zebra to the shelf.,!get_help U deliver_zebra_shelf,G(get_help -> F(deliver_zebra_shelf)),False
7591,"whenever the elevator falls and the bar is up then absolutely never, either the motorbike is driven or the escalator speeds up",G((bar_is_up & elevator_falls) -> G!(escalator_speeds_up | motorbike_is_driven)),G((elevator_falls & bar_is_up) -> G(!(motorbike_is_driven | escalator_speeds_up))),True
7592,"it is going to happen that either the brake is released, a car enters or the sensor retrieves data",F(brake_is_released | car_enters | sensor_retrieves_data),F(brake_is_released | car_enters | sensor_retrieves_data),True
7593,hold orange until whenever collect orange,hold_orange U F collect_orange,hold_orange U (G(collect_orange -> hold_orange)),False
7594,approach tree until hold_on_to pear,approach_tree U hold_on_to_pear,approach_tree U hold_on_to_pear,True
7595,Ensure parking_lot_8 is not visited while traveling to street_5,G!parking_lot_8 & F street_5,G(!parking_lot_8 U street_5),False
7596,"Either change light_south yellow happens infinitely often, or change light_south green happens in the next step.",GF change_light_south_yellow | X change_light_south_green,G F change_light_south_yellow | X change_light_south_green,True
7597,"If avoid the probable_gas_leak holds, then in the next step deliver_aid the safe_hostile persists until staying away from the impending_unstable_beam holds, or else deliver_aid the safe_hostile holds forever.",avoid_probable_gas_leak -> X((deliver_aid_safe_hostile U avoid_impending_unstable_beam) | G deliver_aid_safe_hostile),avoid_probable_gas_leak -> X (deliver_aid_safe_hostile U avoid_impending_unstable_beam) | G deliver_aid_safe_hostile,False
7598,"Whenever neither get_help nor record the person on east_1st_street holds, record the pedestrian on northwest_6th_street eventually holds.",G(!(get_help & record_person_east_1st_street) -> F record_pedestrian_northwest_6th_street),G(!(get_help | record_person_east_1st_street) -> F(record_pedestrian_northwest_6th_street)),False
7599,hold apple or don't pick_up anything,hold_apple | !F pick_up_anything,G(hold_apple | !pick_up_anything),False
7600,get_hold_of pear until at any time seize pear,get_hold_of_pear U F seize_pear,get_hold_of_pear U seize_pear,False
7601,Get letter 3 from post office 1 and deliver it to house 2,F(post_office_1 & F(p_letter_3 & F(house_2 & pd))),G((post_office_1 & p_letter_3) -> F(pd & house_2)),False
7602,never drop apple or secure apple,secure_apple | G!drop_apple,G(!(drop_apple | secure_apple)),False
7603,"a train stops and, as a consequence, as an elevator falls, it will happen that the train is crossing",G(train_stops -> G(elevator_falls -> F train_is_crossing)),G((train_stops & elevator_falls) -> F(train_is_crossing)),False
7604,"first, at some point in time the train has arrived, and then, eventually, both the engine stops and the sensor gathers information",G!train_has_arrived | F(train_has_arrived & F(engine_stops & sensor_gathers_information)),F(train_has_arrived & F(engine_stops & sensor_gathers_information)),False
7605,Stay in park_8 until you photo of monument_2 and then at bench_5 and stay there,park_8 U (monument_2 & photo & F(bench_5 & G bench_5)),(park_8 U (photo & monument_2)) & (X (bench_5 U !bench_5)),False
7606,Ensure you repeatedly capture photos of street_3,GF(photo & street_3),G(photo & street_3),False
7607,"eventually, either a table is old or the bar has to be repaired and, at some point in time the sensor gathers information afterwards",G!(bar_has_to_be_repaired | table_is_old) | F((bar_has_to_be_repaired | table_is_old) & F sensor_gathers_information),F((table_is_old | bar_has_to_be_repaired) & F(sensor_gathers_information)),False
7608,Do not go to street 3 under any circumstances,G!street_3,G! street_3,True
7609,The system must eventually record the jaywalker on northwest_6th_street or get_help.,F(get_help | record_jaywalker_northwest_6th_street),F(record_jaywalker_northwest_6th_street | get_help),True
7610,Avoid entering park 3 as you pick up cone 2 from police station 1 and deliver it to intersection 2.,G!park_3 & F(p_cone_2 & police_station_1 & F(intersection_2 & pd)),G((p_cone_2 & police_station_1) -> G(!park_3 U (p_cone_2 & intersection_2))),False
7611,Avoid entering park 9 until you visit gate 7 and take a picture,!park_9 U (gate_7 & photo),(!park_9) U (gate_7 & photo),True
7612,Go to store 5 to collect box 8 and take it to house 1,F(store_5 & F(p_box_8 & F(house_1 & pd))),G(!store_5 | F(store_5 & F(p_box_8 & F(house_1)))),False
7613,"Whenever change light_south yellow holds, get_help holds exactly three steps later.",G(change_light_south_yellow -> XXX get_help),G(change_light_south_yellow -> X(X(X(get_help)))),True
7614,if the sensor captures data or the escalator moves then it never happens that either the engine starts or a motorbike catches fire,G((escalator_moves | sensor_captures_data) -> G!(engine_starts | motorbike_catches_fire)),G((sensor_captures_data | escalator_moves) -> G(!(engine_starts | motorbike_catches_fire))),True
7615,procure apple or never let_go apple,procure_apple | G!let_go_apple,G(procure_apple | G(!let_go_apple)),False
7616,Do not enter parking lot 4 until you reach street 5 as you enter and stay in parking lot 4,(!parking_lot_4 U street_5) & F(parking_lot_4 & G parking_lot_4),(!parking_lot_4) U (street_5 & parking_lot_4),False
7617,collect pear until go_to bucket,collect_pear U go_to_bucket,collect_pear U go_to_bucket,True
7618,Drop whatever you are holding and at park_4 to remain there permanently,F(pd & F(park_4 & G park_4)),G(!pd & park_4),False
7619,"at some point the sensor gathers information and, it will happen that both the table has been moved and a motorbike is driven afterwards",G!sensor_gathers_information | F(sensor_gathers_information & F(motorbike_is_driven & table_has_been_moved)),F(sensor_gathers_information & F(table_has_been_moved & F(motorbike_is_driven))),False
7620,every time the escalator is blocked and a semaphore is red then sooner or later the elevator is blocked and the bar is closing,G((escalator_is_blocked & semaphore_is_red) -> F(bar_is_closing & elevator_is_blocked)),G((escalator_is_blocked & semaphore_is_red) -> F(elevator_is_blocked & bar_is_closing)),True
7621,put_in bin and hold_on_to pear,hold_on_to_pear & put_in_bin,G(put_in_bin & hold_on_to_pear),False
7623,Avoid parking_lot_4 until building_8 is reached,!parking_lot_4 U building_8,!parking_lot_4 U building_8,True
7624,"it is always the case that either a manager collect claims, the house is built or the motorbike catches fire",G(house_is_built | manager_collect_claims | motorbike_catches_fire),G(manager_collect_claims | house_is_built | motorbike_catches_fire),True
7625,atwards the red_room while avoiding the blue_room,F red_room & G!blue_room,G(!blue_room) & F(red_room),True
7626,Either change light_north yellow or record the pedestrian on northeast_4th_street happens infinitely often.,GF change_light_north_yellow | GF record_pedestrian_northeast_4th_street,G F (change_light_north_yellow | record_pedestrian_northeast_4th_street),True
7627,go_visit flag and move_towards trash can,go_visit_flag & move_towards_trash_can,G(go_visit_flag & move_towards_trash_can),False
7628,"If search the book holds and search the kite holds next, then get_help holds in the step after that.",G((search_book & X search_kite) -> XX get_help),G((search_book & X search_kite) -> XX get_help),True
7629,"first, in the future both the engine stops and the brake is pressed, and then, in the future the elevator is open and a train has arrived",G!(brake_is_pressed & engine_stops) | F(brake_is_pressed & engine_stops & F(elevator_is_open & train_has_arrived)),F(engine_stops & brake_is_pressed & F(elevator_is_open & train_has_arrived)),False
7630,"Remain within park 5 until you capture a photo of monument 2, then proceed to intersection 5 and stay there continuously",park_5 U (monument_2 & photo & F(intersection_5 & G intersection_5)),(park_5 U (photo & monument_2)) & F((photo & monument_2) & G(intersection_5)),False
7631,always when the train derails and a constructor instantiate objects then at some point the bar is down and the brake is released,G((constructor_instantiate_objects & train_derails) -> F(bar_is_down & brake_is_released)),G((train_derails & constructor_instantiate_objects) -> F(bar_is_down & brake_is_released)),True
7632,it is going to happen that a constructor creates instances and the brake is released,F(brake_is_released & constructor_creates_instances),F (constructor_creates_instances & brake_is_released),True
7633,never drop orange or reach house,reach_house | G!drop_orange,G(!drop_orange & !reach_house),False
7634,"When change light_west yellow happens, get_help must hold now or in the next step.",G(change_light_west_yellow -> (get_help | X get_help)),G(change_light_west_yellow -> (get_help | X get_help)),True
7635,"You must eventually, avoid pickuping the handbag.",F!pickup_handbag,G(!pickup_handbag),False
7636,"it is going to happen that a sensor gathers information and, sooner or later the escalator moves and the train stops afterwards",G!sensor_gathers_information | F(sensor_gathers_information & F(escalator_moves & train_stops)),F(sensor_gathers_information & F(escalator_moves & F(train_stops))),False
7637,Either go_home or photo safe_victim happens infinitely often.,GF go_home | GF photo_safe_victim,G F (go_home | photo_safe_victim),True
7638,"Keep capturing images of locality 7, and avoid going to park 3 at all times",GF(locality_7 & photo) & G!park_3,G(photo & locality_7) & G(!park_3),False
7639,forever have_in orange or grip apple,grip_apple | G have_in_orange,G(have_in_orange | grip_apple),False
7640,"At every step, get_help equals the value of record the pedestrian on northeast_3rd_avenue in the next step.",G(get_help <-> X record_pedestrian_northeast_3rd_avenue),G(get_help <-> X record_pedestrian_northeast_3rd_avenue),True
7641,at any time grasp apple can infer that at any time approach house,F grasp_apple -> F approach_house,G(grasp_apple -> G(approach_house)),False
7642,"finally, a sensor retrieves data",F sensor_retrieves_data,F sensor_retrieves_data,True
7643,"when never drop orange , when possible venture_to waste basket",G!drop_orange -> F venture_to_waste_basket,G(!drop_orange) & G(venture_to_waste_basket -> F(venture_to_waste_basket)),False
7644,"If deliver the carrot to the shelf ever holds, deliver the dining_table to the loading_dock must have held beforehand.",F deliver_carrot_shelf -> (!deliver_carrot_shelf U (!deliver_carrot_shelf & deliver_dining_table_loading_dock)),G(deliver_carrot_shelf -> !deliver_carrot_shelf R deliver_dining_table_loading_dock),False
7645,"At every step, record the motorcycle on northeast_7th_avenue equals the value of get_help in the next step.",G(record_motorcycle_northeast_7th_avenue <-> X get_help),G(record_motorcycle_northeast_7th_avenue <-> X get_help),True
7646,at any time shift_to flag until pick_up orange,F shift_to_flag U pick_up_orange,G(shift_to_flag U pick_up_orange),False
7647,it is going to happen that the semaphore is red or the motorbike has stopped,F(motorbike_has_stopped | semaphore_is_red),F (semaphore_is_red | motorbike_has_stopped),True
7648,every time either the sensor captures data or a house is open then at some point in time the semaphore is yellow,G((house_is_open | sensor_captures_data) -> F semaphore_is_yellow),G((house_is_open | sensor_captures_data) -> F semaphore_is_yellow),True
7649,Retrieve cone_5 from parking_lot_2 and place it in street_1,F(parking_lot_2 & F(p_cone_5 & F(pd & street_1))),G(parking_lot_2 & p_cone_5 -> F(street_1 & p_cone_5)),False
7650,always when the semaphore is yellow then at a certain moment either the bar is closing or a bridge closes,G(semaphore_is_yellow -> F(bar_is_closing | bridge_closes)),G(semaphore_is_yellow -> F(bar_is_closing | bridge_closes)),True
7651,every time either a bridge closes or the escalator moves then at a certain moment a train derails,G((bridge_closes | escalator_moves) -> F train_derails),G((bridge_closes | escalator_moves) -> F(train_derails)),True
7652,"Retrieve package_2 from store_3, deliver it to house_2, and never go into mall_1",F(store_3 & F(p_package_2 & F(house_2 & pd))) & G!mall_1,G((store_3 & p_package_2) -> F(pd & F(house_2))) & G(!mall_1),False
7653,This controller must always maintain both record the jaywalker on south_2nd_avenue and get_help.,G(get_help & record_jaywalker_south_2nd_avenue),G(get_help & record_jaywalker_south_2nd_avenue),True
7654,"If every pickup the bowl is eventually followed by remaining still, then deliver the keyboard to the loading_dock must occur infinitely often.",G(pickup_bowl -> F idle) -> GF deliver_keyboard_loading_dock,G(G(pickup_bowl -> F(idle))) -> G F(deliver_keyboard_loading_dock),True
7655,grasp orange and always have apple,grasp_orange & G have_apple,G(grasp_orange & G(have_apple)),False
7656,"when when possible going_to house , when possible grab orange",F going_to_house -> F grab_orange,G(going_to_house -> F(grab_orange)),False
7657,"If every pickup the bear is eventually followed by idle, then pickup the frisbee must occur infinitely often.",G(pickup_bear -> F idle) -> GF pickup_frisbee,G(G(pickup_bear -> F(idle)) -> G F(pickup_frisbee)),False
7658,"You must eventually, avoid begining recording debris.",F!record_debris,G(!record_debris),False
7659,at the green_room,F green_room,G green_room,False
7660,Continuously transport crate_3 from warehouse_4 to mall_3,GF(warehouse_4 & F(p_crate_3 & F(mall_3 & pd))),G(p_crate_3 & warehouse_4 -> F(p_crate_3 & mall_3)),False
7661,Our agent must eventually photo the cyclist on northeast_10th_street or get_help.,F(get_help | photo_cyclist_northeast_10th_street),F(photo_cyclist_northeast_10th_street | get_help),True
7662,Pick up crate 4 and take it to park 1 and stay there,F(p_crate_4 & F(park_1 & pd & G park_1)),F(p_crate_4 & F(park_1 & G(park_1))),False
7663,Pick up stack 4 from house 4 and go to street 2 and stay there,F(house_4 & F(p_stack_4 & F(street_2 & G street_2))),G(!p_stack_4) | F(p_stack_4 & F(street_2 & G(street_2))),False
7664,forever stay and at any time stop_by house,G stay & F stop_by_house,G(stay & stop_by_house),False
7665,"first, in the future a bridge closes, and then, it will happen that a train stops and the brake is pressed",G!bridge_closes | F(bridge_closes & F(brake_is_pressed & train_stops)),!bridge_closes | F(bridge_closes & F(train_stops & brake_is_pressed)),False
7666,"Stay away from landmark_5 until you arrive at park_5, but make sure to eventually photograph landmark_5",(!landmark_5 U park_5) & F(landmark_5 & photo),G(!landmark_5 U park_5) & F(photo & landmark_5),False
7667,You must eventually get_help or go_home.,F(get_help | go_home),F(get_help | go_home),True
7668,"If record the motorcycle on northeast_9th_avenue holds, then in the next step record the vehicle on east_8th_street persists until geting help holds, or else record the vehicle on east_8th_street holds forever.",record_motorcycle_northeast_9th_avenue -> X((record_vehicle_east_8th_street U get_help) | G record_vehicle_east_8th_street),G(record_motorcycle_northeast_9th_avenue -> (X(record_vehicle_east_8th_street U get_help) | G(record_vehicle_east_8th_street))),False
7669,"after both the motorbike has stopped and a car starts, absolutely never, the escalator is blocked and a semaphore is yellow",G((car_starts & motorbike_has_stopped) -> G!(escalator_is_blocked & semaphore_is_yellow)),G((motorbike_has_stopped & car_starts) -> G(!(escalator_is_blocked & semaphore_is_yellow))),True
7670,at the red room or the yellow room and head straight away to the green_room avoiding the blue_room,F green_room & G!blue_room,G(!blue_room & F(green_room)),False
7671,Continuously visit area_5 at regular intervals,GF area_5,G F area_5,True
7672,"if when possible travel_to house , take_to trash can",F travel_to_house -> take_to_trash_can,G(travel_to_house -> F take_to_trash_can),False
7673,"it is going to happen that either a table is old, the car enters or the engine breaks",F(car_enters | engine_breaks | table_is_old),F(table_is_old | car_enters | engine_breaks),True
7674,repeatedly go_to pear or at any time advance_to house,GF go_to_pear | F advance_to_house,G(go_to_pear | advance_to_house),False
7675,go_by waste bin or secure apple,go_by_waste_bin | secure_apple,G(go_by_waste_bin | secure_apple),False
7676,it is always the case that either a sensor captures data or the motorbike falls down,G(motorbike_falls_down | sensor_captures_data),G(sensor_captures_data | motorbike_falls_down),True
7677,"it will happen that a car enters and the engine stops and, in the future a bridge closes afterwards",G!(car_enters & engine_stops) | F(car_enters & engine_stops & F bridge_closes),F(car_enters & engine_stops & F(bridge_closes)),False
7678,"if when possible make_to flag , at any time track_towards tree",F make_to_flag -> F track_towards_tree,G(make_to_flag -> G(track_towards_tree)),False
7679,drop orange or hold orange,drop_orange | hold_orange,G(drop_orange | hold_orange),False
7680,Ensure you at park_7 and then capture a photo of monument_4,F(park_7 & F(monument_4 & photo)),G(park_7 -> F(photo & monument_4)),False
7681,"Take a video of the pedestrian on east_9th_avenue must keep holding until, from some point on, change light_south green holds infinitely often.",record_pedestrian_east_9th_avenue U GF change_light_south_green,G(record_pedestrian_east_9th_avenue U G F(change_light_south_green)),True
7682,drop pear and forever hold_on pear,drop_pear & G hold_on_pear,F(drop_pear & G(hold_on_pear)),False
7683,at the green_room,F green_room,G green_room,False
7684,"after a sensor captures data or a table has been moved, never, the bar is up or a sensor retrieves data",G((sensor_captures_data | table_has_been_moved) -> G!(bar_is_up | sensor_retrieves_data)),G((sensor_captures_data | table_has_been_moved) -> G(!(bar_is_up | sensor_retrieves_data))),True
7685,"Whenever change light_east red holds, record the person on east_3rd_street holds as well.",G(change_light_east_red -> record_person_east_3rd_street),G(change_light_east_red -> record_person_east_3rd_street),True
7686,Snap a photo of building 2.,F(building_2 & photo),F(photo & building_2),True
7687,Retrieve package_4 from store_2 and then deliver it to house_4,F(store_2 & F(p_package_4 & F(house_4 & pd))),G(!pd | F(pd & p_package_4 & store_2 & F(pd & p_package_4 & house_4))),False
7688,Avoid going to park 5 until you reach intersection 5 as you take a photo of monument 3,(!park_5 U intersection_5) & F(monument_3 & photo),G((photo & monument_3) -> (!park_5 U intersection_5)),False
7689,"If every communicate the safe_victim is eventually followed by establishing communication with the injured_victim, then communicate the injured_rescuer must occur infinitely often.",G(communicate_safe_victim -> F communicate_injured_victim) -> GF communicate_injured_rescuer,G(G(communicate_safe_victim -> F(communicate_injured_victim))) -> G F(communicate_injured_rescuer),True
7690,The robot must always maintain both record the vehicle on northeast_9th_street and record the car on west_3rd_avenue.,G(record_car_west_3rd_avenue & record_vehicle_northeast_9th_street),G(record_vehicle_northeast_9th_street & record_car_west_3rd_avenue),True
7691,sooner or later the bridge opens and a constructor instantiate objects,F(bridge_opens & constructor_instantiate_objects),F(bridge_opens & constructor_instantiate_objects),True
7692,don't let_go orange or grip apple,grip_apple | !let_go_orange,G(!let_go_orange & !grip_apple),False
7693,Keep visiting building 5,GF building_5,G building_5,False
7694,Do not at street_5 before reaching store_1 and taking package_4 from there.,!street_5 U (p_package_4 & store_1),G(!street_5 U (store_1 & p_package_4)),False
7695,"if either the car enters or a motorbike is driven then finally, either a motorbike catches fire or a sensor gathers information",G((car_enters | motorbike_is_driven) -> F(motorbike_catches_fire | sensor_gathers_information)),G((car_enters | motorbike_is_driven) -> F(motorbike_catches_fire | sensor_gathers_information)),True
7696,Ensure that box 2 is collected from office 4 and eventually delivered to house 1,F(office_4 & F(p_box_2 & F(house_1 & pd))),G((office_4 & p_box_2) -> F(house_1 & p_box_2)),False
7697,"first, in the future either a sensor retrieves data or a table is brown, and then, eventually, the escalator is blocked or the table is old",G!(sensor_retrieves_data | table_is_brown) | F((sensor_retrieves_data | table_is_brown) & F(escalator_is_blocked | table_is_old)),!(sensor_retrieves_data | table_is_brown) | F((sensor_retrieves_data | table_is_brown) & F(escalator_is_blocked | table_is_old)),False
7698,at the green_room only through the red_room,F(red_room & F green_room),G(green_room -> X red_room),False
7699,at green_room,F green_room,G green_room,False
7700,"when venture_to trash can , pick_up orange",venture_to_trash_can -> pick_up_orange,G(venture_to_trash_can -> F pick_up_orange),False
7701,always have apple and at any time seize orange,G have_apple & F seize_orange,G(have_apple & G(seize_orange)),False
7702,"Whenever communicate the safe_hostile holds, deliver_aid the safe_rescuer holds as well.",G(communicate_safe_hostile -> deliver_aid_safe_rescuer),G(communicate_safe_hostile -> deliver_aid_safe_rescuer),True
7703,"Stay away from intersection_8 until street_3 is reached, and ensure you at locality_5 afterward",(!intersection_8 U street_3) & F locality_5,G(!intersection_8 U (street_3 & G(locality_5))),False
7704,"Whenever get_help holds, from the next step onwards photo safe_victim will eventually hold.",G(get_help -> XF photo_safe_victim),G(get_help -> X F photo_safe_victim),True
7705,Collect the motorbike holds at all times.,G pickup_motorbike,G pickup_motorbike,True
7706,take orange or never let_go orange,take_orange | G!let_go_orange,G(take_orange | G(!let_go_orange)),False
7707,"You must Eventually, both deliver_aid the injured_hostile and go_home hold simultaneously.",F(deliver_aid_injured_hostile & go_home),F (deliver_aid_injured_hostile & go_home),True
7708,Ensure you reach table 4 and stay there continuously,FG table_4,F(table_4 & G(table_4)),True
7709,Regularly photograph landmark 21 without stopping,GF(landmark_21 & photo),G(photo & landmark_21),False
7710,it never happens that a motorbike falls down or the semaphore is yellow,G!(motorbike_falls_down | semaphore_is_yellow),G(!(motorbike_falls_down | semaphore_is_yellow)),True
7711,"first, at some point in time both the engine stops and the brake is pressed, and then, it will happen that both a car starts and the sensor captures data",G!(brake_is_pressed & engine_stops) | F(brake_is_pressed & engine_stops & F(car_starts & sensor_captures_data)),!(engine_stops & brake_is_pressed) | F((engine_stops & brake_is_pressed) & F(car_starts & sensor_captures_data)),False
7712,Ensure you keep returning to parking_lot_4 as you move document_4 from car_5 to car_6,GF parking_lot_4 & F(car_5 & F(p_document_4 & F(car_6 & pd))),G(p_document_4 & car_5 -> F(parking_lot_4 & F(p_document_4 & car_6))),False
7713,go into the red_room and move the chair into the blue_room,F(red_room & F blue_room),F(red_room & F(blue_room)),True
7714,"If photo the jaywalker on north_6th_street holds and change light_west red holds next, then photo the collision on south_7th_avenue holds in the step after that.",G((photo_jaywalker_north_6th_street & X change_light_west_red) -> XX photo_collision_south_7th_avenue),G((photo_jaywalker_north_6th_street & X change_light_west_red) -> XX photo_collision_south_7th_avenue),True
7715,Always eventually visit charger_9 as you continuously taking crate_2 from warehouse_8 to store_2,GF charger_9 & GF(warehouse_8 & F(p_crate_2 & F(pd & store_2))),G((p_crate_2 & warehouse_8 & store_2) -> F charger_9),False
7716,forever touch flag and whenever grasp apple,G touch_flag & F grasp_apple,G(touch_flag) & G(grasp_apple),False
7717,Avoid going to building 8 until you have reached parking lot 8,!building_8 U parking_lot_8,!building_8 U parking_lot_8,True
7718,"Establish communication with the safe_victim should always hold, with at most a two-step grace period for recovery.",!G!(communicate_safe_victim & X communicate_safe_victim),G(communicate_safe_victim | X(communicate_safe_victim | X communicate_safe_victim)),False
7719,"at a certain moment a house is open, a constructor instantiate objects and the elevator rises",F(constructor_instantiate_objects & elevator_rises & house_is_open),F(house_is_open & constructor_instantiate_objects & elevator_rises),True
7720,Retrieve pass 2 from house 3 and deliver it to office 2 while avoiding street 5 until after picking up pass 2,F(house_3 & F(p_pass_2 & F(office_2 & pd))) & (!street_5 U p_pass_2),G(!p_pass_2 | (p_pass_2 & G(!street_5 U (office_2 & p_pass_2)))),False
7721,"first, it is going to happen that the escalator moves or the brake is pressed, and then, finally, either the bar is closing or the motorbike has stopped",G!(brake_is_pressed | escalator_moves) | F((brake_is_pressed | escalator_moves) & F(bar_is_closing | motorbike_has_stopped)),!(escalator_moves | brake_is_pressed) | F((escalator_moves | brake_is_pressed) & F(bar_is_closing | motorbike_has_stopped)),False
7722,venture_towards house or secure apple,secure_apple | venture_towards_house,G(venture_towards_house | secure_apple),False
7723,in any case a motorbike catches fire and together the constructor instantiate objects and the escalator is blocked,G(constructor_instantiate_objects & escalator_is_blocked & motorbike_catches_fire),G(motorbike_catches_fire -> (constructor_instantiate_objects & escalator_is_blocked)),False
7724,whenever the semaphore is green or the sensor retrieves data then in any case a semaphore is yellow,G((semaphore_is_green | sensor_retrieves_data) -> G semaphore_is_yellow),G((semaphore_is_green | sensor_retrieves_data) -> F(semaphore_is_yellow)),False
7725,"when never drop apple , hold orange",G!drop_apple -> hold_orange,G(!drop_apple -> hold_orange),False
7726,never drop pear or whenever get_hold_of orange,G!drop_pear | F get_hold_of_orange,G(!drop_pear) | G(get_hold_of_orange),False
7727,always stay until when possible go_to transh can,G stay U F go_to_transh_can,G(stay U go_to_transh_can),False
7728,"Go to warehouse 3 to collect package 2, deliver it to house 1, and take a picture there",F(warehouse_3 & F(p_package_2 & F(house_1 & pd & photo))),F(warehouse_3 & F(pd & F(house_1 & photo))),False
7729,Avoid entering room 4 until you have reached building 4,!room_4 U building_4,G(!room_4 U building_4),False
7730,"it should not happen that the bar is up and, at the same time, a car enters and a semaphore is red",G!(bar_is_up & car_enters & semaphore_is_red),G!(bar_is_up & car_enters & semaphore_is_red),True
7731,"Return to base and avoid the inactive_flood never coincide, yet one of them is always true.",G!(avoid_inactive_flood & go_home) & G(avoid_inactive_flood | go_home),G(! (go_home & avoid_inactive_flood) & (go_home | avoid_inactive_flood)),True
7732,when possible have pear until when possible go_to trashcan,F have_pear U F go_to_trashcan,G(F have_pear U F go_to_trashcan),False
7733,"forever, either the constructor creates instances or the house is built after either the sensor captures data or a train has been launched",G((sensor_captures_data | train_has_been_launched) -> G(constructor_creates_instances | house_is_built)),G((constructor_creates_instances | F((sensor_captures_data | train_has_been_launched) & F(house_is_built)))),False
7734,"Take a video of the cyclist on south_1st_street must hold until geting help does, or else record the cyclist on south_1st_street holds forever.",(record_cyclist_south_1st_street U get_help) | G record_cyclist_south_1st_street,G(record_cyclist_south_1st_street U get_help) | G(record_cyclist_south_1st_street),False
7735,"in the future the elevator is blocked and, at the same time, the motorbike catches fire and a constructor creates instances",F(constructor_creates_instances & elevator_is_blocked & motorbike_catches_fire),F(elevator_is_blocked & motorbike_catches_fire & constructor_creates_instances),True
7736,"always, both the train stops and a sensor gathers information after the semaphore is yellow",G(semaphore_is_yellow -> G(sensor_gathers_information & train_stops)),G(semaphore_is_yellow -> F(train_stops & sensor_gathers_information)),False
7737,under no condition both a train stops and a car stops,G!(car_stops & train_stops),G!(train_stops & car_stops),True
7738,Visit parking lot 5 and remain there indefinitely.,FG parking_lot_5,F(parking_lot_5 & G(parking_lot_5)),True
7739,Periodically visit house_2 and pickup trash_can_4 each time,GF(house_2 & p_trash_can_4),G(house_2 -> F(p_trash_can_4 & G(!p_trash_can_4 U house_2))),False
7740,repeatedly grab tree or whenever track_towards tree,GF grab_tree | F track_towards_tree,G(grab_tree | track_towards_tree),False
7741,at some time start_going_to house or when possible go_to trashcan,F start_going_to_house | F go_to_trashcan,F(start_going_to_house | go_to_trashcan),True
7742,Remain in park 1 until you arrive at table 3,park_1 U table_3,park_1 U table_3,True
7743,Repeatedly capture photos of statue_4 while persistently returning to charger_4,GF(photo & statue_4) & GF charger_4,G(photo & statue_4) & G(charger_4),False
7744,"If record the car on northeast_6th_avenue happens infinitely often, then so does get_help.",GF record_car_northeast_6th_avenue -> GF get_help,G F record_car_northeast_6th_avenue -> G F get_help,True
7745,"If every get_help is eventually followed by taking a photo of the jaywalker on south_6th_avenue, then record the pedestrian on south_2nd_street must occur infinitely often.",G(get_help -> F photo_jaywalker_south_6th_avenue) -> GF record_pedestrian_south_2nd_street,G(get_help -> F(photo_jaywalker_south_6th_avenue)) -> G F(record_pedestrian_south_2nd_street),True
7746,Take box_5 to store_6 after picking it up from plant_8,F(plant_8 & F(p_box_5 & F(pd & store_6))),G(p_box_5 & plant_8 -> F(pd & store_6)),False
7747,go_by waste bin can infer that never drop apple,go_by_waste_bin -> G!drop_apple,G(go_by_waste_bin -> G(!drop_apple)),False
7748,every time the train derails then in the future a motorbike catches fire and the bar has to be repaired,G(train_derails -> F(bar_has_to_be_repaired & motorbike_catches_fire)),G(train_derails -> F(motorbike_catches_fire & bar_has_to_be_repaired)),True
7749,if a car enters or a motorbike is driven then sooner or later a bridge closes or the car starts,G((car_enters | motorbike_is_driven) -> F(bridge_closes | car_starts)),G((car_enters | motorbike_is_driven) -> F(bridge_closes | car_starts)),True
7750,"Whenever photo debris holds, go_home holds as well.",G(photo_debris -> go_home),G(photo_debris -> go_home),True
7751,"under no condition a semaphore is red, an elevator rises and a bridge closes",G!(bridge_closes & elevator_rises & semaphore_is_red),G(!(semaphore_is_red & elevator_rises & bridge_closes)),True
7752,Remain in park_1 until you arrive at table_3,park_1 U table_3,park_1 U table_3,True
7753,"finally, the semaphore is red or the engine stops and, it will happen that a sensor gathers information afterwards",G!(engine_stops | semaphore_is_red) | F((engine_stops | semaphore_is_red) & F sensor_gathers_information),F((semaphore_is_red | engine_stops) & F(sensor_gathers_information)),False
7754,do not let_go pear or at some time go_past flag,!let_go_pear | F go_past_flag,G(!let_go_pear) | F(go_past_flag),False
7755,whenever the train has arrived and a sensor gathers information then it is always true that the engine starts and the table is old,G((sensor_gathers_information & train_has_arrived) -> G(engine_starts & table_is_old)),G((train_has_arrived & sensor_gathers_information) -> G(engine_starts & table_is_old)),True
7756,at some time pass_by waste receptacle until when possible grasp pear,F pass_by_waste_receptacle U F grasp_pear,F(pass_by_waste_receptacle U grasp_pear),True
7757,"Eventually(Reach bench_4, take a photograph, and continue staying there)",F(bench_4 & photo & G bench_4),F(bench_4 & photo & G(bench_4)),True
7758,always when the brake is released or a semaphore is red then sooner or later both the engine breaks and the train has arrived,G((brake_is_released | semaphore_is_red) -> F(engine_breaks & train_has_arrived)),G((brake_is_released | semaphore_is_red) -> F(engine_breaks & train_has_arrived)),True
7759,"at any time the motorbike catches fire and, at the same time, the car stops and a bridge closes",G(bridge_closes & car_stops & motorbike_catches_fire),G(motorbike_catches_fire & car_stops & bridge_closes),True
7760,Keep visiting parking lot 4 as you take document 4 from car 5 to car 6,GF parking_lot_4 & F(car_5 & F(p_document_4 & F(car_6 & pd))),G((p_document_4 & car_5) -> (parking_lot_4 U (p_document_4 & car_6))),False
7761,Stay within park_2 until you capture a photo of monument_13,park_2 U (monument_13 & photo),park_2 U (photo & monument_13),True
7762,You must always have either idle or pickup the cake.,G(idle | pickup_cake),G(idle | pickup_cake),True
7764,"Communicate with the safe_rescuer and photo unsafe_victim never coincide, yet one of them is always true.",G!(communicate_safe_rescuer & photo_unsafe_victim) & G(communicate_safe_rescuer | photo_unsafe_victim),G(!(communicate_safe_rescuer & photo_unsafe_victim) & (communicate_safe_rescuer | photo_unsafe_victim)),True
7765,when possible get_near flag and repeatedly go_to apple trashcan,F get_near_flag & GF go_to_apple_trashcan,G(get_near_flag -> F(go_to_apple_trashcan & F(go_to_apple_trashcan))),False
7766,when possible clutch orange or snatch_up pear,snatch_up_pear | F clutch_orange,G(clutch_orange | snatch_up_pear),False
7767,Ensure you keep taking pictures of monument 8 while avoiding going to monument 8 until you have reached park 4,GF(monument_8 & photo) & (!monument_8 U park_4),G(!park_4 -> (photo & !monument_8)) & G(park_4 -> G(photo)),False
7768,whenever a sensor captures data then it is going to happen that either the elevator rises or an elevator falls,G(sensor_captures_data -> F(elevator_falls | elevator_rises)),G(sensor_captures_data -> F(elevator_rises | elevator_falls)),True
7769,"If get_help ever holds, deliver_aid the injured_victim must have held beforehand.",F get_help -> (!get_help U (deliver_aid_injured_victim & !get_help)),G(get_help -> !deliver_aid_injured_victim R get_help),False
7770,"When get_help happens, deliver the book to the shelf must hold now or in the next step.",G(get_help -> (deliver_book_shelf | X deliver_book_shelf)),G(get_help -> (deliver_book_shelf | X deliver_book_shelf)),True
7771,don't let_go pear and at some time journey_by house,!let_go_pear & F journey_by_house,G(!let_go_pear) & F(journey_by_house),False
7772,"first, finally, a house is open or the motorbike is driven, and then, at a certain moment a train has arrived",G!(house_is_open | motorbike_is_driven) | F((house_is_open | motorbike_is_driven) & F train_has_arrived),!(house_is_open | motorbike_is_driven) | F((house_is_open | motorbike_is_driven) & F(train_has_arrived)),False
7773,in the future the house is built or a car enters,F(car_enters | house_is_built),F(house_is_built | car_enters),True
7774,"In this task, get_help, then communicate the injured_victim.",get_help U communicate_injured_victim,F(get_help & F(communicate_injured_victim)),False
7775,do not let_go pear or whenever make_contact_with house,!let_go_pear | F make_contact_with_house,G(!let_go_pear | G(make_contact_with_house)),False
7776,"after a train has arrived, at some point the engine starts or the sensor captures data",G(train_has_arrived -> F(engine_starts | sensor_captures_data)),G(train_has_arrived -> F(engine_starts | sensor_captures_data)),True
7777,"When record the jaywalker on west_10th_street happens, get_help must hold now or in the next step.",G(record_jaywalker_west_10th_street -> (get_help | X get_help)),G(record_jaywalker_west_10th_street -> (get_help | X get_help)),True
7778,"under no circumstances either the train derails, a table has been moved or the semaphore is red",G!(semaphore_is_red | table_has_been_moved | train_derails),G(!(train_derails | table_has_been_moved | semaphore_is_red)),True
7779,Deliver aid to the injured_hostile and communicate the safe_victim are mutually exclusive at all times.,G!(communicate_safe_victim & deliver_aid_injured_hostile),G(!(deliver_aid_injured_hostile & communicate_safe_victim)),True
7780,"Stand by should always hold, with at most a two-step grace period for recovery.",!G!(idle & X idle),G(idle | X(idle | X(idle))),False
7781,at any time a table is brown and together a sensor retrieves data and an elevator is blocked,G(elevator_is_blocked & sensor_retrieves_data & table_is_brown),G(table_is_brown & sensor_retrieves_data & elevator_is_blocked),True
7782,"Our agent must pickup the teddy-bear must hold until searching the tie does, or else pickup the teddy-bear holds forever.",(pickup_teddy_bear U search_tie) | G pickup_teddy_bear,G(pickup_teddy_bear U search_tie) | G(pickup_teddy_bear),False
7783,The system must always avoid photoing the person on southeast_4th_street.,G!photo_person_southeast_4th_street,G! photo_person_southeast_4th_street,True
7784,"after both the bar is down and a semaphore is red, eternally, the engine stops and the bridge opens",G((bar_is_down & semaphore_is_red) -> G(bridge_opens & engine_stops)),G((bar_is_down & semaphore_is_red) -> G(engine_stops & bridge_opens)),True
7785,at the blue_room keep going and stop when you reach the red_room,F(blue_room & F red_room),G(blue_room -> (blue_room U red_room)),False
7786,move from your room to the yellow_room,F yellow_room,F yellow_room,True
7787,never drop orange or at some time be_at house,G!drop_orange | F be_at_house,G(!drop_orange) | F(be_at_house),True
7788,"Whenever go_home holds, eventually communicate the safe_hostile will hold.",G(go_home -> F communicate_safe_hostile),G(go_home -> F(communicate_safe_hostile)),True
7789,Ensure you keep taking crate_1 from storage_4 to office_2 repeatedly,GF(storage_4 & F(p_crate_1 & F(office_2 & pd))),G(F(storage_4 & p_crate_1 & F(office_2))),False
7790,"first, sooner or later either the bridge opens or the bar is up, and then, finally, the train has arrived",G!(bar_is_up | bridge_opens) | F((bar_is_up | bridge_opens) & F train_has_arrived),!(bridge_opens | bar_is_up) | F((bridge_opens | bar_is_up) & F(train_has_arrived)),False
7791,"If record the motorcycle on northwest_10th_street ever holds, get_help must have held beforehand.",F record_motorcycle_northwest_10th_street -> (!record_motorcycle_northwest_10th_street U (get_help & !record_motorcycle_northwest_10th_street)),G(record_motorcycle_northwest_10th_street -> !record_motorcycle_northwest_10th_street R get_help),False
7792,Persistently stay in area 2 while regularly going to building 8 to photograph it,G area_2 & GF(building_8 & photo),G(area_2 & F(building_8 & photo)),True
7793,pick_up pear or always have apple,pick_up_pear | G have_apple,F(pick_up_pear) | G(have_apple),False
7794,"Once get_help has occurred, avoid the active_gas_leak will never occur again.",G(get_help -> XG!avoid_active_gas_leak),G(get_help -> G(!avoid_active_gas_leak)),False
7795,"eternally, a car starts and a semaphore is yellow",G(car_starts & semaphore_is_yellow),G(car_starts & semaphore_is_yellow),True
7796,"when at some time make_to flag , snatch_up pear",F make_to_flag -> snatch_up_pear,G(make_to_flag -> F(snatch_up_pear)),False
7797,every time the escalator is blocked or the constructor creates instances then in the future both the semaphore is broken and the semaphore is green,G((constructor_creates_instances | escalator_is_blocked) -> F(semaphore_is_broken & semaphore_is_green)),G((escalator_is_blocked | constructor_creates_instances) -> F(semaphore_is_broken & semaphore_is_green)),True
7798,"Whenever deliver the aeroplane to the shelf holds, get_help holds as well.",G(deliver_aeroplane_shelf -> get_help),G(deliver_aeroplane_shelf -> get_help),True
7799,"From some point onwards, idle never occurs again.",FG!idle,F G ! idle,True
7800,"Whenever deliver_aid the injured_rescuer holds, eventually get_help will hold.",G(deliver_aid_injured_rescuer -> F get_help),G(deliver_aid_injured_rescuer -> F(get_help)),True
7801,it should not happen that either the engine breaks or the engine starts,G!(engine_breaks | engine_starts),G(!(engine_breaks | engine_starts)),True
7802,"first, it will happen that a train has arrived, and then, at some point in time both a table has been moved and the motorbike is driven",G!train_has_arrived | F(train_has_arrived & F(motorbike_is_driven & table_has_been_moved)),F(train_has_arrived & F(table_has_been_moved & motorbike_is_driven)),False
7803,Eventually (take a picture of landmark 9 and stay at landmark 9 permanently),F(landmark_9 & photo & G landmark_9),F(photo & landmark_9 & G(landmark_9)),True
7804,"Whenever neither avoid the active_unstable_beam nor photo gas_leak holds, get_help eventually holds.",G(!(avoid_active_unstable_beam & photo_gas_leak) -> F get_help),G((!avoid_active_unstable_beam & !photo_gas_leak) -> F get_help),False
7805,Never go to building 2 as you pick up letter 5 from office 6,G!building_2 & F(office_6 & p_letter_5),G(p_letter_5 -> G(!building_2)),False
7806,"Whenever neither photo the motorcycle on north_2nd_avenue nor change light_south green holds, record the person on west_7th_avenue eventually holds.",G(!(change_light_south_green & photo_motorcycle_north_2nd_avenue) -> F record_person_west_7th_avenue),G(!(photo_motorcycle_north_2nd_avenue | change_light_south_green) -> F(record_person_west_7th_avenue)),False
7807,"Whenever pickup the scissors holds, eventually get_help will hold.",G(pickup_scissors -> F get_help),G(pickup_scissors -> F get_help),True
7808,"it is going to happen that either a sensor retrieves data, a semaphore is red or a manager handles requests",F(manager_handles_requests | semaphore_is_red | sensor_retrieves_data),F(sensor_retrieves_data | semaphore_is_red | manager_handles_requests),True
7809,Go to intersection_5 and stay there,FG intersection_5,F (intersection_5 & G intersection_5),True
7810,if the train has arrived then it will happen that both a semaphore is green and a bridge opens,G(train_has_arrived -> F(bridge_opens & semaphore_is_green)),G(train_has_arrived -> F(semaphore_is_green & bridge_opens)),True
7811,whenever a semaphore is yellow then at some point the train has arrived or the constructor instantiate objects,G(semaphore_is_yellow -> F(constructor_instantiate_objects | train_has_arrived)),G(semaphore_is_yellow -> F(train_has_arrived | constructor_instantiate_objects)),True
7812,sooner or later the bar has to be repaired and together a train stops and a sensor gathers information,F(bar_has_to_be_repaired & sensor_gathers_information & train_stops),F(bar_has_to_be_repaired & train_stops & sensor_gathers_information),True
7813,"If every deliver the fire_hydrant to the shelf is eventually followed by handing over the motorbike to the loading_dock, then idle must occur infinitely often.",G(deliver_fire_hydrant_shelf -> F deliver_motorbike_loading_dock) -> GF idle,G(G(deliver_fire_hydrant_shelf -> F(deliver_motorbike_loading_dock)) -> G F(idle)),False
7814,never drop apple or at any time withhold apple,G!drop_apple | F withhold_apple,G(!drop_apple & !withhold_apple),False
7815,forever hold_on pear or do not let_go pear,!let_go_pear | G hold_on_pear,G(hold_on_pear | !let_go_pear),False
7816,hold pear or hold pear,hold_pear,G(hold_pear),False
7817,This controller must always avoid picking up the sandwich.,G!pickup_sandwich,G! pickup_sandwich,True
7818,whenever capture pear until at any time tax apple,F capture_pear U F tax_apple,G(capture_pear -> (capture_pear U tax_apple)),False
7819,"when whenever scoop_up pear , reach trash can",F scoop_up_pear -> reach_trash_can,G(scoop_up_pear -> reach_trash_can),False
7820,"Drop off the baseball_glove to the loading_dock must keep holding until, from some point on, pickup the horse holds infinitely often.",deliver_baseball_glove_loading_dock U GF pickup_horse,G(deliver_baseball_glove_loading_dock U G F(pickup_horse)),True
7821,do not let_go pear until at any time venture flag,!let_go_pear U F venture_flag,!let_go_pear U venture_flag,False
7822,"it will happen that both the elevator is open and a train has arrived and, eventually, both the train has arrived and the bar is down afterwards",G!(elevator_is_open & train_has_arrived) | F(elevator_is_open & train_has_arrived & F(bar_is_down & train_has_arrived)),F((elevator_is_open & train_has_arrived) & F(train_has_arrived & bar_is_down)),False
7823,The robot must always avoid remaining still.,G!idle,G! idle,True
7824,Repeatedly photograph area 51 while ensuring you also return to charger 4 regularly,GF(area_51 & photo) & GF charger_4,G(F(photo & area_51) & F(charger_4)),True
7825,at some time snatch pear until go_visit flag,F snatch_pear U go_visit_flag,F(snatch_pear U go_visit_flag),False
7826,Refrain from visiting building 9 at all times,G!building_9,G! building_9,True
7827,it should not happen that either the elevator is blocked or a constructor instantiate objects,G!(constructor_instantiate_objects | elevator_is_blocked),G!((elevator_is_blocked | constructor_instantiate_objects)),True
7828,"after the elevator is blocked or the elevator falls, absolutely never, either the escalator is blocked or the bar is down",G((elevator_falls | elevator_is_blocked) -> G!(bar_is_down | escalator_is_blocked)),G((elevator_is_blocked | elevator_falls) -> G(!(escalator_is_blocked | bar_is_down))),True
7829,at any time start_going_to house and always hold_on pear,F start_going_to_house & G hold_on_pear,G(start_going_to_house & G(hold_on_pear)),False
7830,Search for the train and get_help will each happen at some point.,F search_train & F get_help,F search_train & F get_help,True
7831,move toward either the yellow or blue_room then into the green_room,F((blue_room | yellow_room) & F green_room),F((yellow_room | blue_room) & F(green_room)),True
7832,"if whenever travel_to house , take apple",F travel_to_house -> take_apple,G(travel_to_house -> take_apple),False
7833,The robot must always maintain both deliver_aid the safe_victim and get_help.,G(deliver_aid_safe_victim & get_help),G(get_help & deliver_aid_safe_victim),True
7834,all the time either a table is brown or the elevator is blocked,G(elevator_is_blocked | table_is_brown),G(table_is_brown | elevator_is_blocked),True
7835,Never go to hall 1 to pick up file 6,G!(hall_1 & p_file_6),G(!(hall_1 & p_file_6)),True
7836,Never at street_3,G!street_3,G! street_3,True
7837,Do not pick up cone 1 or cone 2 at any time,G!(p_cone_1 | p_cone_2),G(!p_cone_1 & !p_cone_2),True
7838,"after the train has been launched and the bar is closing, it is always true that the sensor captures data or a train has been launched",G((bar_is_closing & train_has_been_launched) -> G(sensor_captures_data | train_has_been_launched)),G((train_has_been_launched & bar_is_closing) -> G(sensor_captures_data | train_has_been_launched)),True
7839,Remain in building 9 until you pick up bottle 3 from room 2 and deliver it to room 6,building_9 U (room_2 & F(p_bottle_3 & F(pd & room_6))),(building_9 & !p_bottle_3) U (p_bottle_3 & room_2 & F(room_6 & p_bottle_3)),False
7840,at any time obtain pear or forever have apple,F obtain_pear | G have_apple,G(obtain_pear | G(have_apple)),False
7841,"Either get_help happens infinitely often, or avoid the inactive_unstable_beam happens in the next step.",GF get_help | X avoid_inactive_unstable_beam,G F get_help | X avoid_inactive_unstable_beam,True
7842,at some point the motorbike catches fire and the train has been launched,F(motorbike_catches_fire & train_has_been_launched),F(motorbike_catches_fire & F(train_has_been_launched)),False
7843,at any time make_contact_with house until at any time take_possession_of bear,F make_contact_with_house U F take_possession_of_bear,G(make_contact_with_house U G(take_possession_of_bear)),False
7844,move_to tree or repeatedly go_to waste basket,move_to_tree | GF go_to_waste_basket,F(move_to_tree | G(go_to_waste_basket)),False
7845,at the green_room without using the yellow_room,F green_room & G!yellow_room,G(green_room -> !yellow_room),False
7846,every time a semaphore is red and the car stops,G(car_stops & semaphore_is_red),G((semaphore_is_red & car_stops) -> G(semaphore_is_red & car_stops)),False
7847,Keep visiting building_5,GF building_5,G building_5,False
7848,Release anything you are holding and proceed to parking lot 2,F(pd & F parking_lot_2),G(!pd & F(parking_lot_2)),False
7849,whenever the car starts and the house is open then at some point in time the train derails,G((car_starts & house_is_open) -> F train_derails),G((car_starts & house_is_open) -> F(train_derails)),True
7851,"as either the engine breaks or a table has been moved, it will happen that a sensor captures data",G((engine_breaks | table_has_been_moved) -> F sensor_captures_data),G((engine_breaks | table_has_been_moved) -> F(sensor_captures_data)),True
7852,"first, in the future the bridge closes or the semaphore is broken, and then, sooner or later the train has arrived",G!(bridge_closes | semaphore_is_broken) | F((bridge_closes | semaphore_is_broken) & F train_has_arrived),!(bridge_closes | semaphore_is_broken) | F((bridge_closes | semaphore_is_broken) & F(train_has_arrived)),False
7853,put_in apple bucket and at any time get orange,put_in_apple_bucket & F get_orange,G(put_in_apple_bucket & get_orange),False
7854,Refrain from entering park 5 throughout,G!park_5,G! park_5,True
7855,"You must eventually, avoid pickuping the toothbrush.",F!pickup_toothbrush,G(!pickup_toothbrush),False
7856,Our agent must always have either deliver the bench to the loading_dock or get_help.,G(deliver_bench_loading_dock | get_help),G(get_help | deliver_bench_loading_dock),True
7857,"in the future a sensor gathers information and, at the same time, the elevator rises and the semaphore is green",F(elevator_rises & semaphore_is_green & sensor_gathers_information),F(sensor_gathers_information & elevator_rises & semaphore_is_green),True
7858,Deliver aid to the injured_victim holds at all times.,G deliver_aid_injured_victim,G deliver_aid_injured_victim,True
7859,Keep taking crate 8 from warehouse 4 to store 8 and also keep visiting charger 2,GF(warehouse_4 & F(p_crate_8 & F(pd & store_8))) & GF charger_2,G(p_crate_8 & warehouse_4 & store_8 & charger_2),False
7860,"Whenever change light_south red holds, eventually change light_west green will hold.",G(change_light_south_red -> F change_light_west_green),G(change_light_south_red -> F(change_light_west_green)),True
7861,Every photo the cyclist on northeast_3rd_street is directly followed by begining recording the person on southwest_8th_avenue in the next step.,G(photo_cyclist_northeast_3rd_street -> X record_person_southwest_8th_avenue),G(photo_cyclist_northeast_3rd_street -> X record_person_southwest_8th_avenue),True
7862,"never, both the train stops and a motorbike has started",G!(motorbike_has_started & train_stops),G!(train_stops & motorbike_has_started),True
7863,"after either a semaphore is green or the motorbike falls down, it should not happen that the engine stops or the train is crossing",G((motorbike_falls_down | semaphore_is_green) -> G!(engine_stops | train_is_crossing)),G((semaphore_is_green | motorbike_falls_down) -> G(!(engine_stops | train_is_crossing))),True
7864,never drop pear until at some time have_possession_of apple,G!drop_pear U F have_possession_of_apple,G(!drop_pear U have_possession_of_apple),False
7865,if a semaphore is yellow then at any time either the brake is released or the escalator is blocked,G(semaphore_is_yellow -> G(brake_is_released | escalator_is_blocked)),G(semaphore_is_yellow -> (brake_is_released | escalator_is_blocked)),False
7866,Either get_help or idle happens infinitely often.,GF get_help | GF idle,G F (get_help | idle),True
7867,always when either the semaphore is green or the bar is down then sooner or later both the elevator falls and a house is built,G((bar_is_down | semaphore_is_green) -> F(elevator_falls & house_is_built)),G((semaphore_is_green | bar_is_down) -> F(elevator_falls & house_is_built)),True
7868,"If deliver the sandwich to the loading_dock holds, then in the next step search the baseball_bat persists until get_help holds, or else search the baseball_bat holds forever.",deliver_sandwich_loading_dock -> X((search_baseball_bat U get_help) | G search_baseball_bat),G(deliver_sandwich_loading_dock -> (X(search_baseball_bat U get_help) | G(search_baseball_bat))),False
7869,"after a semaphore is yellow, it is going to happen that either a sensor retrieves data or a bridge closes",G(semaphore_is_yellow -> F(bridge_closes | sensor_retrieves_data)),G(semaphore_is_yellow -> F(sensor_retrieves_data | bridge_closes)),True
7870,"Whenever get_help and go_home are equal, go_home and record injured_person are equal as well.",G((get_help <-> go_home) -> (go_home <-> record_injured_person)),G((get_help <-> go_home) -> (go_home <-> record_injured_person)),True
7871,if a semaphore is yellow then all the time a sensor captures data or the engine breaks,G(semaphore_is_yellow -> G(engine_breaks | sensor_captures_data)),G(semaphore_is_yellow -> G(sensor_captures_data | engine_breaks)),True
7872,You must always avoid deliver the banana to the loading_dock.,G!deliver_banana_loading_dock,G! deliver_banana_loading_dock,True
7873,forever have_in orange or forever have_in orange,G have_in_orange,G have_in_orange | G have_in_orange,True
7874,when possible go_near pear or procure apple,procure_apple | F go_near_pear,G((go_near_pear | procure_apple) -> F(go_near_pear | procure_apple)),False
7875,Retrieve traffic cone 5 from street 4 and transport it to intersection 6,F(street_4 & F(p_traffic_cone_5 & F(intersection_6 & pd))),G(!pd | F(pd & street_4 & p_traffic_cone_5 & F(intersection_6))),False
7876,"Whenever neither get_help nor change light_east yellow holds, record the jaywalker on east_2nd_avenue eventually holds.",G(!(change_light_east_yellow & get_help) -> F record_jaywalker_east_2nd_avenue),G(!(get_help | change_light_east_yellow) -> F(record_jaywalker_east_2nd_avenue)),False
7877,"first, in the future a bridge closes, and then, at some point in time a constructor creates instances or the motorbike is driven",G!bridge_closes | F(bridge_closes & F(constructor_creates_instances | motorbike_is_driven)),F(bridge_closes & F((constructor_creates_instances | motorbike_is_driven))),False
7878,repeatedly go_to waste basket or whenever get_to cup,GF go_to_waste_basket | F get_to_cup,G(go_to_waste_basket | G(get_to_cup -> F(go_to_waste_basket))),False
7879,"finally, the train has arrived and, eventually, the car stops or the brake is released afterwards",G!train_has_arrived | F(train_has_arrived & F(brake_is_released | car_stops)),F(train_has_arrived & F(car_stops | brake_is_released)),False
7880,secure apple and whenever reach flag,secure_apple & F reach_flag,G(secure_apple) & G(reach_flag -> F(secure_apple)),False
7881,repeatedly grab tree or take_to trashcan,take_to_trashcan | GF grab_tree,G(F(grab_tree | take_to_trashcan)),False
7882,The robot must always maintain both get_help and deliver_aid the safe_hostile.,G(deliver_aid_safe_hostile & get_help),G(get_help & deliver_aid_safe_hostile),True
7883,at some time get_hold_of orange or forever have apple,F get_hold_of_orange | G have_apple,F(get_hold_of_orange | G(have_apple)),False
7884,Every change light_north yellow is directly followed by geting help in the next step.,G(change_light_north_yellow -> X get_help),G(change_light_north_yellow -> X get_help),True
7885,at some point in time a bridge opens or the bridge closes,F(bridge_closes | bridge_opens),F(bridge_opens | bridge_closes),True
7886,whenever the brake is pressed or the engine stops then in the future the train has arrived,G((brake_is_pressed | engine_stops) -> F train_has_arrived),G((brake_is_pressed | engine_stops) -> F(train_has_arrived)),True
7887,Every idle is directly followed by droping off the toilet to the loading_dock in the next step.,G(idle -> X deliver_toilet_loading_dock),G(idle -> X deliver_toilet_loading_dock),True
7888,Avoid accessing parking_lot_8 en route to street_5,G!parking_lot_8 & F street_5,G(!parking_lot_8 U street_5),False
7889,enter the yellow_room by way of the green_room,F(green_room & F yellow_room),G(!yellow_room | F(green_room & F(yellow_room))),False
7890,forever have_in orange or at some time visit trash bin,G have_in_orange | F visit_trash_bin,G(have_in_orange | F(visit_trash_bin)),False
7891,at no time the semaphore is green or a house collapses or the escalator moves,G!(escalator_moves | house_collapses | semaphore_is_green),G(!(semaphore_is_green | house_collapses | escalator_moves)),True
7892,"Whenever get_help and record the pedestrian on southeast_8th_street are equal, record the pedestrian on southeast_8th_street and photo the vehicle on north_10th_street are equal as well.",G((get_help <-> record_pedestrian_southeast_8th_street) -> (photo_vehicle_north_10th_street <-> record_pedestrian_southeast_8th_street)),G((get_help <-> record_pedestrian_southeast_8th_street) -> (record_pedestrian_southeast_8th_street <-> photo_vehicle_north_10th_street)),True
7893,"Reach landmark 9, capture an image, and remain there forever",F(landmark_9 & photo & G landmark_9),F(landmark_9 & photo & G(landmark_9 & photo)),False
7894,Remain in park 2 until you take a picture of monument 13,park_2 U (monument_13 & photo),(park_2 & !photo) U (photo & monument_13),False
7895,"finally, either the bridge opens or the bar is up and, eventually, both a manager collect claims and a semaphore is broken afterwards",G!(bar_is_up | bridge_opens) | F((bar_is_up | bridge_opens) & F(manager_collect_claims & semaphore_is_broken)),F((bridge_opens | bar_is_up) & F(manager_collect_claims & semaphore_is_broken)),False
7896,"first, at a certain moment the bar has to be repaired and the car stops, and then, at a certain moment a sensor gathers information",G!(bar_has_to_be_repaired & car_stops) | F(bar_has_to_be_repaired & car_stops & F sensor_gathers_information),F(bar_has_to_be_repaired & car_stops & F(sensor_gathers_information)),False
7897,Avoid picking up both cone 1 and cone 2 indefinitely,G!(p_cone_1 | p_cone_2),G(!(p_cone_1 & p_cone_2)),False
7898,Ensure luggage 2 is picked up and delivered to room 402,F(p_luggage_2 & F(pd & room_402)),G(p_luggage_2 -> (pd & room_402)),False
7899,"it is never the case that a semaphore is broken, the escalator moves and the table has been moved",G!(escalator_moves & semaphore_is_broken & table_has_been_moved),G(!(semaphore_is_broken & escalator_moves & table_has_been_moved)),True
7900,always touch flag or at any time journey_to tree,G touch_flag | F journey_to_tree,G(touch_flag | journey_to_tree),False
7901,forever have apple can infer that when possible proceed_to flag,G have_apple -> F proceed_to_flag,G(have_apple -> F(proceed_to_flag)),False
7902,if either an elevator is open or a house is built then it is always the case that either a semaphore is green or a sensor retrieves data,G((elevator_is_open | house_is_built) -> G(semaphore_is_green | sensor_retrieves_data)),G((elevator_is_open | house_is_built) -> G(semaphore_is_green | sensor_retrieves_data)),True
7903,"after a semaphore is green or the bar is up, it should not happen that the bar has to be repaired and the engine stops",G((bar_is_up | semaphore_is_green) -> G!(bar_has_to_be_repaired & engine_stops)),G((semaphore_is_green | bar_is_up) -> G(!(bar_has_to_be_repaired & engine_stops))),True
7904,"Hand over the bottle to the shelf must hold until idle does, or else deliver the bottle to the shelf holds forever.",(deliver_bottle_shelf U idle) | G deliver_bottle_shelf,G(!idle -> G(deliver_bottle_shelf)),False
7905,Avoid street 4 as you transport package 8 from store 7 to house 2,G!street_4 & F(store_7 & F(p_package_8 & F(house_2 & pd))),G((p_package_8 & store_7) -> G(!street_4 U house_2)),False
7906,hold orange until at some time obtain orange,hold_orange U F obtain_orange,hold_orange U obtain_orange,False
7907,"first, at some point a train has arrived, and then, sooner or later the bridge closes",G!train_has_arrived | F(train_has_arrived & F bridge_closes),!(train_has_arrived) | F(train_has_arrived & F(bridge_closes)),False
7908,"if the semaphore is yellow then eternally, the escalator moves and the bar is closing",G(semaphore_is_yellow -> G(bar_is_closing & escalator_moves)),G(semaphore_is_yellow -> G(escalator_moves & bar_is_closing)),True
7909,Take a picture of monument_3 without ever entering park_3,G!park_3 & F(monument_3 & photo),G(!park_3) & F(photo & monument_3),True
7910,at some time go_to tree until repeatedly go_to waste basket,F go_to_tree U GF go_to_waste_basket,F(go_to_tree U G(go_to_waste_basket)),False
7911,whenever venture house until when possible pick_up peach,F venture_house U F pick_up_peach,G(venture_house -> (venture_house U pick_up_peach)),False
7912,Idle holds at all times.,G idle,G idle,True
7913,at some time approach flag or never drop apple,F approach_flag | G!drop_apple,F (approach_flag | G !drop_apple),False
7914,"whenever both the house is built and the train derails then always, either the car starts or the bar is closing",G((house_is_built & train_derails) -> G(bar_is_closing | car_starts)),G((house_is_built & train_derails) -> G(car_starts | bar_is_closing)),True
7915,never drop orange or at any time grab flag,G!drop_orange | F grab_flag,G(!drop_orange) & G(grab_flag),False
7916,never let_go apple and at any time contact flag,G!let_go_apple & F contact_flag,G(!let_go_apple) & G(contact_flag),False
7917,Avoid entering street 3 while ensuring you reach building 4,G!street_3 & F building_4,G(!street_3) & F(building_4),True
7918,under no circumstances a house collapses or a motorbike has stopped,G!(house_collapses | motorbike_has_stopped),G(!(house_collapses | motorbike_has_stopped)),True
7919,Refrain from visiting parking_lot_5 while photographing car_3,G!parking_lot_5 & F(car_3 & photo),G(!(photo & car_3 & parking_lot_5)),False
7920,at any time go_by waste basket or go_by waste bin,go_by_waste_bin | F go_by_waste_basket,G(go_by_waste_basket | go_by_waste_bin),False
7921,"as a car stops or the elevator falls, at some point in time the engine stops and the sensor retrieves data",G((car_stops | elevator_falls) -> F(engine_stops & sensor_retrieves_data)),G((car_stops | elevator_falls) -> F(engine_stops & sensor_retrieves_data)),True
7922,whenever pass_by trash bin or pick_up flag,pick_up_flag | F pass_by_trash_bin,G((pass_by_trash_bin | pick_up_flag) -> F(pass_by_trash_bin | pick_up_flag)),False
7923,at any time go_to flag until stop_by flag,F go_to_flag U stop_by_flag,G(go_to_flag U stop_by_flag),False
7924,at some time go_past house and repeatedly go_to waste basket,F go_past_house & GF go_to_waste_basket,F(go_past_house & G(go_to_waste_basket)),False
7925,at some time yield pear until capture orange,F yield_pear U capture_orange,F(yield_pear U capture_orange),False
7926,This controller must always avoid calling for help.,G!get_help,G! get_help,True
7927,at any time make_your_way flag or when possible grasp apple,F make_your_way_flag | F grasp_apple,G(make_your_way_flag | grasp_apple),False
7928,at the green_room either through the red_room or through the blue_room only,F((blue_room | red_room) & F green_room),G(green_room -> (red_room | blue_room)),False
7929,Find your way to park 5,F park_5,F park_5,True
7930,in any case either a bridge opens or the train stops,G(bridge_opens | train_stops),G(bridge_opens | train_stops),True
7931,Persistently take pictures of area_4 while repeatedly capturing images of area_3,GF(area_4 & photo) & GF(area_3 & photo),G(area_4 & photo & area_3 & photo),False
7932,take pear or reach trash can,reach_trash_can | take_pear,G(take_pear | reach_trash_can),False
7933,Our agent must eventually get_help or deliver the chair to the loading_dock.,F(deliver_chair_loading_dock | get_help),F(get_help | deliver_chair_loading_dock),True
7934,"after either the bridge closes or a car starts, at some point in time the train has arrived",G((bridge_closes | car_starts) -> F train_has_arrived),G((bridge_closes | car_starts) -> F(train_has_arrived)),True
7935,"Call for help should always hold, with at most a two-step grace period for recovery.",!G!(get_help & X get_help),G(get_help | X(get_help | X(get_help))),False
7936,"at some point either the bar is down or a motorbike is driven and, at some point in time a sensor gathers information afterwards",G!(bar_is_down | motorbike_is_driven) | F((bar_is_down | motorbike_is_driven) & F sensor_gathers_information),F((bar_is_down | motorbike_is_driven) & F(sensor_gathers_information)),False
7937,Our agent must eventually record injured_rescuer or photo injured_victim.,F(photo_injured_victim | record_injured_rescuer),F(record_injured_rescuer | photo_injured_victim),True
7938,"every time either the bar has to be repaired or the escalator moves then always, the constructor creates instances or the house is built",G((bar_has_to_be_repaired | escalator_moves) -> G(constructor_creates_instances | house_is_built)),G((bar_has_to_be_repaired | escalator_moves) -> G(constructor_creates_instances | house_is_built)),True
7939,"every time either a motorbike has started, the motorbike is driven or the bar is down",G(bar_is_down | motorbike_has_started | motorbike_is_driven),G(motorbike_has_started -> (motorbike_is_driven | bar_is_down)),False
7940,"Always eventually visit charger 1, and eventually (you go to house 4 and eventually pick up box 4 and then go to house 9 and put down)",GF charger_1 & F(house_4 & F(p_box_4 & F(house_9 & pd))),G F charger_1 & F (house_4 & F (p_box_4 & F (house_9 & F pd))),False
7941,at some time go_to transh can and when possible got_to house,F go_to_transh_can & F got_to_house,F(go_to_transh_can & F(got_to_house)),False
7942,Change light_west red and get_help will each happen at some point.,F change_light_west_red & F get_help,F get_help & F change_light_west_red,True
7943,"if venture_towards house , when possible present_at flag",venture_towards_house -> F present_at_flag,G(venture_towards_house -> F present_at_flag),False
7944,"absolutely never, either the train has been launched or the brake is released",G!(brake_is_released | train_has_been_launched),G!((train_has_been_launched | brake_is_released)),True
7945,at some time secure pear until at some time make_way_for tree,F secure_pear U F make_way_for_tree,F(secure_pear U F(make_way_for_tree)),True
7946,move to the blue_room without entering a red_room,F blue_room & G!red_room,G(!red_room) & F(blue_room),True
7947,Request assistance can only happen after change light_west green.,!get_help U change_light_west_green,G(!get_help U change_light_west_green),False
7948,"all the time either a house is open, a bridge closes or the manager collect claims",G(bridge_closes | house_is_open | manager_collect_claims),G(house_is_open | bridge_closes | manager_collect_claims),True
7949,whenever proceed_to flag or at some time go_by tree,F proceed_to_flag | F go_by_tree,G((proceed_to_flag | go_by_tree) -> F(proceed_to_flag | go_by_tree)),False
7950,it is always the case that both an elevator is open and the bridge opens,G(bridge_opens & elevator_is_open),G (elevator_is_open & bridge_opens),True
7951,"eventually, both a car starts and the semaphore is red and, it is going to happen that the sensor gathers information afterwards",G!(car_starts & semaphore_is_red) | F(car_starts & semaphore_is_red & F sensor_gathers_information),F(car_starts & semaphore_is_red & F(sensor_gathers_information)),False
7952,Either communicate the safe_hostile or photo safe_victim happens infinitely often.,GF communicate_safe_hostile | GF photo_safe_victim,G F (communicate_safe_hostile | photo_safe_victim),True
7953,whenever capture pear until seize apple,F capture_pear U seize_apple,G(capture_pear U seize_apple),False
7954,whenever grab apple and go_visit flag,go_visit_flag & F grab_apple,G((grab_apple & go_visit_flag) -> F(go_visit_flag)),False
7955,never drop apple and whenever go_by waste basket,G!drop_apple & F go_by_waste_basket,G(!drop_apple) & G(go_by_waste_basket -> F(drop_apple)),False
7956,when possible go_to trash bin can infer that when possible come home,F go_to_trash_bin -> F come_home,G(go_to_trash_bin -> F(come_home)),False
7957,"If get_help ever holds, photo the motorcycle on northeast_7th_street must have held beforehand.",F get_help -> (!get_help U (!get_help & photo_motorcycle_northeast_7th_street)),G(get_help -> !get_help R photo_motorcycle_northeast_7th_street),False
7958,always either the train stops or the semaphore is red implies that under no circumstances the engine stops or a train stops,G((semaphore_is_red | train_stops) -> G!(engine_stops | train_stops)),G((train_stops | semaphore_is_red) -> G(!(engine_stops | train_stops))),True
7959,Start by picking up brochure_5 from table_2 and then put it in street_5,F(table_2 & F(p_brochure_5 & F(pd & street_5))),!pd | F(pd & F(p_brochure_5 & F(street_5))),False
7960,"Call for help must keep holding until, from some point on, change light_west green holds infinitely often.",get_help U GF change_light_west_green,get_help U (G F change_light_west_green),True
7961,The robot must always avoid calling for help.,G!get_help,G! get_help,True
7962,"Whenever photo the motorcycle on southeast_7th_street holds, get_help holds as well.",G(photo_motorcycle_southeast_7th_street -> get_help),G(photo_motorcycle_southeast_7th_street -> get_help),True
7963,"Whenever change light_east yellow and get_help are equal, get_help and change light_north green are equal as well.",G((change_light_east_yellow <-> get_help) -> (change_light_north_green <-> get_help)),G((change_light_east_yellow <-> get_help) -> (get_help <-> change_light_north_green)),True
7964,Keep taking crate 1 from storage 4 to office 2,GF(storage_4 & F(p_crate_1 & F(office_2 & pd))),G(p_crate_1 & storage_4 -> F(p_crate_1 & office_2)),False
7965,Visit parking lot 2 without putting anything down,F parking_lot_2 & G!pd,G(parking_lot_2 -> !pd),False
7966,Take a picture of landmark 6,F(landmark_6 & photo),F(photo & landmark_6),True
7967,"Never enter street 5, and ensure that you eventually go to house 2 and pick up box 4",G!street_5 & F(house_2 & p_box_4),G(!street_5) & F(house_2 & p_box_4),True
7968,"after both the house is open and the motorbike has started, always, the car stops or the bar has to be repaired",G((house_is_open & motorbike_has_started) -> G(bar_has_to_be_repaired | car_stops)),G((house_is_open & motorbike_has_started) -> G(car_stops | bar_has_to_be_repaired)),True
7969,pick_up pear until at some time take_possession_of bear,pick_up_pear U F take_possession_of_bear,pick_up_pear U take_possession_of_bear,False
7970,"after the brake is released and the bar has to be repaired, eternally, a sensor captures data and the motorbike falls down",G((bar_has_to_be_repaired & brake_is_released) -> G(motorbike_falls_down & sensor_captures_data)),G((brake_is_released & bar_has_to_be_repaired) -> G(sensor_captures_data & motorbike_falls_down)),True
7971,"it is going to happen that either the train stops or the motorbike has stopped and, it will happen that either the escalator speeds up or a house collapses afterwards",G!(motorbike_has_stopped | train_stops) | F((motorbike_has_stopped | train_stops) & F(escalator_speeds_up | house_collapses)),F((train_stops | motorbike_has_stopped) & F(escalator_speeds_up | house_collapses)),False
7972,"if gather orange , whenever move_forward trash can",gather_orange -> F move_forward_trash_can,G(gather_orange -> G(move_forward_trash_can)),False
7973,do not enter the red_room through the green_room but by the red_room,F red_room & G!green_room,G(!green_room -> !red_room),False
7974,"If avoid the probable_flood ever holds, deliver_aid the safe_victim must have held beforehand.",F avoid_probable_flood -> (!avoid_probable_flood U (!avoid_probable_flood & deliver_aid_safe_victim)),G(avoid_probable_flood -> X(!avoid_probable_flood R deliver_aid_safe_victim)),False
7975,go into the red_room and push the object into the green_room,F(red_room & F green_room),F(red_room & F(green_room)),True
7976,always when the escalator speeds up and the motorbike falls down then sooner or later the bridge closes or a train has arrived,G((escalator_speeds_up & motorbike_falls_down) -> F(bridge_closes | train_has_arrived)),G((escalator_speeds_up & motorbike_falls_down) -> F(bridge_closes | train_has_arrived)),True
7977,forever move and always touch flag,G move & G touch_flag,G(move & touch_flag),True
7979,never drop apple or at some time go_to flag,G!drop_apple | F go_to_flag,G(!drop_apple) | F(go_to_flag),True
7980,at green rectangle thru blue or yellow square but not yellow,F((blue_room | yellow_room) & F green_room),G(green_room -> F((blue_room | yellow_room) & !yellow_room)),False
7981,Go to kitchen 1 to pick up bottle 2 and remain in hall 2 afterward,F(kitchen_1 & F(p_bottle_2 & F(hall_2 & G hall_2))),G(!(kitchen_1 & p_bottle_2) | F((kitchen_1 & p_bottle_2) & G(hall_2))),False
7982,at any time contact house or never let_go apple,F contact_house | G!let_go_apple,G(contact_house | G(!let_go_apple)),False
7983,never drop apple and at any time reach flag,G!drop_apple & F reach_flag,G(!drop_apple) & G(reach_flag),False
7984,Refrain from going to room_2 until you pickup bottle_4 from kitchen_1 and place it on table_4,!room_2 U (kitchen_1 & F(p_bottle_4 & F(pd & table_4))),G(!room_2 U (p_bottle_4 & kitchen_1 & table_4)),False
7985,each time a motorbike catches fire then if the escalator moves then in the future the bar has to be repaired,G(motorbike_catches_fire -> G(escalator_moves -> F bar_has_to_be_repaired)),G(motorbike_catches_fire -> (escalator_moves -> F bar_has_to_be_repaired)),False
7986,secure apple until at any time withhold apple,secure_apple U F withhold_apple,secure_apple U withhold_apple,False
7987,"sooner or later a house is open and the bar is up and, eventually, a car starts or the train derails afterwards",G!(bar_is_up & house_is_open) | F(bar_is_up & house_is_open & F(car_starts | train_derails)),F(house_is_open & bar_is_up & F(car_starts | train_derails)),False
7988,"If get_help ever holds, record debris must have held beforehand.",F get_help -> (!get_help U (!get_help & record_debris)),G(get_help -> !get_help R record_debris),False
7989,always when either a manager handles requests or a constructor instantiate objects then it is going to happen that the bar has to be repaired or the sensor retrieves data,G((constructor_instantiate_objects | manager_handles_requests) -> F(bar_has_to_be_repaired | sensor_retrieves_data)),G((manager_handles_requests | constructor_instantiate_objects) -> F(bar_has_to_be_repaired | sensor_retrieves_data)),True
7990,every time an elevator is open or a house is built then all the time the bar has to be repaired or the escalator moves,G((elevator_is_open | house_is_built) -> G(bar_has_to_be_repaired | escalator_moves)),G((elevator_is_open | house_is_built) -> G(bar_has_to_be_repaired | escalator_moves)),True
7991,Revisit street 5 periodically,GF street_5,G F street_5,True
7992,forever move_around and hold apple,hold_apple & G move_around,G (move_around & hold_apple),False
7993,"after the table is brown or a train derails, finally, the engine starts or the bar has to be repaired",G((table_is_brown | train_derails) -> F(bar_has_to_be_repaired | engine_starts)),G((table_is_brown | train_derails) -> F(engine_starts | bar_has_to_be_repaired)),True
7994,Stay within building 9 until you collect bottle 3 from room 2 and take it to room 6,building_9 U (room_2 & F(p_bottle_3 & F(pd & room_6))),(building_9 & !p_bottle_3) U (p_bottle_3 & room_2 & F(room_6)),False
7995,at some point in time the semaphore is green and a semaphore is yellow,F(semaphore_is_green & semaphore_is_yellow),F(semaphore_is_green & semaphore_is_yellow),True
7996,"first, in the future both the semaphore is yellow and the bridge closes, and then, it is going to happen that both the escalator moves and the train stops",G!(bridge_closes & semaphore_is_yellow) | F(bridge_closes & semaphore_is_yellow & F(escalator_moves & train_stops)),!(semaphore_is_yellow & bridge_closes) | F((semaphore_is_yellow & bridge_closes) & F(escalator_moves & train_stops)),False
7997,when possible withhold apple or never drop apple,F withhold_apple | G!drop_apple,G((!drop_apple | !withhold_apple) -> (withhold_apple | G(!drop_apple))),False
7999,at some point the table has been moved and the house is built,F(house_is_built & table_has_been_moved),F(table_has_been_moved & F(house_is_built)),False
8000,at the red_room,F red_room,G red_room,False
8001,always have_in orange and at any time start_going_to house,G have_in_orange & F start_going_to_house,G(have_in_orange & start_going_to_house),False
8002,whenever both the train is crossing and the manager collect claims then under no circumstances both the house is open and the motorbike has started,G((manager_collect_claims & train_is_crossing) -> G!(house_is_open & motorbike_has_started)),G((train_is_crossing & manager_collect_claims) -> G(!(house_is_open & motorbike_has_started))),True
8003,"From some point onwards, pickup the cup never occurs again.",FG!pickup_cup,F G !pickup_cup,True
8004,move to the blue_room,F blue_room,G blue_room,False
8005,it never happens that either an elevator is blocked or the elevator falls after either the semaphore is yellow or the brake is released,G((brake_is_released | semaphore_is_yellow) -> G!(elevator_falls | elevator_is_blocked)),G!((semaphore_is_yellow | brake_is_released) & F(elevator_is_blocked | elevator_falls)),True
8006,Ensure you never enter building_9,G!building_9,G! building_9,True
8007,"it will happen that both the escalator is blocked and the sensor captures data and, finally, a bridge closes afterwards",G!(escalator_is_blocked & sensor_captures_data) | F(escalator_is_blocked & sensor_captures_data & F bridge_closes),F(escalator_is_blocked & sensor_captures_data & F(bridge_closes)),False
8008,at some point in time the constructor creates instances or a table has been moved or a bridge opens,F(bridge_opens | constructor_creates_instances | table_has_been_moved),F (constructor_creates_instances | table_has_been_moved | bridge_opens),True
8009,"If get_help holds and search the chair holds next, then deliver the aeroplane to the shelf holds in the step after that.",G((get_help & X search_chair) -> XX deliver_aeroplane_shelf),G((get_help & X search_chair) -> XX deliver_aeroplane_shelf),True
8010,Go to house_5 and remain there indefinitely,FG house_5,F(house_5 & G(house_5)),True
8011,every time either the engine starts or a sensor captures data,G(engine_starts | sensor_captures_data),G(engine_starts | sensor_captures_data),True
8012,every time either the car starts or an elevator falls then it is always the case that both the bar has to be repaired and the bridge opens,G((car_starts | elevator_falls) -> G(bar_has_to_be_repaired & bridge_opens)),G((car_starts | elevator_falls) -> G(bar_has_to_be_repaired & bridge_opens)),True
8013,The robot must eventually avoid the active_debris and photo debris.,F(avoid_active_debris & photo_debris),F(avoid_active_debris & photo_debris),True
8014,drop orange until never let_go orange,drop_orange U G!let_go_orange,drop_orange U G!let_go_orange,True
8015,"Whenever change light_west red holds, from the next step onwards get_help will eventually hold.",G(change_light_west_red -> XF get_help),G(change_light_west_red -> X F get_help),True
8016,This controller must always avoid requesting assistance.,G!get_help,G! get_help,True
8017,hold orange or never drop orange,hold_orange | G!drop_orange,G(hold_orange | G(!drop_orange)),False
8018,take_to tree until whenever seize orange,take_to_tree U F seize_orange,take_to_tree U G(seize_orange -> G(seize_orange)),False
8019,"Take a picture of gas_leak should always hold, with at most a two-step grace period for recovery.",!G!(photo_gas_leak & X photo_gas_leak),G(photo_gas_leak | X(photo_gas_leak | X(photo_gas_leak))),False
8020,"Establish communication with the injured_hostile must keep holding until, from some point on, go_home holds infinitely often.",communicate_injured_hostile U GF go_home,communicate_injured_hostile U G F go_home,True
8021,when possible travel house or never let_go orange,F travel_house | G!let_go_orange,G((travel_house | !travel_house) -> (travel_house | G(!let_go_orange))),False
8022,at any time the semaphore is broken and together the brake is released and a sensor gathers information,G(brake_is_released & semaphore_is_broken & sensor_gathers_information),G(semaphore_is_broken & brake_is_released & sensor_gathers_information),True
8023,every time a train has arrived then it is going to happen that both the escalator is blocked and the semaphore is red,G(train_has_arrived -> F(escalator_is_blocked & semaphore_is_red)),G(train_has_arrived -> F(escalator_is_blocked & semaphore_is_red)),True
8024,never drop pear or when possible go_near pear,G!drop_pear | F go_near_pear,G(!drop_pear) | G(go_near_pear),False
8025,travel_to tree until at any time go_by flag,travel_to_tree U F go_by_flag,travel_to_tree U go_by_flag,False
8026,move_towards trash can or go_to bucket,go_to_bucket | move_towards_trash_can,G(go_to_bucket | move_towards_trash_can),False
8027,forever touch flag or at any time contact house,G touch_flag | F contact_house,G(touch_flag | contact_house),False
8028,"If pickup the sports_ball ever holds, pickup the giraffe must have held beforehand.",F pickup_sports_ball -> (!pickup_sports_ball U (pickup_giraffe & !pickup_sports_ball)),G(pickup_sports_ball -> !pickup_sports_ball R pickup_giraffe),False
8029,walk means that going_to tree,walk -> going_to_tree,G(walk <-> going_to_tree),False
8030,"The robot must eventually, avoid recording the jaywalker on south_7th_street.",F!record_jaywalker_south_7th_street,G(!record_jaywalker_south_7th_street),False
8031,it is never the case that a sensor captures data and together the bridge closes and the engine stops,G!(bridge_closes & engine_stops & sensor_captures_data),G!(sensor_captures_data & bridge_closes & engine_stops),True
8032,hold apple and hold_on_to pear,hold_apple & hold_on_to_pear,G(hold_apple & hold_on_to_pear),False
8033,"at some point a car enters or the bar has to be repaired and, at some point in time the constructor creates instances or the table is old afterwards",G!(bar_has_to_be_repaired | car_enters) | F((bar_has_to_be_repaired | car_enters) & F(constructor_creates_instances | table_is_old)),F((car_enters | bar_has_to_be_repaired) & F((constructor_creates_instances | table_is_old))),False
8034,"Eventually at house_3, pickup pass_2, and deliver it to office_2, while ensuring you do not enter street_5 before picking up pass_2",F(house_3 & F(p_pass_2 & F(office_2 & pd))) & (!street_5 U p_pass_2),F(house_3 & p_pass_2 & F(office_2 & G!((!p_pass_2) & street_5))),False
8035,if a semaphore is yellow or the engine stops then sooner or later the train has arrived,G((engine_stops | semaphore_is_yellow) -> F train_has_arrived),G((semaphore_is_yellow | engine_stops) -> F(train_has_arrived)),True
8036,"Ensure you transport box 1 from store 6 to house 9, and afterward, go to intersection 5 and stay there indefinitely",F(store_6 & F(p_box_1 & F(house_9 & pd))) & F(intersection_5 & G intersection_5),G(!pd | F(pd & store_6 & p_box_1 & F(house_9 & p_box_1 & F(intersection_5 & G(intersection_5))))),False
8037,"Refrain from visiting street_4 until you have reached intersection_6, after which you must transition to and stay in street_4",(!street_4 U intersection_6) & FG street_4,(!street_4 U intersection_6) & G(intersection_6 -> (street_4 & G(street_4))),False
8038,"first, sooner or later the constructor instantiate objects and an elevator rises, and then, finally, a train has arrived",G!(constructor_instantiate_objects & elevator_rises) | F(constructor_instantiate_objects & elevator_rises & F train_has_arrived),!(constructor_instantiate_objects & elevator_rises) | F((constructor_instantiate_objects & elevator_rises) & F(train_has_arrived)),False
8039,grip apple and keep apple,grip_apple & keep_apple,G(grip_apple & keep_apple),False
8040,Staying in street 8 forever,G street_8,G street_8,True
8041,"Get help must keep holding until, from some point on, change light_east red holds infinitely often.",get_help U GF change_light_east_red,get_help U (G F change_light_east_red),True
8042,if both an elevator rises and the escalator moves then at a certain moment the elevator rises or an elevator falls,G((elevator_rises & escalator_moves) -> F(elevator_falls | elevator_rises)),G((elevator_rises & escalator_moves) -> F(elevator_rises | elevator_falls)),True
8043,"after the engine stops and the bar is up, all the time either the car stops or the bar has to be repaired",G((bar_is_up & engine_stops) -> G(bar_has_to_be_repaired | car_stops)),G((engine_stops & bar_is_up) -> G(car_stops | bar_has_to_be_repaired)),True
8044,Always be in locality_5 as you take package_5 from office_3 to office_6,G locality_5 & F(office_3 & F(p_package_5 & F(office_6 & pd))),G((p_package_5 & office_3) -> (locality_5 U (p_package_5 & office_6))),False
8045,"At every step, photo unstable_beam equals the value of deliver_aid the injured_hostile in the next step.",G(photo_unstable_beam <-> X deliver_aid_injured_hostile),G(photo_unstable_beam <-> X deliver_aid_injured_hostile),True
8046,Every pickup the cup is directly followed by remaining still in the next step.,G(pickup_cup -> X idle),G(pickup_cup -> X idle),True
8047,Visit parking_lot_2 and grab dish_2,F(p_dish_2 & parking_lot_2),F(parking_lot_2 & F(p_dish_2)),False
8048,at the yellow_room via the blue_room,F(blue_room & F yellow_room),G(yellow_room -> F(blue_room)),False
8049,"If deliver the oven to the loading_dock happens infinitely often, then so does pickup the carrot.",GF deliver_oven_loading_dock -> GF pickup_carrot,G F deliver_oven_loading_dock -> G F pickup_carrot,True
8050,"never, either an elevator rises or the bar is up",G!(bar_is_up | elevator_rises),G!((elevator_rises) | (bar_is_up)),True
8051,it is always true that either the car starts or the car stops,G(car_starts | car_stops),G(car_starts | car_stops),True
8052,"every time a constructor creates instances or a motorbike falls down then eventually, a motorbike has stopped or a house is built",G((constructor_creates_instances | motorbike_falls_down) -> F(house_is_built | motorbike_has_stopped)),G((constructor_creates_instances | motorbike_falls_down) -> F(motorbike_has_stopped | house_is_built)),True
8053,"If record the person on south_7th_street holds, then in the next step photo the motorcycle on north_1st_avenue persists until change light_east yellow holds, or else photo the motorcycle on north_1st_avenue holds forever.",record_person_south_7th_street -> X((photo_motorcycle_north_1st_avenue U change_light_east_yellow) | G photo_motorcycle_north_1st_avenue),G(record_person_south_7th_street -> X(photo_motorcycle_north_1st_avenue U change_light_east_yellow | G(photo_motorcycle_north_1st_avenue))),False
8054,Always stay in area 2 while repeatedly going to building 8 to take pictures,G area_2 & GF(building_8 & photo),G(area_2 & F(building_8 & photo)),True
8055,it should not happen that a table has been moved and the escalator speeds up,G!(escalator_speeds_up & table_has_been_moved),G(!(table_has_been_moved & escalator_speeds_up)),True
8056,"Whenever record the pedestrian on northwest_9th_street holds, get_help holds exactly three steps later.",G(record_pedestrian_northwest_9th_street -> XXX get_help),G(record_pedestrian_northwest_9th_street -> X(X(X(get_help)))),True
8057,take_to trash can and at any time travel_to flag,take_to_trash_can & F travel_to_flag,G(take_to_trash_can) & G(travel_to_flag),False
8058,"forever, either the car starts, the table is brown or the house is built",G(car_starts | house_is_built | table_is_brown),G(car_starts | table_is_brown | house_is_built),True
8059,Every search the bear is directly followed by geting help in the next step.,G(search_bear -> X get_help),G(search_bear -> X get_help),True
8060,at some time got_to house or never drop orange,F got_to_house | G!drop_orange,F(got_to_house | G(!drop_orange)),False
8061,forever hold_onto orange or repeatedly go_to waste basket,G hold_onto_orange | GF go_to_waste_basket,G(hold_onto_orange | F(go_to_waste_basket & F(!go_to_waste_basket & F(go_to_waste_basket)))),False
8062,"Once get_help has occurred, record the pedestrian on northeast_10th_street will never occur again.",G(get_help -> XG!record_pedestrian_northeast_10th_street),G(get_help -> G(!record_pedestrian_northeast_10th_street)),False
8063,"after the sensor retrieves data and the engine breaks, forever, both the manager collect claims and the escalator is blocked",G((engine_breaks & sensor_retrieves_data) -> G(escalator_is_blocked & manager_collect_claims)),G((sensor_retrieves_data & engine_breaks) -> G(manager_collect_claims & escalator_is_blocked)),True
8064,"Take a picture of arch_2, then at park_8 and remain there permanently",F(arch_2 & photo & F(park_8 & G park_8)),F(photo & F(park_8 & G(park_8))),False
8065,secure apple or go_by waste bin,go_by_waste_bin | secure_apple,G(secure_apple | go_by_waste_bin),False
8066,repeatedly go_to apple trashcan and whenever clutch orange,GF go_to_apple_trashcan & F clutch_orange,G(go_to_apple_trashcan) & G(clutch_orange -> F(go_to_apple_trashcan)),False
8067,The robot must eventually change light_west green and record the vehicle on southwest_4th_avenue.,F(change_light_west_green & record_vehicle_southwest_4th_avenue),F(change_light_west_green & record_vehicle_southwest_4th_avenue),True
8068,"every time either the brake is pressed or an elevator is blocked then eternally, both a sensor captures data and a motorbike falls down",G((brake_is_pressed | elevator_is_blocked) -> G(motorbike_falls_down & sensor_captures_data)),G((brake_is_pressed | elevator_is_blocked) -> G(sensor_captures_data & motorbike_falls_down)),True
8069,if either a table is brown or the escalator speeds up then it is always true that the semaphore is broken and the house is built,G((escalator_speeds_up | table_is_brown) -> G(house_is_built & semaphore_is_broken)),G((table_is_brown | escalator_speeds_up) -> G(semaphore_is_broken & house_is_built)),True
8070,Refrain from going to room_4 before you arrive at building_4,!room_4 U building_4,G(!room_4 U building_4),False
8071,Give aid to the safe_hostile holds at all times.,G deliver_aid_safe_hostile,G deliver_aid_safe_hostile,True
8072,"if the semaphore is yellow then always, either the sensor captures data or the train has been launched",G(semaphore_is_yellow -> G(sensor_captures_data | train_has_been_launched)),G(semaphore_is_yellow -> G(sensor_captures_data | train_has_been_launched)),True
8073,always the car stops and a constructor instantiate objects implies that under no condition the train is crossing and a manager collect claims,G((car_stops & constructor_instantiate_objects) -> G!(manager_collect_claims & train_is_crossing)),G((car_stops & constructor_instantiate_objects) -> G(!(train_is_crossing & manager_collect_claims))),True
8074,never drop apple or at any time going_to flag,G!drop_apple | F going_to_flag,G(!drop_apple) & G(!going_to_flag),False
8075,it will not happen that either the semaphore is green or a motorbike falls down after the bar is closing and an elevator is blocked,G((bar_is_closing & elevator_is_blocked) -> G!(motorbike_falls_down | semaphore_is_green)),G((bar_is_closing & elevator_is_blocked) -> G!((semaphore_is_green | motorbike_falls_down))),True
8076,at any time venture house or forever go_by trash can,F venture_house | G go_by_trash_can,G(venture_house | G(go_by_trash_can)),False
8077,Stay away from street_3 indefinitely,G!street_3,G! street_3,True
8078,"Request assistance should always hold, with at most a two-step grace period for recovery.",!G!(get_help & X get_help),G(get_help | X(get_help | X(get_help))),False
8079,"Return home must keep holding until, from some point on, deliver_aid the injured_rescuer holds infinitely often.",go_home U GF deliver_aid_injured_rescuer,go_home U (G F deliver_aid_injured_rescuer),True
8080,"when at any time going_to flag , at some time touch tree",F going_to_flag -> F touch_tree,G(going_to_flag -> F(touch_tree)),False
8081,Either change light_south yellow or record the cyclist on south_2nd_avenue happens infinitely often.,GF change_light_south_yellow | GF record_cyclist_south_2nd_avenue,G F (change_light_south_yellow | record_cyclist_south_2nd_avenue),True
8082,"in the future either the engine breaks or a semaphore is yellow and, at a certain moment either the elevator is open or a train derails afterwards",G!(engine_breaks | semaphore_is_yellow) | F((engine_breaks | semaphore_is_yellow) & F(elevator_is_open | train_derails)),F(engine_breaks | semaphore_is_yellow) & F(elevator_is_open | F(train_derails)),False
8083,"Take a video of the collision on north_9th_street must hold until record the motorcycle on northeast_9th_street does, or else record the collision on north_9th_street holds forever.",(record_collision_north_9th_street U record_motorcycle_northeast_9th_street) | G record_collision_north_9th_street,record_collision_north_9th_street U record_motorcycle_northeast_9th_street | G(record_collision_north_9th_street),True
8084,"whenever a motorbike has started or the escalator speeds up then forever, the house is built and the train derails",G((escalator_speeds_up | motorbike_has_started) -> G(house_is_built & train_derails)),G((motorbike_has_started | escalator_speeds_up) -> G(house_is_built & train_derails)),True
8085,whenever both the brake is pressed and the bar is down then at any time a semaphore is yellow,G((bar_is_down & brake_is_pressed) -> G semaphore_is_yellow),G((brake_is_pressed & bar_is_down) -> G(semaphore_is_yellow)),True
8086,"when don't let_go orange , approach trash can",!let_go_orange -> approach_trash_can,G(!let_go_orange -> approach_trash_can),False
8087,at any time withdraw pear and do not let_go pear,!let_go_pear & F withdraw_pear,G(withdraw_pear -> !let_go_pear),False
8088,"when never drop orange , when possible spend_time_at tree",G!drop_orange -> F spend_time_at_tree,G(!drop_orange) & G(spend_time_at_tree),False
8089,"At every step, get_help equals the value of photo injured_person in the next step.",G(get_help <-> X photo_injured_person),G(get_help <-> X photo_injured_person),True
8090,forever go_by trash can or at any time walk_to flag,G go_by_trash_can | F walk_to_flag,G(go_by_trash_can | walk_to_flag),False
8091,it will not happen that either the brake is released or a train has been launched after both a car stops and the elevator is blocked,G((car_stops & elevator_is_blocked) -> G!(brake_is_released | train_has_been_launched)),G((car_stops & elevator_is_blocked) -> G(!(brake_is_released | train_has_been_launched))),True
8092,Our agent must Please communicate the safe_rescuer and then deliver_aid the safe_victim.,communicate_safe_rescuer U deliver_aid_safe_victim,G(communicate_safe_rescuer -> F(deliver_aid_safe_victim)),False
8093,The system must avoid the impending_flood and record injured_rescuer are mutually exclusive at all times.,G!(avoid_impending_flood & record_injured_rescuer),G(!(avoid_impending_flood & record_injured_rescuer)),True
8094,"Whenever go_home holds, from the next step onwards avoid the nearest_debris will eventually hold.",G(go_home -> XF avoid_nearest_debris),G(go_home -> X G(!avoid_nearest_debris)),False
8095,Do not enter building 8 until you reach parking lot 8,!building_8 U parking_lot_8,!building_8 U parking_lot_8,True
8096,"Whenever get_help holds, go_home holds as well.",G(get_help -> go_home),G(get_help -> go_home),True
8097,Both deliver_aid the injured_hostile and photo injured_rescuer hold at every step.,G(deliver_aid_injured_hostile & photo_injured_rescuer),G(deliver_aid_injured_hostile & photo_injured_rescuer),True
8098,Do not at street_7 while you take package_3 from store_9 to house_1,G!street_7 & F(store_9 & F(p_package_3 & F(house_1 & pd))),G((store_9 & p_package_3) -> (G(!street_7) U house_1)),False
8099,"Once deliver the bed to the loading_dock has occurred, search the wine_glass will never occur again.",G(deliver_bed_loading_dock -> XG!search_wine_glass),G(deliver_bed_loading_dock -> G(!search_wine_glass)),False
8100,"first, in the future the sensor captures data and the escalator is blocked, and then, at a certain moment the manager handles requests and the motorbike falls down",G!(escalator_is_blocked & sensor_captures_data) | F(escalator_is_blocked & sensor_captures_data & F(manager_handles_requests & motorbike_falls_down)),!(sensor_captures_data & escalator_is_blocked) | F((sensor_captures_data & escalator_is_blocked) & F(manager_handles_requests & motorbike_falls_down)),False
8101,Take a picture of unsafe_victim and avoid the impending_gas_leak are mutually exclusive at all times.,G!(avoid_impending_gas_leak & photo_unsafe_victim),G(!(avoid_impending_gas_leak & photo_unsafe_victim)),True
8102,every time a bridge closes or the bar has to be repaired then at some point in time both the bar is closing and a car starts,G((bar_has_to_be_repaired | bridge_closes) -> F(bar_is_closing & car_starts)),G((bridge_closes | bar_has_to_be_repaired) -> F(bar_is_closing & car_starts)),True
8103,"at no time the brake is pressed and, at the same time, a semaphore is green and the train has been launched",G!(brake_is_pressed & semaphore_is_green & train_has_been_launched),G!(brake_is_pressed & semaphore_is_green & train_has_been_launched),True
8104,"after the escalator is blocked or a motorbike has started, it never happens that both the car stops and the engine stops",G((escalator_is_blocked | motorbike_has_started) -> G!(car_stops & engine_stops)),G((escalator_is_blocked | motorbike_has_started) -> G(!(car_stops & engine_stops))),True
8105,Do not leave parking lot 4 until you reach car 5,parking_lot_4 U car_5,!parking_lot_4 U car_5,False
8106,at any time go_to tree and hold orange,hold_orange & F go_to_tree,G(go_to_tree & hold_orange),False
8107,"it is never the case that either a train derails, the bar is up or the brake is pressed",G!(bar_is_up | brake_is_pressed | train_derails),G(!(train_derails | bar_is_up | brake_is_pressed)),True
8108,"If deliver_aid the injured_hostile holds and communicate the safe_victim holds next, then avoid the active_gas_leak holds in the step after that.",G((deliver_aid_injured_hostile & X communicate_safe_victim) -> XX avoid_active_gas_leak),G((deliver_aid_injured_hostile & X communicate_safe_victim) -> XX avoid_active_gas_leak),True
8109,"in the future both a train is crossing and a house collapses and, it will happen that either the escalator is blocked or the table is old afterwards",G!(house_collapses & train_is_crossing) | F(house_collapses & train_is_crossing & F(escalator_is_blocked | table_is_old)),F(train_is_crossing & house_collapses & F(escalator_is_blocked | table_is_old)),False
8110,"as the train derails, at some point in time the semaphore is yellow",G(train_derails -> F semaphore_is_yellow),G(train_derails -> F(semaphore_is_yellow)),True
8111,if the sensor captures data then in the future both a semaphore is yellow and the table has been moved,G(sensor_captures_data -> F(semaphore_is_yellow & table_has_been_moved)),G(sensor_captures_data -> F(semaphore_is_yellow & table_has_been_moved)),True
8112,at some point in time the bar is closing or the elevator is open,F(bar_is_closing | elevator_is_open),F(bar_is_closing | elevator_is_open),True
8113,Repeatedly photograph locality_7 while staying away from park_3 entirely,GF(locality_7 & photo) & G!park_3,G(!park_3 & (photo & locality_7)),False
8114,"Once communicate the injured_victim has occurred, communicate the safe_hostile will never occur again.",G(communicate_injured_victim -> XG!communicate_safe_hostile),G(communicate_injured_victim -> G(!communicate_safe_hostile)),False
8115,"it never happens that a train derails, the engine breaks and a sensor captures data",G!(engine_breaks & sensor_captures_data & train_derails),G!(train_derails & engine_breaks & sensor_captures_data),True
8116,at some time journey_to flag means that capture orange,F journey_to_flag -> capture_orange,F(journey_to_flag & capture_orange),False
8117,it is always true that either a constructor creates instances or a house is built after either the semaphore is green or the house collapses,G((house_collapses | semaphore_is_green) -> G(constructor_creates_instances | house_is_built)),G((constructor_creates_instances | G((semaphore_is_green | house_collapses) -> F(house_is_built)))),False
8118,"as both a motorbike has stopped and the escalator moves, finally, the constructor instantiate objects or a train has been launched",G((escalator_moves & motorbike_has_stopped) -> F(constructor_instantiate_objects | train_has_been_launched)),G((motorbike_has_stopped & escalator_moves) -> F((constructor_instantiate_objects | train_has_been_launched))),True
8119,"If every photo debris is eventually followed by begining recording safe_rescuer, then avoid the impending_debris must occur infinitely often.",G(photo_debris -> F record_safe_rescuer) -> GF avoid_impending_debris,G(G(photo_debris -> F(record_safe_rescuer)) -> G F(avoid_impending_debris)),False
8120,"if either the car enters or the brake is released then absolutely never, the semaphore is green or the motorbike falls down",G((brake_is_released | car_enters) -> G!(motorbike_falls_down | semaphore_is_green)),G((car_enters | brake_is_released) -> G(!(semaphore_is_green | motorbike_falls_down))),True
8121,always hold_onto orange or whenever journey_to house,G hold_onto_orange | F journey_to_house,G(hold_onto_orange | journey_to_house),False
8122,at the green_room,F green_room,G green_room,False
8123,never drop orange or take_to trashcan,take_to_trashcan | G!drop_orange,G(!drop_orange & !take_to_trashcan),False
8124,Go to parking lot 2 to pick up cone 5 and put it down in street 1,F(parking_lot_2 & F(p_cone_5 & F(pd & street_1))),G(!parking_lot_2 | F(parking_lot_2 & F(p_cone_5 & F(street_1 & pd)))),False
8125,at some time journey_by flag or do not let_go pear,!let_go_pear | F journey_by_flag,F(journey_by_flag | !let_go_pear),False
8126,"always, the motorbike has started and the house is open",G(house_is_open & motorbike_has_started),G(motorbike_has_started & house_is_open),True
8127,Stay in street_8,G street_8,G street_8,True
8128,"absolutely never, the car enters or a semaphore is yellow",G!(car_enters | semaphore_is_yellow),G(!(car_enters | semaphore_is_yellow)),True
8129,"after both the motorbike has stopped and a sensor gathers information, absolutely never, either a table is brown or the car stops",G((motorbike_has_stopped & sensor_gathers_information) -> G!(car_stops | table_is_brown)),G((motorbike_has_stopped & sensor_gathers_information) -> G(!(table_is_brown | car_stops))),True
8130,"If change light_west yellow ever holds, get_help must have held beforehand.",F change_light_west_yellow -> (!change_light_west_yellow U (!change_light_west_yellow & get_help)),G(change_light_west_yellow -> !change_light_west_yellow R get_help),False
8131,"Whenever deliver the suitcase to the shelf holds, from the next step onwards deliver the backpack to the loading_dock will eventually hold.",G(deliver_suitcase_shelf -> XF deliver_backpack_loading_dock),G(deliver_suitcase_shelf -> F(deliver_backpack_loading_dock)),False
8132,repeatedly make_way_to house or take orange,take_orange | GF make_way_to_house,G(F(make_way_to_house | take_orange)),False
8133,it is always the case that either the semaphore is green or a sensor retrieves data after a semaphore is yellow and a train stops,G((semaphore_is_yellow & train_stops) -> G(semaphore_is_green | sensor_retrieves_data)),G(semaphore_is_green | G((semaphore_is_yellow & train_stops) -> F(sensor_retrieves_data))),False
8134,"If idle happens infinitely often, then so does search the cup.",GF idle -> GF search_cup,G F idle -> G F search_cup,True
8135,"Whenever change light_south yellow and photo the car on southeast_4th_avenue are equal, photo the car on southeast_4th_avenue and record the pedestrian on southeast_7th_street are equal as well.",G((change_light_south_yellow <-> photo_car_southeast_4th_avenue) -> (photo_car_southeast_4th_avenue <-> record_pedestrian_southeast_7th_street)),G((change_light_south_yellow & photo_car_southeast_4th_avenue) -> (photo_car_southeast_4th_avenue & record_pedestrian_southeast_7th_street)),False
8136,"every time a motorbike has stopped or an elevator is blocked then always, either the escalator is blocked or the escalator moves",G((elevator_is_blocked | motorbike_has_stopped) -> G(escalator_is_blocked | escalator_moves)),G((motorbike_has_stopped | elevator_is_blocked) -> G(escalator_is_blocked | escalator_moves)),True
8137,"Record the vehicle on west_10th_street must keep holding until, from some point on, photo the vehicle on south_2nd_street holds infinitely often.",record_vehicle_west_10th_street U GF photo_vehicle_south_2nd_street,record_vehicle_west_10th_street U G F photo_vehicle_south_2nd_street,True
8138,Retrieve water bottle 4 at hospital 3 while ensuring pharmacy 2 is not entered.,F(hospital_3 & p_bottle_4) & G!pharmacy_2,G(!pharmacy_2) & F(p_bottle_4 & hospital_3),True
8139,"Whenever get_help holds, record the motorcycle on south_8th_street holds exactly three steps later.",G(get_help -> XXX record_motorcycle_south_8th_street),G(get_help -> X(X(X(record_motorcycle_south_8th_street)))),True
8140,forever touch flag or whenever start_going_to tree,G touch_flag | F start_going_to_tree,G(touch_flag | G(start_going_to_tree)),False
8141,"Once record the jaywalker on northwest_8th_street has occurred, record the cyclist on south_10th_avenue will never occur again.",G(record_jaywalker_northwest_8th_street -> XG!record_cyclist_south_10th_avenue),G(record_jaywalker_northwest_8th_street -> G(!record_cyclist_south_10th_avenue)),False
8142,"Globally, if get_help occurs then finally change light_south green happens.",G(get_help -> F change_light_south_green),G(get_help -> F(change_light_south_green)),True
8143,move_to trashcan and drop pear,drop_pear & move_to_trashcan,G(move_to_trashcan & drop_pear),False
8144,if the sensor captures data or the escalator moves then it will not happen that the bar has to be repaired and the engine stops,G((escalator_moves | sensor_captures_data) -> G!(bar_has_to_be_repaired & engine_stops)),G((sensor_captures_data | escalator_moves) -> G(!(bar_has_to_be_repaired & engine_stops))),True
8145,at any time visit house and move_to house,move_to_house & F visit_house,G(visit_house & move_to_house),False
8146,Avoid going to statue 2 until you arrive at park 5 and take a picture of it,F(photo & statue_2) & (!statue_2 U park_5),G(!statue_2 U (park_5 & photo)),False
8147,"If communicate the injured_rescuer holds and communicate the safe_victim holds next, then record gas_leak holds in the step after that.",G((communicate_injured_rescuer & X communicate_safe_victim) -> XX record_gas_leak),G((communicate_injured_rescuer & X communicate_safe_victim) -> XX record_gas_leak),True
8148,all the time the elevator falls and the escalator speeds up after either the house collapses or the table is old,G((house_collapses | table_is_old) -> G(elevator_falls & escalator_speeds_up)),G((house_collapses | table_is_old) -> (elevator_falls & F(escalator_speeds_up))),False
8149,"first, it will happen that a train stops and the elevator is blocked, and then, in the future both the table has been moved and the motorbike is driven",G!(elevator_is_blocked & train_stops) | F(elevator_is_blocked & train_stops & F(motorbike_is_driven & table_has_been_moved)),!(train_stops & elevator_is_blocked) | F((train_stops & elevator_is_blocked) & F(table_has_been_moved & motorbike_is_driven)),False
8150,"finally, both a motorbike catches fire and the car enters and, it will happen that the bar is closing and the elevator is blocked afterwards",G!(car_enters & motorbike_catches_fire) | F(car_enters & motorbike_catches_fire & F(bar_is_closing & elevator_is_blocked)),F(motorbike_catches_fire & car_enters & F(bar_is_closing & elevator_is_blocked)),False
8151,"eternally, both the table is brown and a car starts after either a sensor captures data or the brake is released",G((brake_is_released | sensor_captures_data) -> G(car_starts & table_is_brown)),G(table_is_brown & G((sensor_captures_data | brake_is_released) -> F(car_starts))),False
8152,"In this task, record the jaywalker on south_1st_street, then photo the pedestrian on north_6th_avenue.",record_jaywalker_south_1st_street U photo_pedestrian_north_6th_avenue,!record_jaywalker_south_1st_street | F(record_jaywalker_south_1st_street & F(photo_pedestrian_north_6th_avenue)),False
8153,Stay within park 1 until table 3 is reached,park_1 U table_3,park_1 U table_3,True
8154,always a motorbike catches fire or the bar has to be repaired implies that it is never the case that the train derails or the motorbike falls down,G((bar_has_to_be_repaired | motorbike_catches_fire) -> G!(motorbike_falls_down | train_derails)),G((motorbike_catches_fire | bar_has_to_be_repaired) -> G(!(train_derails | motorbike_falls_down))),True
8155,"When pickup the bench happens, deliver the apple to the shelf must hold now or in the next step.",G(pickup_bench -> (deliver_apple_shelf | X deliver_apple_shelf)),G(pickup_bench -> (deliver_apple_shelf | X deliver_apple_shelf)),True
8156,Keep going back to street 4 repeatedly,GF street_4,G F street_4,True
8157,"From some point onwards, get_help never occurs again.",FG!get_help,F G ! get_help,True
8158,Set light_north red and record the vehicle on south_9th_street will each happen at some point.,F change_light_north_red & F record_vehicle_south_9th_street,F(change_light_north_red & F(record_vehicle_south_9th_street)),False
8159,travel_to apple and do not let_go pear,!let_go_pear & travel_to_apple,G(travel_to_apple & !let_go_pear),False
8160,"If change light_north green ever holds, get_help must have held beforehand.",F change_light_north_green -> (!change_light_north_green U (!change_light_north_green & get_help)),G(change_light_north_green -> !change_light_north_green R get_help),False
8161,Establish communication with the safe_rescuer holds at all times.,G communicate_safe_rescuer,G communicate_safe_rescuer,True
8162,at any time the bridge closes or the elevator is open or a manager collect claims,G(bridge_closes | elevator_is_open | manager_collect_claims),G(bridge_closes | elevator_is_open | manager_collect_claims),True
8163,Keep visiting charger_5 as you keep taking a picture of region 4,"GF charger_5 & GF("" photo"" & ""region_4 "")","G("" photo"" & ""region_4 "" -> X("" photo"" & ""region_4 "" & charger_5))",False
8164,"If search the sheep holds and get_help holds next, then pickup the knife holds in the step after that.",G((search_sheep & X get_help) -> XX pickup_knife),G((search_sheep & X get_help) -> XX pickup_knife),True
8165,"Go back to base and avoid the probable_unstable_beam never coincide, yet one of them is always true.",G!(avoid_probable_unstable_beam & go_home) & G(avoid_probable_unstable_beam | go_home),G(!go_home & !avoid_probable_unstable_beam) & G(go_home | avoid_probable_unstable_beam),False
8166,Give aid to the safe_rescuer and communicate the safe_rescuer are mutually exclusive at all times.,G!(communicate_safe_rescuer & deliver_aid_safe_rescuer),G(!(communicate_safe_rescuer & deliver_aid_safe_rescuer)),True
8167,"Ensure you capture a photo of arch_2, and afterward, proceed to park_8 and stay there",F(arch_2 & photo & F(park_8 & G park_8)),F(photo & arch_2 & F(park_8 & G(park_8))),True
8168,"If change light_west yellow happens infinitely often, then so does photo the cyclist on east_10th_street.",GF change_light_west_yellow -> GF photo_cyclist_east_10th_street,G F change_light_west_yellow -> G F photo_cyclist_east_10th_street,True
8169,Either change light_east green or change light_south red happens infinitely often.,GF change_light_east_green | GF change_light_south_red,G F (change_light_east_green | change_light_south_red),True
8170,repeatedly go_to apple trashcan means that whenever make_to flag,GF go_to_apple_trashcan -> F make_to_flag,G(go_to_apple_trashcan -> G(make_to_flag)),False
8171,"it will happen that both a manager collect claims and a semaphore is broken and, eventually, a train has arrived afterwards",G!(manager_collect_claims & semaphore_is_broken) | F(manager_collect_claims & semaphore_is_broken & F train_has_arrived),F(manager_collect_claims & semaphore_is_broken & F(train_has_arrived)),False
8172,it will not happen that both the engine breaks and the bar is closing after either the bar is down or a house is open,G((bar_is_down | house_is_open) -> G!(bar_is_closing & engine_breaks)),G((bar_is_down | house_is_open) -> G(!(engine_breaks & bar_is_closing))),True
8173,every time the train has arrived and the sensor gathers information then every time both the bar has to be repaired and the bar is down,G((sensor_gathers_information & train_has_arrived) -> G(bar_has_to_be_repaired & bar_is_down)),G((train_has_arrived & sensor_gathers_information) -> G(bar_has_to_be_repaired & bar_is_down)),True
8174,"If record the cyclist on northwest_6th_street ever holds, get_help must have held beforehand.",F record_cyclist_northwest_6th_street -> (!record_cyclist_northwest_6th_street U (get_help & !record_cyclist_northwest_6th_street)),G(record_cyclist_northwest_6th_street -> !record_cyclist_northwest_6th_street R get_help),False
8175,"Continuously revisit charger_5, and also repeatedly photo in region_4",GF charger_5 & GF(photo & region_4),G F (charger_5) & G F (photo & region_4),True
8176,always when the engine breaks and the constructor creates instances then sooner or later both the train has arrived and the motorbike falls down,G((constructor_creates_instances & engine_breaks) -> F(motorbike_falls_down & train_has_arrived)),G((engine_breaks & constructor_creates_instances) -> F(train_has_arrived & motorbike_falls_down)),True
8177,"Whenever idle holds, from the next step onwards get_help will eventually hold.",G(idle -> XF get_help),G(idle -> X F get_help),True
8178,under no condition both the engine breaks and the table is old,G!(engine_breaks & table_is_old),G(!(engine_breaks & table_is_old)),True
8179,at some time set_out_to house until at some time scoop_up apple,F set_out_to_house U F scoop_up_apple,F(set_out_to_house U F(scoop_up_apple)),True
8180,"it should not happen that either the table is old, the train derails or a motorbike catches fire",G!(motorbike_catches_fire | table_is_old | train_derails),G(!(table_is_old | train_derails | motorbike_catches_fire)),True
8181,Continue staying in area_5 until you retrieve package_8 from store_2 and deliver it to house_9,area_5 U (store_2 & F(p_package_8 & F(house_9 & pd))),(area_5 & !p_package_8) U (store_2 & p_package_8 & F(house_9 & p_package_8)),False
8182,it is going to happen that the train has been launched or the bar is up or an elevator is open,F(bar_is_up | elevator_is_open | train_has_been_launched),F(train_has_been_launched | bar_is_up | elevator_is_open),True
8183,"at some point in time either the brake is pressed, the engine stops or an elevator rises",F(brake_is_pressed | elevator_rises | engine_stops),F(brake_is_pressed | engine_stops | elevator_rises),True
8184,Ensure that you never visit street_3,G!street_3,G! street_3,True
8185,"finally, a constructor creates instances and a train has been launched and, it will happen that the car enters or the motorbike falls down afterwards",G!(constructor_creates_instances & train_has_been_launched) | F(constructor_creates_instances & train_has_been_launched & F(car_enters | motorbike_falls_down)),F((constructor_creates_instances & train_has_been_launched) & F(car_enters | motorbike_falls_down)),False
8186,when possible scoop_up pear or pick_up orange,pick_up_orange | F scoop_up_pear,G(F(scoop_up_pear | pick_up_orange)),False
8187,"Do not go to landmark 5 before reaching park 5, and ensure you eventually take a picture of landmark 5",(!landmark_5 U park_5) & F(landmark_5 & photo),G(!landmark_5 U park_5) & F(photo),False
8188,Communicate with the injured_rescuer holds at all times.,G communicate_injured_rescuer,G communicate_injured_rescuer,True
8189,Eventually Capture a photo of arch_4 but never at park_2,F(arch_4 & photo) & G!park_2,F(photo & arch_4) & G!(photo & park_2),False
11965,"For all time (prop_2) should be true, and the scenario in which (prop_1) is equivalent to the scenario in which (prop_3) .",(prop_1 <-> prop_3) & G prop_2,G prop_2 & G(prop_1 <-> prop_3),False
11966,( prop_1 ) or when possible ( prop_2 ),prop_1 | F prop_2,G(prop_1 | prop_2),False
11967,( prop_1 ) and at some time ( prop_2 ),prop_1 & F prop_2,G(prop_1) & F(prop_2),False
11968,when possible ( prop_1 ) and whenever ( prop_2 ),F(prop_1 & F prop_2),G(prop_1 -> G(prop_2)),False
11969,( prop_1 ) and repeatedly ( prop_2 ),prop_1 & GF prop_2,prop_1 & G(prop_2),False
11970,"Globally , whenever the event that ( prop_2 ) gets detected , then the following condition holds : ( prop_1 ) or ( prop_3 ) .",G(prop_2 -> (prop_1 | prop_3)),G(prop_2 -> (prop_1 | prop_3)),True
11971,"It is always the case that while ( prop_1 ) , or ( prop_3 ) then the following condition is true : for each moment in the future till the end of the simulation ( prop_2 ) .",G((prop_1 | prop_3) -> GF prop_2),G((prop_1 | prop_3) -> G(prop_2)),False
11972,when possible ( prop_1 ) or repeatedly ( prop_2 ),F(prop_1 | GF prop_2),G(prop_1 | G(prop_2)),False
11973,"If you do (prop_2) and as a result (prop_3), then do (prop_1) soon .",(prop_2 -> prop_3) -> F prop_1,G((prop_2 & prop_3) -> F prop_1),False
11974,If the transition action that ( prop_1 ) occurs then the following condition holds : ( prop_2 ) .,G(prop_1 -> prop_2),G(prop_1 -> prop_2),True
11975,(prop_3) or (prop_2). (prop_4) until (prop_1).,(prop_2 | prop_3) & (prop_4 U prop_1),(prop_3 | prop_2) & (prop_4 U prop_1),True
11976,"(prop_1) is not true, and either (prop_3) or (prop_2) should be true .",!prop_1 & (prop_2 | prop_3),G(!prop_1 & (prop_3 | prop_2)),False
11977,"It is required that at a certain point the scenario in which ( prop_2 ) is equivalent to the scenario in which ( prop_1 ) happens , and only then ( prop_3 ) .",F(prop_1 <-> prop_2) -> prop_3,F((prop_1 <-> prop_2) & F(prop_3)),False
11978,( prop_1 ) means that at some time ( prop_2 ),prop_1 -> F prop_2,G(prop_1 -> F prop_2),False
11979,repeatedly ( prop_1 ) and never ( prop_2 ),G(F prop_1 & G!prop_2),G(prop_1) & G(!prop_2),False
11980,forever ( prop_1 ) and when possible ( prop_2 ),G(prop_1 & F prop_2),G prop_1 & F prop_2,False
11981,"In the event that ( prop_1 ) , and ( prop_2 ) , then all of the following conditions hold : ( prop_3 ) and ( prop_4 ) .",G((prop_1 & prop_2) -> (prop_3 & prop_4)),G((prop_1 & prop_2) -> (prop_3 & prop_4)),True
11982,"If ( prop_1 ) does not happen , then ( prop_2 ) , and ( prop_3 ) .",prop_3 & (!prop_1 -> prop_2),G(!prop_1 -> (prop_2 & prop_3)),False
11983,at any time ( prop_1 ) until ( prop_2 ),F(prop_1 U prop_2),G(prop_1 U prop_2),False
11984,at some time ( prop_1 ) can infer that ( prop_2 ),F prop_1 -> prop_2,F(prop_1 & prop_2),False
11985,"At any point in time, ( prop_2 ) happening is equivalent to either ( prop_1 ) happening or ( prop_3 ) happening.",(prop_1 | prop_3) <-> G prop_2,G(prop_2 <-> (prop_1 | prop_3)),False
11986,"Globally , in case that ( prop_2 ) or the transition action that ( prop_3 ) does not take place , then all of the following conditions hold : there needs to be ultimately a certain moment in the future before the simulation ends , at which ( prop_1 ) .",G((prop_2 | prop_3) -> F prop_1),G((prop_2 | !prop_3) -> F prop_1),False
11987,"For all time (prop_2), is equivalent to the scenario that if (prop_1), then (prop_3) .",(prop_1 -> prop_3) <-> G prop_2,G(prop_2) <-> G(prop_1 -> prop_3),False
11988,If at some point ( prop_4 ) or ( prop_1 ) or ( prop_2 ) then ( prop_3 ) .,(prop_1 | prop_2 | prop_4) -> prop_3,G((prop_4 | prop_1 | prop_2) -> prop_3),False
11989,"Once (prop_3), (prop_2) and (prop_1).",prop_3 -> (prop_1 & prop_2),G(prop_3 -> (prop_2 & prop_1)),False
11990,Ensure that (prop_1),F prop_1,G prop_1,False
11991,always ( prop_1 ) until ( prop_2 ),G(prop_1 U prop_2),G(prop_1 U prop_2),True
11992,"For each time instant in the future either if ( prop_2 ) then ( prop_3 ) happens , or else ( prop_1 ) .",prop_1 | G(prop_2 -> prop_3),G((prop_2 -> prop_3) | prop_1),False
11993,"If (prop_2) occurs eventually, then (prop_1) and (prop_3) must both be true .",F prop_2 -> (prop_1 & prop_3),G(F(prop_2) -> (prop_1 & prop_3)),False
11994,"It is always the case that while ( prop_3 ) , or ( prop_2 ) , then the following condition holds : there needs to exist a certain time point in the future before the simulation ends finally , at which the transition action that ( prop_4 ) has to be detected , until then ( prop_1 ) -RSB- .",G((prop_2 | prop_3) -> (prop_4 U prop_1)),G((prop_3 | prop_2) -> (prop_1 U prop_4)),False
11995,when possible ( prop_1 ) or at any time ( prop_2 ),F(prop_1 | F prop_2),G(prop_1 | prop_2),False
11996,"Either (prop_1) is equivalent to (prop_2), or (prop_3) does not hold .",!prop_3 | (prop_1 <-> prop_2),G((prop_1 <-> prop_2) | !prop_3),False
11997,at any time ( prop_1 ) or always ( prop_2 ),F(prop_1 | G prop_2),G(prop_1 | G(prop_2)),False
11998,It is not the case that ( prop_3 ) and ( prop_2 ) or ( prop_1 ) .,!(prop_1 | (prop_2 & prop_3)),G(!(prop_3 & (prop_2 | prop_1))),False
11999,Either finally (prop_2) or if (prop_1) then (prop_3) .,(prop_1 -> prop_3) | F prop_2,F prop_2 | (prop_1 -> prop_3),True
12000,( prop_1 ) or ( prop_2 ),prop_1 | prop_2,G(prop_1 | prop_2),False
12001,"If ( prop_3 ) then ( prop_1 ) , and also ( prop_2 ) .",prop_2 & (prop_3 -> prop_1),G((prop_3 -> prop_1) & prop_2),False
12002,"If (prop_1) is always true, then if (prop_3) is not true then (prop_2) is true .",G prop_1 -> (!prop_3 -> prop_2),G(prop_1) -> G(!prop_3 -> prop_2),False
12003,"It is the case that ( prop_4 ) and ( prop_1 ) are equivalent , and also ( prop_3 ) is true , the above condition will hold until ( prop_2 ) is observed .",(prop_3 & (prop_1 <-> prop_4)) U prop_2,((prop_4 <-> prop_1) & prop_3) U prop_2,True
12004,"If both (prop_1) and (prop_3) happen, then make sure (prop_2) happens for all future time steps .",(prop_1 & prop_3) -> G prop_2,G((prop_1 & prop_3) -> G(prop_2)),False
12005,"If (prop_1) finally happens, then make sure (prop_3) is equivalent to (prop_2) .",F prop_1 -> (prop_2 <-> prop_3),F(prop_1) -> G(prop_3 <-> prop_2),False
12006,"( prop_3 ) is equivalent to ( prop_4 ) will lead to ( prop_2 ) , or else ( prop_1 ) .",prop_1 | ((prop_3 <-> prop_4) -> prop_2),G(((prop_3 <-> prop_4) -> prop_2) | prop_1),False
12007,never ( prop_1 ) and at any time ( prop_2 ),G(!prop_1 & F prop_2),G(!prop_1) & G(prop_2),False
12008,If the scenario that ( prop_3 ) happens until the scenario that ( prop_2 ) is detected then in response the scenario that ( prop_1 ) should happen .,(prop_3 U prop_2) -> prop_1,G((prop_3 U prop_2) -> F prop_1),False
12009,"In the case ( prop_1 ) , then all of the following conditions are true : ( prop_3 ) , and at the same time the scenario that ( prop_2 ) ought to take place .",G(prop_1 -> (prop_2 & prop_3)),G(prop_1 -> (prop_3 & prop_2)),True
12010,"Globally , when ( prop_1 ) and ( prop_3 ) , then all of the following conditions are true : eventually ( prop_2 ) .",G((prop_1 & prop_3) -> F prop_2),G((prop_1 & prop_3) -> F prop_2),True
12011,when possible ( prop_1 ) means that repeatedly ( prop_2 ),F prop_1 -> GF prop_2,G(prop_1 -> G(prop_2)),False
12012,"Either for all time (prop_1) is true, or the scenario in which (prop_2) is false is equivalent to the scenario in which (prop_3) is true .",(!prop_2 <-> prop_3) | G prop_1,G(prop_1) | (G(!prop_2) <-> G(prop_3)),False
12013,"As soon as ( prop_2 ) , and ( prop_3 ) , then all of the following conditions hold : for each time point in the future before the end of the execution ( prop_1 ) .",G((prop_2 & prop_3) -> GF prop_1),G((prop_2 & prop_3) -> G(prop_1)),False
12014,at any time ( prop_1 ) until whenever ( prop_2 ),F(prop_1 U F prop_2),G(prop_1 U G(prop_2)),False
12015,"At some point ( prop_2 ) and ( prop_4 ) , or else ( prop_3 ) , or else ( prop_1 ) .",prop_1 | prop_3 | (prop_2 & prop_4),F((prop_2 & prop_4) | prop_3 | prop_1),False
12016,In case that ( prop_4 ) and ( prop_3 ) and ( prop_1 ) are all detected or in case that ( prop_2 ) is detected .,prop_2 | (prop_1 & prop_3 & prop_4),G((prop_4 & prop_3 & prop_1) | prop_2),False
12017,"For each time instant if ( prop_2 ) is true , implying that ( prop_1 ) and ( prop_3 ) are both true .",G prop_2 -> (prop_1 & prop_3),G(prop_2 -> (prop_1 & prop_3)),False
12018,"If (prop_2) doesn't happen, then keep waiting until (prop_1) is equivalent to (prop_3) .",!prop_2 U (prop_1 <-> prop_3),G(!prop_2 -> (prop_2 U (prop_1 <-> prop_3))),False
12019,Do not let (prop_3) happen until either (prop_1) or (prop_2) occurs.,!prop_3 U (prop_1 | prop_2),(!prop_3) U (prop_1 | prop_2),True
12020,If it is always the case that ( prop_2 ) does not lead to ( prop_1 ) then ( prop_3 ) .,G!(prop_2 -> prop_1) -> prop_3,G(G(prop_2 -> !prop_1) -> prop_3),False
12021,"If not (prop_2), then ensure that (prop_3) is equivalent to (prop_1) .",!prop_2 -> (prop_1 <-> prop_3),G(!prop_2 -> (prop_3 <-> prop_1)),False
12022,repeatedly ( prop_1 ) and at any time ( prop_2 ),G(F prop_1 & F prop_2),G(prop_1) & G(prop_2),False
12023,"The case that ( prop_2 ) is not ture is equivalent to ( prop_1 ) is ture , which should be detected until ( prop_3 ) is true .",(prop_1 <-> !prop_2) U prop_3,(!prop_2 <-> prop_1) U prop_3,True
12024,"If either (prop_1) or (prop_3) happens, then keep this condition until (prop_2) and (prop_4) both happen .",(prop_1 | prop_3) U (prop_2 & prop_4),G((prop_1 | prop_3) -> ((prop_1 | prop_3) U (prop_2 & prop_4))),False
12025,Make sure you do not (prop_1) until (prop_2).,!prop_1 U prop_2,!prop_1 U prop_2,True
12026,"In case that either ( prop_4 ) happens until ( prop_2 ) , or ( prop_3 ) , or ( prop_1 ) .",prop_1 | prop_3 | (prop_4 U prop_2),G((prop_4 U prop_2) | prop_3 | prop_1),False
12027,The scenario in which (prop_3) and (prop_2) both happen is equivalent to the scenario in which (prop_1) happens and then (prop_4) .,(prop_1 -> prop_4) <-> (prop_2 & prop_3),G((prop_3 & prop_2) <-> (prop_1 & F prop_4)),False
12028,Maintain (prop_2) to be equivalent to (prop_3) until you no longer observe (prop_1) .,(prop_2 <-> prop_3) U !prop_1,(prop_2 <-> prop_3) U !prop_1,True
12029,Everytime when the event that ( prop_3 ) gets detected and ( prop_2 ) then in response ( prop_1 ) .,G((prop_2 & prop_3) -> prop_1),G((prop_3 & prop_2) -> F(prop_1)),False
12030,"( prop_2 ) is equivalent to ( prop_3 ) , or else ( prop_1 ) , or else ( prop_4 ) .",prop_1 | prop_4 | (prop_2 <-> prop_3),G((prop_2 <-> prop_3) | (prop_1 | prop_4)),False
12031,"Get (prop_3) done, or else (prop_1) or (prop_2) can happen .",prop_1 | prop_2 | F prop_3,G(prop_3 | (prop_1 | prop_2)),False
12032,never ( prop_1 ) or when possible ( prop_2 ),G(!prop_1 | F prop_2),G(!prop_1) | G(prop_2),False
12033,"If ( prop_1 ) and ( prop_3 ) do not happen , then ( prop_2 ) .",!(prop_1 & prop_3) -> prop_2,G(!(prop_1 & prop_3) -> prop_2),False
12034,forever ( prop_1 ) until do not ( prop_2 ),G(prop_1 U !prop_2),G(prop_1 U !prop_2),True
12035,whenever ( prop_1 ) and ( prop_2 ),F(prop_1 & prop_2),G((prop_1 & prop_2) -> (prop_1 & prop_2)),False
12036,( prop_1 ) until ( prop_2 ),prop_1 U prop_2,prop_1 U prop_2,True
12037,"If it is not the case that ( prop_1 ) , or ( prop_2 ) , or ( prop_3 ) .",!prop_1 | prop_2 | prop_3,G(!prop_1 | prop_2 | prop_3),False
12038,"Keep doing (prop_3) until (prop_1) happens, and if (prop_2) happens, then (prop_4) should also happen.",(prop_2 -> prop_4) & (prop_3 U prop_1),(prop_3 U prop_1) & G(prop_2 -> prop_4),False
12039,"Globally , during the interval that ( prop_3 ) , and ( prop_4 ) , then all of the following conditions hold : ( prop_1 ) , or at the same time ( prop_2 ) .",G((prop_3 & prop_4) -> (prop_1 | prop_2)),G((prop_3 & prop_4) -> (prop_1 | prop_2)),True
12040,"If (prop_3) and (prop_2) happens, then (prop_1) should not occur .",(prop_2 & prop_3) -> !prop_1,G((prop_3 & prop_2) -> G(!prop_1)),False
12041,"It is always the case that everytime when ( prop_1 ) and ( prop_2 ) then in the future until the end of the simulation , without interruption ( prop_3 ) .",G((prop_1 & prop_2) -> G prop_3),G((prop_1 & prop_2) -> G(prop_3)),True
12042,"Either ( prop_1 ) or ( prop_2 ) should happen , and for each time instant ( prop_3 ) is true .",(prop_1 | prop_2) & G prop_3,G((prop_1 | prop_2) & prop_3),False
12043,"In the event that ( prop_4 ) or ( prop_1 ) then all of the following conditions are true : promptly ( prop_2 ) , or instantly the transition action that ( prop_3 ) does n't happen .",G((prop_1 | prop_4) -> (prop_2 | prop_3)),G((prop_4 | prop_1) -> (X prop_2 | X !prop_3)),False
12044,"If (prop_4), (prop_3) and (prop_2) until (prop_1).",prop_4 -> ((prop_2 & prop_3) U prop_1),(prop_4 & prop_3 & prop_2) U prop_1,False
12045,( prop_1 ) or never ( prop_2 ),prop_1 | G!prop_2,prop_1 | G! prop_2,True
12046,"Either keep doing (prop_3) until (prop_1), or make sure not to do (prop_2) .",!prop_2 | (prop_3 U prop_1),(prop_3 U prop_1) | G(!prop_2),False
12047,"If either (prop_2) or (prop_3) happens, then eventually (prop_1) should happen.",(prop_2 | prop_3) -> F prop_1,G((prop_2 | prop_3) -> F prop_1),False
12048,"If (prop_4), then (prop_3), and keep doing so until (prop_1) is the same as (prop_2) .",(prop_4 -> prop_3) U (prop_1 <-> prop_2),G((prop_4 -> prop_3) U (prop_1 <-> prop_2)),False
12049,"When (prop_3) then (prop_2), then (prop_1) should not happen .",(prop_3 -> prop_2) -> !prop_1,G((prop_3 & prop_2) -> G(!prop_1)),False
12050,forever ( prop_1 ) can infer that when possible ( prop_2 ),G prop_1 -> F prop_2,G(prop_1 -> F(prop_2)),False
12051,"Everytime when ( prop_1 ) , or ( prop_2 ) then the event that ( prop_3 ) will get detected simultaneously .",G((prop_1 | prop_2) -> prop_3),G((prop_1 | prop_2) -> prop_3),True
12052,"Until the scenario where ( prop_1 ) implies ( prop_2 ) happens, ensure that the equivalence of ( prop_3 ) and ( prop_4 ) holds.",(prop_3 <-> prop_4) U (prop_1 -> prop_2),(prop_3 <-> prop_4) U (prop_1 -> prop_2),True
12053,"Either it is not the case that ( prop_2 ) or else ( prop_3 ) , or else ( prop_1 ) .",prop_1 | !prop_2 | prop_3,G(!prop_2 | prop_3 | prop_1),False
12054,If ( prop_1 ) and ( prop_2 ) then ( prop_3 ) if and only if ( prop_4 ) .,prop_4 <-> ((prop_1 & prop_2) -> prop_3),G((prop_1 & prop_2) -> (prop_3 <-> prop_4)),False
12055,"For each time instant in the future ( prop_3 ) happens , and if ( prop_1 ) then ( prop_2 ) .",(prop_1 -> prop_2) & G prop_3,G(prop_3 & (prop_1 -> prop_2)),False
12056,If it is not the case that ( prop_2 ) is equivalent to ( prop_3 ) then ( prop_1 ) .,!(prop_2 <-> prop_3) -> prop_1,G(!(prop_2 <-> prop_3) -> prop_1),False
12057,"If (prop_3), (prop_1) until (prop_2).",prop_3 -> (prop_1 U prop_2),G(prop_3 -> (prop_1 U prop_2)),False
12058,"( prop_3 ) does not happen and also ( prop_2 ) , and ( prop_1 ) .",prop_1 & prop_2 & !prop_3,G(!prop_3 & prop_2 & prop_1),False
12059,"Eventually, (prop_2) should happen or (prop_3) is equivalent to (prop_1).",(prop_1 <-> prop_3) | F prop_2,F(prop_2 | (prop_3 <-> prop_1)),False
12060,( prop_1 ) until when possible ( prop_2 ),prop_1 U F prop_2,prop_1 U prop_2,False
12061,The scenario in which ( prop_2 ) is observed if and only if the scenario in which ( prop_1 ) is observed .,prop_1 <-> prop_2,G(prop_1 <-> prop_2),False
12062,at any time ( prop_1 ) or never ( prop_2 ),F(prop_1 | G!prop_2),G(prop_1 | G(!prop_2)),False
12063,at any time ( prop_1 ) or ( prop_2 ),F(prop_1 | prop_2),G(prop_1 | prop_2),False
12064,forever ( prop_1 ) and repeatedly ( prop_2 ),G(prop_1 & GF prop_2),G prop_1 & G F prop_2,True
12065,"(prop_1) is not true, and keep (prop_3) until (prop_2) .",!prop_1 & (prop_3 U prop_2),!prop_1 & (prop_3 U prop_2),True
12066,"It is required that at some point in the future , either ( prop_1 ) or ( prop_3 ) should be detected , then as a response ( prop_2 ) .",F(prop_1 | prop_3) -> prop_2,G((prop_1 | prop_3) -> F(prop_2)),False
12067,( prop_1 ) or forever ( prop_2 ),prop_1 | G prop_2,prop_1 | G prop_2,True
12068,"If you do (prop_4) and (prop_2), or if you do (prop_3), then you should do (prop_1) .",(prop_3 -> prop_1) | (prop_2 & prop_4),G(((prop_4 & prop_2) | prop_3) -> prop_1),False
12069,"When ( prop_2 ) or the transition action that ( prop_3 ) gets observed , then ( prop_1 ) and then this condition consistently continues in the future before the end of the execution .",G((prop_2 | prop_3) -> G prop_1),G((prop_2 | prop_3) -> (prop_1 & G(prop_1))),True
12070,"(prop_3) and (prop_2), then (prop_4) and (prop_5), until (prop_1).",(prop_2 & prop_3) -> ((prop_4 & prop_5) U prop_1),((prop_3 & prop_2) & (prop_4 & prop_5)) U prop_1,False
12071,"If you eventually do (prop_1), and while doing so you do (prop_3), then you should do (prop_2) .",F prop_1 -> (prop_3 -> prop_2),G(F(prop_1 & prop_3) -> F(prop_2)),False
12072,"You do (prop_2) and it is equivalent to (prop_4), and you should do (prop_1) if you observe (prop_3) .",(prop_2 <-> prop_4) & (prop_1 -> prop_3),G((prop_2 <-> prop_4) & (prop_3 -> prop_1)),False
12073,"Eventually do prop_1, and if prop_2 happens, then also do prop_3.",(prop_2 -> prop_3) & F prop_1,F prop_1 & G(prop_2 -> F prop_3),False
12074,when possible ( prop_1 ) means that when possible ( prop_2 ),F prop_1 -> F prop_2,G(F prop_1 <-> F prop_2),False
12075,never ( prop_1 ) or ( prop_2 ),G(!prop_1 | prop_2),G(!(prop_1 | prop_2)),False
12076,"If at all times (prop_1), then whenever you do (prop_3), you should do (prop_2) .",G prop_1 -> (prop_3 -> prop_2),G(prop_1) -> G(prop_3 -> prop_2),False
12077,Do not (prop_1).,G!prop_1,G! prop_1,True
12078,"If you always see (prop_3), then you should either do (prop_1) or (prop_2) .",G prop_3 -> (prop_1 | prop_2),G(prop_3 -> (prop_1 | prop_2)),False
12079,It is always the case that in case that the event that ( prop_2 ) gets detected or ( prop_3 ) then the following condition holds : the transition action that ( prop_4 ) will be detected at the same time and at the same moment the event that ( prop_1 ) should never happen .,G((prop_2 | prop_3) -> (prop_1 & prop_4)),G((prop_2 | prop_3) -> (prop_4 & G(!prop_1))),False
12080,always ( prop_1 ) and ( prop_2 ),G(prop_1 & prop_2),G(prop_1 & prop_2),True
12081,at any time ( prop_1 ) and don't ( prop_2 ),F(prop_1 & !F prop_2),G(prop_1 & !prop_2),False
12082,"when ( prop_1 ) , never ( prop_2 )",prop_1 -> G!prop_2,G(prop_1 -> G(!prop_2)),False
12083,"When ( prop_1 ) or the transition action that ( prop_2 ) occurs , then all of the following conditions hold : there is a certain moment in the future before the simulation ends finally , at which ( prop_3 ) and then this condition remains continuously in the future before the simulation ends .",G((prop_1 | prop_2) -> FG prop_3),G((prop_1 | prop_2) -> F(prop_3 & G(prop_3))),True
12084,"At some point in the future , it should be the case that if ( prop_1 ) then ( prop_3 ) and ( prop_2 ) .",F(prop_2 & (prop_1 -> prop_3)),F((prop_1 -> (prop_3 & prop_2))),False
12085,"(prop_3) and (prop_2) are the same, and either (prop_1) or (prop_4) .",(prop_2 <-> prop_3) & (prop_1 | prop_4),G((prop_3 <-> prop_2) & (prop_1 | prop_4)),False
12086,"It is required that in a future time ( prop_3 ) or the scenario that ( prop_2 ) is detected, and the above statement is equivalent to that ( prop_1 ) should be observed at the current time instant .",prop_1 <-> F(prop_2 | prop_3),(F prop_3 | prop_2) <-> prop_1,False
12087,(prop_1) and (prop_2).,prop_1 & prop_2,G(prop_1 & prop_2),False
12088,"If ( prop_1 ) and ( prop_2 ) happens and continues to happen until at some other point ( prop_3 ) is detected , then the scenario is equivalent to ( prop_4 ) .",prop_4 <-> ((prop_1 & prop_2) U prop_3),G((prop_1 & prop_2) U prop_3 -> prop_4),False
12089,(prop_2) or (prop_3) is the same as (prop_1) and (prop_4) .,(prop_2 | prop_3) <-> (prop_1 & prop_4),G((prop_2 | prop_3) <-> (prop_1 & prop_4)),False
12090,"Globally , if ( prop_2 ) , then all of the following conditions hold : ( prop_1 ) and this condition consistently remains till ( prop_3 ) .",G(prop_2 -> (prop_1 U prop_3)),G(prop_2 -> (prop_1 U prop_3)),True
12091,"If (prop_3) happens, then (prop_1) should happen as well, otherwise, (prop_4) should continue happening until (prop_2) occurs.",(prop_3 -> prop_1) | (prop_4 U prop_2),G(prop_3 -> (prop_1 | (prop_4 U prop_2))),False
12092,If ( prop_1 ) and ( prop_4 ) or ( prop_2 ) then the scenario is equivalent to ( prop_3 ) .,prop_3 <-> (prop_2 | (prop_1 & prop_4)),G(((prop_1 & prop_4) | prop_2) <-> prop_3),False
12093,repeatedly ( prop_1 ) or at some time ( prop_2 ),G(F prop_1 | F prop_2),G(prop_1) | F(prop_2),False
12094,The scenario in which (prop_2) and (prop_3) are both true is equivalent to the scenario in which (prop_1) is not true .,!prop_1 <-> (prop_2 & prop_3),G((prop_2 & prop_3) <-> !prop_1),False
12095,The scenario in which (prop_2) happens and continues until (prop_4) happens is equivalent to the scenario in which (prop_1) or (prop_3) happens .,(prop_1 | prop_3) <-> (prop_2 U prop_4),G((prop_2 U prop_4) <-> (prop_1 | prop_3)),False
12096,In case that ( prop_2 ) and ( prop_3 ) happens and continue to happen until ( prop_4 ) or else ( prop_1 ) .,prop_1 | ((prop_2 & prop_3) U prop_4),G((prop_2 & prop_3) U (prop_4 | prop_1)),False
12097,"It is required that at a certain point ( prop_2 ) should happen then ( prop_1 ) , and also ( prop_3 ) .",prop_3 & F(prop_2 -> prop_1),F(prop_2 & F(prop_1 & prop_3)),False
12098,It is required that the scenario in which ( prop_2 ) does not happen is equivalent to the scenario in which ( prop_3 ) or ( prop_1 ) happens .,!prop_2 <-> (prop_1 | prop_3),G(!prop_2 <-> (prop_3 | prop_1)),False
12099,( prop_1 ) and always ( prop_2 ),prop_1 & G prop_2,prop_1 & G prop_2,True
12100,( prop_1 ) or repeatedly ( prop_2 ),prop_1 | GF prop_2,prop_1 | G(prop_2),False
12101,"If ( prop_3 ) does not happen and also ( prop_2 ) happens , then ( prop_1 ) .",(prop_2 & !prop_3) -> prop_1,G((!prop_3 & prop_2) -> prop_1),False
12102,"when ( prop_1 ) , ( prop_2 )",prop_1 -> prop_2,G(prop_1 -> prop_2),False
12103,"If (prop_1), then you should do (prop_3), but do not do (prop_2) .",!prop_2 & (prop_1 -> prop_3),G(prop_1 -> (prop_3 & !prop_2)),False
12104,"The scenario in which (prop_2) is equivalent to the scenario in which (prop_3) happens, and in the meantime (prop_1) does not happen .",!prop_1 & (prop_2 <-> prop_3),G((prop_2 <-> prop_3) & !prop_1),False
12105,"The scenario that ( prop_4 ) and ( prop_1 ) are detected if and only if the scenario that ( prop_3 ) is detected , and also ( prop_2 ) should be observed .",prop_2 & (prop_3 <-> (prop_1 & prop_4)),G((prop_4 & prop_1) <-> (prop_3 & prop_2)),False
12106,"If ( prop_1 ) is not detected and ( prop_3 ) is detected, or ( prop_2 ) is detected .",prop_2 | (!prop_1 & prop_3),G((!prop_1 & prop_3) | prop_2),False
12107,"If (prop_3), then (prop_1), or else don't (prop_2) .",!prop_2 | (prop_3 -> prop_1),G(prop_3 -> (prop_1 | !prop_2)),False
12108,"If (prop_3) is observed, then do (prop_2), but stop if (prop_1) is not observed .",(prop_3 -> prop_2) U !prop_1,G(prop_3 -> (prop_2 U !prop_1)),False
12109,"Try not to have (prop_3), and keep this state until (prop_2) and (prop_1) both happen .",!prop_3 U (prop_1 & prop_2),(!prop_3) U (prop_2 & prop_1),True
12110,at some time ( prop_1 ) and repeatedly ( prop_2 ),F(prop_1 & GF prop_2),F(prop_1 & G(prop_2)),False
12111,"If the scenario in which ( prop_1 ) does not happen is equivalent to the scenario in which ( prop_3 ) happens, then eventually ( prop_2 ) should happen.",(!prop_1 <-> prop_3) -> F prop_2,G((!prop_1 <-> prop_3) -> F prop_2),False
12112,"Always keep (prop_3) true, or else either (prop_2) or (prop_1) must happen at some point.",prop_1 | prop_2 | G prop_3,G(prop_3) | F(prop_2 | prop_1),False
12113,"if never ( prop_1 ) , at any time ( prop_2 )",G!prop_1 -> F prop_2,G(!prop_1) -> G(prop_2),False
12114,"(prop_1) is not true and (prop_3) is true, and keep (prop_2) for all time .",!prop_1 & prop_3 & G prop_2,G(!prop_1 & prop_3 & prop_2),False
12115,"(prop_4) and (prop_3). Once (prop_2), (prop_5), (prop_6), and (prop_1).",(prop_3 & prop_4) -> (prop_2 -> (prop_1 & prop_5 & prop_6)),G(prop_4 & prop_3) & G(prop_2 -> F(prop_5 & prop_6 & prop_1)),False
12116,"If ( prop_3 ) is equivalent to ( prop_1 ) and also ( prop_4 ) , then ( prop_2 ) .",(prop_4 & (prop_1 <-> prop_3)) -> prop_2,G((prop_3 <-> (prop_1 & prop_4)) -> prop_2),False
12117,Keep doing (prop_1) after doing (prop_2),F(prop_1 -> G prop_2),G(prop_2 -> G(prop_1)),False
12118,"It is not the case that ( prop_1 ) is equivalent to ( prop_2 ) , and ( prop_3 ) .",prop_3 & !(prop_1 <-> prop_2),G(!(prop_1 <-> (prop_2 & prop_3))),False
12119,"It is always the case that whenever the transition action that ( prop_4 ) happens and ( prop_3 ) , then the following condition holds : ( prop_2 ) and this scenario has to continue all the time till ( prop_1 ) .",G((prop_3 & prop_4) -> (prop_2 U prop_1)),G((prop_4 & prop_3) -> (prop_2 U prop_1)),True
12120,"If ( prop_3 ) then ( prop_4 ) , the above scenario is equivalent to ( prop_1 ) , and also ( prop_2 ) .",prop_2 & (prop_1 <-> (prop_3 -> prop_4)),G((prop_3 -> prop_4) <-> (prop_1 & prop_2)),False
12121,The scenario that ( prop_1 ) and ( prop_3 ) is detected if and only if the scenario that ( prop_2 ) should be observed .,prop_2 <-> (prop_1 & prop_3),G((prop_1 & prop_3) <-> prop_2),False
12122,do not ( prop_1 ) or whenever ( prop_2 ),!(F prop_1 | F prop_2),G(!prop_1) & G(prop_2 -> prop_2),False
12123,"If (prop_2) happens and causes (prop_3), then (prop_4) should be equivalent to (prop_1) .",(prop_2 -> prop_3) -> (prop_1 <-> prop_4),G((prop_2 & prop_3) -> (prop_4 <-> prop_1)),False
12124,The scenario in which ( prop_3 ) and ( prop_2 ) happen at the same time is equivalent to the scenario in which ( prop_4 ) continues to happen until ( prop_1 ) happens.,(prop_2 & prop_3) <-> (prop_4 U prop_1),G((prop_3 & prop_2) <-> (prop_4 U prop_1)),False
12125,"when repeatedly ( prop_1 ) , ( prop_2 )",GF prop_1 -> prop_2,G(prop_1 -> F(prop_2)),False
12126,"Try (prop_1) and then achieve (prop_2), but if (prop_4) or (prop_3) happens, then stop .",(prop_1 -> prop_2) U (prop_3 | prop_4),G(prop_1 -> (G(!prop_3 & !prop_4) & F(prop_2))),False
12127,If ( prop_2 ) or ( prop_1 ) is equivalent to ( prop_4 ) then ( prop_3 ) .,(prop_4 <-> (prop_1 | prop_2)) -> prop_3,G((prop_2 | prop_1) <-> prop_4 -> prop_3),False
12128,"If (prop_2) and (prop_1) are equivalent, then if (prop_4), then (prop_3) .",(prop_1 <-> prop_2) -> (prop_4 -> prop_3),G((prop_2 <-> prop_1) -> (prop_4 -> prop_3)),False
12129,"If (prop_1) is equivalent to (prop_2), then both (prop_4) and (prop_3) should happen.",(prop_1 <-> prop_2) -> (prop_3 & prop_4),G((prop_1 <-> prop_2) -> (prop_4 & prop_3)),False
12130,"( prop_1 ) or ( prop_2 ) or ( prop_4 ) should be observed , equivalent to the condition that ( prop_3 ) should be observed .",prop_3 <-> (prop_1 | prop_2 | prop_4),G((prop_1 | prop_2 | prop_4) <-> prop_3),False
12131,"If (prop_3) happens and continues until (prop_1), then (prop_2) should not happen .",(prop_3 U prop_1) -> !prop_2,G((prop_3 U prop_1) -> G(!prop_2)),False
12132,forever ( prop_1 ) or ( prop_2 ),G(prop_1 | prop_2),G(prop_1 | prop_2),True
12133,"If ( prop_3 ) does not happen, then both ( prop_2 ) and ( prop_1 ) should happen.",!prop_3 -> (prop_1 & prop_2),G(!prop_3 -> (prop_2 & prop_1)),False
12134,"If it is not the case that ( prop_2 ) is happening until some point that ( prop_1 ) occurs, then ( prop_3 ) .",!(prop_2 U prop_1) -> prop_3,!(G(!prop_2) U prop_1) -> prop_3,False
12135,The scenario in which (prop_2) does not occur is equivalent to the scenario in which (prop_1) happens and continues until (prop_3) .,!prop_2 <-> (prop_1 U prop_3),G(!prop_2) <-> (prop_1 U prop_3),False
12136,"If it keeps happening that ( prop_2 ) and ( prop_4 ) are equivalent until ( prop_1 ) happens , and then imply ( prop_3 ) .",((prop_2 <-> prop_4) U prop_1) -> prop_3,G((prop_2 <-> prop_4) U (prop_1 & prop_3)),False
12137,"It is required that either ( prop_4 ) or ( prop_1 ) happens , and in the same time either ( prop_3 ) or ( prop_2 ) happens .",(prop_1 | prop_4) & (prop_2 | prop_3),G((prop_4 | prop_1) & (prop_3 | prop_2)),False
12138,"It is always the case that ( prop_3 ) is not true is equal to ( prop_1 ) is true , and ( prop_2 ) .",prop_2 & G(prop_1 <-> !prop_3),G((!prop_3) <-> (prop_1 & prop_2)),False
12139,The scenario in which (prop_3) happens and continues until (prop_2) occurs is equivalent to the scenario in which (prop_4) happens and then (prop_1) happens .,(prop_4 -> prop_1) <-> (prop_3 U prop_2),(prop_3 U prop_2) <-> (prop_4 & F prop_1),False
12140,"If you do not do (prop_3) and instead do (prop_1), then you should finally do (prop_2) .",(prop_1 & !prop_3) -> F prop_2,G((!prop_3 & prop_1) -> F prop_2),False
12141,For all time make sure that the scenario in which (prop_3) is true is the same as the scenario in which both (prop_1) and (prop_2) are true .,(prop_1 & prop_2) <-> G prop_3,G(prop_3 <-> (prop_1 & prop_2)),False
12142,"If ( prop_4 ) or ( prop_2 ) happens , then the scenario is equivalent to the case in which if ( prop_3 ) then ( prop_1 ) .",(prop_3 -> prop_1) <-> (prop_2 | prop_4),G((prop_4 | prop_2) -> (prop_3 <-> prop_1)),False
12143,"If either (prop_2) or (prop_4) is true, then either (prop_3) or (prop_1) should also be true .",(prop_2 | prop_4) -> (prop_1 | prop_3),G((prop_2 | prop_4) -> (prop_3 | prop_1)),False
12144,"(prop_2) doesn't happen, and make sure (prop_1) and (prop_3) both happen .",prop_1 & !prop_2 & prop_3,G(!prop_2) & G(prop_1) & G(prop_3),False
12145,"If you do not do (prop_2), then you should either do (prop_3) or (prop_1) .",!prop_2 -> (prop_1 | prop_3),G(!prop_2 -> (prop_3 | prop_1)),False
12146,"Globally , while ( prop_1 ) , and ( prop_3 ) , ( prop_2 ) .",G((prop_1 & prop_3) -> FG prop_2),G((prop_1 & prop_3) -> prop_2),False
12147,"If it is the case that the scenario in which ( prop_3 ) is detected then as a response ( prop_1 ) should happen , then ( prop_2 ) .",(prop_3 -> prop_1) -> prop_2,G((prop_3 -> F(prop_1)) -> prop_2),False
12148,"Globally , whenever ( prop_1 ) then the following condition holds : there must be ultimately a time in the future before the simulation ends , after which consistently ( prop_2 ) .",G(prop_1 -> FG prop_2),G(prop_1 -> F(G(prop_2))),True
12149,It is always the case that if either scenario ( prop_2 ) or scenario ( prop_1 ) is detected then in response scenario ( prop_3 ) should be detected .,G(prop_1 | prop_2) -> prop_3,G((prop_2 | prop_1) -> F(prop_3)),False
12150,do not ( prop_1 ) until at some time ( prop_2 ),!(F prop_1 U F prop_2),!prop_1 U prop_2,False
12151,"If at some point (prop_2) happens and is equivalent to (prop_3), or if (prop_1) never happens .",!prop_1 | (prop_3 <-> F prop_2),G((prop_2 <-> prop_3) | G(!prop_1)),False
12152,If ( prop_4 ) and ( prop_3 ) are detected then implies ( prop_2 ) should happen or else if ( prop_1 ) is detected .,prop_1 | ((prop_3 & prop_4) -> prop_2),G((prop_4 & prop_3) -> (F(prop_2) | F(prop_1))),False
12153,"If (prop_1) is equivalent to (prop_2), then make sure that (prop_3) is always true .",(prop_1 <-> prop_2) -> G prop_3,G((prop_1 <-> prop_2) -> G(prop_3)),False
12154,"For all time instances, either (prop_1) should always be true, or both (prop_3) and (prop_2) should happen at the same time.",(prop_2 & prop_3) | G prop_1,G(G prop_1 | (prop_3 & prop_2)),False
12155,at any time ( prop_1 ) until never ( prop_2 ),F(prop_1 U G!prop_2),G(prop_1 U G(!prop_2)),False
12156,"If (prop_3) implies (prop_2), then it should always be the case that (prop_1) is true .",(prop_3 -> prop_2) -> G prop_1,G((prop_3 -> prop_2) -> G(prop_1)),False
12157,always ( prop_1 ) or when possible ( prop_2 ),G(prop_1 | F prop_2),G(prop_1 | prop_2),False
12158,Do not do (prop_1) until you see that (prop_3) implies (prop_2) .,!prop_1 U (prop_3 -> prop_2),G(!prop_1 U (prop_3 -> prop_2)),False
12159,"( prop_1 ) should not happen if ( prop_3 ) does happen , and ( prop_2 ) should also be true all the time . ",(prop_1 -> !prop_3) & G prop_2,G(prop_3 -> !prop_1) & G(prop_2),False
12160,"If (prop_1) is equivalent to (prop_2), ensure that (prop_3) finally happens .",(prop_1 <-> prop_2) -> F prop_3,G((prop_1 <-> prop_2) -> F prop_3),False
12161,"(prop_3) occurs and you do (prop_1), or (prop_2) does not occur .",!prop_2 | (prop_1 & prop_3),G((prop_3 & prop_1) | !prop_2),False
12162,(prop_1) and (prop_3) keep happening until (prop_2) doesn't .,(prop_1 & prop_3) U !prop_2,(prop_1 & prop_3) U !prop_2,True
12163,"As long as (prop_1) is always true, or else if (prop_2) then (prop_3) .",(prop_2 -> prop_3) | G prop_1,G(prop_1 | (prop_2 -> prop_3)),False
12164,"( prop_3 ) will be false until at one time point prop_1 will be true , or else prop_2 is true .",prop_2 | (!prop_3 U prop_1),(!prop_3 U prop_1) | prop_2,True
12165,"Either keep (prop_4) equivalent to (prop_3), or do (prop_2) until (prop_1) .",(prop_3 <-> prop_4) | (prop_2 U prop_1),G((prop_4 <-> prop_3) | (prop_2 U prop_1)),False
12166,If ( prop_1 ) is equivalent to ( prop_3 ) and also ( prop_2 ) .,prop_2 & (prop_1 <-> prop_3),G((prop_1 <-> prop_3) & prop_2),False
12167,when possible ( prop_1 ) and never ( prop_2 ),F(prop_1 & G!prop_2),G(prop_1 | !prop_1) & G(!prop_2),False
12168,If it is not the case that ( prop_2 ) or else ( prop_3 ) is detected then as a response ( prop_1 ) should be observed .,(!prop_2 | prop_3) -> prop_1,G((!prop_2 | prop_3) -> prop_1),False
12169,"If ( prop_1 ) is equivalent to ( prop_4 ) then ( prop_2 ) , and also ( prop_3 ) .",prop_3 & ((prop_1 <-> prop_4) -> prop_2),G((prop_1 <-> prop_4) -> (prop_2 & prop_3)),False
12170,"If (prop_1) continues to happen until (prop_3) occurs, then when (prop_4) happens, (prop_2) should also be true.",(prop_1 U prop_3) -> (prop_4 -> prop_2),G((prop_1 U prop_3) -> (prop_4 -> prop_2)),False
12171,"If ( prop_3 ) happens and continues to happen until ( prop_2 ) , and also ( prop_1 ) , and ( prop_4 ) .",prop_1 & prop_4 & (prop_3 U prop_2),G((prop_3 U prop_2) & prop_1 & prop_4),False
12172,"when whenever ( prop_1 ) , forever ( prop_2 )",F prop_1 -> G prop_2,G(prop_1 -> G(prop_2)),False
12173,"If at some point ( prop_4 ) or ( prop_1 ) happens and this scenario continues until at some other point ( prop_3 ) is detected , then ( prop_2 ) .",((prop_1 | prop_4) U prop_3) -> prop_2,G(((prop_4 | prop_1) U prop_3) -> prop_2),False
12174,Eventually do prop_1 but never do prop_2,F prop_1 & G!prop_2,F prop_1 & G! prop_2,True
12175,Keep ( prop_2 ) and ( prop_4 ) happening until both ( prop_1 ) and ( prop_3 ) occur at the same time.,(prop_2 & prop_4) U (prop_1 & prop_3),(prop_2 & prop_4) U (prop_1 & prop_3),True
12176,"If both (prop_2) and (prop_1) happen, then eventually (prop_3) must happen as well.",(prop_1 & prop_2) -> F prop_3,G((prop_2 & prop_1) -> F(prop_3)),False
12177,don't ( prop_1 ) and repeatedly ( prop_2 ),!(prop_1 & GF prop_2),G(!prop_1) & G F prop_2,False
12178,The scenario in which at some point ( prop_3 ) or ( prop_2 ) then ( prop_4 ) is equivalent to the scenario in which ( prop_1 ) .,prop_1 <-> ((prop_2 | prop_3) -> prop_4),G((F(prop_3 | prop_2) -> prop_4) <-> prop_1),False
12179,"If there will exist a certain moment in the future , at which ultimately ( prop_3 ) , and till then ( prop_2 ) , then the following condition is true : there ought to finally exist a time in the future before the end of the execution , after which in the future before the simulation ends , ( prop_1 ) .",G((prop_3 U prop_2) -> FG prop_1),G((prop_2 U prop_3) -> F(prop_1)),False
12180,"Eventually, make sure that (prop_1) happens, and in the meantime, ensure that both (prop_3) and (prop_2) happen together.",prop_2 & prop_3 & F prop_1,F(prop_1 & (prop_3 & prop_2)),False
12181,The scenario in which (prop_4) happens until (prop_3) happens is equivalent to the scenario in which (prop_1) is equivalent to (prop_2) .,(prop_1 <-> prop_2) <-> (prop_4 U prop_3),(prop_4 U prop_3) <-> (prop_1 <-> prop_2),True
12182,do not ( prop_1 ) and at some time ( prop_2 ),!(prop_1 & F prop_2),G(!prop_1) & F(prop_2),False
12183,"Globally , while ( prop_3 ) , or ( prop_2 ) then the condition that ( prop_1 ) .",G((prop_2 | prop_3) -> !F prop_1),G((prop_3 | prop_2) -> prop_1),False
12184,do not ( prop_1 ) or ( prop_2 ),!(prop_1 | prop_2),G(!(prop_1 | prop_2)),False
12185,"If (prop_3) is true, then (prop_2) should be true as well and if (prop_4) is true if and only if (prop_1) should be true; these two should be equivalent .",(prop_3 -> prop_2) <-> (prop_1 <-> prop_4),G((prop_3 -> prop_2) <-> (prop_4 <-> prop_1)),False
12186,(prop_1).,prop_1,G prop_1,False
12187,"Either (prop_3) or (prop_1), and make sure (prop_2) happens .",(prop_1 | prop_3) & F prop_2,G((prop_3 | prop_1) & F(prop_2)),False
12188,never ( prop_1 ) and ( prop_2 ),G(!prop_1 & prop_2),G(!(prop_1 & prop_2)),False
12189,at any time ( prop_1 ) and do not ( prop_2 ),F(prop_1 & !prop_2),G(prop_1 & !prop_2),False
12190,"( prop_2 ) and ( prop_4 ) should happen at the same time , and if ( prop_3 ) then ( prop_1 ) happens .",prop_2 & prop_4 & (prop_3 -> prop_1),G((prop_2 & prop_4) & (prop_3 -> prop_1)),False
12191,"if repeatedly ( prop_1 ) , when possible ( prop_2 )",GF prop_1 -> F prop_2,G(prop_1 -> F(prop_2)),False
12192,never ( prop_1 ) until do not ( prop_2 ),G(!prop_1 U !prop_2),G(!prop_1 U !prop_2),True
12193,"For each time instant in the future ( prop_1 ) should be equivalent to ( prop_2 ) , and also ( prop_3 ) .",prop_3 & G(prop_1 <-> prop_2),G((prop_1 <-> prop_2) & prop_3),False
12194,"It is required that ( prop_2 ) and ( prop_3 ) must be detected at the same time in the future , which is equivalent to the scenario that ( prop_1 ) .",prop_1 <-> F(prop_2 & prop_3),G(F(prop_2 & prop_3) <-> prop_1),False
12195,"If ( prop_1 ) is equivalent to ( prop_3 ), then ( prop_2 ) should not happen.",(prop_1 <-> prop_3) -> !prop_2,G((prop_1 <-> prop_3) -> !prop_2),False
12196,"(prop_2) and (prop_3) should happen at the same time, and (prop_1) should not happen .",!prop_1 & prop_2 & prop_3,G((prop_2 & prop_3) & !prop_1),False
12197,If ( prop_3 ) and ( prop_4 ) or ( prop_1 ) then ( prop_2 ) .,(prop_1 | (prop_3 & prop_4)) -> prop_2,G(((prop_3 & prop_4) | prop_1) -> prop_2),False
12198,"If ( prop_3 ) is always true, then the scenario in which ( prop_2 ) happens is equivalent to the scenario in which ( prop_1 ) happens.",G prop_3 -> (prop_1 <-> prop_2),G(prop_3) -> G(prop_2 <-> prop_1),False
12199,"If (prop_1), then (prop_2), or else (prop_4) is equivalent to (prop_3) .",(prop_1 -> prop_2) | (prop_3 <-> prop_4),G((prop_1 -> prop_2) <-> (prop_4 <-> prop_3)),False
12200,"If it is not the case that ( prop_3 ) or ( prop_2 ) , then ( prop_1 ) .",!(prop_2 | prop_3) -> prop_1,G(!(prop_3 | prop_2) -> prop_1),False
12201,It is equivalent to have (prop_2) and (prop_3) happen at the same time to have (prop_1) happen finally .,(prop_2 & prop_3) <-> F prop_1,G((prop_2 & prop_3) <-> F prop_1),False
12202,"If you do not do (prop_2) or if you do (prop_1), then make sure to do (prop_3) .",(prop_1 | !prop_2) -> F prop_3,G((!prop_2 | prop_1) -> prop_3),False
12203,"Either (prop_1) and (prop_3) happen at the same time, or else (prop_4) is equivalent to (prop_2) .",(prop_2 <-> prop_4) | (prop_1 & prop_3),G((prop_1 & prop_3) | (prop_4 <-> prop_2)),False
12204,(prop_3) until (prop_2). (prop_1).,prop_1 & (prop_3 U prop_2),(prop_3 U prop_2) & prop_1,True
12205,"If ( prop_1 ) happens and continues to happen until ( prop_2 ) or ( prop_3 ) , and also ( prop_4 ) .",prop_4 & (prop_3 | (prop_1 U prop_2)),G((prop_1 U (prop_2 | prop_3)) & prop_4),False
12206,never ( prop_1 ) and never ( prop_2 ),G(!prop_1 & G!prop_2),G! prop_1 & G! prop_2,True
12207,never ( prop_1 ) or never ( prop_2 ),G(!prop_1 | G!prop_2),G(!prop_1) | G(!prop_2),False
12208,"If ( prop_4 ) then ( prop_2 ) , or else ( prop_3 ) , or else ( prop_1 ) .",prop_1 | prop_3 | (prop_4 -> prop_2),G((prop_4 -> prop_2) | (prop_3) | (prop_1)),False
12209,"The scenario in which ( prop_2 ) happens and as a result ( prop_4 ) happens and this happens until ( prop_1 ) , the above condition is equivalent to ( prop_3 ) .",prop_3 <-> ((prop_2 -> prop_4) U prop_1),((prop_2 & prop_4) U prop_1) <-> prop_3,False
12210,"It is not the case that ( prop_2 ) happens until ( prop_1 ) , or else ( prop_3 ) .",prop_3 | !(prop_2 U prop_1),!(prop_2 U prop_1) | prop_3,True
12211,"If not (prop_3), then (prop_4), otherwise while (prop_5), do (prop_1) or (prop_2).",(!prop_3 -> prop_4) | (prop_5 -> (prop_1 | prop_2)),G(!prop_3 -> prop_4) & G(prop_3 -> (prop_5 R (!prop_1 & !prop_2))),False
12212,do not ( prop_1 ) or at any time ( prop_2 ),!(prop_1 | F prop_2),G(!prop_1 & !prop_2),False
12213,"(prop_1) should be equivalent to (prop_2), or always do (prop_3) .",(prop_1 <-> prop_2) | G prop_3,G((prop_1 <-> prop_2) | prop_3),False
12214,The negation of ( prop_2 ) is equivalent to the scenario where ( prop_1 ) is equivalent to ( prop_3 ).,!prop_2 <-> (prop_1 <-> prop_3),!prop_2 <-> (prop_1 <-> prop_3),True
12215,(prop_1) does not happen if and only if (prop_3) then (prop_2) .,!prop_1 <-> (prop_3 -> prop_2),G(!prop_1 <-> (prop_3 -> prop_2)),False
12216,"If (prop_2), then (prop_4), and if (prop_3), then (prop_1) .",(prop_2 -> prop_4) & (prop_3 -> prop_1),G((prop_2 -> prop_4) & (prop_3 -> prop_1)),False
12217,Do not (prop_1) at this point!,!prop_1,!prop_1,True
12218,"If it is globally the case that whenever ( prop_2 ) is observed then ( prop_1 ) , and then ( prop_3 ) can be implied .",G(prop_2 -> prop_1) -> prop_3,G((prop_2 -> prop_1) -> prop_3),False
12219,"It is required that (prop_1) and (prop_4) both happen, and that (prop_2) is equivalent to (prop_3) .",prop_1 & prop_4 & (prop_2 <-> prop_3),G((prop_1 & prop_4) & (prop_2 <-> prop_3)),False
12220,( prop_2 ) or ( prop_1 ) or ( prop_3 ) or ( prop_4 ) .,prop_1 | prop_2 | prop_3 | prop_4,G(prop_2 | prop_1 | prop_3 | prop_4),False
12221,"The scenario that ( prop_3 ) should be detected whenever ( prop_2 ) or the event that ( prop_4 ) is observed , and at the same time ( prop_1 ) should be true .",prop_1 & ((prop_2 | prop_3) -> prop_4),G((prop_2 | prop_4) -> (prop_3 & prop_1)),False
12222,"If ( prop_1 ) then ( prop_3 ) happens and also ( prop_2 ) , is equivalent to ( prop_4 ) .",prop_4 <-> (prop_2 & (prop_1 -> prop_3)),G((prop_1) -> ((prop_3) & (prop_2))) <-> (prop_4),False
12223,"If it is not the case that ( prop_3 ) then ( prop_2 ) happens , or else ( prop_1 ) .",prop_1 | !(prop_3 -> prop_2),G(!prop_3 -> (prop_2 | prop_1)),False
12224,"At some point in the future ( prop_2 ) should happen and then ( prop_3 ) , or else ( prop_1 ) .",prop_1 | F(prop_2 -> prop_3),F(prop_2 & F(prop_3)) | prop_1,False
12225,"For each time instant ( prop_1 ) and ( prop_2 ) should be detected , or else ( prop_3 ) .",prop_3 | G(prop_1 & prop_2),G((prop_1 & prop_2) -> prop_3),False
12226,"If (prop_1) doesn't happen, then wait for (prop_2) until achieve (prop_3) .",!prop_1 -> (prop_2 U prop_3),G(!prop_1 -> (prop_2 U prop_3)),False
12227,"If ( prop_3 ) is equivalent to ( prop_1 ) and this scenario is continued until ( prop_2 ) is detected , or else ( prop_4 ) .",prop_4 | ((prop_1 <-> prop_3) U prop_2),G((prop_3 <-> prop_1) U prop_2) | prop_4,False
12228,"when always ( prop_1 ) , ( prop_2 )",G prop_1 -> prop_2,G(prop_1 -> prop_2),False
12229,"While ( prop_1 ) , then in response there should exist a certain time instant in the future before the end of the simulation , at which ( prop_2 ) .",G(prop_1 -> F prop_2),G(prop_1 -> F(prop_2)),True
12230,When ( prop_1 ) then the following condition holds : ( prop_2 ) and then this scenario needs to hold in the future .,G(prop_1 -> G prop_2),G(prop_1 -> (prop_2 & G(prop_2))),True
12231,It is always the case that in case that ( prop_2 ) and ( prop_1 ) then in response the condition that without interruption ( prop_3 ) .,G((prop_1 & prop_2) -> !G prop_3),G((prop_2 & prop_1) -> G(prop_3)),False
12232,at any time ( prop_1 ) until forever ( prop_2 ),F(prop_1 U G prop_2),G(prop_1 U prop_2),False
12233,"when never ( prop_1 ) , ( prop_2 )",G!prop_1 -> prop_2,G(!prop_1 -> prop_2),False
12234,It is required that (prop_3) is equivalent to (prop_1) and at some point in the future (prop_2) .,(prop_1 <-> prop_3) & F prop_2,G((prop_3 <-> prop_1) & F prop_2),False
12235,The scenario in which either (prop_2) or (prop_3) happens is equivalent to the scenario in which (prop_1) happens at the end .,(prop_2 | prop_3) <-> F prop_1,G((prop_2 | prop_3) <-> prop_1),False
12236,"If ( prop_3 ) then ( prop_2 ) , or else ( prop_1 ) , and also ( prop_4 ) .",prop_4 & (prop_1 | (prop_3 -> prop_2)),G((prop_3 -> prop_2) | prop_1) & G(prop_4),False
12237,"Until (prop_4) is equivalent to (prop_3), do either (prop_1) or (prop_2) .",(prop_3 | prop_4) U (prop_1 <-> prop_2),(prop_1 | prop_2) U (prop_4 <-> prop_3),False
12238,If ( prop_1 ) is equivalent to ( prop_3 ) then ( prop_2 ) .,(prop_1 <-> prop_3) -> prop_2,G((prop_1 <-> prop_3) -> prop_2),False
12239,"if ( prop_1 ) , repeatedly ( prop_2 )",prop_1 -> GF prop_2,G(prop_1 -> G(prop_2)),False
12240,Either (prop_1) or (prop_3) happens until (prop_2) doesn't hold anymore .,(prop_1 | prop_3) U !prop_2,(prop_1 | prop_3) U !prop_2,True
12241,"The scenario in which ( prop_2 ) or ( prop_4 ) happens and continues to happen until ( prop_3 ) , is equivalent to the scenario in which ( prop_1 ) .",prop_1 <-> ((prop_2 | prop_4) U prop_3),((prop_2 | prop_4) U prop_3) <-> prop_1,True
12242,"If at some point you do (prop_1) or (prop_4), then keep doing that until you see that (prop_2) implies (prop_3) .",(prop_1 | prop_4) U (prop_2 -> prop_3),G((prop_1 | prop_4) -> ((prop_1 | prop_4) U (prop_2 -> prop_3))),False
12243,"If (prop_1) and (prop_2), then if (prop_4), then (prop_3) .",(prop_1 & prop_2) -> (prop_4 -> prop_3),G((prop_1 & prop_2) -> (prop_4 -> prop_3)),False
12244,"( prop_1 ) is not true is equivalent to ( prop_3 ) is true, and then implies ( prop_2 ) should be true .",(!prop_1 <-> prop_3) -> prop_2,G((!prop_1 <-> prop_3) -> prop_2),False
12245,"If ( prop_3 ) then ( prop_1 ) happens , and in the same time ( prop_2 ) or ( prop_4 ) happens .",(prop_3 -> prop_1) & (prop_2 | prop_4),G(prop_3 -> (prop_1 & (prop_2 | prop_4))),False
12246,"If you do (prop_4) and observe (prop_2), then keep doing it until you also see (prop_3), at which point you should do (prop_1) .",(prop_2 & prop_4) U (prop_3 -> prop_1),G((prop_4 & prop_2) -> ((prop_4 & prop_2) U (prop_3 & prop_1))),False
12247,at any time ( prop_1 ) and always ( prop_2 ),F(prop_1 & G prop_2),G(prop_1 & G(prop_2)),False
12248,Always maintain the condition that (prop_1) is equivalent to the scenario where (prop_2) is equivalent to (prop_3).,(prop_2 <-> prop_3) <-> G prop_1,G(prop_1 <-> (prop_2 <-> prop_3)),False
12249,"Either ( prop_2 ) or ( prop_1 ) should not happen , and the above condition is equivalent to ( prop_3 ) .",prop_3 <-> !(prop_1 | prop_2),G((!(prop_2 | prop_1)) <-> prop_3),False
12250,"If (prop_4) is equivalent to (prop_3), then keep (prop_2) until (prop_1) is true .",(prop_3 <-> prop_4) -> (prop_2 U prop_1),G((prop_4 <-> prop_3) -> (prop_2 U prop_1)),False
12251,( prop_1 ) until always ( prop_2 ),prop_1 U G prop_2,prop_1 U G prop_2,True
12252,"In case that ( prop_1 ) or ( prop_2 ) then ( prop_4 ) should happen , or else ( prop_3 ) .",prop_3 | ((prop_1 | prop_2) -> prop_4),G((prop_1 | prop_2) -> F(prop_4)) & G(!(prop_1 | prop_2) -> F(prop_3)),False
12253,never ( prop_1 ) until whenever ( prop_2 ),G(!prop_1 U F prop_2),G(!prop_1 U G(prop_2)),False
12254,"For all time, (prop_2) should be true, and in addition, at this time, (prop_1) and (prop_3) should both be true .",prop_1 & prop_3 & G prop_2,G(prop_2 & prop_1 & prop_3),False
12255,( prop_1 ) until never ( prop_2 ),prop_1 U G!prop_2,prop_1 U G! prop_2,True
12256,"If (prop_3) or (prop_1), then make sure (prop_2) is always true .",(prop_1 | prop_3) -> G prop_2,G((prop_3 | prop_1) -> G(prop_2)),False
12257,do not ( prop_1 ) and when possible ( prop_2 ),!(F prop_1 & F prop_2),G(!prop_1) & G(prop_2 -> F(prop_2)),False
12258,Either ( prop_4 ) or ( prop_1 ) should happen and continue until at some point either ( prop_2 ) or ( prop_3 ) is detected.,(prop_1 | prop_4) U (prop_2 | prop_3),(prop_4 | prop_1) U (prop_2 | prop_3),True
12259,It is not the case that both ( prop_1 ) and ( prop_2 ) are detected at the same time if and only if ( prop_3 ) is detected .,prop_3 <-> !(prop_1 & prop_2),G(!((prop_1 & prop_2) <-> prop_3)),False
12260,The scenario that ( prop_2 ) is not detected implies that ( prop_3 ) keeps happening until ( prop_1 ) .,(!prop_2 -> prop_3) U prop_1,G(!prop_2 -> (prop_3 U prop_1)),False
12261,"It is not the case that ( prop_3 ) is equivalent to ( prop_1 ) , or else ( prop_2 ) .",prop_2 | !(prop_1 <-> prop_3),G(!(prop_3 <-> prop_1) | prop_2),False
12262,"Once (prop_1) happens, then either (prop_2) or (prop_3) should occur.",F prop_1 -> (prop_2 | prop_3),G(prop_1 -> F(prop_2 | prop_3)),False
12263,"Either (prop_1) and (prop_3) happens, or make sure (prop_2) eventually happens .",(prop_1 & prop_3) | F prop_2,G((prop_1 & prop_3) | F prop_2),False
12264,"Whenever ( prop_1 ) , or ( prop_3 ) , then the condition that without interruption ( prop_2 ) will not be true .",G((prop_1 | prop_3) -> !G prop_2),G((prop_1 | prop_3) -> G(!prop_2)),False
12265,It is required that at some point ( prop_1 ) or ( prop_2 ) is equivalent to ( prop_4 ) and this scenario will hold until ( prop_3 ) is detected .,(prop_4 <-> (prop_1 | prop_2)) U prop_3,F((prop_1 | prop_2) <-> prop_4) U prop_3,False
12266,"(prop_3) continues to happen until (prop_1) occurs, and (prop_2) is true if and only if (prop_4) is also true.",(prop_2 <-> prop_4) & (prop_3 U prop_1),(prop_3 U prop_1) & (prop_2 <-> prop_4),True
12267,( prop_4 ) and ( prop_2 ) and ( prop_1 ) should hold to be true until ( prop_3 ) happens to be true .,(prop_1 & prop_2 & prop_4) U prop_3,(prop_4 & prop_2 & prop_1) U prop_3,True
12268,"If at some point (prop_1) happens, then if (prop_2) does not happen, ensure that (prop_3) happens.",F prop_1 -> (!prop_2 -> prop_3),G(prop_1 -> (G(!prop_2) -> F(prop_3))),False
12269,( prop_3 ) and ( prop_1 ) and ( prop_2 ) will not happen at the same time .,!(prop_1 & prop_2 & prop_3),G(!(prop_3 & prop_1 & prop_2)),False
12270,don't ( prop_1 ) or don't ( prop_2 ),!(prop_1 | !prop_2),G(!prop_1 | !prop_2),False
12271,"If (prop_1) occurs and (prop_2), then (prop_4) or else (prop_3), and vice versa .",(prop_1 & prop_2) <-> (prop_3 | prop_4),G((prop_1 & prop_2) <-> (prop_4 | prop_3)),False
12272,If ( prop_2 ) or the scenario that ( prop_3 ) is detected and in addition ( prop_1 ) is observed then as a result ( prop_4 ) should be true .,(prop_1 & (prop_2 | prop_3)) -> prop_4,G((prop_2 | (prop_3 & prop_1)) -> prop_4),False
12273,"if at some time ( prop_1 ) , never ( prop_2 )",F prop_1 -> G!prop_2,G(prop_1 -> G(!prop_2)),False
12274,( prop_1 ) and do not ( prop_2 ),prop_1 & !prop_2,G(prop_1 & !prop_2),False
12275,"If (prop_1) happens and continues until (prop_3), then (prop_4) or (prop_2) should also happen .",(prop_1 U prop_3) -> (prop_2 | prop_4),G((prop_1 U prop_3) -> F(prop_4 | prop_2)),False
12276,"If you do (prop_3) or (prop_1), then you should not do (prop_2) .",(prop_1 | prop_3) -> !prop_2,G((prop_3 | prop_1) -> !prop_2),False
12277,never ( prop_1 ) until ( prop_2 ),G(!prop_1 U prop_2),G(!(prop_1 U prop_2)),False
12278,"If you do (prop_1) and observe (prop_4), then you should do (prop_3) and (prop_2) .",(prop_1 & prop_4) -> (prop_2 & prop_3),G((prop_1 & prop_4) -> (prop_3 & prop_2)),False
12279,"If (prop_2), then do (prop_1), but stop if you see (prop_3) and (prop_4) at the same time .",(prop_2 -> prop_1) U (prop_3 & prop_4),G(prop_2 -> (prop_1 U (prop_3 & prop_4))),False
12280,Always (prop_1),G prop_1,G prop_1,True
12281,"If ( prop_2 ) happens and continues to happen until ( prop_3 ) , or ( prop_1 ) , then ( prop_4 ) .",(prop_1 | (prop_2 U prop_3)) -> prop_4,G((prop_2 U prop_3) | prop_1 -> prop_4),False
12282,"It is required that at a certain point the scenario in which ( prop_2 ) happens and then ( prop_1 ) , is equivalent to ( prop_3 ) .",prop_3 <-> F(prop_2 -> prop_1),F(prop_2 & F(prop_1)) <-> prop_3,False
12283,"If it is always the case that ( prop_2 ) is logically equivalent to the scenario that ( prop_3 ) , then ( prop_1 ) .",G(prop_2 <-> prop_3) -> prop_1,G((prop_2 <-> prop_3) -> prop_1),False
12284,"It is required that either globally always ( prop_2 ) if and only if ( prop_3 ) is detected , or else ( prop_1 ) should be detected .",prop_1 | G(prop_2 <-> prop_3),G((prop_2 <-> prop_3) | prop_1),False
12285,"(prop_3), then (prop_1) and (prop_5), until (prop_2) and (prop_4).",prop_3 -> ((prop_1 & prop_5) U (prop_2 & prop_4)),(prop_3) U ((prop_1) & (prop_5) & ((prop_2) & (prop_4))),False
12286,It is required that eventually (prop_3) is true if and only if (prop_1) is true if and only if (prop_2) is true.,(prop_1 <-> prop_2) <-> F prop_3,G(F prop_3 <-> (prop_1 <-> prop_2)),False
12287,"It is the case that ( prop_2 ) is not true if and only if ( prop_3 ) is true, and this condition will hold until eventually ( prop_1 ) is true .",(!prop_2 <-> prop_3) U prop_1,(!prop_2 <-> prop_3) U F prop_1,False
12288,"If ( prop_4 ) then ( prop_1 ) , and also ( prop_2 ) , or else ( prop_3 ) .",prop_3 | (prop_2 & (prop_4 -> prop_1)),G((prop_4 -> (prop_1 & prop_2)) | prop_3),False
12289,"The scenario in which ( prop_3 ) or ( prop_2 ) is detected and at the same time ( prop_1 ) is detected , or ( prop_4 ) .",prop_4 | (prop_1 & (prop_2 | prop_3)),G((prop_3 | prop_2) & prop_1 | prop_4),False
12290,"It should be the case that eventually (prop_2) occurs if and only if (prop_1) occurs, then (prop_3) occurs .",(prop_1 -> prop_3) <-> F prop_2,G((F prop_2 <-> prop_1) -> F prop_3),False
12291,"If it is not the case that ( prop_3 ) then ( prop_1 ) , then ( prop_2 ) .",!(prop_3 -> prop_1) -> prop_2,G((!prop_3 -> prop_1) -> prop_2),False
12292,"It is always the case that in case that ( prop_1 ) then all of the following conditions hold : for each time point in the future before the simulation ends there ought to exist a certain time point in the future before the simulation ends eventually , at which ( prop_2 ) .",G(prop_1 -> GF prop_2),G(prop_1 -> G(F(prop_2))),True
12293,"If at some point ( prop_2 ) happens and continues to happen until ( prop_4 ) is detected , then the scenario is equivalent to ( prop_1 ) , and ( prop_3 ) .",prop_3 & (prop_1 <-> (prop_2 U prop_4)),G((prop_2 U prop_4) -> (prop_1 & prop_3)),False
12294,"If (prop_2) holds until (prop_4), then (prop_3) should be equivalent to (prop_1) .",(prop_2 U prop_4) -> (prop_1 <-> prop_3),G((prop_2 U prop_4) -> (prop_3 <-> prop_1)),False
12295,never ( prop_1 ) and don't ( prop_2 ),G(!prop_1 & !prop_2),G(!prop_1 & !prop_2),True
12296,( prop_1 ) and never ( prop_2 ),prop_1 & G!prop_2,G(prop_1 & !prop_2),False
12297,"If (prop_3) and (prop_4), and if (prop_2) and (prop_1) .",prop_1 & prop_2 & prop_3 & prop_4,G((prop_3 & prop_4) & (prop_2 & prop_1)),False
12298,"If ( prop_4 ) and ( prop_3 ) are both true , then ( prop_1 ) or ( prop_2 ) should happen .",(prop_3 & prop_4) -> (prop_1 | prop_2),G((prop_4 & prop_3) -> F(prop_1 | prop_2)),False
12299,"Eventually at some point ( prop_3 ) and ( prop_2 ) , or else ( prop_1 ) .",prop_1 | F(prop_2 & prop_3),F(prop_3 & prop_2) | prop_1,True
12300,"( prop_3 ) or ( prop_2 ) , and ( prop_1 ) .",prop_1 & (prop_2 | prop_3),G((prop_3 | prop_2) & prop_1),False
12301,"Ensure that (prop_3) happens soon, but do not let (prop_2) occur until after (prop_1).",F prop_3 & (!prop_2 U prop_1),F prop_3 & (prop_2 R prop_1),False
12302,"In case that ( prop_1 ) happens and implies ( prop_4 ) and this scenario is continued until ( prop_3 ) is detected , and ( prop_2 ) .",prop_2 & ((prop_1 -> prop_4) U prop_3),G((prop_1 & prop_4) U (prop_3 & prop_2)),False
12303,Keep ( prop_4 ) and ( prop_2 ) happening until we reach a point where ( prop_3 ) is equivalent to ( prop_1 ).,(prop_2 & prop_4) U (prop_1 <-> prop_3),(prop_4 & prop_2) U (prop_3 <-> prop_1),True
12304,"If ( prop_1 ) and ( prop_3 ) are both detected then this is equivalent to ( prop_2 ) , or else ( prop_4 ) .",prop_4 | (prop_2 <-> (prop_1 & prop_3)),G((prop_1 & prop_3) <-> (prop_2 | prop_4)),False
12305,"It is not the case that ( prop_3 ) and ( prop_1 ) are both true , or else ( prop_2 ) .",prop_2 | !(prop_1 & prop_3),G(!(prop_3 & prop_1) | prop_2),False
12306,"Either (prop_3) is false and (prop_1) is true, or make sure (prop_2) happens eventually .",(prop_1 & !prop_3) | F prop_2,(!prop_3 & prop_1) | F prop_2,True
12307,"Until both (prop_3) and (prop_1) occur, make sure that both either (prop_4) and (prop_2) are true or both are false.",(prop_2 <-> prop_4) U (prop_1 & prop_3),(!prop_3 | !prop_1) U (prop_3 & prop_1) & G((!prop_3 | !prop_1) -> ((prop_4 & prop_2) | (!prop_4 & !prop_2))),False
12308,at some time ( prop_1 ) or don't ( prop_2 ),F(prop_1 | !prop_2),F(prop_1 | !prop_2),True
12309,( prop_1 ) and ( prop_3 ) and ( prop_2 ) .,prop_1 & prop_2 & prop_3,G(prop_1 & prop_3 & prop_2),False
12310,Either (prop_3) does not happen or else (prop_1) or (prop_2) happens .,prop_1 | prop_2 | !prop_3,G(!prop_3 | prop_1 | prop_2),False
12311,"If ( prop_1 ) then implies ( prop_2 ) and in turn ( prop_3 ) happens, then the above statement implies ( prop_4 ) .",(prop_3 & (prop_1 -> prop_2)) -> prop_4,G((prop_1 -> (prop_2 & prop_3)) -> prop_4),False
12312,"If (prop_4), then (prop_1). In addition, (prop_2) is equivalent to (prop_3) .",(prop_4 -> prop_1) & (prop_2 <-> prop_3),G((prop_4 -> prop_1) & (prop_2 <-> prop_3)),False
12313,"It is always the case that either ( prop_3 ) or the event that ( prop_2 ) gets detected, and ( prop_1 ) .",prop_1 & G(prop_2 | prop_3),G(prop_3 | (prop_2 & prop_1)),False
12314,at some time ( prop_1 ) until do not ( prop_2 ),F(prop_1 U !prop_2),F(prop_1 U !prop_2),True
12315,"It is required that either the scenario where ( prop_2 ) is not detected or the scenario where ( prop_1 ) is detected , should happen and continue until the scenario where ( prop_3 ) .",(prop_1 | !prop_2) U prop_3,G((!prop_2 | prop_1) U prop_3),False
12316,Continue (prop_1) until (prop_2) or until (prop_3),prop_1 U (prop_2 | prop_3),prop_1 U (prop_2 | prop_3),True
12317,"If you do (prop_4) and observe (prop_2), then do (prop_1) until you do (prop_3) .",(prop_2 & prop_4) -> (prop_1 U prop_3),G((prop_4 & prop_2) -> (prop_1 U prop_3)),False
12318,It is not the case that ( prop_3 ) happens and continues to happen until ( prop_2 ) or else ( prop_1 ) .,!(prop_1 | (prop_3 U prop_2)),!(prop_3 U (prop_2 | prop_1)),False
12319,"Either ( prop_3 ) and ( prop_1 ) , or else ( prop_2 ) .",prop_2 | (prop_1 & prop_3),G((prop_3 & prop_1) | prop_2),False
12320,It is not the case that if ( prop_1 ) then ( prop_2 ) happens and this scenario will hold until ( prop_3 ) .,!(prop_1 -> prop_2) U prop_3,G(!(prop_1 -> prop_2) U prop_3),False
12321,"If any of the following happens: (prop_3) or (prop_4), then if (prop_1), then (prop_2) .",(prop_3 | prop_4) -> (prop_1 -> prop_2),G((prop_3 | prop_4) -> (prop_1 -> prop_2)),False
12322,"If finally that ( prop_1 ) is detected then ( prop_2 ) , then ( prop_3 ) .",(F prop_1 -> prop_2) -> prop_3,G(F(prop_1 & prop_2) -> F(prop_3)),False
12323,don't ( prop_1 ) and ( prop_2 ),!(prop_1 & prop_2),G(!(prop_1 & prop_2)),False
12324,"(prop_1), then (prop_3). Gradually (prop_4) while (prop_2) the entire time.",(prop_1 -> prop_3) & G(prop_2 & prop_4),G(prop_1 -> F(prop_3)) & G(prop_2 -> G(prop_4)),False
12325,"If you do not do (prop_2) and observe (prop_1), then you should do (prop_3) all the time from now on .",(prop_1 & !prop_2) -> G prop_3,G((!prop_2 & prop_1) -> G(prop_3)),False
12326,"If ( prop_2 ) then ( prop_4 ) , then ( prop_1 ) , and ( prop_3 ) .",prop_3 & ((prop_2 -> prop_4) -> prop_1),G(prop_2 -> (prop_4 -> (prop_1 & prop_3))),False
12327,"If at some point ( prop_1 ) happens and continues to happen until ( prop_4 ) is detected , and ( prop_3 ) , then ( prop_2 ) .",(prop_3 & (prop_1 U prop_4)) -> prop_2,G((prop_1 U (prop_4 & prop_3)) -> prop_2),False
12328,when possible ( prop_1 ) or don't ( prop_2 ),F(prop_1 | !F prop_2),G(prop_1 | !prop_2),False
12329,"It is the case that ( prop_2 ) then ( prop_4 ) , and the above scenario is equivalent to ( prop_3 ) , or else ( prop_1 ) .",prop_1 | (prop_3 <-> (prop_2 -> prop_4)),G((prop_2 -> prop_4) <-> prop_3) | prop_1,False
12330,don't ( prop_1 ) and don't ( prop_2 ),!(prop_1 & !prop_2),G(!prop_1 & !prop_2),False
12331,"For all time (prop_1) happens is equivalent to the scenario in which if (prop_2) is not true, then (prop_3) is true .",(!prop_2 -> prop_3) <-> G prop_1,G(prop_1 <-> (!prop_2 -> prop_3)),False
12332,"If ( prop_1 ) is equivalent to ( prop_4 ) and also ( prop_2 ) , then the above scenario is equivalent to ( prop_3 ) .",prop_3 <-> (prop_2 & (prop_1 <-> prop_4)),G((prop_1 <-> (prop_4 & prop_2)) -> prop_3),False
12333,forever ( prop_1 ) until whenever ( prop_2 ),G(prop_1 U F prop_2),G(prop_1) U G(prop_2),False
12334,"It should be the case that ( prop_1 ) leads to ( prop_4 ) until ( prop_3 ) happens , then implying that ( prop_2 ) is also true .",((prop_1 -> prop_4) U prop_3) -> prop_2,G((prop_1 & prop_4) U (prop_3 & prop_2)),False
12335,"If ( prop_3 ) does not happen , then if ( prop_2 ) then ( prop_1 ) should happen .",!prop_3 -> (prop_2 -> prop_1),G(!prop_3 -> (prop_2 -> prop_1)),False
12336,"If ( prop_3 ) and ( prop_5 ), then ( prop_6 ) until ( prop_1 ) happens , and ( prop_4 ) until ( prop_2 ) does not happen .",((prop_3 & prop_5) -> (prop_6 U prop_1)) & (prop_4 U !prop_2),G((prop_3 & prop_5) -> ((prop_6 U prop_1) & (prop_4 U !prop_2))),False
12337,"The scenario that ( prop_3 ) or ( prop_1 ) , and the scenario that ( prop_4 ) , and the scenario that ( prop_2 ) all should be detected .",prop_2 & prop_4 & (prop_1 | prop_3),G((prop_3 | prop_1) & prop_4 & prop_2),False
12338,"If at some point ( prop_1 ) then ( prop_3 ) happens and this scenario will hold until ( prop_4 ) is detected , or else ( prop_2 ) .",prop_2 | ((prop_1 -> prop_3) U prop_4),G(prop_1 -> (prop_3 U prop_4) | prop_2),False
12339,at any time ( prop_1 ) until repeatedly ( prop_2 ),F(prop_1 U GF prop_2),G(prop_1 U prop_2),False
12340,"At least one of the following scenarios is detected : ( prop_1 ) , or ( prop_2 ) , or ( prop_4 ). And in the meantime, ( prop_3 ) happens .",prop_3 & (prop_1 | prop_2 | prop_4),G((prop_1 | prop_2 | prop_4) & prop_3),False
12341,"If either (prop_3) or (prop_1) happens, then (prop_4) should be equivalent to (prop_2) .",(prop_1 | prop_3) -> (prop_2 <-> prop_4),G((prop_3 | prop_1) -> (prop_4 <-> prop_2)),False
12342,repeatedly ( prop_1 ) or never ( prop_2 ),G(F prop_1 | G!prop_2),G(prop_1) | G(!prop_2),False
12343,"If you do not do (prop_1), then you should do (prop_3), and also make sure to do (prop_2) at some point .",(!prop_1 -> prop_3) & F prop_2,G(!prop_1 -> prop_3) & F(prop_2),False
12344,don't ( prop_1 ) and repeatedly ( prop_2 ),!(F prop_1 & GF prop_2),G(!prop_1) & G F prop_2,False
12345,It is always the case that when ( prop_2 ) and ( prop_3 ) then in response the condition that ( prop_1 ) should n't be true .,G((prop_2 & prop_3) -> !F prop_1),G((prop_2 & prop_3) -> !prop_1),False
12346,"If (prop_1) happens, then make (prop_2) happen, and keep this until (prop_4) happens and then make (prop_3) happen .",(prop_1 -> prop_2) U (prop_4 -> prop_3),G(prop_1 -> (prop_2 U (prop_4 & F(prop_3)))),False
12347,repeatedly ( prop_1 ) until always ( prop_2 ),G(F prop_1 U G prop_2),prop_1 U G prop_2,False
