Index,Requirement,Ground Truth,Response,Equivalent
8190,"after a manager handles requests and the bar is down, sooner or later the sensor captures data",G((bar_is_down & manager_handles_requests) -> F sensor_captures_data),G(manager_handles_requests & bar_is_down -> F sensor_captures_data),True
8191,repeatedly go_to apple trashcan or at any time clutch orange,GF go_to_apple_trashcan | F clutch_orange,G F (go_to_apple_trashcan | F clutch_orange),False
8192,"if move_to house , take_to trash can",move_to_house -> take_to_trash_can,G(move_to_house -> X(take_to_trash_can)),False
8193,"after both a motorbike has stopped and a train is crossing, at some point in time a table is old or an elevator is blocked",G((motorbike_has_stopped & train_is_crossing) -> F(elevator_is_blocked | table_is_old)),G (motorbike_has_stopped & train_is_crossing) -> F (table_is_old | elevator_is_blocked),False
8194,"When pickup the umbrella happens, pickup the bird must hold now or in the next step.",G(pickup_umbrella -> (pickup_bird | X pickup_bird)),G(pickup_umbrella -> (pickup_bird | X pickup_bird)),True
8195,"it will happen that the bar is closing or the table is brown and, it is going to happen that the bridge closes afterwards",G!(bar_is_closing | table_is_brown) | F((bar_is_closing | table_is_brown) & F bridge_closes),F (bar_is_closing | table_is_brown) & F X bridge_closes,False
8196,in any case a table is old or the car starts after an elevator falls and the escalator speeds up,G((elevator_falls & escalator_speeds_up) -> G(car_starts | table_is_old)),G(table_is_old | (F(elevator_falls & escalator_speeds_up) -> F(car_starts))),False
8197,every time both the semaphore is broken and a train is crossing then it will happen that a car enters or a motorbike is driven,G((semaphore_is_broken & train_is_crossing) -> F(car_enters | motorbike_is_driven)),G((semaphore_is_broken & train_is_crossing) -> F(car_enters | motorbike_is_driven)),True
8198,"Request assistance must keep holding until, from some point on, search the spoon holds infinitely often.",get_help U GF search_spoon,get_help U (G F search_spoon),True
8199,Always stay within the boundaries of area 3,G area_3,G area_3,True
8200,at some time haul pear and take pear,take_pear & F haul_pear,F (haul_pear & take_pear),False
8201,never let_go apple and whenever procure orange,G!let_go_apple & F procure_orange,G(!let_go_apple & (procure_orange -> X F let_go_apple)),False
8202,"never, a train is crossing, the engine breaks and the constructor creates instances",G!(constructor_creates_instances & engine_breaks & train_is_crossing),G!((train_is_crossing & engine_breaks) & constructor_creates_instances),True
8203,at any time bring pear and at any time reach flag,F bring_pear & F reach_flag,G bring_pear & G reach_flag,False
8204,Continuously visit area_2 and photo each time,GF(area_2 & photo),G(area_2 & photo),False
8205,Stay away from intersection 4 until you get to street 5,!intersection_4 U street_5,G (!intersection_4 U street_5),False
8206,travel_to tree and never let_go apple,travel_to_tree & G!let_go_apple,travel_to_tree & G!let_go_apple,True
8207,"Talk to the injured_hostile and deliver_aid the injured_rescuer never coincide, yet one of them is always true.",G!(communicate_injured_hostile & deliver_aid_injured_rescuer) & G(communicate_injured_hostile | deliver_aid_injured_rescuer),G((communicate_injured_hostile & !deliver_aid_injured_rescuer) | (!communicate_injured_hostile & deliver_aid_injured_rescuer)),True
8208,"Whenever deliver the oven to the loading_dock and search the giraffe are equal, search the giraffe and get_help are equal as well.",G((deliver_oven_loading_dock <-> search_giraffe) -> (get_help <-> search_giraffe)),G((deliver_oven_loading_dock <-> search_giraffe) -> (search_giraffe <-> get_help)),True
8209,it is always the case that a semaphore is broken or the elevator is open,G(elevator_is_open | semaphore_is_broken),G(semaphore_is_broken | elevator_is_open),True
8210,"a house is open implies that as the table is brown, sooner or later a car enters",G(house_is_open -> G(table_is_brown -> F car_enters)),house_is_open -> (table_is_brown -> F car_enters),False
8211,whenever get_to flag and at some time have pear,F get_to_flag & F have_pear,G(get_to_flag -> F have_pear),False
8212,"Do not go to room 2 until you take bottle 4 from kitchen 1, and then put it on table 4",!room_2 U (kitchen_1 & F(p_bottle_4 & F(pd & table_4))),G(!room_2 U (p_bottle_4 & table_4)),False
8213,repeatedly go_to pear and whenever set_out_to house,GF go_to_pear & F set_out_to_house,G F go_to_pear & G (set_out_to_house -> F go_to_pear),False
8214,"sooner or later the manager collect claims and, at the same time, a bridge opens and the escalator speeds up",F(bridge_opens & escalator_speeds_up & manager_collect_claims),F (manager_collect_claims & bridge_opens & escalator_speeds_up),True
8215,"Avoid office 4 until pick up pass 6, then you need to pick it up at house 5 and deliver it to office 4",(!office_4 U p_pass_6) & F(house_5 & F(p_pass_6 & F(office_4 & pd))),G(!office_4 U p_pass_6) & G(p_pass_6 -> (G(!p_pass_6 U house_5) & G(house_5 -> (G(!house_5 U office_4))))),False
8216,Drop off the fork to the shelf and get_help are mutually exclusive at all times.,G!(deliver_fork_shelf & get_help),G!(deliver_fork_shelf & get_help),True
8217,"first, sooner or later the motorbike has stopped and a semaphore is red, and then, at a certain moment an elevator falls or the bar is up",G!(motorbike_has_stopped & semaphore_is_red) | F(motorbike_has_stopped & semaphore_is_red & F(bar_is_up | elevator_falls)),F (motorbike_has_stopped & semaphore_is_red) & F (elevator_falls | bar_is_up),False
8218,whenever go_near flag and at some time be_at flag,F go_near_flag & F be_at_flag,G(go_near_flag -> F be_at_flag),False
8219,never drop apple and secure apple,secure_apple & G!drop_apple,G(!drop_apple & secure_apple),False
8220,Call for help can only happen after picking up the kite.,!get_help U pickup_kite,G(get_help -> F(pickup_kite)),False
8221,"From some point onwards, record the car on northwest_9th_avenue never occurs again.",FG!record_car_northwest_9th_avenue,G F !record_car_northwest_9th_avenue,False
8222,forever move can infer that at some time pick_up apple,G move -> F pick_up_apple,G(move -> F(pick_up_apple)),False
8223,Repeatedly take pictures of building_5 while also continuously returning to charger_4,GF(building_5 & photo) & GF charger_4,G(photo & building_5) & G(charger_4),False
8224,forever have_in orange and go_to orange bin,go_to_orange_bin & G have_in_orange,G (have_in_orange & go_to_orange_bin),False
8225,"From some point onwards, photo the motorcycle on south_6th_street never occurs again.",FG!photo_motorcycle_south_6th_street,G F !photo_motorcycle_south_6th_street,False
8226,Go to hotel 3 and never leave,FG hotel_3,F hotel_3 & G hotel_3,False
8227,always when a sensor gathers information or a train derails then at some point in time both the brake is pressed and the sensor captures data,G((sensor_gathers_information | train_derails) -> F(brake_is_pressed & sensor_captures_data)),G ((sensor_gathers_information | train_derails) -> F (brake_is_pressed & sensor_captures_data)),True
8228,"Our agent must eventually, avoid returning home.",F!go_home,F !go_home,True
8229,it is always the case that the bar is down and the semaphore is red after either a manager collect claims or the escalator speeds up,G((escalator_speeds_up | manager_collect_claims) -> G(bar_is_down & semaphore_is_red)),G ((manager_collect_claims | escalator_speeds_up) -> X (bar_is_down & semaphore_is_red)),False
8230,at a certain moment either a car starts or a motorbike has started,F(car_starts | motorbike_has_started),F (car_starts | motorbike_has_started),True
8231,"Ensure you visit table_8, collect brochure_2, and transport it to table_1",F(table_8 & F(p_brochure_2 & F(pd & table_1))),G(table_8 & p_brochure_2 & table_1),False
8232,"At every step, get_help equals the value of change light_north red in the next step.",G(get_help <-> X change_light_north_red),G(get_help <-> X(change_light_north_red)),True
8233,Take a picture of the jaywalker on north_4th_avenue and get_help are mutually exclusive at all times.,G!(get_help & photo_jaywalker_north_4th_avenue),G!(get_help & photo_jaywalker_north_4th_avenue),True
8234,"at a certain moment the engine breaks or the bar is down and, at some point in time the engine stops and the brake is pressed afterwards",G!(bar_is_down | engine_breaks) | F((bar_is_down | engine_breaks) & F(brake_is_pressed & engine_stops)),F(engine_breaks | (bar_is_down & F(engine_stops & X brake_is_pressed))),False
8235,a semaphore is yellow involves that at some point in time the constructor instantiate objects after an elevator is blocked,G(semaphore_is_yellow -> G(elevator_is_blocked -> F constructor_instantiate_objects)),semaphore_is_yellow -> F (elevator_is_blocked & F constructor_instantiate_objects),False
8236,"If photo the person on southeast_10th_avenue ever holds, get_help must have held beforehand.",F photo_person_southeast_10th_avenue -> (!photo_person_southeast_10th_avenue U (get_help & !photo_person_southeast_10th_avenue)),G(photo_person_southeast_10th_avenue -> !get_help U photo_person_southeast_10th_avenue),False
8237,"The system must eventually, avoid picking up the book.",F!pickup_book,F !pickup_book,True
8238,"at a certain moment the car enters and the table is brown and, it will happen that either a car starts or a semaphore is broken afterwards",G!(car_enters & table_is_brown) | F(car_enters & table_is_brown & F(car_starts | semaphore_is_broken)),F (car_enters & table_is_brown & F (car_starts | semaphore_is_broken)),False
8239,"whenever both a constructor instantiate objects and a table is brown then finally, a train has arrived",G((constructor_instantiate_objects & table_is_brown) -> F train_has_arrived),G((constructor_instantiate_objects & table_is_brown) -> F(train_has_arrived)),True
8240,"first, eventually, the engine stops or a manager collect claims, and then, eventually, a sensor retrieves data and a train is crossing",G!(engine_stops | manager_collect_claims) | F((engine_stops | manager_collect_claims) & F(sensor_retrieves_data & train_is_crossing)),F (engine_stops | manager_collect_claims) & F (sensor_retrieves_data & train_is_crossing),False
8241,never drop apple or at some time venture_to house,G!drop_apple | F venture_to_house,G!drop_apple | Fventure_to_house,True
8242,"Globally, it is not the case that both deliver the chair to the shelf and deliver the potted_plant to the loading_dock hold simultaneously.",G!(deliver_chair_shelf & deliver_potted_plant_loading_dock),G!((deliver_chair_shelf & deliver_potted_plant_loading_dock)),True
8243,whenever walk_to flag and always touch flag,F walk_to_flag & G touch_flag,G(walk_to_flag -> G(touch_flag)),False
8244,when possible move_past trash can or at any time go_to trash bin,F move_past_trash_can | F go_to_trash_bin,G(move_past_trash_can | go_to_trash_bin),False
8245,Do not enter park_6 unless you have already picked up pass_4,!park_6 U p_pass_4,G(!park_6 | F p_pass_4),False
8246,hold_on_to pear or never let_go apple,hold_on_to_pear | G!let_go_apple,hold_on_to_pear | G !let_go_apple,True
8247,repeatedly go_to apple trashcan and grip apple,grip_apple & GF go_to_apple_trashcan,G F (go_to_apple_trashcan & grip_apple),False
8248,"If photo the cyclist on east_5th_avenue holds and change light_south red holds next, then record the person on north_10th_avenue holds in the step after that.",G((photo_cyclist_east_5th_avenue & X change_light_south_red) -> XX record_person_north_10th_avenue),(photo_cyclist_east_5th_avenue & X change_light_south_red) -> XX record_person_north_10th_avenue,False
8249,take_to tree and never drop apple,take_to_tree & G!drop_apple,take_to_tree & G!drop_apple,True
8250,don't let_go pear and when possible yield pear,!let_go_pear & F yield_pear,G(!let_go_pear & (F yield_pear)),False
8251,every time a motorbike is driven or an elevator is open then at some point in time a constructor instantiate objects and the engine stops,G((elevator_is_open | motorbike_is_driven) -> F(constructor_instantiate_objects & engine_stops)),G((motorbike_is_driven | elevator_is_open) -> F(constructor_instantiate_objects & engine_stops)),True
8252,"Whenever idle and get_help are equal, get_help and deliver the sports_ball to the loading_dock are equal as well.",G((get_help <-> idle) -> (deliver_sports_ball_loading_dock <-> get_help)),G((idle <-> get_help) -> (get_help <-> deliver_sports_ball_loading_dock)),True
8253,"every time a train has been launched and the bar is closing then eternally, either the bar is up or an elevator rises",G((bar_is_closing & train_has_been_launched) -> G(bar_is_up | elevator_rises)),G(train_has_been_launched & bar_is_closing -> G(bar_is_up | elevator_rises)),True
8254,"Return to base must hold until geting help does, or else go_home holds forever.",(go_home U get_help) | G go_home,G(return_to_base U get_help | G(go_home)),False
8255,"finally, the table is brown or an elevator rises and, at some point a motorbike has stopped and the semaphore is red afterwards",G!(elevator_rises | table_is_brown) | F((elevator_rises | table_is_brown) & F(motorbike_has_stopped & semaphore_is_red)),F (table_is_brown | (elevator_rises & F (motorbike_has_stopped & X G semaphore_is_red))),False
8256,at some time proceed_to flag or never drop orange,F proceed_to_flag | G!drop_orange,F proceed_to_flag | G ! drop_orange,True
8257,"Go to statue 6, take its photograph, and ensure you continuously stay in park 5",F(photo & statue_6) & G park_5,F (statue_6 & photo) & G park_5,True
8258,go_by waste bin or at some time bring pear,go_by_waste_bin | F bring_pear,go_by_waste_bin | F bring_pear,True
8259,at large yellow_room through blue_room,F(blue_room & F yellow_room),F (yellow_room & F blue_room),False
8260,"If every photo the car on northeast_4th_street is eventually followed by photoing the cyclist on northeast_7th_street, then record the vehicle on northeast_7th_street must occur infinitely often.",G(photo_car_northeast_4th_street -> F photo_cyclist_northeast_7th_street) -> GF record_vehicle_northeast_7th_street,G(photo_car_northeast_4th_street -> F photo_cyclist_northeast_7th_street) -> G F record_vehicle_northeast_7th_street,True
8261,whenever a sensor captures data then sooner or later the car starts and a house is open,G(sensor_captures_data -> F(car_starts & house_is_open)),G(sensor_captures_data -> F(car_starts & house_is_open)),True
8262,"From some point onwards, search the bowl never occurs again.",FG!search_bowl,G F !search_bowl,False
8263,Retrieve letter 4 at office 5 and transport it to house 2,F(office_5 & F(p_letter_4 & F(house_2 & pd))),F (pd & office_5 & p_letter_4) & F (pd & house_2 & p_letter_4),False
8264,"always, a semaphore is yellow after either a constructor creates instances or the escalator is blocked",G((constructor_creates_instances | escalator_is_blocked) -> G semaphore_is_yellow),G (semaphore_is_yellow U (constructor_creates_instances | escalator_is_blocked)),False
8265,only go through the blue or yellow to get to the green,F((blue_room | yellow_room) & F green_room),G (green_room -> F (blue_room | yellow_room)),False
8266,Ensure you collect brochure 3 from table 9 and take it to park 2,F(table_9 & F(p_brochure_3 & F(park_2 & pd))),G (p_brochure_3 & table_9 -> F (p_brochure_3 & park_2)),False
8267,The system must eventually get_help or photo the jaywalker on southwest_2nd_avenue.,F(get_help | photo_jaywalker_southwest_2nd_avenue),F (get_help | photo_jaywalker_southwest_2nd_avenue),True
8268,go thru the yellow or blue box to get to the green box,F((blue_room | yellow_room) & F green_room),F (yellow_room | blue_room) & F green_room & G (!green_room -> (yellow_room | blue_room)),False
8269,"Whenever idle holds, from the next step onwards get_help will eventually hold.",G(idle -> XF get_help),G(idle -> X F get_help),True
8270,whenever the bar has to be repaired and the manager collect claims then at some point in time a house is open or the brake is released,G((bar_has_to_be_repaired & manager_collect_claims) -> F(brake_is_released | house_is_open)),G((bar_has_to_be_repaired & manager_collect_claims) -> F(house_is_open | brake_is_released)),True
8271,"Globally, if search the horse occurs then finally idle happensing.",G(search_horse -> F idle),G(search_horse -> F idle),True
8272,whenever capture pear can infer that when possible obtain orange,F capture_pear -> F obtain_orange,G (capture_pear -> (F capture_pear -> F obtain_orange)),False
8273,Get help and idle will each happen at some point.,F get_help & F idle,F get_help & F idle,True
8274,at the green_room but do not enter the yellow_room,F green_room & G!yellow_room,green_room & !yellow_room,False
8275,when possible withdraw pear or repeatedly grab tree,F withdraw_pear | GF grab_tree,F (withdraw_pear | G X grab_tree),False
8276,You must Please record the person on southeast_5th_street and then change light_east green.,record_person_southeast_5th_street U change_light_east_green,F (record_person_southeast_5th_street & X change_light_east_green),False
8277,"If record the person on north_8th_street ever holds, get_help must have held beforehand.",F record_person_north_8th_street -> (!record_person_north_8th_street U (get_help & !record_person_north_8th_street)),G(record_person_north_8th_street -> !record_person_north_8th_street U get_help),False
8278,This controller must always avoid remaining still.,G!idle,G!idle,True
8279,"Either get_help happens infinitely often, or change light_east green happens in the next step.",GF get_help | X change_light_east_green,F G get_help | X change_light_east_green,False
8280,Ensure that you keep visiting charger 9 and keep moving crate 2 from warehouse 8 to store 2,GF charger_9 & GF(warehouse_8 & F(p_crate_2 & F(pd & store_2))),G(charger_9 & (p_crate_2 & warehouse_8 -> X(store_2))),False
8281,"If photo the vehicle on southeast_1st_street happens infinitely often, then so does photo the cyclist on east_6th_street.",GF photo_vehicle_southeast_1st_street -> GF photo_cyclist_east_6th_street,G F photo_vehicle_southeast_1st_street -> G F photo_cyclist_east_6th_street,True
8282,go_to bucket or repeatedly make_way_to house,go_to_bucket | GF make_way_to_house,go_to_bucket | G F make_way_to_house,True
8283,whenever either the car stops or a manager handles requests then in the future either the car stops or an elevator falls,G((car_stops | manager_handles_requests) -> F(car_stops | elevator_falls)),G((car_stops | manager_handles_requests) -> F(car_stops | elevator_falls)),True
8284,Ensure you collect brochure_3 from table_9 and take it to park_2,F(table_9 & F(p_brochure_3 & F(park_2 & pd))),G (p_brochure_3 & table_9 -> F (p_brochure_3 & park_2)),False
8285,"If get_help holds, then in the next step deliver the bed to the shelf persists until pickup the snowboard holds, or else deliver the bed to the shelf holds forever.",get_help -> X((deliver_bed_shelf U pickup_snowboard) | G deliver_bed_shelf),get_help -> (X (deliver_bed_shelf U pickup_snowboard) | G deliver_bed_shelf),False
8286,Take a picture at statue_5 after going there,F(photo & statue_5),G (statue_5 -> F photo),False
8287,venture_towards house until secure apple,venture_towards_house U secure_apple,venture_towards_house U secure_apple,True
8288,"forever, the house collapses, the table is old and a table is brown",G(house_collapses & table_is_brown & table_is_old),G(house_collapses & table_is_old & table_is_brown),True
8289,Our agent must eventually deliver the tv_monitor to the loading_dock and deliver the laptop to the loading_dock.,F(deliver_laptop_loading_dock & deliver_tv_monitor_loading_dock),F (deliver_tv_monitor_loading_dock & deliver_laptop_loading_dock),True
8290,"Globally, if pickup the laptop occurs then finally pickup the carrot happens.",G(pickup_laptop -> F pickup_carrot),G(pickup_laptop -> F pickup_carrot),True
8291,at some time shift_to flag or repeatedly go_to pear,F shift_to_flag | GF go_to_pear,F shift_to_flag | G F go_to_pear,True
8292,"after either the car stops or the table has been moved, at some point either a table has been moved or the engine stops",G((car_stops | table_has_been_moved) -> F(engine_stops | table_has_been_moved)),G ( (car_stops | table_has_been_moved) -> F (table_has_been_moved | engine_stops) ),True
8293,Go to park 5 and then take a picture of monument 3,F(park_5 & F(monument_3 & photo)),G (park_5 -> X F (photo & monument_3)),False
8294,"at some point the bar has to be repaired and the car stops and, at a certain moment a train has arrived and the elevator falls afterwards",G!(bar_has_to_be_repaired & car_stops) | F(bar_has_to_be_repaired & car_stops & F(elevator_falls & train_has_arrived)),F (bar_has_to_be_repaired & car_stops) & F (train_has_arrived & X elevator_falls),False
8295,"Drop off the broccoli to the loading_dock must hold until searching the skis does, or else deliver the broccoli to the loading_dock holds forever.",(deliver_broccoli_loading_dock U search_skis) | G deliver_broccoli_loading_dock,G((deliver_broccoli_loading_dock U search_skis) | G deliver_broccoli_loading_dock),False
8296,Remain in locality_3 until you arrive at office_4,locality_3 U office_4,G(locality_3 U office_4),False
8297,whenever go_past house or whenever grab apple,F go_past_house | F grab_apple,G(go_past_house | grab_apple),False
8298,at any time venture_to house or secure apple,secure_apple | F venture_to_house,G(venture_to_house | secure_apple),False
8299,"it is always true that either a motorbike falls down, the table is old or a motorbike has started",G(motorbike_falls_down | motorbike_has_started | table_is_old),G(motorbike_falls_down | table_is_old | motorbike_has_started),True
8300,The robot must Please go_home and then record safe_victim.,go_home U record_safe_victim,F (go_home & X record_safe_victim),False
8301,Stay away from intersection_4 until you reach street_5,!intersection_4 U street_5,G (!intersection_4 U street_5),False
8302,always when a train derails then in the future both the sensor retrieves data and a manager handles requests,G(train_derails -> F(manager_handles_requests & sensor_retrieves_data)),G(train_derails -> F(sensor_retrieves_data & manager_handles_requests)),True
8303,never drop apple or drop orange,drop_orange | G!drop_apple,G(!drop_apple & !drop_orange),False
8304,Stay away from park 2 permanently,G!park_2,G!park_2,True
8305,Continuously visit charger 6 while repeatedly picking up brochure 4 from table 4,GF charger_6 & GF(p_brochure_4 & table_4),G(charger_6 & F p_brochure_4),False
8306,Remain in park 8 until you take a picture of monument 2 and then go to bench 5 and stay there permanently,park_8 U (monument_2 & photo & F(bench_5 & G bench_5)),G(park_8 U (photo & monument_2 & X(G(bench_5)))),False
8307,Remain in building 2 until you arrive at path 3,building_2 U path_3,building_2 U path_3,True
8308,under no condition a sensor captures data and a motorbike falls down,G!(motorbike_falls_down & sensor_captures_data),G!((sensor_captures_data) & (motorbike_falls_down)),True
8309,"Eventually photo of monument_1, but avoid going to monument_1 until you have reached park_4",F(monument_1 & photo) & (!monument_1 U park_4),F photo & (!monument_1 U park_4),False
8310,"absolutely never, the motorbike has started and the train is crossing after both the bar is closing and an elevator is blocked",G((bar_is_closing & elevator_is_blocked) -> G!(motorbike_has_started & train_is_crossing)),G!((motorbike_has_started & F(train_is_crossing)) & F(bar_is_closing & elevator_is_blocked)),False
8311,"Whenever go_home holds, photo unstable_beam holds exactly three steps later.",G(go_home -> XXX photo_unstable_beam),G(go_home -> X X X photo_unstable_beam),True
8312,"if whenever reach flag , at some time reach flag",1,G(reach_flag -> F reach_flag),True
8313,"At every step, get_help equals the value of avoid the inactive_unstable_beam in the next step.",G(get_help <-> X avoid_inactive_unstable_beam),G(get_help <-> X(avoid_inactive_unstable_beam)),True
8314,hold pear and put_in apple bucket,hold_pear & put_in_apple_bucket,hold_pear & put_in_apple_bucket,True
8315,"Get help must hold until idle does, or else get_help holds forever.",(get_help U idle) | G get_help,get_help U idle | G get_help,True
8316,"sooner or later the train has arrived and, at the same time, the brake is pressed and the bar is up",F(bar_is_up & brake_is_pressed & train_has_arrived),F(train_has_arrived & brake_is_pressed & bar_is_up),True
8317,"if capture orange , when possible make_your_way flag",capture_orange -> F make_your_way_flag,G (capture_orange -> (F make_your_way_flag)),False
8318,Avoid going to store_4 until you reach street_6 as you take package_8 from office_2 to store_4,(!store_4 U street_6) & F(office_2 & F(p_package_8 & F(pd & store_4))),G (!store_4 U street_6),False
8319,"Once photo the jaywalker on southeast_6th_avenue has occurred, record the motorcycle on east_3rd_avenue will never occur again.",G(photo_jaywalker_southeast_6th_avenue -> XG!record_motorcycle_east_3rd_avenue),G(photo_jaywalker_southeast_6th_avenue -> G!record_motorcycle_east_3rd_avenue),False
8320,at some time proceed_to flag or repeatedly make_way_to house,F proceed_to_flag | GF make_way_to_house,F proceed_to_flag | G F make_way_to_house,True
8321,"You must eventually, avoid handing over the fork to the shelf.",F!deliver_fork_shelf,G F !deliver_fork_shelf,False
8322,Hand over the bench to the loading_dock can only happen after pickuping the car.,!deliver_bench_loading_dock U pickup_car,G (deliver_bench_loading_dock -> !pickup_car W deliver_bench_loading_dock),False
8323,go_by waste bin and never drop apple,go_by_waste_bin & G!drop_apple,G(go_by_waste_bin -> !drop_apple),False
8324,Periodically visit car 3 while ensuring you eventually go to building 2,GF car_3 & F building_2,G F car_3 & F building_2,True
8325,it is going to happen that a table is brown and the elevator falls,F(elevator_falls & table_is_brown),F (table_is_brown & elevator_falls),True
8326,"In this task, change light_west yellow, then record the collision on east_2nd_avenue.",change_light_west_yellow U record_collision_east_2nd_avenue,F (change_light_west_yellow & X record_collision_east_2nd_avenue),False
8327,"Our agent must eventually, avoid pickuping the motorbike.",F!pickup_motorbike,F !pickup_motorbike,True
8328,Deliver the umbrella to the loading_dock can only happen after searching the suitcase.,!deliver_umbrella_loading_dock U search_suitcase,G (deliver_umbrella_loading_dock -> F search_suitcase),False
8329,"first, finally, both the house collapses and a house is open, and then, sooner or later either the car enters or the motorbike has started",G!(house_collapses & house_is_open) | F(house_collapses & house_is_open & F(car_enters | motorbike_has_started)),G (house_is_open & house_collapses) & F (car_enters | motorbike_has_started),False
8330,it will happen that either the semaphore is broken or the house is built,F(house_is_built | semaphore_is_broken),F (semaphore_is_broken | house_is_built),True
8331,"Take a picture of building 4, then go to parking lot 2 and remain there permanently",F(building_4 & photo & F(parking_lot_2 & G parking_lot_2)),F (photo & X (parking_lot_2 & G parking_lot_2)),False
8332,"Whenever change light_east green holds, change light_west green holds as well.",G(change_light_east_green -> change_light_west_green),G(change_light_east_green -> change_light_west_green),True
8333,at any time got_to house and when possible go_near house,F got_to_house & F go_near_house,G(got_to_house & F go_near_house),False
8334,"after a semaphore is yellow, it is always true that either the brake is pressed or the elevator is blocked",G(semaphore_is_yellow -> G(brake_is_pressed | elevator_is_blocked)),G(semaphore_is_yellow -> G(brake_is_pressed | elevator_is_blocked)),True
8335,"it is going to happen that a train has arrived and, at some point the bar is down or the motorbike falls down afterwards",G!train_has_arrived | F(train_has_arrived & F(bar_is_down | motorbike_falls_down)),F(train_has_arrived & F(bar_is_down | motorbike_falls_down)),False
8336,"From some point onwards, get_help never occurs again.",FG!get_help,G F !get_help,False
8337,never let_go orange or forever hold_onto orange,G!let_go_orange | G hold_onto_orange,!F let_go_orange | G hold_onto_orange,True
8338,when possible going_to house until approach tree,F going_to_house U approach_tree,F (going_to_house U approach_tree),False
8339,whenever make_way_for tree until move_to tree,F make_way_for_tree U move_to_tree,G (make_way_for_tree -> (make_way_for_tree U move_to_tree)),False
8340,"Whenever record fire_source and go_home are equal, go_home and deliver_aid the injured_rescuer are equal as well.",G((go_home <-> record_fire_source) -> (deliver_aid_injured_rescuer <-> go_home)),G (record_fire_source <-> go_home) -> (go_home <-> deliver_aid_injured_rescuer),False
8341,at the blue_room while avoiding the red_room,F blue_room & G!red_room,G (blue_room -> !red_room),False
8342,"If search the parking_meter happens infinitely often, then so does idle.",GF search_parking_meter -> GF idle,G(FG search_parking_meter -> FG idle),False
8343,Get package 2 from store 3 and take it to house 2 but do not enter mall 1,F(store_3 & F(p_package_2 & F(house_2 & pd))) & G!mall_1,G (p_package_2 & store_3 & X (house_2 & !mall_1)),False
8344,"finally, a train has arrived and, eventually, either the bar has to be repaired or a table is old afterwards",G!train_has_arrived | F(train_has_arrived & F(bar_has_to_be_repaired | table_is_old)),F (train_has_arrived & F (bar_has_to_be_repaired | table_is_old)),False
8345,"never, the escalator moves, a car starts and a semaphore is red",G!(car_starts & escalator_moves & semaphore_is_red),G!((escalator_moves & car_starts) & semaphore_is_red),True
8346,Talk to the injured_hostile and get_help are mutually exclusive at all times.,G!(communicate_injured_hostile & get_help),G!(get_help & communicate_injured_hostile),True
8347,"At every step, pickup the hair-drier equals the value of pickup the truck in the next step.",G(pickup_hair_drier <-> X pickup_truck),G(pickup_hair_drier <-> X pickup_truck),True
8348,Record the jaywalker on southeast_9th_avenue and record the car on north_2nd_avenue will each happen at some point.,F record_jaywalker_southeast_9th_avenue & F record_car_north_2nd_avenue,F record_jaywalker_southeast_9th_avenue & F record_car_north_2nd_avenue,True
8349,Either communicate the injured_hostile or deliver_aid the injured_hostile happens infinitely often.,GF communicate_injured_hostile | GF deliver_aid_injured_hostile,G F (communicate_injured_hostile | deliver_aid_injured_hostile),True
8350,Avoid interacting with package 4 at all times,G!p_package_4,G!p_package_4,True
8351,"a table is brown involves that if an elevator is blocked then finally, the semaphore is red",G(table_is_brown -> G(elevator_is_blocked -> F semaphore_is_red)),table_is_brown -> (elevator_is_blocked -> F semaphore_is_red),False
8352,You must always have either photo unsafe_rescuer or photo unstable_beam.,G(photo_unsafe_rescuer | photo_unstable_beam),G(photo_unsafe_rescuer | photo_unstable_beam),True
8353,The system must eventually deliver the microwave to the loading_dock or idle.,F(deliver_microwave_loading_dock | idle),F (deliver_microwave_loading_dock | idle),True
8354,venture_towards house and never drop apple,venture_towards_house & G!drop_apple,G(venture_towards_house & !drop_apple),False
8355,You must Please photo the person on southeast_3rd_street and then photo the motorcycle on southwest_6th_street.,photo_person_southeast_3rd_street U photo_motorcycle_southwest_6th_street,G (photo_person_southeast_3rd_street -> X F photo_motorcycle_southwest_6th_street),False
8356,"If search the tennis_racket holds, then in the next step pickup the fork persists until geting help holds, or else pickup the fork holds forever.",search_tennis_racket -> X((pickup_fork U get_help) | G pickup_fork),G(search_tennis_racket -> (X(pickup_fork U get_help) | G(pickup_fork))),False
8357,"Deliver aid to the safe_victim and communicate the injured_rescuer never coincide, yet one of them is always true.",G!(communicate_injured_rescuer & deliver_aid_safe_victim) & G(communicate_injured_rescuer | deliver_aid_safe_victim),G((deliver_aid_safe_victim <-> !communicate_injured_rescuer) & (deliver_aid_safe_victim | communicate_injured_rescuer)),True
8358,Ensure you eventually at street_2 and remain there permanently,FG street_2,F (street_2 & G street_2),True
8360,"if when possible go_to trashcan , repeatedly grab tree",F go_to_trashcan -> GF grab_tree,G(go_to_trashcan -> X(F(grab_tree & F(grab_tree)))),False
8361,Continuously deliver package_5 from warehouse_1 to store_5 while repeatedly going to charging_station_5,GF(warehouse_1 & F(p_package_5 & F(pd & store_5))) & GF charging_station_5,G(p_package_5 & warehouse_1 & store_5 & charging_station_5),False
8362,it is always true that both the bar is up and the house is built,G(bar_is_up & house_is_built),G (bar_is_up & house_is_built),True
8363,This controller must Please get_help and then deliver_aid the safe_rescuer.,get_help U deliver_aid_safe_rescuer,F (get_help & X deliver_aid_safe_rescuer),False
8364,"first, sooner or later both a table is brown and the bar is closing, and then, eventually, a sensor gathers information",G!(bar_is_closing & table_is_brown) | F(bar_is_closing & table_is_brown & F sensor_gathers_information),F (table_is_brown & bar_is_closing) & F sensor_gathers_information,False
8365,whenever the brake is released or the escalator is blocked then it is always true that both the engine stops and a bridge opens,G((brake_is_released | escalator_is_blocked) -> G(bridge_opens & engine_stops)),G ((brake_is_released | escalator_is_blocked) -> G (engine_stops & bridge_opens)),True
8366,"eventually, either a car starts, the engine starts or a motorbike is driven",F(car_starts | engine_starts | motorbike_is_driven),F (car_starts | engine_starts | motorbike_is_driven),True
8367,Stay in park_4 until you successfully photo of statue_9,park_4 U (photo & statue_9),G (park_4 U (photo & statue_9)),False
8368,"Globally, if record unsafe_person occurs then finally photo unstable_beam happens.",G(record_unsafe_person -> F photo_unstable_beam),G(record_unsafe_person -> F(photo_unstable_beam)),True
8369,Avoid entering street 6 while you take a picture of car 1,G!street_6 & F(car_1 & photo),G(street_6 -> !(photo & car_1)),False
8370,when possible go home or always hold_onto orange,F go_home | G hold_onto_orange,F go_home | G hold_onto_orange,True
8371,atwards the red_room while avoiding the blue_room,F red_room & G!blue_room,G(!blue_room U red_room),False
8372,"finally, the escalator moves",F escalator_moves,F escalator_moves,True
8373,it will happen that either a motorbike has started or the train stops,F(motorbike_has_started | train_stops),F(motorbike_has_started | train_stops),True
8374,at any time stop_by house until travel_to apple,F stop_by_house U travel_to_apple,G(stop_by_house U travel_to_apple),False
8375,forever have_in orange or keep apple,keep_apple | G have_in_orange,G(have_in_orange | keep_apple),False
8376,every time the bar has to be repaired or the engine breaks then at a certain moment a train has arrived,G((bar_has_to_be_repaired | engine_breaks) -> F train_has_arrived),G((bar_has_to_be_repaired | engine_breaks) -> F train_has_arrived),True
8377,"Whenever neither deliver_aid the safe_hostile nor go_home holds, record unsafe_civilian eventually holds.",G(!(deliver_aid_safe_hostile & go_home) -> F record_unsafe_civilian),G(!(deliver_aid_safe_hostile | go_home) -> F record_unsafe_civilian),False
8378,whenever the sensor captures data or the engine breaks then at any time a semaphore is yellow,G((engine_breaks | sensor_captures_data) -> G semaphore_is_yellow),G((sensor_captures_data | engine_breaks) -> G(semaphore_is_yellow)),True
8379,whenever move_past trash can or whenever pass_by trash bin,F move_past_trash_can | F pass_by_trash_bin,G(move_past_trash_can | pass_by_trash_bin),False
8380,"This controller must avoid the inactive_fire_source should always hold, with at most a two-step grace period for recovery.",!G!(avoid_inactive_fire_source & X avoid_inactive_fire_source),G avoid_inactive_fire_source | X avoid_inactive_fire_source | XX avoid_inactive_fire_source,False
8381,"Put down your current item and proceed to park 4, stay there indefinitely",F(pd & F(park_4 & G park_4)),X (pd & G park_4),False
8382,move_to house means that whenever stand_by tree,move_to_house -> F stand_by_tree,G (move_to_house <-> G stand_by_tree),False
8383,Periodically visit charger_2 and repeatedly move plate_4 from table_2 to table_4,GF charger_2 & GF(table_2 & F(p_plate_4 & F(pd & table_4))),G F charger_2 & G F (p_plate_4 & X (p_plate_4 & X table_4)),False
8384,"first, in the future the escalator speeds up and a bridge opens, and then, sooner or later either the car enters or a motorbike has started",G!(bridge_opens & escalator_speeds_up) | F(bridge_opens & escalator_speeds_up & F(car_enters | motorbike_has_started)),F (escalator_speeds_up & bridge_opens) & F (car_enters | motorbike_has_started),False
8385,every time either a manager handles requests or the table is old then it is always the case that the bar is up or the elevator rises,G((manager_handles_requests | table_is_old) -> G(bar_is_up | elevator_rises)),G ((manager_handles_requests | table_is_old) -> G (bar_is_up | elevator_rises)),True
8386,"after either the sensor captures data or a house is open, at a certain moment a train derails",G((house_is_open | sensor_captures_data) -> F train_derails),G((sensor_captures_data | house_is_open) -> F train_derails),True
8387,"after the semaphore is yellow and the train stops, always, both the train stops and the sensor gathers information",G((semaphore_is_yellow & train_stops) -> G(sensor_gathers_information & train_stops)),F (semaphore_is_yellow & train_stops) -> G (train_stops & sensor_gathers_information),False
8388,"every time either the table is brown, a sensor captures data or a semaphore is yellow",G(semaphore_is_yellow | sensor_captures_data | table_is_brown),G(table_is_brown | sensor_captures_data | semaphore_is_yellow),True
8389,"if never let_go , at some time get_to cup",G!let_go -> F get_to_cup,!G let_go -> F get_to_cup,False
8390,"finally, the engine stops or the manager collect claims and, it will happen that both a train stops and the brake is pressed afterwards",G!(engine_stops | manager_collect_claims) | F((engine_stops | manager_collect_claims) & F(brake_is_pressed & train_stops)),F (engine_stops | manager_collect_claims) & F (train_stops & X brake_is_pressed),False
8391,reach house and repeatedly go_to apple trashcan,reach_house & GF go_to_apple_trashcan,reach_house & G F go_to_apple_trashcan,True
8392,Repeatedly pick up crate 3 from warehouse 4 and deliver it to mall 3,GF(warehouse_4 & F(p_crate_3 & F(mall_3 & pd))),G F (pd & warehouse_4 & p_crate_3 & X (pd & mall_3)),False
8393,"first, it is going to happen that either the sensor retrieves data or the manager collect claims, and then, at some point in time both a table is brown and the bar is up",G!(manager_collect_claims | sensor_retrieves_data) | F((manager_collect_claims | sensor_retrieves_data) & F(bar_is_up & table_is_brown)),X (F (sensor_retrieves_data | manager_collect_claims) & F (table_is_brown & bar_is_up)),False
8394,at a certain moment a bridge closes and the car starts,F(bridge_closes & car_starts),F (bridge_closes & car_starts),True
8395,Either deliver_aid the injured_victim or photo safe_person happens infinitely often.,GF deliver_aid_injured_victim | GF photo_safe_person,G F (deliver_aid_injured_victim | photo_safe_person),True
8396,reach house and at any time get_near flag,reach_house & F get_near_flag,reach_house & G get_near_flag,False
8397,"If pickup the remote holds and pickup the refrigerator holds next, then idle holds in the step after that.",G((pickup_remote & X pickup_refrigerator) -> XX idle),pickup_remote & X pickup_refrigerator -> XX idle,False
8398,"after both the bar is up and the engine stops, it never happens that both the car stops and the engine stops",G((bar_is_up & engine_stops) -> G!(car_stops & engine_stops)),G ( (bar_is_up & engine_stops) -> G !(car_stops & engine_stops) ),True
8399,"If get_help holds, then in the next step deliver the toothbrush to the loading_dock persists until remaining still holds, or else deliver the toothbrush to the loading_dock holds forever.",get_help -> X((deliver_toothbrush_loading_dock U idle) | G deliver_toothbrush_loading_dock),get_help -> (X (deliver_toothbrush_loading_dock U idle)) | G deliver_toothbrush_loading_dock,False
8400,gather apple until take_to trash can,gather_apple U take_to_trash_can,gather_apple U take_to_trash_can,True
8401,"Either search the sandwich happens infinitely often, or idle happens in the next step.",GF search_sandwich | X idle,F G search_sandwich | X idle,False
8402,if both a semaphore is green and the train derails then it will happen that the train has arrived,G((semaphore_is_green & train_derails) -> F train_has_arrived),(semaphore_is_green & train_derails) -> F train_has_arrived,False
8403,take_to trashcan and snatch_up pear,snatch_up_pear & take_to_trashcan,take_to_trashcan & snatch_up_pear,True
8404,travel_to waste bin or acquire orange,acquire_orange | travel_to_waste_bin,travel_to_waste_bin | acquire_orange,True
8405,Look for the baseball_glove can only happen after idleing.,!search_baseball_glove U idle,G(!search_baseball_glove W idle),False
8406,"after the bar is up and the motorbike has stopped, never, either the engine breaks or a sensor gathers information",G((bar_is_up & motorbike_has_stopped) -> G!(engine_breaks | sensor_gathers_information)),G ( (bar_is_up & motorbike_has_stopped) -> G !(engine_breaks | sensor_gathers_information) ),True
8407,You must stay in parking lot 5 until you finish taking a picture of car 5,parking_lot_5 U (car_5 & photo),G (parking_lot_5 U (photo & car_5)),False
8408,Every change light_west red is directly followed by change light_north yellow in the next step.,G(change_light_west_red -> X change_light_north_yellow),G(change_light_west_red -> X change_light_north_yellow),True
8409,"the train has been launched and, as a consequence, after a constructor creates instances, eventually, a table has been moved",G(train_has_been_launched -> G(constructor_creates_instances -> F table_has_been_moved)),train_has_been_launched & (constructor_creates_instances -> F table_has_been_moved),False
8410,"Do not leave locality 1 before reaching intersection 4, and then ensure package 5 is delivered from warehouse 9 to store 2",(locality_1 U intersection_4) & F(warehouse_9 & F(p_package_5 & F(pd & store_2))),G(!locality_1 U intersection_4) & F(p_package_5 & warehouse_9 & store_2),False
8411,Set light_north green can only happen after changeing light_east red.,!change_light_north_green U change_light_east_red,G(change_light_north_green -> F change_light_east_red),False
8412,if the engine breaks and the bar is closing then at no time both the constructor creates instances and a car enters,G((bar_is_closing & engine_breaks) -> G!(car_enters & constructor_creates_instances)),(engine_breaks & bar_is_closing) -> G!(constructor_creates_instances & car_enters),False
8413,"Refrain from entering intersection 1 until you reach street 6, and then move cone 3 from street 2 to intersection 1",(!intersection_1 U street_6) & F(street_2 & F(p_cone_3 & F(intersection_1 & pd))),G(!intersection_1 U street_6) & F(street_6 & X(p_cone_3 & !street_2 & intersection_1)),False
8414,"If record unsafe_victim happens infinitely often, then so does record flood.",GF record_unsafe_victim -> GF record_flood,G F record_unsafe_victim -> G F record_flood,True
8415,Take a photograph of building 2.,F(building_2 & photo),F (photo & building_2),True
8416,"Whenever photo the jaywalker on south_1st_avenue holds, change light_south yellow holds as well.",G(photo_jaywalker_south_1st_avenue -> change_light_south_yellow),G(photo_jaywalker_south_1st_avenue -> change_light_south_yellow),True
8417,"in the future either a semaphore is green or the bar is up and, it will happen that the bridge closes afterwards",G!(bar_is_up | semaphore_is_green) | F((bar_is_up | semaphore_is_green) & F bridge_closes),F ((semaphore_is_green | bar_is_up) & X F bridge_closes),False
8418,Persistently take pictures of area 51 while maintaining regular visits to charger 4,GF(area_51 & photo) & GF charger_4,G (photo & area_51 & F charger_4),False
8419,forever hold_onto orange or pick_up fruit,pick_up_fruit | G hold_onto_orange,G(hold_onto_orange | pick_up_fruit),False
8420,"Never enter park_3, and ensure that you eventually at police_station_1 and pickup cone_2 and then deliver it to intersection_2",G!park_3 & F(p_cone_2 & police_station_1 & F(intersection_2 & pd)),G!park_3 & F(p_cone_2 & F(p_cone_2 & intersection_2)),False
8421,at no time the escalator speeds up and the engine starts,G!(engine_starts & escalator_speeds_up),G!(escalator_speeds_up & engine_starts),True
8422,"When pickup the apple happens, idle must hold now or in the next step.",G(pickup_apple -> (idle | X idle)),G(pickup_apple -> (idle | X idle)),True
8424,"Take a picture of the motorcycle on southwest_1st_street must hold until taking a video of the motorcycle on east_7th_avenue does, or else photo the motorcycle on southwest_1st_street holds forever.",(photo_motorcycle_southwest_1st_street U record_motorcycle_east_7th_avenue) | G photo_motorcycle_southwest_1st_street,G(photo_motorcycle_southwest_1st_street U record_motorcycle_east_7th_avenue) | G(photo_motorcycle_southwest_1st_street),False
8425,when possible go_to trash can and whenever come home,F go_to_trash_can & F come_home,G (go_to_trash_can -> F come_home) & G (come_home -> F go_to_trash_can),False
8426,"when take_to trash can , take orange",take_to_trash_can -> take_orange,G (take_to_trash_can -> X take_orange),False
8427,"Whenever neither change light_west green nor get_help holds, photo the vehicle on northeast_6th_avenue eventually holds.",G(!(change_light_west_green & get_help) -> F photo_vehicle_northeast_6th_avenue),G(!(get_help | change_light_west_green) -> F(photo_vehicle_northeast_6th_avenue)),False
8428,at any time capture pear until never let_go apple,F capture_pear U G!let_go_apple,G(capture_pear U !let_go_apple),False
8429,"This controller must Eventually, both get_help and record the pedestrian on northeast_10th_avenue hold simultaneously.",F(get_help & record_pedestrian_northeast_10th_avenue),F (get_help & record_pedestrian_northeast_10th_avenue),True
8430,at red_room at yellow_room,F(red_room & F yellow_room),yellow_room & red_room,False
8431,don't pick_up anything and at some time go_to house,!F pick_up_anything & F go_to_house,G!pick_up_anything & Fgo_to_house,True
8432,The robot must always have either record injured_person or record safe_person.,G(record_injured_person | record_safe_person),G(record_injured_person | record_safe_person),True
8433,always when both the semaphore is green and the bridge opens then it is going to happen that either the table has been moved or the train stops,G((bridge_opens & semaphore_is_green) -> F(table_has_been_moved | train_stops)),G ((semaphore_is_green & bridge_opens) -> F (table_has_been_moved | train_stops)),True
8434,"When idle happensing, deliver the sheep to the shelf must hold now or in the next step.",G(idle -> (deliver_sheep_shelf | X deliver_sheep_shelf)),idle -> (deliver_sheep_shelf | X deliver_sheep_shelf),False
8435,"after a semaphore is yellow, it will happen that the brake is pressed and a train has arrived",G(semaphore_is_yellow -> F(brake_is_pressed & train_has_arrived)),G(semaphore_is_yellow -> F(brake_is_pressed & train_has_arrived)),True
8436,"If go_home happens infinitely often, then so does avoid the nearest_flood.",GF go_home -> GF avoid_nearest_flood,G F go_home -> G F avoid_nearest_flood,True
8437,"Do not go into park_5 before reaching intersection_5, and ensure you capture a photo of monument_3",(!park_5 U intersection_5) & F(monument_3 & photo),G(!park_5 W intersection_5) & F(photo & monument_3),False
8438,"Whenever change light_north red holds, get_help holds exactly three steps later.",G(change_light_north_red -> XXX get_help),G(change_light_north_red -> (X X X get_help & !X get_help & !X X get_help)),False
8439,all the time the semaphore is yellow after both a motorbike catches fire and the engine breaks,G((engine_breaks & motorbike_catches_fire) -> G semaphore_is_yellow),G (semaphore_is_yellow -> (motorbike_catches_fire & engine_breaks)),False
8440,"Eventually (go to office 3, pick up document 1, and then go to street 2 and remain there permanently)",F(office_3 & F(p_document_1 & F(street_2 & G street_2))),F (office_3 & F (p_document_1 & F (street_2 & G street_2))),True
8441,Every avoid the active_unstable_beam is directly followed by talking to the injured_rescuer in the next step.,G(avoid_active_unstable_beam -> X communicate_injured_rescuer),G(avoid_active_unstable_beam -> X communicate_injured_rescuer),True
8442,"the brake is pressed and, as a consequence, as the elevator rises, eventually, a table has been moved",G(brake_is_pressed -> G(elevator_rises -> F table_has_been_moved)),brake_is_pressed & (elevator_rises -> F table_has_been_moved),False
8443,"Our agent must Eventually, both photo the car on southeast_2nd_street and change light_north red hold simultaneously.",F(change_light_north_red & photo_car_southeast_2nd_street),F (change_light_north_red & photo_car_southeast_2nd_street),True
8444,Do not approach building 3 until you reach street 6 as you bring box 8 from store 3 to house 2,(!building_3 U street_6) & F(store_3 & F(p_box_8 & F(house_2 & pd))),G (!building_3 U (street_6 & p_box_8 & store_3 & house_2)),False
8445,Return to base can only happen after avoid the nearest_debris.,!go_home U avoid_nearest_debris,G(go_home -> (avoid_nearest_debris U go_home)),False
8446,forever go_by trash can or whenever go_visit house,G go_by_trash_can | F go_visit_house,G(go_by_trash_can | (go_visit_house -> X go_by_trash_can)),False
8447,"Go to bench_4, photo, and stay there",F(bench_4 & photo & G bench_4),F (bench_4 & photo & G (bench_4 & photo)),False
8448,"whenever the motorbike catches fire or the escalator speeds up then eternally, the brake is released or the motorbike has started",G((escalator_speeds_up | motorbike_catches_fire) -> G(brake_is_released | motorbike_has_started)),G ((motorbike_catches_fire | escalator_speeds_up) -> G (brake_is_released | motorbike_has_started)),True
8449,"Avoid entering intersection_5 until you reach street_4, and ensure you at house_4, pickup pass_4, and deliver it to office_1",(!intersection_5 U street_4) & F(house_4 & F(p_pass_4 & F(office_1 & pd))),G (!intersection_5 U street_4) & G (street_4 -> (F (house_4 & F (p_pass_4 & F office_1)))),False
8450,"always, a manager handles requests and a sensor gathers information",G(manager_handles_requests & sensor_gathers_information),G(sensor_gathers_information & manager_handles_requests),True
8451,"under no circumstances either the sensor captures data, the bar is closing or the table has been moved",G!(bar_is_closing | sensor_captures_data | table_has_been_moved),G!((sensor_captures_data | bar_is_closing) | table_has_been_moved),True
8452,"If get_help ever holds, photo the vehicle on east_5th_avenue must have held beforehand.",F get_help -> (!get_help U (!get_help & photo_vehicle_east_5th_avenue)),G(get_help -> !photo_vehicle_east_5th_avenue U get_help),False
8453,always when the semaphore is yellow then sooner or later either an elevator rises or the elevator is blocked,G(semaphore_is_yellow -> F(elevator_is_blocked | elevator_rises)),G (semaphore_is_yellow -> F (elevator_rises | elevator_is_blocked)),True
8454,venture_towards house and venture_towards house,venture_towards_house,venture_towards_house & venture_towards_house,True
8455,it never happens that the sensor captures data or the elevator rises,G!(elevator_rises | sensor_captures_data),G!(sensor_captures_data | elevator_rises),True
8456,every time the train has arrived then it is going to happen that a motorbike catches fire and a semaphore is red,G(train_has_arrived -> F(motorbike_catches_fire & semaphore_is_red)),G(train_has_arrived -> F(motorbike_catches_fire & semaphore_is_red)),True
8457,every time either a train is crossing or a train has been launched then it is going to happen that the train is crossing and the engine stops,G((train_has_been_launched | train_is_crossing) -> F(engine_stops & train_is_crossing)),G ((train_is_crossing | train_has_been_launched) -> F (train_is_crossing & engine_stops)),True
8458,"At every step, photo flood equals the value of photo safe_civilian in the next step.",G(photo_flood <-> X photo_safe_civilian),G(photo_flood <-> X(photo_safe_civilian)),True
8459,"Photograph arch 2, and then go to park 8, staying there continuously",F(arch_2 & photo & F(park_8 & G park_8)),photo & X (arch_2 & X (park_8 & G park_8)),False
8460,it never happens that a motorbike is driven and the elevator rises,G!(elevator_rises & motorbike_is_driven),G!(motorbike_is_driven & elevator_rises),True
8461,"eternally, the engine starts and, at the same time, a constructor creates instances and a train has arrived",G(constructor_creates_instances & engine_starts & train_has_arrived),G(engine_starts & constructor_creates_instances & train_has_arrived),True
8462,"at a certain moment a bridge closes and, it will happen that either the bridge opens or the bar is up afterwards",G!bridge_closes | F(bridge_closes & F(bar_is_up | bridge_opens)),F (bridge_closes & F (bridge_opens | bar_is_up)),False
8463,"sooner or later a train has arrived and, in the future a bridge closes or the escalator is blocked afterwards",G!train_has_arrived | F(train_has_arrived & F(bridge_closes | escalator_is_blocked)),F (train_has_arrived & F (bridge_closes | escalator_is_blocked)),False
8464,"forever, the sensor gathers information and together the bar has to be repaired and the engine breaks",G(bar_has_to_be_repaired & engine_breaks & sensor_gathers_information),G(sensor_gathers_information & bar_has_to_be_repaired & engine_breaks),True
8465,"Deliver the scissors to the shelf should always hold, with at most a two-step grace period for recovery.",!G!(deliver_scissors_shelf & X deliver_scissors_shelf),G deliver_scissors_shelf | X deliver_scissors_shelf | XX deliver_scissors_shelf,False
8466,keep apple and go_to orange bin,go_to_orange_bin & keep_apple,G(keep_apple & go_to_orange_bin),False
8467,"if pick_up flag , at some time seize pear",pick_up_flag -> F seize_pear,pick_up_flag -> F seize_pear,True
8468,"Our agent must eventually, avoid returning to base.",F!go_home,F !go_home,True
8469,Update light_north green holds at all times.,G change_light_north_green,G change_light_north_green,True
8470,never drop pear or never drop orange,G!drop_pear | G!drop_orange,G!drop_pear | G!drop_orange,True
8471,at any time a house is open and the table has been moved,G(house_is_open & table_has_been_moved),G(house_is_open & table_has_been_moved),True
8472,"first, eventually, either a train is crossing or the manager collect claims, and then, sooner or later the sensor retrieves data or the engine starts",G!(manager_collect_claims | train_is_crossing) | F((manager_collect_claims | train_is_crossing) & F(engine_starts | sensor_retrieves_data)),F ((train_is_crossing | manager_collect_claims) & F (sensor_retrieves_data | engine_starts)),False
8473,"a bridge closes and, as a consequence, as a semaphore is green, sooner or later a semaphore is yellow",G(bridge_closes -> G(semaphore_is_green -> F semaphore_is_yellow)),bridge_closes & (semaphore_is_green -> F semaphore_is_yellow),False
8474,Do not at street_3 under any circumstances,G!street_3,G!street_3,True
8475,at some time yield pear can infer that take_to trash can,F yield_pear -> take_to_trash_can,F (yield_pear -> take_to_trash_can),False
8476,"it is never the case that either a car stops, the train has been launched or the bar is up",G!(bar_is_up | car_stops | train_has_been_launched),G!((car_stops | train_has_been_launched) | bar_is_up),True
8477,"You must Eventually, both photo flood and avoid the impending_flood hold simultaneously.",F(avoid_impending_flood & photo_flood),F (photo_flood & avoid_impending_flood),True
8478,"From some point onwards, avoid the probable_fire_source never occurs again.",FG!avoid_probable_fire_source,G F !avoid_probable_fire_source,False
8479,go through the yellow or blue_room into the green_room,F((blue_room | yellow_room) & F green_room),F ( (yellow_room | blue_room) & X green_room ),False
8480,at any time come home until at some time proceed_to house,F come_home U F proceed_to_house,G (come_home U F proceed_to_house),False
8481,"From some point onwards, record fire_source never occurs again.",FG!record_fire_source,G F !record_fire_source,False
8482,at any time get_to cup and when possible get_close tree,F get_to_cup & F get_close_tree,G(get_to_cup & (F get_close_tree -> get_close_tree)),False
8483,enter the red_room,F red_room,F red_room,True
8484,when possible set_out_to house or forever have apple,F set_out_to_house | G have_apple,F set_out_to_house | G have_apple,True
8485,repeatedly make_way_to house and at some time go_near pear,GF make_way_to_house & F go_near_pear,G(make_way_to_house) & F(go_near_pear),False
8486,"always, either the car starts or the elevator is blocked",G(car_starts | elevator_is_blocked),G(car_starts | elevator_is_blocked),True
8487,Ensure parking lot 8 is not visited while traveling to street 5,G!parking_lot_8 & F street_5,G(!parking_lot_8 W street_5),False
8488,always either the motorbike is driven or the escalator speeds up implies that it should not happen that both a constructor instantiate objects and the escalator speeds up,G((escalator_speeds_up | motorbike_is_driven) -> G!(constructor_instantiate_objects & escalator_speeds_up)),G((motorbike_is_driven | escalator_speeds_up) -> !F(constructor_instantiate_objects & escalator_speeds_up)),True
8489,You stay at park_8 until you take a photo of monument_2 and then reach bench_5 and stay there forever,park_8 U (monument_2 & photo & F(bench_5 & G bench_5)),G(park_8 U (photo & monument_2 & (G bench_5))),False
8490,Retrieve box_5 from plant_8 and subsequently transport it to store_6,F(plant_8 & F(p_box_5 & F(pd & store_6))),G (pd & plant_8 & p_box_5 -> X (F (store_6 & p_box_5))),False
8491,"it will not happen that either a semaphore is red, the sensor retrieves data or the bar is closing",G!(bar_is_closing | semaphore_is_red | sensor_retrieves_data),!F(semaphore_is_red | sensor_retrieves_data | bar_is_closing),True
8492,go over towards the blue_room and up through it to the red rectanglular room,F(blue_room & F red_room),F blue_room & F red_room,False
8493,"Either idle happens infinitely often, or search the dining_table happens in the next step.",GF idle | X search_dining_table,G(F idle | X search_dining_table),False
8494,This controller must eventually search the skateboard or pickup the toaster.,F(pickup_toaster | search_skateboard),F (search_skateboard | pickup_toaster),True
8495,"absolutely never, a train derails and the engine stops",G!(engine_stops & train_derails),G!(train_derails & engine_stops),True
8496,at some time go_to home or repeatedly make_way_to house,F go_to_home | GF make_way_to_house,F (go_to_home | G make_way_to_house),False
8497,Ensure you go to intersection 4 and remain in that location forever,FG intersection_4,F (intersection_4 & G intersection_4),True
8498,Ensure that you always stay within area 3,G area_3,G area_3,True
8499,"always both a bridge opens and a sensor retrieves data implies that never, a car enters or the brake is released",G((bridge_opens & sensor_retrieves_data) -> G!(brake_is_released | car_enters)),G((bridge_opens & sensor_retrieves_data) -> G!(car_enters | brake_is_released)),True
8500,"Whenever neither change light_north yellow nor change light_west red holds, photo the jaywalker on southeast_5th_avenue eventually holds.",G(!(change_light_north_yellow & change_light_west_red) -> F photo_jaywalker_southeast_5th_avenue),G(!(change_light_north_yellow | change_light_west_red) -> F(photo_jaywalker_southeast_5th_avenue)),False
8501,whenever a semaphore is yellow then it is going to happen that both the constructor creates instances and the escalator moves,G(semaphore_is_yellow -> F(constructor_creates_instances & escalator_moves)),G (semaphore_is_yellow -> F (constructor_creates_instances & escalator_moves)),True
8502,grasp orange can infer that at any time going_to flag,grasp_orange -> F going_to_flag,G(grasp_orange -> G(going_to_flag)),False
8503,"sooner or later the engine stops, the sensor captures data and the sensor gathers information",F(engine_stops & sensor_captures_data & sensor_gathers_information),F(engine_stops & sensor_captures_data & sensor_gathers_information),True
8504,if the brake is released or the engine starts then it never happens that both the constructor creates instances and a car enters,G((brake_is_released | engine_starts) -> G!(car_enters & constructor_creates_instances)),(brake_is_released | engine_starts) -> G!(constructor_creates_instances & car_enters),False
8505,"first, at some point the train has arrived, and then, at some point in time a train derails and the train is crossing",G!train_has_arrived | F(train_has_arrived & F(train_derails & train_is_crossing)),F (train_has_arrived & F (train_derails & train_is_crossing)),False
8506,sooner or later either the escalator speeds up or a train has arrived,F(escalator_speeds_up | train_has_arrived),F (escalator_speeds_up | train_has_arrived),True
8507,Eventually go to house 5 and remain there continuously,FG house_5,F G house_5,True
8508,"when at some time get_hold orange , approach tree",F get_hold_orange -> approach_tree,F (get_hold_orange -> X approach_tree),False
8509,"after a train has arrived, at a certain moment either the sensor retrieves data or the train is crossing",G(train_has_arrived -> F(sensor_retrieves_data | train_is_crossing)),G(train_has_arrived -> F(sensor_retrieves_data | train_is_crossing)),True
8510,Visit mall_5 and do not leave after arriving,FG mall_5,F (mall_5 & G mall_5),True
8511,Update light_west yellow can only happen after change light_north green.,!change_light_west_yellow U change_light_north_green,G(change_light_west_yellow -> !change_light_west_yellow U change_light_north_green),False
8512,Either record injured_rescuer or go_home happens infinitely often.,GF record_injured_rescuer | GF go_home,G F (record_injured_rescuer | go_home),True
8513,"as the escalator moves and the motorbike has stopped, at a certain moment both a car starts and a house is open",G((escalator_moves & motorbike_has_stopped) -> F(car_starts & house_is_open)),G((escalator_moves & motorbike_has_stopped) -> F(car_starts & house_is_open)),True
8514,when possible contact house or pick_up orange,pick_up_orange | F contact_house,G (contact_house | pick_up_orange),False
8515,"absolutely never, the train has been launched or the engine starts",G!(engine_starts | train_has_been_launched),G!((train_has_been_launched) | (engine_starts)),True
8516,Persistently take pictures of area 9 while periodically delivering ordnance 3 from camp 4 to camp 9,GF(area_9 & photo) & GF(camp_4 & F(p_ordnance_3 & F(camp_9 & pd))),G(photo & area_9) & G F(p_ordnance_3 & camp_4 & camp_9),False
8517,never drop apple and whenever bring pear,G!drop_apple & F bring_pear,G(!drop_apple & (bring_pear -> X bring_pear)),False
8518,forever stay or at some time got_to house,G stay | F got_to_house,G stay | F got_to_house,True
8519,"if a sensor captures data then finally, a train derails",G(sensor_captures_data -> F train_derails),sensor_captures_data -> F train_derails,False
8520,at some point the house collapses or the bar is closing or the train has arrived,F(bar_is_closing | house_collapses | train_has_arrived),F (house_collapses | bar_is_closing | train_has_arrived),True
8521,whenever both the brake is pressed and a train has arrived then at some point in time a train derails,G((brake_is_pressed & train_has_arrived) -> F train_derails),G ((brake_is_pressed & train_has_arrived) -> F train_derails),True
8522,go_by waste bin or secure apple,go_by_waste_bin | secure_apple,go_by_waste_bin | secure_apple,True
8523,"after a bridge opens and a constructor creates instances, forever, the semaphore is yellow",G((bridge_opens & constructor_creates_instances) -> G semaphore_is_yellow),G ( (bridge_opens & constructor_creates_instances) -> G semaphore_is_yellow ),True
8524,when possible gather pear can infer that never drop pear,F gather_pear -> G!drop_pear,F gather_pear -> G ! drop_pear,True
8525,"after the engine stops and the bridge opens, forever, the semaphore is broken or a train has arrived",G((bridge_opens & engine_stops) -> G(semaphore_is_broken | train_has_arrived)),G(engine_stops & bridge_opens -> G(semaphore_is_broken | train_has_arrived)),True
8526,snatch_up pear or always have_in orange,snatch_up_pear | G have_in_orange,snatch_up_pear | G have_in_orange,True
8527,Drop off the cow to the loading_dock and pickup the book will each happen at some point.,F deliver_cow_loading_dock & F pickup_book,F deliver_cow_loading_dock & F pickup_book,True
8528,do not let_go pear or when possible contact house,!let_go_pear | F contact_house,!let_go_pear | F contact_house,True
8529,"The system must Eventually, both get_help and photo the car on west_9th_avenue hold simultaneously.",F(get_help & photo_car_west_9th_avenue),F (get_help & photo_car_west_9th_avenue),True
8530,every time the manager handles requests and the constructor creates instances then at no time both a sensor captures data and the escalator is blocked,G((constructor_creates_instances & manager_handles_requests) -> G!(escalator_is_blocked & sensor_captures_data)),G((manager_handles_requests & constructor_creates_instances) -> G!(sensor_captures_data & escalator_is_blocked)),True
8531,under no condition the manager handles requests or the house is open or a semaphore is red,G!(house_is_open | manager_handles_requests | semaphore_is_red),!((manager_handles_requests | house_is_open | semaphore_is_red)),False
8532,it is going to happen that the table is brown and a car enters,F(car_enters & table_is_brown),F (table_is_brown & car_enters),True
8533,Keep taking crate 4 from warehouse 3 to store 9 while also periodically visiting charger 3,GF(warehouse_3 & F(p_crate_4 & F(pd & store_9))) & GF charger_3,G (p_crate_4 & warehouse_3 & store_9 & F charger_3),False
8534,Avoid entering building 6 at all times,G!building_6,G!building_6,True
8535,every time both the bar is up and a manager collect claims then at some point both the elevator is open and the train has arrived,G((bar_is_up & manager_collect_claims) -> F(elevator_is_open & train_has_arrived)),G((bar_is_up & manager_collect_claims) -> F(elevator_is_open & train_has_arrived)),True
8536,at some point the elevator falls and together a train is crossing and the table is brown,F(elevator_falls & table_is_brown & train_is_crossing),F (elevator_falls & train_is_crossing & table_is_brown),True
8537,"as a sensor captures data, it is going to happen that either the house is open or the train is crossing",G(sensor_captures_data -> F(house_is_open | train_is_crossing)),G(sensor_captures_data -> F(house_is_open | train_is_crossing)),True
8538,"Go to park_7, and afterward, photo of monument_4",F(park_7 & F(monument_4 & photo)),F park_7 & F (X photo & X monument_4),False
8539,at any time grab flag or take_to trashcan,take_to_trashcan | F grab_flag,G(grab_flag | take_to_trashcan),False
8540,Stand by and get_help will each happen at some point.,F idle & F get_help,F get_help & F idle,True
8541,approach trash can until do not let_go orange,approach_trash_can U !let_go_orange,approach_trash_can U !let_go_orange,True
8542,Ensure that you do not go to house 3 at any point,G!house_3,G!house_3,True
8543,"When search the keyboard happens, pickup the truck must hold now or in the next step.",G(search_keyboard -> (pickup_truck | X pickup_truck)),G(search_keyboard -> (pickup_truck | X pickup_truck)),True
8544,come_to tree means that when possible make_way waste basket,come_to_tree -> F make_way_waste_basket,come_to_tree -> (G(make_way_waste_basket)),False
8546,Take letter 4 from office 5 to house 2,F(office_5 & F(p_letter_4 & F(house_2 & pd))),F (p_letter_4 & office_5 & X (p_letter_4 & house_2)),False
8547,"finally, both the bar is closing and the semaphore is broken after the bar has to be repaired and a sensor gathers information",G((bar_has_to_be_repaired & sensor_gathers_information) -> F(bar_is_closing & semaphore_is_broken)),F (bar_is_closing & semaphore_is_broken) U (bar_has_to_be_repaired & sensor_gathers_information),False
8548,"in the future either the escalator is blocked or the sensor captures data and, it will happen that both the sensor retrieves data and the train is crossing afterwards",G!(escalator_is_blocked | sensor_captures_data) | F((escalator_is_blocked | sensor_captures_data) & F(sensor_retrieves_data & train_is_crossing)),F (escalator_is_blocked | (sensor_captures_data & X (sensor_retrieves_data & train_is_crossing))),False
8549,"Begin recording the jaywalker on northwest_5th_avenue and change light_east yellow never coincide, yet one of them is always true.",G!(change_light_east_yellow & record_jaywalker_northwest_5th_avenue) & G(change_light_east_yellow | record_jaywalker_northwest_5th_avenue),G((!change_light_east_yellow & record_jaywalker_northwest_5th_avenue) | (change_light_east_yellow & !record_jaywalker_northwest_5th_avenue)),True
8550,Persistently return to charger 3 as you consistently photograph area 3,GF charger_3 & GF(area_3 & photo),G (photo & area_3 -> F charger_3) & G (photo & area_3),False
8551,Get help holds at all times.,G get_help,G get_help,True
8552,Never leave locality 5 while transporting package 5 from office 3 to office 6,G locality_5 & F(office_3 & F(p_package_5 & F(office_6 & pd))),G (p_package_5 & (office_3 | office_6) -> G locality_5),False
8553,The system must always maintain both pickup the banana and pickup the tv_monitor.,G(pickup_banana & pickup_tv_monitor),G(pickup_banana & pickup_tv_monitor),True
8554,Stay in park 4 until you successfully take a picture of statue 9,park_4 U (photo & statue_9),G (park_4 U (photo & statue_9)),False
8555,"first, at some point either the bar is down or the motorbike is driven, and then, at a certain moment either the sensor retrieves data or the train has been launched",G!(bar_is_down | motorbike_is_driven) | F((bar_is_down | motorbike_is_driven) & F(sensor_retrieves_data | train_has_been_launched)),F (bar_is_down | motorbike_is_driven) & F (sensor_retrieves_data | train_has_been_launched),False
8556,always either a car enters or the brake is released implies that it will not happen that both a bridge opens and the sensor retrieves data,G((brake_is_released | car_enters) -> G!(bridge_opens & sensor_retrieves_data)),G((car_enters | brake_is_released) -> !F(bridge_opens & sensor_retrieves_data)),True
8557,Go to table 4 and stay there,FG table_4,F (table_4 & G table_4),True
8558,"first, in the future the train stops and the elevator is blocked, and then, it will happen that a train has arrived",G!(elevator_is_blocked & train_stops) | F(elevator_is_blocked & train_stops & F train_has_arrived),F (train_stops & elevator_is_blocked) & F train_has_arrived,False
8559,gather apple until at any time go_to flag,gather_apple U F go_to_flag,gather_apple U go_to_flag,False
8560,Go to parkinglot 2 while ensureing you do not place anything down.,F parking_lot_2 & G!pd,G (parking_lot_2 -> !pd),False
8561,You must always have either get_help or record the jaywalker on west_3rd_avenue.,G(get_help | record_jaywalker_west_3rd_avenue),G(get_help | record_jaywalker_west_3rd_avenue),True
8562,Keep taking a picture of monument 8 but do not go to monument 8 until you reach park 4,GF(monument_8 & photo) & (!monument_8 U park_4),G(photo & !monument_8) U park_4,False
8563,at any time stand_by tree can infer that travel_to tree,F stand_by_tree -> travel_to_tree,G(stand_by_tree -> travel_to_tree),False
8564,it is going to happen that the motorbike has started and the bar is down after a semaphore is yellow,G(semaphore_is_yellow -> F(bar_is_down & motorbike_has_started)),F (semaphore_is_yellow & F (motorbike_has_started & bar_is_down)),False
8565,Keep going to area 2 and taking a picture,GF(area_2 & photo),G(area_2 & photo),False
8566,"it is going to happen that a sensor gathers information and the motorbike catches fire and, finally, both a car starts and a semaphore is broken afterwards",G!(motorbike_catches_fire & sensor_gathers_information) | F(motorbike_catches_fire & sensor_gathers_information & F(car_starts & semaphore_is_broken)),F(sensor_gathers_information & motorbike_catches_fire & F(car_starts & semaphore_is_broken)),False
8567,The robot must always have either pickup the mouse or idle.,G(idle | pickup_mouse),G(idle | pickup_mouse),True
8568,go through the yellow or blue_room to get to the green_room,F((blue_room | yellow_room) & F green_room),F (yellow_room | blue_room) & F green_room & G (!green_room -> (yellow_room | blue_room)),False
8569,it is always true that the semaphore is red,G semaphore_is_red,G semaphore_is_red,True
8570,don't pick_up anything or at any time start_going_to tree,!F pick_up_anything | F start_going_to_tree,!pick_up_anything & G!start_going_to_tree,False
8571,This controller must eventually search the toothbrush or pickup the toaster.,F(pickup_toaster | search_toothbrush),F (search_toothbrush | pickup_toaster),True
8572,Go to house 2 to pick up trash can 2,F(house_2 & p_trash_can_2),F (house_2 & p_trash_can_2),True
8573,whenever track_towards tree and always hold_on pear,F track_towards_tree & G hold_on_pear,(track_towards_tree -> G hold_on_pear),False
8574,at no time both the motorbike has stopped and the sensor gathers information after the car stops and the engine stops,G((car_stops & engine_stops) -> G!(motorbike_has_stopped & sensor_gathers_information)),G!((motorbike_has_stopped & sensor_gathers_information) & F(car_stops & engine_stops)),False
8575,"If photo injured_rescuer holds and record flood holds next, then communicate the injured_rescuer holds in the step after that.",G((photo_injured_rescuer & X record_flood) -> XX communicate_injured_rescuer),(photo_injured_rescuer & X record_flood) -> XX communicate_injured_rescuer,False
8576,at some time go_past flag and at any time touch house,F go_past_flag & F touch_house,F go_past_flag & G touch_house,False
8577,"first, it will happen that either a car starts or a train derails, and then, it will happen that the constructor creates instances and the motorbike has stopped",G!(car_starts | train_derails) | F((car_starts | train_derails) & F(constructor_creates_instances & motorbike_has_stopped)),X (car_starts | train_derails) & X X (constructor_creates_instances & motorbike_has_stopped),False
8578,Either photo the motorcycle on south_4th_street or get_help happens infinitely often.,GF photo_motorcycle_south_4th_street | GF get_help,G F (photo_motorcycle_south_4th_street | get_help),True
8579,Never at house_4 to pickup bottle_2,G!(house_4 & p_bottle_2),G! (house_4 & p_bottle_2),True
8580,The system must always maintain both record the collision on west_4th_street and change light_north red.,G(change_light_north_red & record_collision_west_4th_street),G (record_collision_west_4th_street & change_light_north_red),True
8581,if both the bar is up and the car starts then it never happens that either the sensor captures data or a train is crossing,G((bar_is_up & car_starts) -> G!(sensor_captures_data | train_is_crossing)),(bar_is_up & car_starts) -> G(!(sensor_captures_data | train_is_crossing)),False
8582,whenever the escalator is blocked and a semaphore is red then in the future the semaphore is yellow,G((escalator_is_blocked & semaphore_is_red) -> F semaphore_is_yellow),G ((escalator_is_blocked & semaphore_is_red) -> F semaphore_is_yellow),True
8583,"If deliver the car to the shelf holds and deliver the tennis_racket to the shelf holds next, then search the refrigerator holds in the step after that.",G((deliver_car_shelf & X deliver_tennis_racket_shelf) -> XX search_refrigerator),(deliver_car_shelf & X deliver_tennis_racket_shelf) -> XX search_refrigerator,False
8584,"Whenever pickup the sports_ball holds, get_help holds exactly three steps later.",G(pickup_sports_ball -> XXX get_help),G(pickup_sports_ball -> X X X get_help),True
8585,The system must always have either record the person on southwest_4th_street or record the motorcycle on southwest_10th_avenue.,G(record_motorcycle_southwest_10th_avenue | record_person_southwest_4th_street),G(record_person_southwest_4th_street | record_motorcycle_southwest_10th_avenue),True
8586,Go to arch_1 and photo of it,F(arch_1 & photo),F (arch_1 & photo),True
8587,Get help holds at all times.,G get_help,G get_help,True
8588,Stay in building_4 while transportin gfolder_3 from room_43 to room_12,building_4 U (room_43 & F(p_folder_3 & F(pd & room_12))),G (building_4 <-> (p_folder_3 & (room_43 | room_12))),False
8589,"it is always true that the constructor instantiate objects, the motorbike has stopped and a sensor retrieves data",G(constructor_instantiate_objects & motorbike_has_stopped & sensor_retrieves_data),G (constructor_instantiate_objects & motorbike_has_stopped & sensor_retrieves_data),True
8590,it is always the case that the sensor captures data or the elevator is blocked or the sensor gathers information,G(elevator_is_blocked | sensor_captures_data | sensor_gathers_information),G(sensor_captures_data | elevator_is_blocked | sensor_gathers_information),True
8591,Persistently return to charger 12 while regularly delivering box 1 from house 5 to house 23,GF charger_12 & GF(house_5 & F(p_box_1 & F(house_23 & pd))),G F charger_12 & G F (house_5 & p_box_1 & F house_23),False
8592,The system must always have either avoid the nearest_unstable_beam or avoid the inactive_gas_leak.,G(avoid_inactive_gas_leak | avoid_nearest_unstable_beam),G(avoid_nearest_unstable_beam | avoid_inactive_gas_leak),True
8593,"eternally, the bridge closes",G bridge_closes,G bridge_closes,True
8594,"Whenever neither deliver_aid the injured_rescuer nor deliver_aid the safe_rescuer holds, avoid the inactive_unstable_beam eventually holds.",G(!(deliver_aid_injured_rescuer & deliver_aid_safe_rescuer) -> F avoid_inactive_unstable_beam),G(!(deliver_aid_injured_rescuer | deliver_aid_safe_rescuer) -> F(avoid_inactive_unstable_beam)),False
8595,"If every change light_west green is eventually followed by calling for help, then change light_north green must occur infinitely often.",G(change_light_west_green -> F get_help) -> GF change_light_north_green,G((G(change_light_west_green -> F get_help)) -> G F change_light_north_green),False
8596,"as both a train has arrived and the brake is pressed, it is going to happen that an elevator rises and the motorbike falls down",G((brake_is_pressed & train_has_arrived) -> F(elevator_rises & motorbike_falls_down)),(train_has_arrived & brake_is_pressed) -> F (elevator_rises & motorbike_falls_down),False
8597,"Take a photo of the car on northwest_4th_street should always hold, with at most a two-step grace period for recovery.",!G!(photo_car_northwest_4th_street & X photo_car_northwest_4th_street),G(photo_car_northwest_4th_street | X(photo_car_northwest_4th_street | XX photo_car_northwest_4th_street)),False
8598,"Whenever neither photo injured_victim nor deliver_aid the safe_rescuer holds, communicate the injured_victim eventually holds.",G(!(deliver_aid_safe_rescuer & photo_injured_victim) -> F communicate_injured_victim),G(!(photo_injured_victim & deliver_aid_safe_rescuer) -> F(communicate_injured_victim)),True
8599,"finally, the train has arrived and, eventually, the train stops or the motorbike has stopped afterwards",G!train_has_arrived | F(train_has_arrived & F(motorbike_has_stopped | train_stops)),F (train_has_arrived & F (train_stops | motorbike_has_stopped)),False
8600,every time the escalator moves and the bar is closing after the bridge opens and the constructor creates instances,G((bridge_opens & constructor_creates_instances) -> G(bar_is_closing & escalator_moves)),G(escalator_moves & bar_is_closing & bridge_opens & constructor_creates_instances),False
8601,at some point in time the table is brown or a car stops or a motorbike has stopped,F(car_stops | motorbike_has_stopped | table_is_brown),F (table_is_brown | car_stops | motorbike_has_stopped),True
8602,whenever haul pear until forever have apple,F haul_pear U G have_apple,G(haul_pear U G have_apple),False
8603,"Whenever get_help holds, record the jaywalker on southeast_8th_avenue holds exactly three steps later.",G(get_help -> XXX record_jaywalker_southeast_8th_avenue),G(get_help -> X X X record_jaywalker_southeast_8th_avenue),True
8604,"at some point in time the train stops or the motorbike has stopped and, in the future the semaphore is green or the bar is up afterwards",G!(motorbike_has_stopped | train_stops) | F((motorbike_has_stopped | train_stops) & F(bar_is_up | semaphore_is_green)),F (train_stops | motorbike_has_stopped) & F (semaphore_is_green | bar_is_up),False
8605,"every time the escalator speeds up and the motorbike catches fire then always, the motorbike has stopped and the elevator falls",G((escalator_speeds_up & motorbike_catches_fire) -> G(elevator_falls & motorbike_has_stopped)),G((escalator_speeds_up & motorbike_catches_fire) -> G(motorbike_has_stopped & elevator_falls)),True
8606,whenever travel_to trash can can infer that when possible pass_by trash bin,F travel_to_trash_can -> F pass_by_trash_bin,G(travel_to_trash_can -> F(pass_by_trash_bin)),False
8607,"Either photo flood happens infinitely often, or avoid the nearest_gas_leak happens in the next step.",GF photo_flood | X avoid_nearest_gas_leak,F G photo_flood | X avoid_nearest_gas_leak,False
8608,don't let_go pear or at any time travel_by tree,!let_go_pear | F travel_by_tree,!let_go_pear | G travel_by_tree,False
8609,whenever the escalator is blocked and the semaphore is yellow then it is never the case that either the bar is down or the house is open,G((escalator_is_blocked & semaphore_is_yellow) -> G!(bar_is_down | house_is_open)),G ((escalator_is_blocked & semaphore_is_yellow) -> ! (bar_is_down | house_is_open)),False
8610,"Once deliver the microwave to the shelf has occurred, deliver the orange to the shelf will never occur again.",G(deliver_microwave_shelf -> XG!deliver_orange_shelf),G(deliver_microwave_shelf -> G(!deliver_orange_shelf)),False
8611,pick_up flag until at some time yield pear,pick_up_flag U F yield_pear,pick_up_flag U F yield_pear,True
8612,The robot must always have either photo debris or communicate the safe_victim.,G(communicate_safe_victim | photo_debris),G(photo_debris | communicate_safe_victim),True
8613,Both record the pedestrian on northwest_7th_avenue and change light_west yellow hold at every step.,G(change_light_west_yellow & record_pedestrian_northwest_7th_avenue),G (record_pedestrian_northwest_7th_avenue & change_light_west_yellow),True
8614,never drop orange and when possible have pear,G!drop_orange & F have_pear,G(!drop_orange & (F have_pear -> F have_pear)),False
8615,"Either change light_east yellow happens infinitely often, or record the vehicle on southeast_5th_avenue happens in the next step.",GF change_light_east_yellow | X record_vehicle_southeast_5th_avenue,G(F change_light_east_yellow | X record_vehicle_southeast_5th_avenue),False
8616,"If get_help holds, then in the next step search the donut persists until handing over the bus to the shelf holds, or else search the donut holds forever.",get_help -> X((search_donut U deliver_bus_shelf) | G search_donut),get_help -> (X (search_donut U deliver_bus_shelf) | G search_donut),False
8617,don't pick_up anything or put_in bin,put_in_bin | !F pick_up_anything,!pick_up_anything & !put_in_bin,False
8618,venture_towards house until at any time reach flag,venture_towards_house U F reach_flag,venture_towards_house U reach_flag,False
8619,Pick up box 8 from house 3 and place it in office 2,F(house_3 & F(p_box_8 & F(office_2 & pd))),F (pd & p_box_8 & house_3) & F (pd & p_box_8 & office_2),False
8620,never let_go or hold_on_to pear,hold_on_to_pear | G!let_go,G(!let_go | hold_on_to_pear),False
8621,"when a train derails then after a semaphore is green, at some point a car enters afterwards",G(train_derails -> G(semaphore_is_green -> F car_enters)),G(train_derails -> (G(!semaphore_is_green) U (semaphore_is_green & F(car_enters)))),False
8622,"in the future the bridge closes and, at some point both a train has arrived and the manager handles requests afterwards",G!bridge_closes | F(bridge_closes & F(manager_handles_requests & train_has_arrived)),F (bridge_closes & F (train_has_arrived & G manager_handles_requests)),False
8623,under no circumstances a train stops or a semaphore is red after both the car stops and the elevator falls,G((car_stops & elevator_falls) -> G!(semaphore_is_red | train_stops)),G !((car_stops & elevator_falls) -> F (train_stops | semaphore_is_red)),False
8624,"first, at a certain moment either the bar is closing or the brake is pressed, and then, sooner or later the sensor gathers information",G!(bar_is_closing | brake_is_pressed) | F((bar_is_closing | brake_is_pressed) & F sensor_gathers_information),F ( (bar_is_closing | brake_is_pressed) & F sensor_gathers_information ),False
8625,Ensure that you never visit park 5,G!park_5,G!park_5,True
8626,Pick up water bottle 4 from hospital 3 while staying away from pharmacy 2,F(hospital_3 & p_bottle_4) & G!pharmacy_2,G (p_bottle_4 <-> (hospital_3 & !pharmacy_2)),False
8627,Stay out of both street_3 and street_4 permanently,G!(street_3 | street_4),G(!street_3 & !street_4),True
8628,Do not enter garage 1 until you take a picture of landmark 5,!garage_1 U (landmark_5 & photo),!garage_1 U (photo & landmark_5),True
8629,procure apple can infer that at any time get_hold apple,procure_apple -> F get_hold_apple,G(procure_apple -> F get_hold_apple),False
8630,"Either photo safe_victim happens infinitely often, or communicate the safe_rescuer happens in the next step.",GF photo_safe_victim | X communicate_safe_rescuer,G(F(photo_safe_victim) | X(communicate_safe_rescuer)),False
8631,Take box 8 from house 3 and move it to office 2,F(house_3 & F(p_box_8 & F(office_2 & pd))),F (pd & p_box_8 & !house_3 & office_2),False
8632,Keep taking a picture of intersection_4,GF(intersection_4 & photo),G(photo & intersection_4),False
8633,"Whenever change light_south yellow holds, photo the jaywalker on north_3rd_avenue holds exactly three steps later.",G(change_light_south_yellow -> XXX photo_jaywalker_north_3rd_avenue),G(change_light_south_yellow -> X(X(X(photo_jaywalker_north_3rd_avenue)))),True
8634,if the bar is up and a motorbike has started then it will happen that either the bar is closing or the manager collect claims,G((bar_is_up & motorbike_has_started) -> F(bar_is_closing | manager_collect_claims)),(bar_is_up & motorbike_has_started) -> F (bar_is_closing | manager_collect_claims),False
8635,never drop orange or advance_to tree,advance_to_tree | G!drop_orange,G! (drop_orange | advance_to_tree),False
8636,"At every step, search the apple equals the value of deliver the pizza to the loading_dock in the next step.",G(search_apple <-> X deliver_pizza_loading_dock),G(search_apple <-> X deliver_pizza_loading_dock),True
8637,at any time grab apple or never drop orange,F grab_apple | G!drop_orange,G(grab_apple | !drop_orange),False
8638,take apple until take_to trash can,take_apple U take_to_trash_can,take_apple U take_to_trash_can,True
8639,"first, it is going to happen that the train has arrived, and then, it is going to happen that the table is brown and the bar is closing",G!train_has_arrived | F(train_has_arrived & F(bar_is_closing & table_is_brown)),F train_has_arrived & F (table_is_brown & bar_is_closing),False
8640,whenever both the escalator is blocked and the escalator moves then it will happen that both the semaphore is green and a bridge opens,G((escalator_is_blocked & escalator_moves) -> F(bridge_opens & semaphore_is_green)),G ((escalator_is_blocked & escalator_moves) -> F (semaphore_is_green & bridge_opens)),True
8641,Ensure you always stay within locality_9,G locality_9,G locality_9,True
8642,"Whenever record the cyclist on southwest_8th_avenue holds, record the jaywalker on southwest_2nd_avenue holds exactly three steps later.",G(record_cyclist_southwest_8th_avenue -> XXX record_jaywalker_southwest_2nd_avenue),G(record_cyclist_southwest_8th_avenue -> X(X(X(record_jaywalker_southwest_2nd_avenue)))),True
8643,Stay away from park_6 until you collect pass_4,!park_6 U p_pass_4,G (!park_6 U p_pass_4),False
8644,at any time go_near pear or never let_go orange,F go_near_pear | G!let_go_orange,G(go_near_pear | !F(let_go_orange)),False
8645,"every time either the brake is pressed, the bar is up or the semaphore is red",G(bar_is_up | brake_is_pressed | semaphore_is_red),G ((brake_is_pressed | bar_is_up) -> semaphore_is_red),False
8646,to reach the blue_room do not go through the green_room,F blue_room & G!green_room,G (blue_room -> ! (green_room U blue_room)),False
8647,"at some point in time both a table has been moved and the engine stops and, at some point in time a motorbike is driven or the escalator moves afterwards",G!(engine_stops & table_has_been_moved) | F(engine_stops & table_has_been_moved & F(escalator_moves | motorbike_is_driven)),F (table_has_been_moved & engine_stops) & F (motorbike_is_driven | escalator_moves),False
8648,advance_to tree and move_to trashcan,advance_to_tree & move_to_trashcan,advance_to_tree & move_to_trashcan,True
8649,Ensure you never enter parking lot 5 while consistently capturing photos of car 9,G!parking_lot_5 & GF(car_9 & photo),G(!parking_lot_5 & (photo & car_9)),False
8650,whenever go home or at some time make_contact_with house,F go_home | F make_contact_with_house,G(go_home | F(make_contact_with_house)),False
8651,"Remain in park 5 until you reach bench 4, and ensure you take bottle 5 from store 2 and deliver it to bench 4",(park_5 U bench_4) & F(store_2 & F(p_bottle_5 & F(bench_4 & pd))),G(park_5 U bench_4) & G((store_2 & p_bottle_5) U bench_4),False
8652,whenever a house is open and the sensor retrieves data then it is going to happen that both the bar has to be repaired and a manager collect claims,G((house_is_open & sensor_retrieves_data) -> F(bar_has_to_be_repaired & manager_collect_claims)),G((house_is_open & sensor_retrieves_data) -> F(bar_has_to_be_repaired & manager_collect_claims)),True
8653,"Once record the collision on south_4th_street has occurred, change light_east yellow will never occur again.",G(record_collision_south_4th_street -> XG!change_light_east_yellow),G(record_collision_south_4th_street -> G!change_light_east_yellow),False
8654,"When photo the car on northwest_10th_street happens, change light_west green must hold now or in the next step.",G(photo_car_northwest_10th_street -> (change_light_west_green | X change_light_west_green)),G(photo_car_northwest_10th_street -> (change_light_west_green | X change_light_west_green)),True
8655,This controller must eventually deliver_aid the safe_rescuer or go_home.,F(deliver_aid_safe_rescuer | go_home),F (deliver_aid_safe_rescuer | go_home),True
8656,"in the future the bridge closes and, at some point a train derails and a manager handles requests afterwards",G!bridge_closes | F(bridge_closes & F(manager_handles_requests & train_derails)),F (bridge_closes & F (train_derails & X manager_handles_requests)),False
8657,forever move or reach trash can,reach_trash_can | G move,G(move | reach_trash_can),False
8658,"At every step, get_help equals the value of change light_south yellow in the next step.",G(get_help <-> X change_light_south_yellow),G(get_help <-> X(change_light_south_yellow)),True
8659,"Either record the vehicle on east_8th_street happens infinitely often, or photo the vehicle on east_1st_street happens in the next step.",GF record_vehicle_east_8th_street | X photo_vehicle_east_1st_street,G F record_vehicle_east_8th_street | X photo_vehicle_east_1st_street,True
8660,whenever get orange means that at some time make_way_for tree,F get_orange -> F make_way_for_tree,G(get_orange -> F(make_way_for_tree)),False
8661,"Take a video of gas_leak must keep holding until, from some point on, deliver_aid the safe_hostile holds infinitely often.",record_gas_leak U GF deliver_aid_safe_hostile,record_gas_leak U (G F deliver_aid_safe_hostile),True
8662,"If photo the pedestrian on north_1st_avenue ever holds, record the jaywalker on west_1st_avenue must have held beforehand.",F photo_pedestrian_north_1st_avenue -> (!photo_pedestrian_north_1st_avenue U (!photo_pedestrian_north_1st_avenue & record_jaywalker_west_1st_avenue)),G(photo_pedestrian_north_1st_avenue -> !(!record_jaywalker_west_1st_avenue U photo_pedestrian_north_1st_avenue)),False
8663,"At every step, get_help equals the value of pickup the baseball_bat in the next step.",G(get_help <-> X pickup_baseball_bat),G(get_help <-> X(pickup_baseball_bat)),True
8664,Ensure you never pick up crate 8 at any time,G!p_crate_8,G!p_crate_8,True
8665,when possible make_your_way flag until move_towards trash can,F make_your_way_flag U move_towards_trash_can,G(make_your_way_flag -> (make_your_way_flag U move_towards_trash_can)),False
8666,"finally, the train derails after either the sensor captures data or the engine starts",G((engine_starts | sensor_captures_data) -> F train_derails),F ( (sensor_captures_data | engine_starts) U train_derails ),False
8667,when possible travel_to flag until at some time go_past flag,F travel_to_flag U F go_past_flag,G(travel_to_flag -> (travel_to_flag U go_past_flag)),False
8668,Take takeout_2 from restaurant_9 and move it to house_1,F(restaurant_9 & F(takeout_2 & F(house_1 & pd))),F (pd & takeout_2 & restaurant_9) & F (pd & takeout_2 & house_1),False
8669,if the train has arrived then in the future either the house collapses or the escalator moves,G(train_has_arrived -> F(escalator_moves | house_collapses)),train_has_arrived -> F(house_collapses | escalator_moves),False
8670,if either the brake is pressed or the escalator is blocked then it is going to happen that the semaphore is yellow,G((brake_is_pressed | escalator_is_blocked) -> F semaphore_is_yellow),(brake_is_pressed | escalator_is_blocked) -> F semaphore_is_yellow,False
8671,Pick up tin_can_4 from table_4 and put it in trash_can_5 without entering hallway_2,F(table_4 & F(p_tin_can_4 & F(pd & trash_can_5))) & G!hallway_2,G (p_tin_can_4 & table_4 -> X (F (p_tin_can_4 & trash_can_5) & G !hallway_2)),False
8672,Both get_help and photo the pedestrian on north_7th_avenue hold at every step.,G(get_help & photo_pedestrian_north_7th_avenue),G(get_help & photo_pedestrian_north_7th_avenue),True
8673,"If every photo the person on south_10th_avenue is eventually followed by change light_north red, then change light_north yellow must occur infinitely often.",G(photo_person_south_10th_avenue -> F change_light_north_red) -> GF change_light_north_yellow,G(F(photo_person_south_10th_avenue) -> F(change_light_north_red)) -> G F(change_light_north_yellow),True
8674,"Call for help should always hold, with at most a two-step grace period for recovery.",!G!(get_help & X get_help),G(get_help | X(get_help | X(get_help))),False
8675,forever hold_on pear and approach trash can,approach_trash_can & G hold_on_pear,G(hold_on_pear & approach_trash_can),False
8676,"when at some time seize pear , whenever proceed_to tree",F seize_pear -> F proceed_to_tree,G(seize_pear -> G(proceed_to_tree)),False
8677,"at a certain moment a sensor gathers information and, at a certain moment the escalator is blocked and the sensor captures data afterwards",G!sensor_gathers_information | F(sensor_gathers_information & F(escalator_is_blocked & sensor_captures_data)),F(sensor_gathers_information & F(escalator_is_blocked & F(sensor_captures_data))),False
8678,"If every search the snowboard is eventually followed by search the skateboard, then search the spoon must occur infinitely often.",G(search_snowboard -> F search_skateboard) -> GF search_spoon,G(search_snowboard -> F search_skateboard) -> G F search_spoon,True
8679,"The robot must eventually, avoid searching the surfboard.",F!search_surfboard,F !search_surfboard,True
8680,at some time withhold apple until at any time withhold apple,F withhold_apple,F (withhold_apple U G withhold_apple),False
8681,"Photograph the motorcycle on north_5th_avenue and record the jaywalker on southwest_9th_avenue never coincide, yet one of them is always true.",G!(photo_motorcycle_north_5th_avenue & record_jaywalker_southwest_9th_avenue) & G(photo_motorcycle_north_5th_avenue | record_jaywalker_southwest_9th_avenue),G(!(photo_motorcycle_north_5th_avenue & record_jaywalker_southwest_9th_avenue) & (photo_motorcycle_north_5th_avenue | record_jaywalker_southwest_9th_avenue)),True
8682,Eventually pick up crate 4 and then go to park 1 and then put down and remain in park 1,F(p_crate_4 & F(park_1 & pd & G park_1)),F (p_crate_4 & X (park_1 & X (pd & G park_1))),False
8683,"Retrieve stack 4 from house 4, travel to street 2, and continuously remain there",F(house_4 & F(p_stack_4 & F(street_2 & G street_2))),p_stack_4 & G(house_4) & F(street_2 & G(street_2)),False
8684,never drop apple or when possible present_at flag,G!drop_apple | F present_at_flag,G(!drop_apple | F present_at_flag),False
8685,forever touch flag and at any time go_to trash receptacle,G touch_flag & F go_to_trash_receptacle,G touch_flag & G F go_to_trash_receptacle,False
8686,"first, finally, the train has arrived, and then, at some point the constructor creates instances and the motorbike has stopped",G!train_has_arrived | F(train_has_arrived & F(constructor_creates_instances & motorbike_has_stopped)),G(train_has_arrived & F(constructor_creates_instances & motorbike_has_stopped)),False
8687,Ensure you stay away from street_5 until you get to store_1 to deliver package_4,(!street_5 U store_1) & F(p_package_4 & store_1),G (!street_5 U (store_1 & p_package_4)),False
8688,You must eventually avoid the probable_gas_leak or photo unstable_beam.,F(avoid_probable_gas_leak | photo_unstable_beam),F (avoid_probable_gas_leak | !photo_unstable_beam),False
8689,"If deliver_aid the injured_hostile holds, then in the next step get_help persists until returning home holds, or else get_help holds forever.",deliver_aid_injured_hostile -> X((get_help U go_home) | G get_help),deliver_aid_injured_hostile -> (X (get_help U go_home) | G get_help),False
8690,"after both a house collapses and the semaphore is red, it will not happen that both the bar is down and the train has been launched",G((house_collapses & semaphore_is_red) -> G!(bar_is_down & train_has_been_launched)),G (house_collapses & semaphore_is_red) -> G !(bar_is_down & train_has_been_launched),False
8691,only go through rooms that are not blue to get to the yellow_room,F yellow_room & G!blue_room,G (blue_room -> !F yellow_room) & G (yellow_room -> !F blue_room) & G (F yellow_room -> G (!blue_room U yellow_room)),False
8692,Ensure you keep going to street_5 at regular intervals,GF street_5,G F street_5,True
8693,do not let_go pear or do not let_go pear,!let_go_pear,!let_go_pear | !let_go_pear,True
8694,"if when possible get_close flag , travel_to tree",F get_close_flag -> travel_to_tree,F get_close_flag -> F travel_to_tree,False
8695,it is always true that the bar is up and the sensor captures data,G(bar_is_up & sensor_captures_data),G(bar_is_up & sensor_captures_data),True
8696,repeatedly go_to waste basket or whenever capture pear,GF go_to_waste_basket | F capture_pear,G F go_to_waste_basket | G (capture_pear -> X go_to_waste_basket),False
8697,move_to trashcan or keep apple,keep_apple | move_to_trashcan,move_to_trashcan | keep_apple,True
8698,in any case the escalator is blocked or the semaphore is red,G(escalator_is_blocked | semaphore_is_red),G (escalator_is_blocked | semaphore_is_red),True
8699,"at a certain moment both the train has arrived and the brake is pressed and, at a certain moment a train has arrived afterwards",G!(brake_is_pressed & train_has_arrived) | F(brake_is_pressed & train_has_arrived & F train_has_arrived),F (brake_is_pressed & train_has_arrived & F train_has_arrived),False
8700,"when at some time proceed_to flag , whenever go home",F proceed_to_flag -> F go_home,G(proceed_to_flag -> G(go_home)),False
8701,hold apple or approach tree,approach_tree | hold_apple,hold_apple | approach_tree,True
8702,Go to pickup luggage_2 and place it in room_402,F(p_luggage_2 & F(pd & room_402)),F (p_luggage_2 & room_402),False
8703,"Eventually at building_3 and remain there permanently, but avoid entering building_3 until you have first reached garage_3",FG building_3 & (!building_3 U garage_3),F (building_3 & G building_3) & (!building_3 U garage_3),True
8704,forever hold_on pear and approach trash can,approach_trash_can & G hold_on_pear,G(hold_on_pear & approach_trash_can),False
8705,at the green_room,F green_room,green_room,False
8706,"after either the motorbike is driven or the escalator speeds up, it should not happen that the engine stops or the train is crossing",G((escalator_speeds_up | motorbike_is_driven) -> G!(engine_stops | train_is_crossing)),G ( (motorbike_is_driven | escalator_speeds_up) -> G !(engine_stops | train_is_crossing) ),True
8707,"Whenever get_help holds, photo safe_person holds as well.",G(get_help -> photo_safe_person),G(get_help -> photo_safe_person),True
8708,Capture an image of building 2.,F(building_2 & photo),F (photo & building_2),True
8709,Pick up letter_3 from post_office_1 and deliver it to house_2,F(post_office_1 & F(p_letter_3 & F(house_2 & pd))),F (p_letter_3 & post_office_1) & F (p_letter_3 & house_2),False
8710,"Avoid visiting landmark 5 until you reach park 5, and eventually take a photo of landmark 5",(!landmark_5 U park_5) & F(landmark_5 & photo),G(!landmark_5 U park_5) & F(photo),False
8711,"If every go_home is eventually followed by photoing debris, then photo injured_rescuer must occur infinitely often.",G(go_home -> F photo_debris) -> GF photo_injured_rescuer,G(go_home -> F photo_debris) -> G F photo_injured_rescuer,True
8712,Both get_help and photo the motorcycle on south_9th_avenue hold at every step.,G(get_help & photo_motorcycle_south_9th_avenue),G(get_help & photo_motorcycle_south_9th_avenue),True
8713,"always, the engine starts and a house is built after either a semaphore is green or the bar is up",G((bar_is_up | semaphore_is_green) -> G(engine_starts & house_is_built)),G ( (semaphore_is_green | bar_is_up) -> F (engine_starts & house_is_built) ),False
8714,every time a train has been launched and a semaphore is green then it never happens that a semaphore is green or the bar is up,G((semaphore_is_green & train_has_been_launched) -> G!(bar_is_up | semaphore_is_green)),G(train_has_been_launched & semaphore_is_green -> G!(semaphore_is_green | bar_is_up)),True
8715,whenever reach tree until at some time pick_up peach,F reach_tree U F pick_up_peach,G(reach_tree -> (reach_tree U pick_up_peach)),False
8716,Do not enter garage_1 until you photo of landmark_5,!garage_1 U (landmark_5 & photo),G (!garage_1 U (photo & landmark_5)),False
8717,pass through either the blue or red_room to reach the yellow_room,F((blue_room | red_room) & F yellow_room),G (yellow_room -> F (blue_room | red_room)),False
8718,Retrieve bottle 3 from bedroom 2 and place it in kitchen 4,F(bedroom_2 & F(p_bottle_3 & F(kitchen_4 & pd))),F (pd & bedroom_2 & p_bottle_3 & X (pd & kitchen_4 & p_bottle_3)),False
8719,"first, eventually, either a sensor retrieves data or a table is brown, and then, eventually, either a semaphore is green or the bar is up",G!(sensor_retrieves_data | table_is_brown) | F((sensor_retrieves_data | table_is_brown) & F(bar_is_up | semaphore_is_green)),F (sensor_retrieves_data | table_is_brown) & F (semaphore_is_green | bar_is_up),False
8720,"Whenever photo the person on south_7th_avenue holds, from the next step onwards record the cyclist on southwest_5th_avenue will eventually hold.",G(photo_person_south_7th_avenue -> XF record_cyclist_southwest_5th_avenue),G(photo_person_south_7th_avenue -> X G(record_cyclist_southwest_5th_avenue -> F record_cyclist_southwest_5th_avenue)),False
8721,move to the yellow_room,F yellow_room,F yellow_room,True
8722,at some time approach house or never drop orange,F approach_house | G!drop_orange,F approach_house | G ! drop_orange,True
8723,forever have apple and whenever go_to tree,G have_apple & F go_to_tree,G(have_apple & (go_to_tree -> X have_apple)),False
8724,"Whenever photo fire_source holds, record injured_rescuer holds as well.",G(photo_fire_source -> record_injured_rescuer),G(photo_fire_source -> record_injured_rescuer),True
8725,"Whenever photo gas_leak holds, from the next step onwards record fire_source will eventually hold.",G(photo_gas_leak -> XF record_fire_source),G(photo_gas_leak -> X F record_fire_source),True
8726,Put down what you have and at park_4 and stay there,F(pd & F(park_4 & G park_4)),pd & F (park_4 & G park_4),False
8727,never let_go apple or going_to tree,going_to_tree | G!let_go_apple,G!((let_go_apple) | (going_to_tree)),False
8728,Repeatedly photograph locality 7 while staying away from park 3 entirely,GF(locality_7 & photo) & G!park_3,G(locality_7 & photo & !park_3),False
8729,Reach parking lot 5 and ensure you do not leave it.,FG parking_lot_5,F parking_lot_5 & G (parking_lot_5 -> X parking_lot_5),False
8730,Ensure you repeatedly pick up trash can 4 from house 2,GF(house_2 & p_trash_can_4),G F (house_2 & p_trash_can_4),True
8731,at some time go_by house and always have apple,F go_by_house & G have_apple,F (go_by_house & G have_apple),False
8732,"sooner or later the house is open and the elevator rises and, eventually, the bar is closing and an elevator is blocked afterwards",G!(elevator_rises & house_is_open) | F(elevator_rises & house_is_open & F(bar_is_closing & elevator_is_blocked)),F (house_is_open & elevator_rises & F (bar_is_closing & X elevator_is_blocked)),False
8733,at the red_room get the chair and take it to the blue_room,F(red_room & F blue_room),G(red_room -> F(blue_room)),False
8734,Always eventually return to charging_station_9 while regularly taking crate_4 from warehouse_5 to mall_4,GF charging_station_9 & GF(warehouse_5 & F(p_crate_4 & F(mall_4 & pd))),G F charging_station_9 & G F (warehouse_5 & X p_crate_4 & X mall_4),False
8735,Avoid entering building 1 until street 4 has been reached.,!building_1 U street_4,G (!building_1 U street_4),False
8736,"Give aid to the injured_rescuer should always hold, with at most a two-step grace period for recovery.",!G!(deliver_aid_injured_rescuer & X deliver_aid_injured_rescuer),G deliver_aid_injured_rescuer | X deliver_aid_injured_rescuer | XX deliver_aid_injured_rescuer,False
8737,"in the future a constructor instantiate objects and, at the same time, a train stops and the motorbike catches fire",F(constructor_instantiate_objects & motorbike_catches_fire & train_stops),F (constructor_instantiate_objects & train_stops & motorbike_catches_fire),True
8738,"at some point either the engine breaks or a semaphore is yellow and, at a certain moment either a bridge closes or the escalator is blocked afterwards",G!(engine_breaks | semaphore_is_yellow) | F((engine_breaks | semaphore_is_yellow) & F(bridge_closes | escalator_is_blocked)),F (engine_breaks | semaphore_is_yellow) & F (bridge_closes | escalator_is_blocked),False
8739,take_to trashcan or snatch_up pear,snatch_up_pear | take_to_trashcan,take_to_trashcan | snatch_up_pear,True
8740,it is always true that an elevator is open and together a train is crossing and a table is old,G(elevator_is_open & table_is_old & train_is_crossing),G (elevator_is_open & train_is_crossing & table_is_old),True
8741,whenever the manager handles requests or a table is old then every time a semaphore is yellow,G((manager_handles_requests | table_is_old) -> G semaphore_is_yellow),G ((manager_handles_requests | table_is_old) -> G semaphore_is_yellow),True
8742,"The system must eventually, avoid geting help.",F!get_help,F !get_help,True
8743,always have apple until whenever secure pear,G have_apple U F secure_pear,G (have_apple U F secure_pear),False
8744,"after a sensor captures data or the train is crossing, it should not happen that both the escalator is blocked and the semaphore is yellow",G((sensor_captures_data | train_is_crossing) -> G!(escalator_is_blocked & semaphore_is_yellow)),G ((sensor_captures_data | train_is_crossing) -> ! (escalator_is_blocked & semaphore_is_yellow)),False
8745,Remain in parking_lot_5 until you capture a picture of car_5,parking_lot_5 U (car_5 & photo),G (parking_lot_5 U (photo & car_5)),False
8746,Ensure you stay away from park 5 until intersection 4 is visited,!park_5 U intersection_4,G (!park_5 U intersection_4),False
8747,"Take a photo of the car on north_9th_avenue and photo the pedestrian on northwest_7th_avenue never coincide, yet one of them is always true.",G!(photo_car_north_9th_avenue & photo_pedestrian_northwest_7th_avenue) & G(photo_car_north_9th_avenue | photo_pedestrian_northwest_7th_avenue),G((!photo_car_north_9th_avenue | !photo_pedestrian_northwest_7th_avenue) & (photo_car_north_9th_avenue | photo_pedestrian_northwest_7th_avenue)),True
8748,"it will not happen that a train stops and, at the same time, the house is built and the car stops",G!(car_stops & house_is_built & train_stops),!G(train_stops & house_is_built & car_stops),False
8749,Move to parking_lot_5 and stay in that location permanently.,FG parking_lot_5,F (parking_lot_5 & G parking_lot_5),True
8750,whenever either the motorbike has stopped or the semaphore is yellow then it is always true that the table is brown or the escalator speeds up,G((motorbike_has_stopped | semaphore_is_yellow) -> G(escalator_speeds_up | table_is_brown)),G ((motorbike_has_stopped | semaphore_is_yellow) -> G (table_is_brown | escalator_speeds_up)),True
8751,when possible approach flag or whenever venture_to waste basket,F approach_flag | F venture_to_waste_basket,G (approach_flag | venture_to_waste_basket),False
8752,it will happen that a motorbike falls down and together a train is crossing and the car starts,F(car_starts & motorbike_falls_down & train_is_crossing),F (motorbike_falls_down & train_is_crossing & car_starts),True
8753,"absolutely never, both the bridge opens and a motorbike catches fire",G!(bridge_opens & motorbike_catches_fire),G!(bridge_opens & motorbike_catches_fire),True
8754,Always stay within locality 5 as you move package 5 from office 3 to office 6,G locality_5 & F(office_3 & F(p_package_5 & F(office_6 & pd))),G(p_package_5 -> (locality_5 U (office_3 & p_package_5) U (office_6 & p_package_5))),False
8755,Visit mall 5 and do not leave after arriving,FG mall_5,F (mall_5 & G mall_5),True
8756,Always remain in street_8,G street_8,G street_8,True
8757,venture_towards house means that secure apple,venture_towards_house -> secure_apple,venture_towards_house -> secure_apple,True
8758,repeatedly go_to pear or at any time steal apple,GF go_to_pear | F steal_apple,G F (go_to_pear | steal_apple),False
8759,"Globally, if get_help occurs then finally search the suitcase happens.",G(get_help -> F search_suitcase),G(get_help -> F(search_suitcase)),True
8760,Remain at building 2 until you have reached path 3,building_2 U path_3,building_2 U path_3,True
8761,Keep photographing statue_4 while ensuring you also keep revisiting charger_4,GF(photo & statue_4) & GF charger_4,G(photo & statue_4) & G(charger_4),False
8762,"If idle happens infinitely often, then so does deliver the teddy-bear to the loading_dock.",GF idle -> GF deliver_teddy_bear_loading_dock,G F idle -> G F deliver_teddy_bear_loading_dock,True
8763,"If every record unsafe_victim is eventually followed by returning to base, then get_help must occur infinitely often.",G(record_unsafe_victim -> F go_home) -> GF get_help,G(record_unsafe_victim -> F(go_home)) -> G F(get_help),True
8764,Remove traffic_cone_5 from street_4 and place it in intersection_6,F(street_4 & F(p_traffic_cone_5 & F(intersection_6 & pd))),G (street_4 & p_traffic_cone_5 -> X (!p_traffic_cone_5 & intersection_6)),False
8765,"if stop_by flag , never drop pear",stop_by_flag -> G!drop_pear,stop_by_flag -> G !drop_pear,True
8766,"it will happen that a train has arrived and, at some point either the engine stops or a train is crossing afterwards",G!train_has_arrived | F(train_has_arrived & F(engine_stops | train_is_crossing)),F (train_has_arrived & F (engine_stops | train_is_crossing)),False
8767,"after either the house is open or the train is crossing, at a certain moment the train has been launched or the constructor instantiate objects",G((house_is_open | train_is_crossing) -> F(constructor_instantiate_objects | train_has_been_launched)),G((house_is_open | train_is_crossing) -> F(train_has_been_launched | constructor_instantiate_objects)),True
8768,"Whenever record gas_leak holds, communicate the injured_victim holds as well.",G(record_gas_leak -> communicate_injured_victim),G(record_gas_leak -> communicate_injured_victim),True
8769,"at no time a semaphore is green and, at the same time, the bar is up and the car stops",G!(bar_is_up & car_stops & semaphore_is_green),G!((semaphore_is_green & bar_is_up) & car_stops),True
8770,Remain in street_6 before getting to intersection_8,street_6 U intersection_8,G (!intersection_8 -> (street_6 U intersection_8)),False
8772,"sooner or later the bar is up or an elevator is open and, it will happen that a bridge closes afterwards",G!(bar_is_up | elevator_is_open) | F((bar_is_up | elevator_is_open) & F bridge_closes),F (bar_is_up | elevator_is_open) & F (bar_is_up | elevator_is_open) U bridge_closes,False
8773,"absolutely never, a sensor retrieves data or the elevator rises",G!(elevator_rises | sensor_retrieves_data),G!((sensor_retrieves_data) | (elevator_rises)),True
8774,"always, both the sensor retrieves data and the engine breaks after the train stops and the sensor gathers information",G((sensor_gathers_information & train_stops) -> G(engine_breaks & sensor_retrieves_data)),G(sensor_retrieves_data & (G(train_stops & sensor_gathers_information -> F(engine_breaks)))),False
8775,Never touch package_4,G!p_package_4,G!p_package_4,True
8776,whenever the sensor gathers information or a train derails then at some point in time both the brake is pressed and a motorbike catches fire,G((sensor_gathers_information | train_derails) -> F(brake_is_pressed & motorbike_catches_fire)),G ((sensor_gathers_information | train_derails) -> F (brake_is_pressed & motorbike_catches_fire)),True
8777,"when never let_go orange , take orange",G!let_go_orange -> take_orange,G(!let_go_orange -> take_orange),False
8778,"eternally, the engine starts and together the semaphore is yellow and a train is crossing",G(engine_starts & semaphore_is_yellow & train_is_crossing),G(engine_starts & semaphore_is_yellow & train_is_crossing),True
8779,Ensure you visit charger 2 regularly as you continue delivering plate 4 from table 2 to table 4,GF charger_2 & F(table_2 & F(p_plate_4 & F(pd & table_4))),G (p_plate_4 -> F charger_2),False
8780,Remain in park_4 until you take a photo of statue_9,park_4 U (photo & statue_9),G (park_4 U (photo & statue_9)),False
8781,The robot must always have either record the person on northwest_9th_street or change light_west green.,G(change_light_west_green | record_person_northwest_9th_street),G(record_person_northwest_9th_street | change_light_west_green),True
8782,"Whenever get_help and change light_west green are equal, change light_west green and photo the collision on west_10th_street are equal as well.",G((change_light_west_green <-> get_help) -> (change_light_west_green <-> photo_collision_west_10th_street)),G((get_help <-> change_light_west_green) -> (change_light_west_green <-> photo_collision_west_10th_street)),True
8783,"Take a photo of the motorcycle on east_1st_avenue and change light_north green never coincide, yet one of them is always true.",G!(change_light_north_green & photo_motorcycle_east_1st_avenue) & G(change_light_north_green | photo_motorcycle_east_1st_avenue),G((photo_motorcycle_east_1st_avenue | change_light_north_green) & !(photo_motorcycle_east_1st_avenue & change_light_north_green)),True
8784,at any time going_to flag and repeatedly make_way_to house,F going_to_flag & GF make_way_to_house,G(going_to_flag & F(make_way_to_house)),False
8785,"Whenever change light_east red holds, from the next step onwards record the pedestrian on east_7th_street will eventually hold.",G(change_light_east_red -> XF record_pedestrian_east_7th_street),G(change_light_east_red -> X F record_pedestrian_east_7th_street),True
8786,pick_up orange or when possible obtain pear,pick_up_orange | F obtain_pear,pick_up_orange | F obtain_pear,True
8787,"after the train derails, finally, the sensor retrieves data or the train is crossing",G(train_derails -> F(sensor_retrieves_data | train_is_crossing)),G(train_derails -> F(sensor_retrieves_data | train_is_crossing)),True
8788,"If photo the cyclist on northwest_3rd_avenue ever holds, change light_west yellow must have held beforehand.",F photo_cyclist_northwest_3rd_avenue -> (!photo_cyclist_northwest_3rd_avenue U (change_light_west_yellow & !photo_cyclist_northwest_3rd_avenue)),G(photo_cyclist_northwest_3rd_avenue -> !photo_cyclist_northwest_3rd_avenue U change_light_west_yellow),False
8789,"When communicate the injured_rescuer happens, record gas_leak must hold now or in the next step.",G(communicate_injured_rescuer -> (record_gas_leak | X record_gas_leak)),G(communicate_injured_rescuer -> (record_gas_leak | X record_gas_leak)),True
8790,"after either a manager collect claims or an elevator falls, under no condition either the escalator is blocked or the car starts",G((elevator_falls | manager_collect_claims) -> G!(car_starts | escalator_is_blocked)),G ((manager_collect_claims | elevator_falls) -> ! (escalator_is_blocked | car_starts)),False
8791,"after a semaphore is yellow, all the time the sensor retrieves data and the engine breaks",G(semaphore_is_yellow -> G(engine_breaks & sensor_retrieves_data)),G(semaphore_is_yellow -> G(sensor_retrieves_data & engine_breaks)),True
8792,"it will happen that either a manager handles requests or the motorbike has started and, it is going to happen that the sensor gathers information afterwards",G!(manager_handles_requests | motorbike_has_started) | F((manager_handles_requests | motorbike_has_started) & F sensor_gathers_information),F (manager_handles_requests | motorbike_has_started) & F sensor_gathers_information,False
8793,Collect bottle_3 from kitchen_2 without entering living_room_1.,F(kitchen_2 & p_bottle_3) & G!living_room_1,G(!living_room_1) & F(kitchen_2 & p_bottle_3),True
8794,"Take a video of flood must keep holding until, from some point on, get_help holds infinitely often.",record_flood U GF get_help,G(record_flood U (G F get_help)),True
8795,"In this task, record gas_leak, then avoid the nearest_flood.",record_gas_leak U avoid_nearest_flood,F (record_gas_leak & X G !avoid_nearest_flood),False
8796,at any time a manager handles requests or a train is crossing,G(manager_handles_requests | train_is_crossing),G (manager_handles_requests | train_is_crossing),True
8797,Ensure you never enter park 3 while retrieving cone 2 from police station 1 and placing it in intersection 2.,G!park_3 & F(p_cone_2 & police_station_1 & F(intersection_2 & pd)),G ! (park_3 & p_cone_2 & police_station_1 & intersection_2),False
8798,"as the train derails, finally, a manager handles requests or a constructor instantiate objects",G(train_derails -> F(constructor_instantiate_objects | manager_handles_requests)),train_derails & F (manager_handles_requests | constructor_instantiate_objects),False
8799,"When search the bottle happens, get_help must hold now or in the next step.",G(search_bottle -> (get_help | X get_help)),G(search_bottle -> (get_help | X get_help)),True
8800,"it will not happen that either the table is brown, the train stops or the escalator moves",G!(escalator_moves | table_is_brown | train_stops),!F(table_is_brown | train_stops | escalator_moves),True
8801,Give aid to the injured_victim and get_help will each happen at some point.,F deliver_aid_injured_victim & F get_help,F get_help & F deliver_aid_injured_victim,True
8802,"Take a photo of injured_civilian must hold until go_home does, or else photo injured_civilian holds forever.",(photo_injured_civilian U go_home) | G photo_injured_civilian,G(photo_injured_civilian U go_home) | G(photo_injured_civilian),False
8803,"eventually, the semaphore is broken or a train is crossing",F(semaphore_is_broken | train_is_crossing),F (semaphore_is_broken | train_is_crossing),True
8804,Keep taking crate_6 to building_5 after picking it up from store_2,GF(store_2 & F(p_crate_6 & F(building_5 & pd))),G (p_crate_6 -> F (building_5 & !store_2)),False
8805,"as a manager collect claims and an elevator is blocked, it is going to happen that both the house collapses and the car stops",G((elevator_is_blocked & manager_collect_claims) -> F(car_stops & house_collapses)),(manager_collect_claims & elevator_is_blocked) -> F (house_collapses & car_stops),False
8806,"it is always true that a car starts, the motorbike has stopped and the engine starts",G(car_starts & engine_starts & motorbike_has_stopped),G(car_starts & motorbike_has_stopped & engine_starts),True
8807,"Call for help must hold until change light_north green does, or else get_help holds forever.",(get_help U change_light_north_green) | G get_help,G(call_for_help U change_light_north_green | G(get_help)),False
8808,Our agent must always avoid search the car.,G!search_car,G!search_car,True
8809,"every time both a house is built and a train derails then eternally, the brake is released and the bar has to be repaired",G((house_is_built & train_derails) -> G(bar_has_to_be_repaired & brake_is_released)),G((train_derails & house_is_built) -> G(brake_is_released & bar_has_to_be_repaired)),True
8810,at the green_room,F green_room,green_room,False
8811,at any time obtain apple and always have apple,F obtain_apple & G have_apple,G(obtain_apple & G(have_apple)),False
8812,never drop apple or at any time present_at flag,G!drop_apple | F present_at_flag,G(!drop_apple | present_at_flag),False
8813,"Globally, if get_help occurs then finally record the cyclist on west_10th_street happens.",G(get_help -> F record_cyclist_west_10th_street),G(get_help -> F(record_cyclist_west_10th_street)),True
8814,Always avoid going to street 7 while transporting package 3 from store 9 to house 1,G!street_7 & F(store_9 & F(p_package_3 & F(house_1 & pd))),G(p_package_3 & store_9 & house_1 -> !street_7),False
8815,"first, eventually, the train is crossing or a manager collect claims, and then, it is going to happen that the train has arrived",G!(manager_collect_claims | train_is_crossing) | F((manager_collect_claims | train_is_crossing) & F train_has_arrived),F (train_is_crossing | manager_collect_claims) & F train_has_arrived,False
8816,"If photo the jaywalker on north_9th_avenue ever holds, get_help must have held beforehand.",F photo_jaywalker_north_9th_avenue -> (!photo_jaywalker_north_9th_avenue U (get_help & !photo_jaywalker_north_9th_avenue)),G(photo_jaywalker_north_9th_avenue -> !photo_jaywalker_north_9th_avenue W get_help),False
8817,Ensure you stay within area 2 while repeatedly taking pictures at building 8,G area_2 & GF(building_8 & photo),G(area_2 & (F(building_8 & photo) & G(building_8 & photo -> X F(building_8 & photo)))),True
8818,take_to trashcan or always hold_on pear,take_to_trashcan | G hold_on_pear,take_to_trashcan | G hold_on_pear,True
8819,when possible collect apple until don't pick_up anything,F collect_apple U !F pick_up_anything,G (collect_apple -> (collect_apple U !pick_up_anything)),False
8820,"Go to house_3, collect pass_2, and take it to office_2, making sure you do not at street_5 before picking up pass_2",F(house_3 & F(p_pass_2 & F(office_2 & pd))) & (!street_5 U p_pass_2),G (house_3 -> (G (!street_5 U p_pass_2) & F (p_pass_2 & F office_2))),False
8821,Drop off the truck to the shelf and get_help are mutually exclusive at all times.,G!(deliver_truck_shelf & get_help),G!(deliver_truck_shelf & get_help),True
8822,every time both a sensor gathers information and a motorbike has started,G(motorbike_has_started & sensor_gathers_information),G(sensor_gathers_information & motorbike_has_started),True
8823,"when at any time go_to apple , seize apple",F go_to_apple -> seize_apple,G(go_to_apple -> X seize_apple),False
8824,"after the sensor gathers information or a motorbike has started, at some point in time both the sensor retrieves data and a motorbike has started",G((motorbike_has_started | sensor_gathers_information) -> F(motorbike_has_started & sensor_retrieves_data)),G(sensor_gathers_information | motorbike_has_started -> F(sensor_retrieves_data & motorbike_has_started)),True
8825,"Whenever photo the jaywalker on south_9th_avenue holds, photo the pedestrian on south_10th_street holds as well.",G(photo_jaywalker_south_9th_avenue -> photo_pedestrian_south_10th_street),G(photo_jaywalker_south_9th_avenue -> photo_pedestrian_south_10th_street),True
8826,at some point either the manager handles requests or the house is open,F(house_is_open | manager_handles_requests),F (manager_handles_requests | house_is_open),True
8827,it is never the case that either the semaphore is green or an elevator rises,G!(elevator_rises | semaphore_is_green),G!((semaphore_is_green) | (elevator_rises)),True
8828,"Eventually, you need to visit bench 4, capture a photo, and stay there permanently",F(bench_4 & photo & G bench_4),F (bench_4 & photo & G (bench_4 & photo)),False
8829,"Whenever neither change light_east green nor change light_north yellow holds, record the jaywalker on northwest_1st_street eventually holds.",G(!(change_light_east_green & change_light_north_yellow) -> F record_jaywalker_northwest_1st_street),G(!(change_light_east_green | change_light_north_yellow) -> F(record_jaywalker_northwest_1st_street)),False
8830,Ensure you avoid entering parking lot 5 while taking a picture of car 3,G!parking_lot_5 & F(car_3 & photo),G !(parking_lot_5 & photo & car_3),False
8831,"Whenever neither deliver the elephant to the loading_dock nor get_help holds, idle eventually holds.",G(!(deliver_elephant_loading_dock & get_help) -> F idle),G(!(deliver_elephant_loading_dock | get_help) -> F idle),False
8832,never let_go means that never let_go apple,G!let_go -> G!let_go_apple,G(!let_go -> !let_go_apple),False
8833,"Whenever get_help holds, eventually avoid the active_gas_leak will hold.",G(get_help -> F avoid_active_gas_leak),G(get_help -> F(avoid_active_gas_leak)),True
8834,"it is going to happen that either the bridge opens, the sensor gathers information or the motorbike has started",F(bridge_opens | motorbike_has_started | sensor_gathers_information),F (bridge_opens | sensor_gathers_information | motorbike_has_started),True
8835,Visit parking_lot_5 and remain there indefinitely.,FG parking_lot_5,F (parking_lot_5 & G parking_lot_5),True
8836,it is going to happen that either the manager handles requests or the motorbike catches fire after the train has arrived,G(train_has_arrived -> F(manager_handles_requests | motorbike_catches_fire)),F (train_has_arrived & F (manager_handles_requests | motorbike_catches_fire)),False
8837,it will happen that both a train is crossing and the bridge opens,F(bridge_opens & train_is_crossing),F (train_is_crossing & bridge_opens),True
8838,"at a certain moment the escalator moves and, at the same time, a table is old and the elevator rises",F(elevator_rises & escalator_moves & table_is_old),F (escalator_moves & table_is_old & elevator_rises),True
8839,"If every idle is eventually followed by calling for help, then deliver the tie to the shelf must occur infinitely often.",G(idle -> F get_help) -> GF deliver_tie_shelf,G(idle -> F get_help) -> G F deliver_tie_shelf,True
8840,never drop apple or when possible reach flag,G!drop_apple | F reach_flag,G(!drop_apple | F(reach_flag)),False
8841,"Go to building 9 and stay there, but do not go to building 9 until you reach street 6",FG building_9 & (!building_9 U street_6),G(!building_9 U street_6) & G(street_6 -> (G building_9)),False
8842,acquire apple or acquire apple,acquire_apple,acquire_apple | acquire_apple,True
8843,Our agent must always avoid geting help.,G!get_help,G!get_help,True
8844,when possible acquire pear until whenever visit house,F acquire_pear U F visit_house,G (acquire_pear U visit_house),False
8845,at some time go_by flag can infer that put_in apple bucket,F go_by_flag -> put_in_apple_bucket,F (go_by_flag -> put_in_apple_bucket),False
8846,"Search for the refrigerator must keep holding until, from some point on, pickup the cup holds infinitely often.",search_refrigerator U GF pickup_cup,G (search_refrigerator U (G F pickup_cup)),True
8847,do not let_go orange until at any time snag orange,!let_go_orange U F snag_orange,G(!let_go_orange U snag_orange),False
8848,"eventually, both a house is built and a sensor captures data and, sooner or later the engine stops and the motorbike falls down afterwards",G!(house_is_built & sensor_captures_data) | F(house_is_built & sensor_captures_data & F(engine_stops & motorbike_falls_down)),F (house_is_built & sensor_captures_data & F (engine_stops & X motorbike_falls_down)),False
8849,The robot must always avoid handing over the sheep to the loading_dock.,G!deliver_sheep_loading_dock,G!deliver_sheep_loading_dock,True
8850,Continuously take a picture of area 51 while also repeatedly visiting charger 4,GF(area_51 & photo) & GF charger_4,G (photo & area_51) & G F charger_4,False
8851,at some time venture house until visit tree,F venture_house U visit_tree,F (venture_house U visit_tree),False
8852,Avoid picking up box 3,G!p_box_3,G!p_box_3,True
8853,under no condition either the escalator is blocked or the elevator is open,G!(elevator_is_open | escalator_is_blocked),G!((escalator_is_blocked) | (elevator_is_open)),True
8854,whenever the brake is released or the engine starts then at no time either the semaphore is green or the motorbike falls down,G((brake_is_released | engine_starts) -> G!(motorbike_falls_down | semaphore_is_green)),G ((brake_is_released | engine_starts) -> G !(semaphore_is_green | motorbike_falls_down)),True
8855,travel through the green_room to the red rectangular room,F(green_room & F red_room),F green_room & F red_room,False
8856,secure apple and venture_towards house,secure_apple & venture_towards_house,secure_apple & venture_towards_house,True
8857,Record the motorcycle on east_10th_avenue and get_help will each happen at some point.,F record_motorcycle_east_10th_avenue & F get_help,F record_motorcycle_east_10th_avenue & F get_help,True
8858,go through the green or red_room and enter the blue_room,F((green_room | red_room) & F blue_room),F (green_room | red_room) & F blue_room,False
8859,whenever shift_to flag can infer that visit tree,F shift_to_flag -> visit_tree,G(shift_to_flag -> visit_tree),False
8860,Remain in parking lot 9 until you take a picture of car 2,parking_lot_9 U (car_2 & photo),parking_lot_9 U (photo & car_2),True
8861,This controller must always maintain both avoid the active_gas_leak and communicate the safe_victim.,G(avoid_active_gas_leak & communicate_safe_victim),G(avoid_active_gas_leak & communicate_safe_victim),True
8862,"always, either the manager collect claims or the elevator is blocked",G(elevator_is_blocked | manager_collect_claims),G(manager_collect_claims | elevator_is_blocked),True
8863,"as both the bar has to be repaired and the sensor gathers information, sooner or later a semaphore is yellow",G((bar_has_to_be_repaired & sensor_gathers_information) -> F semaphore_is_yellow),(bar_has_to_be_repaired & sensor_gathers_information) -> F semaphore_is_yellow,False
8864,Never go to hall 1 to collect file 6 under any circumstances,G!(hall_1 & p_file_6),G! (hall_1 & p_file_6),True
8865,never drop orange and never drop orange,G!drop_orange,G!drop_orange & G!drop_orange,True
8866,"after the train has been launched and the bar is closing, at any time the car starts or an elevator falls",G((bar_is_closing & train_has_been_launched) -> G(car_starts | elevator_falls)),G(train_has_been_launched & bar_is_closing -> F(car_starts | elevator_falls)),False
8867,Remain in area 5 until you take package 8 from store 2 and deliver it to house 9,area_5 U (store_2 & F(p_package_8 & F(house_9 & pd))),G(area_5 U (p_package_8 & store_2 & house_9)),False
8868,when possible get_hold_of orange or always hold_onto orange,F get_hold_of_orange | G hold_onto_orange,F get_hold_of_orange | G hold_onto_orange,True
8869,"Either deliver the toilet to the shelf happens infinitely often, or get_help happens in the next step.",GF deliver_toilet_shelf | X get_help,G(F deliver_toilet_shelf | X get_help),False
8870,it is going to happen that a sensor captures data and a table is old,F(sensor_captures_data & table_is_old),F (sensor_captures_data & table_is_old),True
8871,at some time get_close tree until whenever move_past trash can,F get_close_tree U F move_past_trash_can,F (get_close_tree U G (move_past_trash_can)),False
8872,repeatedly go_to waste basket or go_visit flag,go_visit_flag | GF go_to_waste_basket,G F (go_to_waste_basket | go_visit_flag),False
8873,"as the train has been launched or the constructor instantiate objects, sooner or later the sensor gathers information or a table has been moved",G((constructor_instantiate_objects | train_has_been_launched) -> F(sensor_gathers_information | table_has_been_moved)),(train_has_been_launched | constructor_instantiate_objects) -> F(sensor_gathers_information | table_has_been_moved),False
8874,at green but not through red,F green_room & G!red_room,G (green_room -> !red_room),False
8875,at any time both the bar is up and the house is open,G(bar_is_up & house_is_open),G(house_is_open & bar_is_up),True
8876,"when never drop pear , repeatedly make_way_to house",G!drop_pear -> GF make_way_to_house,G(!drop_pear -> G(make_way_to_house)),False
8877,at a certain moment both the semaphore is yellow and the motorbike catches fire,F(motorbike_catches_fire & semaphore_is_yellow),F (semaphore_is_yellow & motorbike_catches_fire),True
8878,always both the motorbike is driven and the bar is up implies that under no circumstances either a semaphore is yellow or the car stops,G((bar_is_up & motorbike_is_driven) -> G!(car_stops | semaphore_is_yellow)),G((motorbike_is_driven & bar_is_up) -> G!(semaphore_is_yellow | car_stops)),True
8879,whenever both an elevator is open and a motorbike falls down then it will happen that the semaphore is yellow,G((elevator_is_open & motorbike_falls_down) -> F semaphore_is_yellow),G ((elevator_is_open & motorbike_falls_down) -> F semaphore_is_yellow),True
8880,repeatedly go_to pear or when possible collect orange,GF go_to_pear | F collect_orange,G(F go_to_pear | (F collect_orange -> collect_orange)),False
8881,"as either the motorbike is driven or a bridge closes, eventually, a sensor captures data",G((bridge_closes | motorbike_is_driven) -> F sensor_captures_data),G((motorbike_is_driven | bridge_closes) -> F sensor_captures_data),True
8882,"first, finally, the bar is closing or the brake is pressed, and then, sooner or later a bridge closes",G!(bar_is_closing | brake_is_pressed) | F((bar_is_closing | brake_is_pressed) & F bridge_closes),X (F (bar_is_closing | brake_is_pressed) & F bridge_closes),False
8883,at any time go_past house and gather apple,gather_apple & F go_past_house,G(go_past_house & gather_apple),False
8884,Ensure that you never visit building 6,G!building_6,G!building_6,True
8885,"You must eventually, avoid change light_east yellow.",F!change_light_east_yellow,F !change_light_east_yellow,True
8886,at some time proceed_to flag or when possible go_to apple,F proceed_to_flag | F go_to_apple,F (proceed_to_flag | go_to_apple),True
8887,"at a certain moment the brake is pressed and, at the same time, the elevator rises and the engine breaks",F(brake_is_pressed & elevator_rises & engine_breaks),F (brake_is_pressed & elevator_rises & engine_breaks),True
8888,The system must avoid the nearest_flood holds at all times.,G avoid_nearest_flood,G avoid_nearest_flood,True
8889,Ensure you keep delivering crate 8 from warehouse 4 to store 8 and periodically visit charger 2,GF(warehouse_4 & F(p_crate_8 & F(pd & store_8))) & GF charger_2,G((pd & p_crate_8 & warehouse_4 & store_8) & F(charger_2)),False
8890,Every pickup the person is directly followed by droping off the knife to the shelf in the next step.,G(pickup_person -> X deliver_knife_shelf),G(pickup_person -> X deliver_knife_shelf),True
8891,it is never the case that a table is brown and the semaphore is broken,G!(semaphore_is_broken & table_is_brown),G! (table_is_brown & semaphore_is_broken),True
8892,always an elevator is blocked or an elevator falls implies that under no condition either the bar is up or a sensor retrieves data,G((elevator_falls | elevator_is_blocked) -> G!(bar_is_up | sensor_retrieves_data)),G((elevator_is_blocked | elevator_falls) -> !((bar_is_up) | (sensor_retrieves_data))),False
8893,never drop orange until when possible stand_by tree,G!drop_orange U F stand_by_tree,G!drop_orange U stand_by_tree,False
8894,drop_by or never drop apple,drop_by | G!drop_apple,drop_by | !F drop_apple,True
8895,"Take bottle_2 from kitchen_1 and at hall_2, ensuring you stay there forever",F(kitchen_1 & F(p_bottle_2 & F(hall_2 & G hall_2))),G(!p_bottle_2 & !hall_2) & F(p_bottle_2 & kitchen_1) & F(hall_2 & G(hall_2)),False
8896,Either change light_south green or get_help happens infinitely often.,GF change_light_south_green | GF get_help,G F (change_light_south_green | get_help),True
8897,"after a semaphore is yellow or the engine stops, at a certain moment a train derails and a constructor instantiate objects",G((engine_stops | semaphore_is_yellow) -> F(constructor_instantiate_objects & train_derails)),G ( (semaphore_is_yellow | engine_stops) -> F (train_derails & constructor_instantiate_objects) ),True
8898,"If change light_west yellow holds, then in the next step photo the car on southwest_5th_street persists until geting help holds, or else photo the car on southwest_5th_street holds forever.",change_light_west_yellow -> X((photo_car_southwest_5th_street U get_help) | G photo_car_southwest_5th_street),change_light_west_yellow -> (X (photo_car_southwest_5th_street U get_help) | G photo_car_southwest_5th_street),False
8899,at a certain moment the bar has to be repaired or the engine breaks after the train derails,G(train_derails -> F(bar_has_to_be_repaired | engine_breaks)),F (bar_has_to_be_repaired | (train_derails U engine_breaks)),False
8900,"Whenever deliver the bird to the shelf and deliver the orange to the shelf are equal, deliver the orange to the shelf and get_help are equal as well.",G((deliver_bird_shelf <-> deliver_orange_shelf) -> (deliver_orange_shelf <-> get_help)),G((deliver_bird_shelf <-> deliver_orange_shelf) -> (deliver_orange_shelf <-> get_help)),True
8901,every time the semaphore is yellow then it is always true that the brake is released or the motorbike has started,G(semaphore_is_yellow -> G(brake_is_released | motorbike_has_started)),G(semaphore_is_yellow -> G(brake_is_released | motorbike_has_started)),True
8902,Always stay within locality_5 as you move package_5 from office_3 to office_6,G locality_5 & F(office_3 & F(p_package_5 & F(office_6 & pd))),G(p_package_5 -> (locality_5 U (office_6 & p_package_5))),False
8903,This controller must always avoid idle.,G!idle,G!idle,True
8904,"Whenever change light_north red holds, eventually photo the person on north_8th_street will hold.",G(change_light_north_red -> F photo_person_north_8th_street),G(change_light_north_red -> F(photo_person_north_8th_street)),True
8905,when possible reach flag or secure apple,secure_apple | F reach_flag,G ( (F reach_flag | F secure_apple) ),False
8906,Take box 5 to store 6 after picking it up from plant 8,F(plant_8 & F(p_box_5 & F(pd & store_6))),G (p_box_5 -> (plant_8 -> (F (store_6 & p_box_5)))),False
8907,"Whenever neither get_help nor deliver the vase to the loading_dock holds, idle eventually holds.",G(!(deliver_vase_loading_dock & get_help) -> F idle),G(!(get_help | deliver_vase_loading_dock) -> F idle),False
8908,"eventually, the sensor gathers information and, at some point in time either the semaphore is red or the engine stops afterwards",G!sensor_gathers_information | F(sensor_gathers_information & F(engine_stops | semaphore_is_red)),F (sensor_gathers_information & F (semaphore_is_red | X engine_stops)),False
8909,repeatedly grab tree or whenever got_to house,GF grab_tree | F got_to_house,G(F grab_tree | (got_to_house -> F grab_tree)),False
8910,reach house and at any time spend_time_at tree,reach_house & F spend_time_at_tree,F reach_house & G spend_time_at_tree,False
8911,grip apple or repeatedly go_to apple trashcan,grip_apple | GF go_to_apple_trashcan,grip_apple | G F go_to_apple_trashcan,True
8912,The system must always maintain both avoid the inactive_gas_leak and photo flood.,G(avoid_inactive_gas_leak & photo_flood),G(avoid_inactive_gas_leak & !photo_flood),False
8913,Every record gas_leak is directly followed by geting help in the next step.,G(record_gas_leak -> X get_help),G(record_gas_leak -> X get_help),True
8914,it is going to happen that the manager handles requests or a sensor gathers information,F(manager_handles_requests | sensor_gathers_information),F (manager_handles_requests | sensor_gathers_information),True
8915,every time either the bar has to be repaired or the sensor retrieves data then in the future a train derails,G((bar_has_to_be_repaired | sensor_retrieves_data) -> F train_derails),G((bar_has_to_be_repaired | sensor_retrieves_data) -> F train_derails),True
8916,Every record flood is directly followed by establishing communication with the safe_rescuer in the next step.,G(record_flood -> X communicate_safe_rescuer),G(record_flood -> X(communicate_safe_rescuer)),True
8917,never let_go apple and at some time collect orange,G!let_go_apple & F collect_orange,G!let_go_apple & Fcollect_orange,True
8918,at the green area through blue area,F(blue_room & F green_room),F (green_room & F blue_room),False
8919,always move_around or at some time journey_by house,G move_around | F journey_by_house,G(move_around | F journey_by_house),False
8920,"at no time either the manager handles requests, the sensor retrieves data or the escalator speeds up",G!(escalator_speeds_up | manager_handles_requests | sensor_retrieves_data),G!((manager_handles_requests | sensor_retrieves_data) | escalator_speeds_up),True
8921,"Whenever get_help and photo injured_person are equal, photo injured_person and record injured_civilian are equal as well.",G((get_help <-> photo_injured_person) -> (photo_injured_person <-> record_injured_civilian)),G((get_help <-> photo_injured_person) -> (photo_injured_person <-> record_injured_civilian)),True
8922,repeatedly go_to apple trashcan until at any time make_to flag,GF go_to_apple_trashcan U F make_to_flag,G F (go_to_apple_trashcan U make_to_flag),False
8923,Go to landmark 9 and take a picture and stay there,F(landmark_9 & photo & G landmark_9),G (landmark_9 & photo),False
8924,"finally, a bridge closes and, finally, both a car starts and a semaphore is broken afterwards",G!bridge_closes | F(bridge_closes & F(car_starts & semaphore_is_broken)),F bridge_closes & F (car_starts & F semaphore_is_broken),False
8925,Stay in parking lot 5 until you capture a photo of car 5,parking_lot_5 U (car_5 & photo),G (parking_lot_5 U (photo & car_5)),False
8926,"first, in the future either the train is crossing or an elevator rises, and then, at a certain moment both a motorbike has stopped and a semaphore is red",G!(elevator_rises | train_is_crossing) | F((elevator_rises | train_is_crossing) & F(motorbike_has_stopped & semaphore_is_red)),F ( (F (train_is_crossing | elevator_rises)) & (F (motorbike_has_stopped & semaphore_is_red)) ),False
8927,"first, at some point the house is open and the bar is up, and then, eventually, a sensor gathers information",G!(bar_is_up & house_is_open) | F(bar_is_up & house_is_open & F sensor_gathers_information),F (house_is_open & bar_is_up) & F sensor_gathers_information,False
8928,Make sure you never retrieve cone 1 or cone 2,G!(p_cone_1 | p_cone_2),G(!p_cone_1 & !p_cone_2),True
8929,"Go to park 7, and afterward, take a picture of monument 4",F(park_7 & F(monument_4 & photo)),park_7 & F (photo & monument_4),False
8930,"it will not happen that the car starts, a manager handles requests and an elevator is blocked",G!(car_starts & elevator_is_blocked & manager_handles_requests),!F(car_starts & manager_handles_requests & elevator_is_blocked),True
8931,always move or at any time visit house,G move | F visit_house,G(move | F visit_house),False
8932,"when always stay , at some time lay_hold_of apple",G stay -> F lay_hold_of_apple,G(stay) -> F(lay_hold_of_apple),True
8933,it is always the case that either the engine starts or a train is crossing after either the engine stops or a car enters,G((car_enters | engine_stops) -> G(engine_starts | train_is_crossing)),G ((engine_stops | car_enters) -> X (engine_starts | train_is_crossing)),False
8934,"after the escalator is blocked or the bar is down, it will not happen that a bridge opens and the engine starts",G((bar_is_down | escalator_is_blocked) -> G!(bridge_opens & engine_starts)),G ( (escalator_is_blocked | bar_is_down) -> ! F (bridge_opens & engine_starts) ),True
8935,"The system must avoid the nearest_flood must hold until recording unsafe_rescuer does, or else avoid the nearest_flood holds forever.",(avoid_nearest_flood U record_unsafe_rescuer) | G avoid_nearest_flood,G(avoid_nearest_flood U record_unsafe_rescuer) | G(avoid_nearest_flood),False
8936,Make sure to visit charger 1 repeatedly as you deliver box 4 from house 4 to house 9,GF charger_1 & F(house_4 & F(box_4 & F(house_9 & pd))),G (box_4 & house_4 -> F (box_4 & house_9)) & G (box_4 & house_4 -> G F charger_1),False
8937,procure apple until at any time journey_to flag,procure_apple U F journey_to_flag,procure_apple U journey_to_flag,False
8938,Keep delivering crate_8 from mall_5 to office_6,GF(mall_5 & F(p_crate_8 & F(office_6 & pd))),G (pd & mall_5 & p_crate_8 & office_6),False
8939,Do not visit building_2 while making sure to retrieve letter_5 from office_6,G!building_2 & F(office_6 & p_letter_5),G(!building_2 & F p_letter_5),False
8940,when possible scoop_up pear until repeatedly go_to waste basket,F scoop_up_pear U GF go_to_waste_basket,G (scoop_up_pear -> (scoop_up_pear U (go_to_waste_basket & X go_to_waste_basket))),False
8941,when possible go_to tree until at some time advance_to house,F go_to_tree U F advance_to_house,F (go_to_tree U advance_to_house),True
8942,Get help holds at all times.,G get_help,G get_help,True
8943,get_to tree or do not let_go pear,get_to_tree | !let_go_pear,F get_to_tree | !F let_go_pear,False
8944,"after both a sensor captures data and the motorbike falls down, eternally, either a sensor captures data or the brake is released",G((motorbike_falls_down & sensor_captures_data) -> G(brake_is_released | sensor_captures_data)),G((sensor_captures_data & motorbike_falls_down) -> G(sensor_captures_data | brake_is_released)),True
8945,never drop apple or at some time get_hold_of orange,G!drop_apple | F get_hold_of_orange,G!drop_apple | Fget_hold_of_orange,True
8946,Do not at street_3 as you at building_4,G!street_3 & F building_4,G(building_4 -> !street_3),False
8947,whenever the house is open or the train is crossing then at a certain moment the bar is closing or the manager collect claims,G((house_is_open | train_is_crossing) -> F(bar_is_closing | manager_collect_claims)),G((house_is_open | train_is_crossing) -> F(bar_is_closing | manager_collect_claims)),True
8948,at no time either the motorbike has started or the sensor retrieves data,G!(motorbike_has_started | sensor_retrieves_data),G!((motorbike_has_started) | (sensor_retrieves_data)),True
8949,Avoid going to parking_lot_5 as you photo of car_3,G!parking_lot_5 & F(car_3 & photo),G !(parking_lot_5 & photo & car_3),False
8950,hold pear or whenever get apple,hold_pear | F get_apple,hold_pear | G(get_apple -> hold_pear),False
8951,it is going to happen that both a motorbike falls down and the train is crossing after either a manager handles requests or the escalator is blocked,G((escalator_is_blocked | manager_handles_requests) -> F(motorbike_falls_down & train_is_crossing)),F (motorbike_falls_down & train_is_crossing) U (manager_handles_requests | escalator_is_blocked),False
8952,"eventually, either an elevator falls, a bridge opens or the engine stops",F(bridge_opens | elevator_falls | engine_stops),F (elevator_falls | bridge_opens | engine_stops),True
8953,at any time visit house or grasp orange,grasp_orange | F visit_house,G(visit_house | grasp_orange),False
8954,Ensure you remain in building 4 until folder 3 is moved from room 43 to room 12,building_4 U (room_43 & F(p_folder_3 & F(pd & room_12))),G (building_4 U (p_folder_3 & room_12)),False
8955,at any time clutch orange and repeatedly grab tree,F clutch_orange & GF grab_tree,G(clutch_orange & F G(grab_tree)),False
8956,when possible visit waste basket until move_towards trash can,F visit_waste_basket U move_towards_trash_can,G (visit_waste_basket U move_towards_trash_can),False
8957,The system must always avoid requesting assistance.,G!get_help,G!get_help,True
8958,at any time get apple or when possible take_possession_of bear,F get_apple | F take_possession_of_bear,G(get_apple | F take_possession_of_bear),False
8959,Go and reach park 5,F park_5,F park_5,True
8960,"eternally, either the escalator is blocked or a car enters",G(car_enters | escalator_is_blocked),G(escalator_is_blocked | car_enters),True
8961,"every time the semaphore is yellow then eternally, both the train has been launched and the bar is closing",G(semaphore_is_yellow -> G(bar_is_closing & train_has_been_launched)),G(semaphore_is_yellow -> G(train_has_been_launched & bar_is_closing)),True
8962,go_by waste bin or venture_towards house,go_by_waste_bin | venture_towards_house,go_by_waste_bin | venture_towards_house,True
8963,This controller must eventually deliver_aid the safe_victim or record safe_person.,F(deliver_aid_safe_victim | record_safe_person),F (deliver_aid_safe_victim | record_safe_person),True
8964,always when either the bridge closes or the escalator moves then it is going to happen that a semaphore is yellow,G((bridge_closes | escalator_moves) -> F semaphore_is_yellow),G ((bridge_closes | escalator_moves) -> F semaphore_is_yellow),True
8965,"Begin recording unstable_beam should always hold, with at most a two-step grace period for recovery.",!G!(record_unstable_beam & X record_unstable_beam),G(record_unstable_beam | X(record_unstable_beam | X record_unstable_beam)),False
8966,"first, at a certain moment the elevator is blocked or the escalator speeds up, and then, in the future the train has arrived",G!(elevator_is_blocked | escalator_speeds_up) | F((elevator_is_blocked | escalator_speeds_up) & F train_has_arrived),F ( (elevator_is_blocked | escalator_speeds_up) & F train_has_arrived ),False
8967,The system must eventually photo safe_victim or record debris.,F(photo_safe_victim | record_debris),F (photo_safe_victim | record_debris),True
8968,at any time the bar has to be repaired or the bar is up after either a sensor captures data or the engine breaks,G((engine_breaks | sensor_captures_data) -> G(bar_has_to_be_repaired | bar_is_up)),G (bar_has_to_be_repaired | (F (sensor_captures_data | engine_breaks) -> X bar_is_up)),False
8969,every time the manager collect claims or a bridge opens or the elevator is open,G(bridge_opens | elevator_is_open | manager_collect_claims),G (manager_collect_claims | bridge_opens | elevator_is_open),True
8970,when possible get_close tree and at any time get_hold_of orange,F get_close_tree & F get_hold_of_orange,G(get_close_tree -> F get_close_tree) & G(get_hold_of_orange),False
8971,Get help and change light_east green will each happen at some point.,F get_help & F change_light_east_green,F get_help & F change_light_east_green,True
8972,acquire orange means that at some time grasp pear,acquire_orange -> F grasp_pear,acquire_orange -> F grasp_pear,True
8973,"absolutely never, either the motorbike falls down or the bridge closes",G!(bridge_closes | motorbike_falls_down),G!((motorbike_falls_down) | (bridge_closes)),True
8974,whenever go_by house until whenever travel_by tree,F go_by_house U F travel_by_tree,G(go_by_house -> F(travel_by_tree)),False
8975,avoid yellow area on way to red area each time,F red_room & G!yellow_room,G (yellow_room -> !F (red_room & !F yellow_room)),False
8976,Take a picture of the motorcycle on west_3rd_street can only happen after requesting assistance.,!photo_motorcycle_west_3rd_street U get_help,G(photo_motorcycle_west_3rd_street -> X(!photo_motorcycle_west_3rd_street U get_help)),False
8977,"at any time either an elevator is open, a sensor retrieves data or the train has arrived",G(elevator_is_open | sensor_retrieves_data | train_has_arrived),G (elevator_is_open | sensor_retrieves_data | train_has_arrived),True
8978,at any time withold apple or whenever capture pear,F withold_apple | F capture_pear,G(withold_apple | capture_pear),False
8979,it is always the case that both the semaphore is yellow and a house is open,G(house_is_open & semaphore_is_yellow),G (semaphore_is_yellow & house_is_open),True
8980,"at some point in time both a train has been launched and the escalator is blocked and, at a certain moment the bridge closes afterwards",G!(escalator_is_blocked & train_has_been_launched) | F(escalator_is_blocked & train_has_been_launched & F bridge_closes),F(train_has_been_launched & escalator_is_blocked) & F(bridge_closes),False
8981,Either record flood or get_help happens infinitely often.,GF record_flood | GF get_help,G F (record_flood | get_help),True
8982,whenever got_to house until take_to trashcan,F got_to_house U take_to_trashcan,G(got_to_house -> (got_to_house U take_to_trashcan)),False
8983,come_to tree and whenever go_near house,come_to_tree & F go_near_house,come_to_tree & G(go_near_house -> X come_to_tree),False
8984,never drop apple and at some time present_at flag,G!drop_apple & F present_at_flag,G!drop_apple & Fpresent_at_flag,True
8985,"if whenever secure pear , when possible gather pear",F secure_pear -> F gather_pear,G (G secure_pear -> F gather_pear),False
8986,"If deliver the cake to the loading_dock ever holds, search the cake must have held beforehand.",F deliver_cake_loading_dock -> (!deliver_cake_loading_dock U (!deliver_cake_loading_dock & search_cake)),G(deliver_cake_loading_dock -> !deliver_cake_loading_dock U search_cake),False
8987,whenever a motorbike catches fire or the bar has to be repaired then under no circumstances either a car enters or the brake is released,G((bar_has_to_be_repaired | motorbike_catches_fire) -> G!(brake_is_released | car_enters)),G ((motorbike_catches_fire | bar_has_to_be_repaired) -> G !(car_enters | brake_is_released)),True
8988,Get package_4 from store_2 and subsequently transport it to house_4,F(store_2 & F(p_package_4 & F(house_4 & pd))),F (p_package_4 & store_2 & X F (p_package_4 & house_4)),False
8989,"Idle must keep holding until, from some point on, deliver the bus to the shelf holds infinitely often.",idle U GF deliver_bus_shelf,idle U (G F deliver_bus_shelf),True
8990,The robot must always avoid changeing light_east red.,G!change_light_east_red,G!change_light_east_red,True
8991,"Whenever photo the cyclist on northwest_4th_street holds, record the person on north_3rd_street holds as well.",G(photo_cyclist_northwest_4th_street -> record_person_north_3rd_street),G(photo_cyclist_northwest_4th_street -> record_person_north_3rd_street),True
8992,"Whenever avoid the active_gas_leak and avoid the impending_fire_source are equal, avoid the impending_fire_source and photo safe_civilian are equal as well.",G((avoid_active_gas_leak <-> avoid_impending_fire_source) -> (avoid_impending_fire_source <-> photo_safe_civilian)),G((avoid_active_gas_leak <-> avoid_impending_fire_source) -> (avoid_impending_fire_source <-> photo_safe_civilian)),True
8993,Keep retrieving crate 6 from store 2 and moving it to building 5,GF(store_2 & F(p_crate_6 & F(building_5 & pd))),G (p_crate_6 & store_2 -> X (p_crate_6 & building_5)),False
8994,"Go to section 3 at some point, but make sure you never enter hall 5",F section_3 & G!hall_5,F section_3 & G !hall_5,True
8995,Visit statue 7 and capture an image,F(photo & statue_7),statue_7 & photo,False
8996,Ensure you pick up box 4 from house 2 without ever going to street 5,G!street_5 & F(house_2 & p_box_4),G(!street_5) & F(house_2 & p_box_4),True
8997,"if both a bridge opens and a constructor creates instances then always, the car starts or the elevator falls",G((bridge_opens & constructor_creates_instances) -> G(car_starts | elevator_falls)),(bridge_opens & constructor_creates_instances) -> G(car_starts | elevator_falls),False
8998,take pear until at any time be_at house,take_pear U F be_at_house,take_pear U be_at_house,False
8999,every time the manager handles requests and the house collapses then it is always the case that both a motorbike has started and the constructor instantiate objects,G((house_collapses & manager_handles_requests) -> G(constructor_instantiate_objects & motorbike_has_started)),G((manager_handles_requests & house_collapses) -> G(motorbike_has_started & constructor_instantiate_objects)),True
9000,"first, at a certain moment either the escalator speeds up or the house collapses, and then, eventually, either the elevator falls or the brake is pressed",G!(escalator_speeds_up | house_collapses) | F((escalator_speeds_up | house_collapses) & F(brake_is_pressed | elevator_falls)),(escalator_speeds_up | house_collapses) & F (elevator_falls | brake_is_pressed),False
9001,"when pick_up flag , at any time acquire pear",pick_up_flag -> F acquire_pear,G(pick_up_flag -> F acquire_pear),False
9002,proceed to red area while avoiding the yellow area,F red_room & G!yellow_room,G(!yellow_room) & F(red_room),True
9003,"If avoid the active_debris ever holds, communicate the injured_hostile must have held beforehand.",F avoid_active_debris -> (!avoid_active_debris U (!avoid_active_debris & communicate_injured_hostile)),G(avoid_active_debris -> !(!communicate_injured_hostile U avoid_active_debris)),False
9004,go through blue_room to green_room,F(blue_room & F green_room),F (blue_room & F green_room),True
9005,"after both a motorbike falls down and a train is crossing, in the future either a motorbike has stopped or the escalator is blocked",G((motorbike_falls_down & train_is_crossing) -> F(escalator_is_blocked | motorbike_has_stopped)),G ( (motorbike_falls_down & train_is_crossing) -> F (motorbike_has_stopped | escalator_is_blocked) ),True
9006,"If get_help holds, then in the next step record the pedestrian on east_8th_street persists until change light_north yellow holds, or else record the pedestrian on east_8th_street holds forever.",get_help -> X((record_pedestrian_east_8th_street U change_light_north_yellow) | G record_pedestrian_east_8th_street),get_help -> (X (record_pedestrian_east_8th_street U change_light_north_yellow) | G record_pedestrian_east_8th_street),False
9007,never let_go orange or at any time go_to house,G!let_go_orange | F go_to_house,G(!let_go_orange | F go_to_house),False
9008,at the blue_room or the yellow_room and head straight away to the green_room avoiding the yellow_room,F((blue_room | yellow_room) & F green_room),(blue_room | yellow_room) & (F green_room & G (!yellow_room U green_room)),False
9009,Our agent must eventually deliver the sports_ball to the shelf and idle.,F(deliver_sports_ball_shelf & idle),F (deliver_sports_ball_shelf & idle),True
9010,whenever proceed_to house or don't pick_up anything,F proceed_to_house | !F pick_up_anything,G ((proceed_to_house | !pick_up_anything) -> (proceed_to_house | !pick_up_anything)),False
9011,go thru the yellow or blue box to get to the green box,F((blue_room | yellow_room) & F green_room),F (yellow_room | blue_room) & F green_room & G (!green_room -> (yellow_room | blue_room)),False
9012,whenever present_at flag or never drop apple,F present_at_flag | G!drop_apple,G (present_at_flag | !F drop_apple),False
9013,"if both a motorbike catches fire and a semaphore is red then eventually, a train derails",G((motorbike_catches_fire & semaphore_is_red) -> F train_derails),(motorbike_catches_fire & semaphore_is_red) -> F train_derails,False
9014,never let_go orange and at some time go_to trash can,G!let_go_orange & F go_to_trash_can,G!let_go_orange & Fgo_to_trash_can,True
9015,"Do not at room_2 until you take bottle_4 from kitchen_1, and then put it on table_4",!room_2 U (kitchen_1 & F(p_bottle_4 & F(pd & table_4))),G(!room_2 U (p_bottle_4 & X(table_4))),False
9016,a table has been moved implies that always when a semaphore is green then at some point an elevator is open,G(table_has_been_moved -> G(semaphore_is_green -> F elevator_is_open)),table_has_been_moved -> G(semaphore_is_green -> F(elevator_is_open)),False
9017,hold apple until when possible scoop_up apple,hold_apple U F scoop_up_apple,G(hold_apple U F(scoop_up_apple)),False
9018,"first, in the future a train derails and the train is crossing, and then, at some point either a table is brown or the elevator rises",G!(train_derails & train_is_crossing) | F(train_derails & train_is_crossing & F(elevator_rises | table_is_brown)),F (train_derails & train_is_crossing) & F (table_is_brown | elevator_rises),False
9020,every time either the house is built or a motorbike falls down then at some point in time either the table is brown or an elevator rises,G((house_is_built | motorbike_falls_down) -> F(elevator_rises | table_is_brown)),G((house_is_built | motorbike_falls_down) -> F(table_is_brown | elevator_rises)),True
9021,"after the motorbike has started or the escalator speeds up, every time either a semaphore is green or the sensor retrieves data",G((escalator_speeds_up | motorbike_has_started) -> G(semaphore_is_green | sensor_retrieves_data)),G ( (motorbike_has_started | escalator_speeds_up) -> G (semaphore_is_green | sensor_retrieves_data) ),True
9022,Continuously return to street 5 over time.,GF street_5,G F street_5,True
9023,forever have apple and visit tree,visit_tree & G have_apple,G(have_apple & visit_tree),False
9024,"eventually, either the brake is pressed or the escalator moves after the elevator rises or the elevator falls",G((elevator_falls | elevator_rises) -> F(brake_is_pressed | escalator_moves)),F (brake_is_pressed | (elevator_rises U escalator_moves) | (elevator_falls U escalator_moves)),False
9025,at some point in time both the elevator rises and the table is old,F(elevator_rises & table_is_old),F (elevator_rises & table_is_old),True
9026,"at some point both the table has been moved and the motorbike is driven and, sooner or later the house collapses and a house is open afterwards",G!(motorbike_is_driven & table_has_been_moved) | F(motorbike_is_driven & table_has_been_moved & F(house_collapses & house_is_open)),F (table_has_been_moved & motorbike_is_driven) & F (house_collapses & F house_is_open),False
9027,at some time set_out_to house or never drop pear,F set_out_to_house | G!drop_pear,F set_out_to_house | G ! drop_pear,True
9028,"Update light_north yellow and record the collision on southeast_1st_avenue never coincide, yet one of them is always true.",G!(change_light_north_yellow & record_collision_southeast_1st_avenue) & G(change_light_north_yellow | record_collision_southeast_1st_avenue),G((change_light_north_yellow | record_collision_southeast_1st_avenue) & !(change_light_north_yellow & record_collision_southeast_1st_avenue)),True
9029,Every get_help is directly followed by change light_south yellow in the next step.,G(get_help -> X change_light_south_yellow),G(get_help -> X(change_light_south_yellow)),True
9030,"eventually, the bar is up and a constructor instantiate objects",F(bar_is_up & constructor_instantiate_objects),F (bar_is_up & constructor_instantiate_objects),True
9031,go in and then go into the blue_room,F blue_room,F (blue_room & X blue_room),False
9032,always moving and whenever stop_by house,G moving & F stop_by_house,G(moving & (stop_by_house -> X stop_by_house)),False
9033,"when always move , get_hold_of pear",G move -> get_hold_of_pear,G(move -> F(get_hold_of_pear)),False
9034,"every time both the bar is closing and the elevator is blocked then never, the engine breaks and the bar is closing",G((bar_is_closing & elevator_is_blocked) -> G!(bar_is_closing & engine_breaks)),G((bar_is_closing & elevator_is_blocked) -> G!(engine_breaks & bar_is_closing)),True
9035,"From some point onwards, deliver_aid the injured_victim never occurs again.",FG!deliver_aid_injured_victim,G F !deliver_aid_injured_victim,False
9036,move from your room to the red_room,F red_room,F red_room,True
9037,it should not happen that the brake is released or a train has been launched after either a house is open or the manager collect claims,G((house_is_open | manager_collect_claims) -> G!(brake_is_released | train_has_been_launched)),!F((house_is_open | manager_collect_claims) U (brake_is_released | train_has_been_launched)),False
9038,Always avoid entering house_1,G!house_1,G!house_1,True
9039,"first, at some point the engine stops and the car stops, and then, sooner or later a bridge closes",G!(car_stops & engine_stops) | F(car_stops & engine_stops & F bridge_closes),F (engine_stops & car_stops) & F (engine_stops & car_stops & F bridge_closes),False
9040,"it is going to happen that either a house is built, the car enters or the train has been launched",F(car_enters | house_is_built | train_has_been_launched),F(house_is_built | car_enters | train_has_been_launched),True
9041,"If photo the vehicle on southeast_6th_avenue holds and change light_north red holds next, then get_help holds in the step after that.",G((photo_vehicle_southeast_6th_avenue & X change_light_north_red) -> XX get_help),photo_vehicle_southeast_6th_avenue & X change_light_north_red -> XX get_help,False
9042,"eternally, the manager collect claims or the constructor creates instances",G(constructor_creates_instances | manager_collect_claims),G(manager_collect_claims | constructor_creates_instances),True
9043,The robot must eventually record safe_victim and photo debris.,F(photo_debris & record_safe_victim),F (record_safe_victim & photo_debris),True
9044,pick_up pear until never drop pear,pick_up_pear U G!drop_pear,pick_up_pear U !drop_pear,False
9045,"Whenever deliver the elephant to the loading_dock holds, from the next step onwards search the elephant will eventually hold.",G(deliver_elephant_loading_dock -> XF search_elephant),G(deliver_elephant_loading_dock -> X F search_elephant),True
9046,The robot must always avoid begining recording the pedestrian on northeast_9th_avenue.,G!record_pedestrian_northeast_9th_avenue,G!record_pedestrian_northeast_9th_avenue,True
9048,"Find the cake should always hold, with at most a two-step grace period for recovery.",!G!(search_cake & X search_cake),G search_cake | X search_cake | XX search_cake,False
9049,walk and take apple,take_apple & walk,walk & take_apple,True
9050,at some time get_to flag or never drop orange,F get_to_flag | G!drop_orange,F get_to_flag | G ! drop_orange,True
9051,"it is always the case that the engine stops, the escalator moves and the brake is pressed",G(brake_is_pressed & engine_stops & escalator_moves),G(engine_stops & escalator_moves & brake_is_pressed),True
9052,every time the train has arrived then it is going to happen that the escalator is blocked and the manager collect claims,G(train_has_arrived -> F(escalator_is_blocked & manager_collect_claims)),G(train_has_arrived -> F(escalator_is_blocked & manager_collect_claims)),True
9053,go_to orange until at some time gather pear,go_to_orange U F gather_pear,go_to_orange U F gather_pear,True
9054,"first, it is going to happen that a sensor gathers information, and then, eventually, a bridge closes",G!sensor_gathers_information | F(sensor_gathers_information & F bridge_closes),X (sensor_gathers_information & F bridge_closes),False
9055,pick_up flag or get_hold_of pear,get_hold_of_pear | pick_up_flag,pick_up_flag | get_hold_of_pear,True
9056,forever hold_onto orange or whenever collect orange,G hold_onto_orange | F collect_orange,G hold_onto_orange | G (collect_orange -> X hold_onto_orange),False
9057,Keep delivering crate 8 from mall 5 to office 6,GF(mall_5 & F(p_crate_8 & F(office_6 & pd))),G (pd & mall_5 & p_crate_8 & office_6),False
9058,"If record the person on north_1st_street ever holds, photo the collision on southeast_10th_avenue must have held beforehand.",F record_person_north_1st_street -> (!record_person_north_1st_street U (photo_collision_southeast_10th_avenue & !record_person_north_1st_street)),G(record_person_north_1st_street -> !F(photo_collision_southeast_10th_avenue)),False
9059,"when walk , pick_up fruit",walk -> pick_up_fruit,G(walk -> pick_up_fruit),False
9060,"under no circumstances the table has been moved, the house is built and the engine stops",G!(engine_stops & house_is_built & table_has_been_moved),G(!table_has_been_moved & !house_is_built & !engine_stops),False
9061,travel_to waste bin and move_towards trash can,move_towards_trash_can & travel_to_waste_bin,travel_to_waste_bin & move_towards_trash_can,True
9062,"first, finally, a semaphore is yellow or the bar is up, and then, sooner or later either a house is built or a bridge opens",G!(bar_is_up | semaphore_is_yellow) | F((bar_is_up | semaphore_is_yellow) & F(bridge_opens | house_is_built)),X F (semaphore_is_yellow | bar_is_up) & F (house_is_built | bridge_opens),False
9063,"first, finally, the sensor gathers information, and then, in the future a sensor retrieves data and a train is crossing",G!sensor_gathers_information | F(sensor_gathers_information & F(sensor_retrieves_data & train_is_crossing)),G(sensor_gathers_information -> F(sensor_retrieves_data & train_is_crossing)),False
9064,every time either the engine breaks or the train has arrived then sooner or later a train has arrived,G((engine_breaks | train_has_arrived) -> F train_has_arrived),G((engine_breaks | train_has_arrived) -> F train_has_arrived),True
9065,never drop pear and repeatedly go_to pear,G!drop_pear & GF go_to_pear,G!drop_pear & GFgo_to_pear,True
9066,"Avoid going to street_4 until you reach intersection_6, after which you must at and remain in street_4",(!street_4 U intersection_6) & FG street_4,G(!street_4 U intersection_6) & G(intersection_6 -> G(street_4)),False
9067,"first, it will happen that both a train has arrived and the brake is pressed, and then, it is going to happen that the bridge closes",G!(brake_is_pressed & train_has_arrived) | F(brake_is_pressed & train_has_arrived & F bridge_closes),F (train_has_arrived & brake_is_pressed) & F bridge_closes,False
9068,Continuously being in locality 9,G locality_9,G locality_9,True
9069,"Record debris must keep holding until, from some point on, go_home holds infinitely often.",record_debris U GF go_home,G(record_debris U (G F go_home)),True
9070,"if the car stops and the elevator is blocked then eventually, a semaphore is yellow or the motorbike has stopped",G((car_stops & elevator_is_blocked) -> F(motorbike_has_stopped | semaphore_is_yellow)),(car_stops & elevator_is_blocked) -> F (semaphore_is_yellow | motorbike_has_stopped),False
9071,if a train stops and the bar is down then all the time either the motorbike has stopped or the escalator speeds up,G((bar_is_down & train_stops) -> G(escalator_speeds_up | motorbike_has_stopped)),(train_stops & bar_is_down) -> G(motorbike_has_stopped | escalator_speeds_up),False
9072,Persistently remain in locality_7 as you collect letter_1 from office_4 and deliver it to house_1,G locality_7 & F(office_4 & F(p_letter_1 & F(house_1 & pd))),G(locality_7 & (F(office_4 & p_letter_1) & F(house_1))),False
9073,"Once get_help has occurred, idle will never occur again.",G(get_help -> XG!idle),G(get_help -> G(!idle)),False
9074,"At every step, deliver the knife to the shelf equals the value of search the bird in the next step.",G(deliver_knife_shelf <-> X search_bird),G(deliver_knife_shelf <-> X search_bird),True
9075,Every record the collision on northwest_4th_avenue is directly followed by photoing the cyclist on south_8th_avenue in the next step.,G(record_collision_northwest_4th_avenue -> X photo_cyclist_south_8th_avenue),G(record_collision_northwest_4th_avenue -> X(photo_cyclist_south_8th_avenue)),True
9076,robot c move to the red_room and then move to the green_room,F(red_room & F green_room),F red_room & F (red_room U green_room),False
9077,"If get_help happens infinitely often, then so does change light_south yellow.",GF get_help -> GF change_light_south_yellow,G(F get_help) -> G(F change_light_south_yellow),True
9078,under no condition either the car stops or the engine breaks,G!(car_stops | engine_breaks),G!((car_stops) | (engine_breaks)),True
9079,it is always the case that the manager handles requests or the brake is released,G(brake_is_released | manager_handles_requests),G(manager_handles_requests | brake_is_released),True
9080,"after the bar has to be repaired or an elevator rises, it is going to happen that either a car enters or the escalator speeds up",G((bar_has_to_be_repaired | elevator_rises) -> F(car_enters | escalator_speeds_up)),G ((bar_has_to_be_repaired | elevator_rises) -> F (car_enters | escalator_speeds_up)),True
9081,"If get_help holds, then in the next step idle persists until droping off the horse to the shelf holds, or else idle holds forever.",get_help -> X((idle U deliver_horse_shelf) | G idle),get_help -> (X (idle U deliver_horse_shelf) | G idle),False
9082,Ensure you go to street 5 before heading to house 4,F(street_5 & F house_4),G (house_4 -> F street_5),False
9083,"never, both the semaphore is broken and a manager collect claims",G!(manager_collect_claims & semaphore_is_broken),G!((semaphore_is_broken) & (manager_collect_claims)),True
9084,"Whenever pickup the kite holds, pickup the backpack holds exactly three steps later.",G(pickup_kite -> XXX pickup_backpack),G(pickup_kite -> X X X pickup_backpack),True
9085,capture orange and whenever travel_by tree,capture_orange & F travel_by_tree,capture_orange & G(travel_by_tree -> capture_orange),False
9086,whenever venture flag until at any time go_to transh can,F venture_flag U F go_to_transh_can,G(venture_flag -> F(go_to_transh_can)),False
9087,Remain in area_2 as you continuously visit building_8 to capture photos,G area_2 & GF(building_8 & photo),G(area_2 & F(building_8 & photo)),True
9088,every time the escalator speeds up or the table is old or the motorbike has started,G(escalator_speeds_up | motorbike_has_started | table_is_old),G(escalator_speeds_up | table_is_old | motorbike_has_started),True
9089,Get brochure_9 from table_2 and at park_4 and stay there,F(table_2 & F(p_brochure_9 & F(park_4 & G park_4))),F (p_brochure_9 & park_4 & G park_4),False
9090,Every communicate the safe_victim is directly followed by calling for help in the next step.,G(communicate_safe_victim -> X get_help),G(communicate_safe_victim -> X get_help),True
9091,at any time make_your_way flag or never drop orange,F make_your_way_flag | G!drop_orange,G(make_your_way_flag | !drop_orange),False
9092,"Once pickup the handbag has occurred, deliver the train to the shelf will never occur again.",G(pickup_handbag -> XG!deliver_train_shelf),G(pickup_handbag -> G(!deliver_train_shelf)),False
9093,it is always the case that both the bar has to be repaired and a bridge opens after the train stops and a sensor gathers information,G((sensor_gathers_information & train_stops) -> G(bar_has_to_be_repaired & bridge_opens)),G(bar_has_to_be_repaired & F(train_stops & F(bridge_opens & sensor_gathers_information))),False
9094,Take a picture of building_4 and then at parking_lot_2 and stay there,F(building_4 & photo & F(parking_lot_2 & G parking_lot_2)),G (photo & building_4) -> (F (photo & parking_lot_2) & G (parking_lot_2)),False
9095,venture_towards house or go_by waste bin,go_by_waste_bin | venture_towards_house,venture_towards_house | go_by_waste_bin,True
9096,repeatedly make_way_to house and at any time journey_to tree,GF make_way_to_house & F journey_to_tree,G F make_way_to_house & G journey_to_tree,False
9097,"The system must Eventually, both deliver_aid the safe_victim and photo gas_leak hold simultaneously.",F(deliver_aid_safe_victim & photo_gas_leak),F (deliver_aid_safe_victim & photo_gas_leak),True
9098,if the motorbike has started or the escalator speeds up then it is always the case that the bridge opens and the constructor creates instances,G((escalator_speeds_up | motorbike_has_started) -> G(bridge_opens & constructor_creates_instances)),(motorbike_has_started | escalator_speeds_up) -> G(bridge_opens & constructor_creates_instances),False
9099,if either a semaphore is broken or a train has arrived then it is always the case that both the engine stops and a bridge opens,G((semaphore_is_broken | train_has_arrived) -> G(bridge_opens & engine_stops)),((semaphore_is_broken | train_has_arrived) -> G(engine_stops & bridge_opens)),False
9100,Stay out of building_1 until you get to street_4.,!building_1 U street_4,G (!building_1 U street_4),False
9101,Request assistance holds at all times.,G get_help,G get_help,True
9102,it is always the case that either the motorbike has started or the escalator speeds up after a semaphore is yellow,G(semaphore_is_yellow -> G(escalator_speeds_up | motorbike_has_started)),G(motorbike_has_started | (semaphore_is_yellow U escalator_speeds_up)),False
9103,whenever the train is crossing and the manager collect claims then at no time a motorbike catches fire and a bridge opens,G((manager_collect_claims & train_is_crossing) -> G!(bridge_opens & motorbike_catches_fire)),G((train_is_crossing & manager_collect_claims) -> G(!(motorbike_catches_fire & bridge_opens))),True
9104,never let_go or whenever go_to tree,G!let_go | F go_to_tree,G(!let_go | (go_to_tree -> F go_to_tree)),False
9105,always stay or forever hold_on pear,G stay | G hold_on_pear,G(stay | G hold_on_pear),False
9106,do not let_go pear or at any time withdraw pear,!let_go_pear | F withdraw_pear,!let_go_pear | G!withdraw_pear,False
9107,never drop apple and never drop apple,G!drop_apple,G!drop_apple & G!drop_apple,True
9108,"Record the jaywalker on west_10th_avenue should always hold, with at most a two-step grace period for recovery.",!G!(record_jaywalker_west_10th_avenue & X record_jaywalker_west_10th_avenue),G(record_jaywalker_west_10th_avenue | X(record_jaywalker_west_10th_avenue | X record_jaywalker_west_10th_avenue)),False
9109,"Request assistance must keep holding until, from some point on, record the pedestrian on northwest_7th_street holds infinitely often.",get_help U GF record_pedestrian_northwest_7th_street,G (get_help U (F G F record_pedestrian_northwest_7th_street)),True
9110,at any time seize orange means that when possible go_to tree,F seize_orange -> F go_to_tree,G(seize_orange -> (F go_to_tree | !F go_to_tree)),False
9111,at some time present_at flag until venture_towards house,F present_at_flag U venture_towards_house,F (present_at_flag U venture_towards_house),False
9112,Either record the motorcycle on east_8th_street or change light_west yellow happens infinitely often.,GF record_motorcycle_east_8th_street | GF change_light_west_yellow,G F (record_motorcycle_east_8th_street | change_light_west_yellow),True
9113,"sooner or later either the car starts or the train derails and, in the future the table is old or the bar has to be repaired afterwards",G!(car_starts | train_derails) | F((car_starts | train_derails) & F(bar_has_to_be_repaired | table_is_old)),F (car_starts | train_derails) & F (table_is_old | bar_has_to_be_repaired),False
9114,"Find the banana must hold until pickuping the bench does, or else search the banana holds forever.",(search_banana U pickup_bench) | G search_banana,G (F search_banana | (F search_banana U pickup_bench)),False
9115,"always, both the train has been launched and the bar is closing after either the semaphore is green or a house collapses",G((house_collapses | semaphore_is_green) -> G(bar_is_closing & train_has_been_launched)),G(train_has_been_launched & F((semaphore_is_green | house_collapses) -> bar_is_closing)),False
9116,at any time visit flag and do not let_go pear,!let_go_pear & F visit_flag,G(visit_flag & !let_go_pear),False
9117,never drop pear means that at any time go_to flag,G!drop_pear -> F go_to_flag,G(!drop_pear -> G(go_to_flag)),False
9118,"first, finally, a sensor gathers information, and then, at some point the manager handles requests or a manager collect claims",G!sensor_gathers_information | F(sensor_gathers_information & F(manager_collect_claims | manager_handles_requests)),G(sensor_gathers_information -> F(manager_handles_requests | manager_collect_claims)),False
9119,"If photo the cyclist on southwest_5th_avenue holds and get_help holds next, then photo the pedestrian on south_5th_avenue holds in the step after that.",G((photo_cyclist_southwest_5th_avenue & X get_help) -> XX photo_pedestrian_south_5th_avenue),(photo_cyclist_southwest_5th_avenue & X get_help) -> XX photo_pedestrian_south_5th_avenue,False
9120,always hold_onto orange or at any time get_hold_of orange,G hold_onto_orange | F get_hold_of_orange,G(hold_onto_orange | F get_hold_of_orange),False
9121,You must Please communicate the injured_victim and then communicate the safe_hostile.,communicate_injured_victim U communicate_safe_hostile,F (communicate_injured_victim & F (communicate_safe_hostile & !communicate_injured_victim)),False
9122,"Globally, it is not the case that both go_home and avoid the inactive_fire_source hold simultaneously.",G!(avoid_inactive_fire_source & go_home),G!(go_home & avoid_inactive_fire_source),True
9123,"Whenever photo the motorcycle on southeast_3rd_street holds, from the next step onwards change light_east yellow will eventually hold.",G(photo_motorcycle_southeast_3rd_street -> XF change_light_east_yellow),G(photo_motorcycle_southeast_3rd_street -> X F change_light_east_yellow),True
9124,Stay away from intersection 4 until you reach street 5,!intersection_4 U street_5,G (!intersection_4 U street_5),False
9125,"Whenever change light_south yellow holds, get_help holds as well.",G(change_light_south_yellow -> get_help),G(change_light_south_yellow -> get_help),True
9126,The system must always maintain both deliver_aid the injured_hostile and deliver_aid the safe_hostile.,G(deliver_aid_injured_hostile & deliver_aid_safe_hostile),G (deliver_aid_injured_hostile & deliver_aid_safe_hostile),True
9127,"after a house is built and a train derails, at any time either the manager collect claims or a sensor gathers information",G((house_is_built & train_derails) -> G(manager_collect_claims | sensor_gathers_information)),G((house_is_built & train_derails) -> G(manager_collect_claims | sensor_gathers_information)),True
9128,"Once pickup the refrigerator has occurred, search the tie will never occur again.",G(pickup_refrigerator -> XG!search_tie),G(pickup_refrigerator -> G(!search_tie)),False
9129,"first, at some point in time both the bar has to be repaired and the sensor retrieves data, and then, it is going to happen that the bar has to be repaired and the car stops",G!(bar_has_to_be_repaired & sensor_retrieves_data) | F(bar_has_to_be_repaired & sensor_retrieves_data & F(bar_has_to_be_repaired & car_stops)),F (bar_has_to_be_repaired & sensor_retrieves_data) & F (bar_has_to_be_repaired & car_stops),False
9130,Deliver the hot_dog to the shelf and idle aring mutually exclusive at all times.,G!(deliver_hot_dog_shelf & idle),G(!(idle & deliver_hot_dog_shelf)),True
9131,"after either a motorbike is driven or a house is built, finally, a sensor captures data and the motorbike has started",G((house_is_built | motorbike_is_driven) -> F(motorbike_has_started & sensor_captures_data)),G((motorbike_is_driven | house_is_built) -> F(sensor_captures_data & motorbike_has_started)),True
9132,"under no circumstances the motorbike has stopped, a semaphore is broken and a table has been moved",G!(motorbike_has_stopped & semaphore_is_broken & table_has_been_moved),G!((motorbike_has_stopped) & (semaphore_is_broken) & (table_has_been_moved)),True
9133,if either the table is brown or the car stops then it is never the case that both the train is crossing and the manager collect claims,G((car_stops | table_is_brown) -> G!(manager_collect_claims & train_is_crossing)),(table_is_brown | car_stops) -> G!(train_is_crossing & manager_collect_claims),False
9134,Be in park 1 and continue to stay there until you get to table 3,park_1 U table_3,park_1 U table_3,True
9135,approach tree and at some time go_by house,approach_tree & F go_by_house,approach_tree & F go_by_house,True
9136,under no condition the train has been launched or a semaphore is yellow or the brake is pressed,G!(brake_is_pressed | semaphore_is_yellow | train_has_been_launched),G!((train_has_been_launched | semaphore_is_yellow) | brake_is_pressed),True
9137,"in the future both the manager collect claims and a semaphore is broken and, at a certain moment either the bar is down or a motorbike falls down afterwards",G!(manager_collect_claims & semaphore_is_broken) | F(manager_collect_claims & semaphore_is_broken & F(bar_is_down | motorbike_falls_down)),F (manager_collect_claims & semaphore_is_broken & F (bar_is_down | motorbike_falls_down)),False
9138,"after the train has arrived, eventually, a train derails and a constructor instantiate objects",G(train_has_arrived -> F(constructor_instantiate_objects & train_derails)),G(train_has_arrived -> F(train_derails & constructor_instantiate_objects)),True
9139,it will happen that an elevator is open or the table is brown,F(elevator_is_open | table_is_brown),F (elevator_is_open | table_is_brown),True
9140,"Keep capturing images of locality_7, and avoid going to park_3 at all times",GF(locality_7 & photo) & G!park_3,G(locality_7 & photo & !park_3),False
9141,"Once communicate the injured_victim has occurred, photo unsafe_civilian will never occur again.",G(communicate_injured_victim -> XG!photo_unsafe_civilian),G(communicate_injured_victim -> G!photo_unsafe_civilian),False
9142,"it never happens that the engine breaks, the engine stops and an elevator is blocked",G!(elevator_is_blocked & engine_breaks & engine_stops),G!((engine_breaks & engine_stops) & elevator_is_blocked),True
9143,"if whenever journey_to tree , gather apple",F journey_to_tree -> gather_apple,G(journey_to_tree -> gather_apple),False
9144,all the time either the bridge closes or the bridge opens after either a sensor captures data or the brake is released,G((brake_is_released | sensor_captures_data) -> G(bridge_closes | bridge_opens)),G (bridge_closes | (F (sensor_captures_data | brake_is_released) -> X bridge_opens)),False
9145,"as both the motorbike falls down and the escalator speeds up, at a certain moment either the house is built or a sensor captures data",G((escalator_speeds_up & motorbike_falls_down) -> F(house_is_built | sensor_captures_data)),G((motorbike_falls_down & escalator_speeds_up) -> F(house_is_built | sensor_captures_data)),True
9146,"If every communicate the safe_rescuer is eventually followed by recording fire_source, then deliver_aid the injured_victim must occur infinitely often.",G(communicate_safe_rescuer -> F record_fire_source) -> GF deliver_aid_injured_victim,G((G(communicate_safe_rescuer -> F record_fire_source)) -> G F deliver_aid_injured_victim),False
9147,"always the escalator is blocked or the car starts implies that never, a motorbike is driven or the escalator speeds up",G((car_starts | escalator_is_blocked) -> G!(escalator_speeds_up | motorbike_is_driven)),G((escalator_is_blocked | car_starts) -> G!(motorbike_is_driven | escalator_speeds_up)),True
9148,forever hold_onto orange or when possible let_go apple,G hold_onto_orange | F let_go_apple,G(hold_onto_orange | F let_go_apple),False
9149,move to the green_room,F green_room,F green_room,True
9150,never let_go apple or take_to tree,take_to_tree | G!let_go_apple,G!((let_go_apple) | (take_to_tree)),False
9151,"Start by visiting mall 5 to pick up box 4, and then move it to house 1",F(mall_5 & F(p_box_4 & F(house_1 & pd))),G (mall_5 & p_box_4 -> X (G !mall_5 & F (house_1 & p_box_4))),False
9152,at any time get orange or don't let_go pear,!let_go_pear | F get_orange,G(get_orange | !let_go_pear),False
9153,"eternally, a train has arrived and the table is brown",G(table_is_brown & train_has_arrived),G(train_has_arrived & table_is_brown),True
9154,Staying in parking_lot_9 at all times,G parking_lot_9,G parking_lot_9,True
9155,every time both the car stops and the constructor instantiate objects then under no condition either the escalator moves or a table is old,G((car_stops & constructor_instantiate_objects) -> G!(escalator_moves | table_is_old)),G((car_stops & constructor_instantiate_objects) -> !(escalator_moves | table_is_old)),False
9156,"If change light_west yellow ever holds, photo the collision on east_2nd_street must have held beforehand.",F change_light_west_yellow -> (!change_light_west_yellow U (!change_light_west_yellow & photo_collision_east_2nd_street)),G(change_light_west_yellow -> !photo_collision_east_2nd_street W change_light_west_yellow),False
9157,"Whenever photo safe_civilian holds, from the next step onwards avoid the probable_unstable_beam will eventually hold.",G(photo_safe_civilian -> XF avoid_probable_unstable_beam),G(photo_safe_civilian -> X(G(!avoid_probable_unstable_beam U F(avoid_probable_unstable_beam)))),False
9158,capture orange or repeatedly go_to pear,capture_orange | GF go_to_pear,F capture_orange | G F go_to_pear,False
9159,"If idle happens infinitely often, then so does search the motorbike.",GF idle -> GF search_motorbike,G(F idle) -> G(F search_motorbike),True
9160,"Whenever idle and deliver the skis to the loading_dock are equal, deliver the skis to the loading_dock and pickup the traffic_light are equal as well.",G((deliver_skis_loading_dock <-> idle) -> (deliver_skis_loading_dock <-> pickup_traffic_light)),G((idle <-> deliver_skis_loading_dock) -> (deliver_skis_loading_dock <-> pickup_traffic_light)),True
9161,"always, the car enters or a train has arrived after either the bar has to be repaired or the escalator moves",G((bar_has_to_be_repaired | escalator_moves) -> G(car_enters | train_has_arrived)),G ( (bar_has_to_be_repaired | escalator_moves) -> F (car_enters | train_has_arrived) ),False
9162,"Set light_west yellow must keep holding until, from some point on, photo the collision on west_10th_street holds infinitely often.",change_light_west_yellow U GF photo_collision_west_10th_street,G (change_light_west_yellow U (G F photo_collision_west_10th_street)),True
9163,Pick up bottle 3 in kitchen 2 and ensure you never enter living room 1,F(kitchen_2 & p_bottle_3) & G!living_room_1,F (p_bottle_3 & kitchen_2) & G !living_room_1,True
9164,"Whenever change light_east yellow holds, record the car on northwest_2nd_street holds exactly three steps later.",G(change_light_east_yellow -> XXX record_car_northwest_2nd_street),G(change_light_east_yellow -> X X X record_car_northwest_2nd_street),True
9165,forever have apple or at some time grasp pear,G have_apple | F grasp_pear,G have_apple | F grasp_pear,True
9166,"Once communicate the safe_victim has occurred, record gas_leak will never occur again.",G(communicate_safe_victim -> XG!record_gas_leak),G(communicate_safe_victim -> G(!record_gas_leak)),False
9167,"Whenever deliver_aid the safe_hostile holds, eventually avoid the probable_gas_leak will hold.",G(deliver_aid_safe_hostile -> F avoid_probable_gas_leak),G(deliver_aid_safe_hostile -> F avoid_probable_gas_leak),True
9168,approach trash can and snatch_up pear,approach_trash_can & snatch_up_pear,approach_trash_can & snatch_up_pear,True
9169,"whenever either a train has been launched or the train has arrived then absolutely never, both the bar is closing and a semaphore is green",G((train_has_arrived | train_has_been_launched) -> G!(bar_is_closing & semaphore_is_green)),G ((train_has_been_launched | train_has_arrived) -> G !(bar_is_closing & semaphore_is_green)),True
9170,grab_hold pear and when possible move_near tree,grab_hold_pear & F move_near_tree,grab_hold_pear & G(move_near_tree | !grab_hold_pear),False
9171,Take a picture of statue 2 but do not go to statue 2 until you reach park 5,F(photo & statue_2) & (!statue_2 U park_5),G (photo <-> statue_2) & G (!statue_2 W park_5) & F (statue_2 & photo),False
9172,"If record the jaywalker on north_2nd_avenue holds and change light_west yellow holds next, then get_help holds in the step after that.",G((record_jaywalker_north_2nd_avenue & X change_light_west_yellow) -> XX get_help),(record_jaywalker_north_2nd_avenue & X change_light_west_yellow) -> XX get_help,False
9173,"Avoid entering garage 1 until a photo is taken, and ensure you eventually go to landmark 5 and take a picture there",(!garage_1 U photo) & F(landmark_5 & photo),G(!garage_1 U photo) & F(landmark_5 & photo),False
9174,if a bridge closes or the bridge opens then it is always the case that both the bridge opens and a constructor creates instances,G((bridge_closes | bridge_opens) -> G(bridge_opens & constructor_creates_instances)),(bridge_closes | bridge_opens) -> G(bridge_opens & constructor_creates_instances),False
9175,"at a certain moment the table is old and the bar has to be repaired and, in the future both the escalator moves and a car starts afterwards",G!(bar_has_to_be_repaired & table_is_old) | F(bar_has_to_be_repaired & table_is_old & F(car_starts & escalator_moves)),(table_is_old & bar_has_to_be_repaired) & F(escalator_moves & X car_starts),False
9176,"sooner or later both the semaphore is green and the car starts and, at some point the table is brown and the house is built afterwards",G!(car_starts & semaphore_is_green) | F(car_starts & semaphore_is_green & F(house_is_built & table_is_brown)),F (semaphore_is_green & car_starts) & F (table_is_brown & F house_is_built),False
9177,"always, the bridge opens and the constructor creates instances after either a constructor creates instances or the escalator is blocked",G((constructor_creates_instances | escalator_is_blocked) -> G(bridge_opens & constructor_creates_instances)),G (bridge_opens & F (constructor_creates_instances | escalator_is_blocked)),False
9178,The system must Please idle and then get_help.,idle U get_help,G (idle -> X get_help),False
9179,Do not leave locality 3 until you have reached office 4,locality_3 U office_4,G(!office_4 -> G(!locality_3)),False
9180,"absolutely never, either a semaphore is green or a motorbike falls down after either the engine starts or a motorbike catches fire",G((engine_starts | motorbike_catches_fire) -> G!(motorbike_falls_down | semaphore_is_green)),G!((F(engine_starts | motorbike_catches_fire) -> (semaphore_is_green | motorbike_falls_down))),False
9181,"When avoid the active_gas_leak happens, deliver_aid the injured_rescuer must hold now or in the next step.",G(avoid_active_gas_leak -> (deliver_aid_injured_rescuer | X deliver_aid_injured_rescuer)),G(avoid_active_gas_leak -> (deliver_aid_injured_rescuer | X deliver_aid_injured_rescuer)),True
9182,Continuously visit area 5 at regular intervals,GF area_5,G F area_5,True
9183,"From some point onwards, photo the pedestrian on south_5th_avenue never occurs again.",FG!photo_pedestrian_south_5th_avenue,G F !photo_pedestrian_south_5th_avenue,False
9184,Get help and record the vehicle on west_10th_avenue will each happen at some point.,F get_help & F record_vehicle_west_10th_avenue,F get_help & F record_vehicle_west_10th_avenue,True
9185,"Start by picking up box_5 at plant_8, then proceed to deliver it to store_6",F(plant_8 & F(p_box_5 & F(pd & store_6))),G (plant_8 & p_box_5 -> X F (store_6 & pd)),False
9186,"If record the collision on west_5th_street ever holds, record the person on west_6th_street must have held beforehand.",F record_collision_west_5th_street -> (!record_collision_west_5th_street U (!record_collision_west_5th_street & record_person_west_6th_street)),G(record_collision_west_5th_street -> !record_collision_west_5th_street U record_person_west_6th_street),False
9187,Take a photo of unsafe_person holds at all times.,G photo_unsafe_person,G photo_unsafe_person,True
9188,"forever, a house is built or the bar is closing or the house collapses",G(bar_is_closing | house_collapses | house_is_built),G(house_is_built | bar_is_closing | house_collapses),True
9189,Repeatedly visit charger_3 while repeatedly taking pictures of area_3,GF charger_3 & GF(area_3 & photo),G F charger_3 & G F (area_3 & photo),True
9190,"If avoid the impending_gas_leak holds and photo unstable_beam holds next, then communicate the injured_rescuer holds in the step after that.",G((avoid_impending_gas_leak & X photo_unstable_beam) -> XX communicate_injured_rescuer),(avoid_impending_gas_leak & X photo_unstable_beam) -> XX communicate_injured_rescuer,False
9191,"Take a picture of the pedestrian on northwest_7th_street and record the pedestrian on southwest_4th_street never coincide, yet one of them is always true.",G!(photo_pedestrian_northwest_7th_street & record_pedestrian_southwest_4th_street) & G(photo_pedestrian_northwest_7th_street | record_pedestrian_southwest_4th_street),G((!record_pedestrian_southwest_4th_street | !photo_pedestrian_northwest_7th_street) & (record_pedestrian_southwest_4th_street | photo_pedestrian_northwest_7th_street)),True
9192,Take a video of the motorcycle on east_1st_avenue and record the vehicle on west_5th_street are mutually exclusive at all times.,G!(record_motorcycle_east_1st_avenue & record_vehicle_west_5th_street),G!(record_motorcycle_east_1st_avenue & record_vehicle_west_5th_street),True
9193,"Photograph arch_2, and then at park_8, staying there continuously",F(arch_2 & photo & F(park_8 & G park_8)),F (photo & arch_2 & X (G park_8)),False
9194,Stay in park_5 until you reach bench_4 and ensure you eventually at store_2 and pickup bottle_5 and deliver it to bench_4,(park_5 U bench_4) & F(store_2 & F(p_bottle_5 & F(bench_4 & pd))),G(park_5 U (bench_4 & F(store_2 & p_bottle_5 & F(bench_4)))),False
9195,"If deliver the tv_monitor to the loading_dock happens infinitely often, then so does pickup the train.",GF deliver_tv_monitor_loading_dock -> GF pickup_train,G F deliver_tv_monitor_loading_dock -> G F pickup_train,True
9196,Either avoid the inactive_debris or get_help happens infinitely often.,GF avoid_inactive_debris | GF get_help,G F (avoid_inactive_debris | get_help),True
9197,repeatedly go_to pear can infer that whenever make_contact flag,GF go_to_pear -> F make_contact_flag,G F go_to_pear -> G (go_to_pear -> F make_contact_flag),False
9198,"first, at some point both a manager collect claims and the semaphore is broken, and then, eventually, a bridge closes",G!(manager_collect_claims & semaphore_is_broken) | F(manager_collect_claims & semaphore_is_broken & F bridge_closes),F (manager_collect_claims & semaphore_is_broken) & F bridge_closes,False
9199,"every time either the elevator is blocked or the elevator falls then absolutely never, the bar is up and the motorbike has stopped",G((elevator_falls | elevator_is_blocked) -> G!(bar_is_up & motorbike_has_stopped)),G((elevator_is_blocked | elevator_falls) -> G!(bar_is_up & motorbike_has_stopped)),True
9200,"after both the train has arrived and the sensor gathers information, every time both a semaphore is red and the brake is released",G((sensor_gathers_information & train_has_arrived) -> G(brake_is_released & semaphore_is_red)),G((train_has_arrived & sensor_gathers_information) -> G((semaphore_is_red & brake_is_released) -> F(train_has_arrived & sensor_gathers_information))),False
9202,Persistently return to charger_4 as you keep taking photo of area_5,GF charger_4 & GF(area_5 & photo),G (photo & area_5) -> G F charger_4,False
9203,always when both the elevator falls and the house is built then at some point in time both the motorbike falls down and a train stops,G((elevator_falls & house_is_built) -> F(motorbike_falls_down & train_stops)),G ((elevator_falls & house_is_built) -> F (motorbike_falls_down & train_stops)),True
9204,"Whenever get_help holds, from the next step onwards photo the pedestrian on east_6th_street will eventually hold.",G(get_help -> XF photo_pedestrian_east_6th_street),G(get_help -> X F photo_pedestrian_east_6th_street),True
9205,under no circumstances both the bar is up and the sensor captures data,G!(bar_is_up & sensor_captures_data),G!(bar_is_up & sensor_captures_data),True
9206,Keep visiting charger_2 and take plate_4 from table_2 to table_4,GF charger_2 & F(table_2 & F(p_plate_4 & F(pd & table_4))),G(charger_2) & G(p_plate_4),False
9207,under no circumstances a motorbike is driven or the car enters or a train has arrived,G!(car_enters | motorbike_is_driven | train_has_arrived),G!((motorbike_is_driven | car_enters) | train_has_arrived),True
9208,Ensure you remain in building_4 until folder_3 is moved from room_43 to room_12,building_4 U (room_43 & F(p_folder_3 & F(pd & room_12))),G (building_4 U (p_folder_3 & room_12)),False
9209,"it is going to happen that either a sensor captures data, a house is open or the engine stops",F(engine_stops | house_is_open | sensor_captures_data),F (sensor_captures_data | house_is_open | engine_stops),True
9210,"finally, the elevator rises or the bridge opens or the semaphore is yellow",F(bridge_opens | elevator_rises | semaphore_is_yellow),F (elevator_rises | bridge_opens | semaphore_is_yellow),True
9211,Never pickup package_4,G!p_package_4,G!p_package_4,True
9212,"in the future a motorbike has stopped and a semaphore is red and, it is going to happen that a sensor retrieves data or a table is brown afterwards",G!(motorbike_has_stopped & semaphore_is_red) | F(motorbike_has_stopped & semaphore_is_red & F(sensor_retrieves_data | table_is_brown)),F (motorbike_has_stopped & semaphore_is_red & F (sensor_retrieves_data | table_is_brown)),False
9213,do not pick_up anything and repeatedly go_to pear,!F pick_up_anything & GF go_to_pear,!pick_up_anything & G F go_to_pear,False
9214,Stay out of garage 1 until you take a picture as part of photographing landmark 5,(!garage_1 U photo) & F(landmark_5 & photo),G (!garage_1 U (photo & landmark_5)),False
9215,Call for help holds at all times.,G get_help,G get_help,True
9216,Go to hospital_3 and pickup water bottle_4 while never entering pharmacy_2,F(hospital_3 & p_bottle_4) & G!pharmacy_2,G(hospital_3 & p_bottle_4 & !pharmacy_2),False
12348,It is always the case that whenever ( prop_3 ) or ( prop_1 ) then the following condition is true : at a time in the future before the simulation ends the transition action that ( prop_2 ) shall get detected .,G((prop_1 | prop_3) -> F prop_2),G ((prop_3 | prop_1) -> F prop_2),True
12349,( prop_1 ) means that never ( prop_2 ),prop_1 -> G!prop_2,prop_1 <-> G!prop_2,False
12350,"If at some point ( prop_1 ) and ( prop_4 ) is detected and this scenario continues until ( prop_3 ) is detected , or else ( prop_2 ) .",prop_2 | ((prop_1 & prop_4) U prop_3),F((prop_1 & prop_4) U prop_3) | prop_2,False
12351,whenever ( prop_1 ) and at any time ( prop_2 ),F(prop_1 & F prop_2),G(prop_1 -> F prop_2),False
12352,don't ( prop_1 ) or forever ( prop_2 ),!(prop_1 | G prop_2),!prop_1 | Gprop_2,False
12353,"when always ( prop_1 ) , whenever ( prop_2 )",G prop_1 -> F prop_2,G(prop_1) -> G(prop_2),False
12354,"If (prop_2) is equivalent to (prop_3), then you should not do (prop_1) .",(prop_2 <-> prop_3) -> !prop_1,(prop_2 <-> prop_3) -> !prop_1,True
12355,at some time ( prop_1 ) or repeatedly ( prop_2 ),F(prop_1 | GF prop_2),F prop_1 | G prop_2,False
12356,"Any of the following should happen: (prop_1) or (prop_2), (prop_4) or (prop_3) .",prop_1 | prop_2 | prop_3 | prop_4,prop_1 | prop_2 | prop_4 | prop_3,True
12357,( prop_1 ) or at any time ( prop_2 ),prop_1 | F prop_2,prop_1 | G prop_2,False
12358,"Whenever the event that ( prop_1 ) takes place , then the following condition holds : at the same moment the event that ( prop_3 ) shall never get detected or ( prop_2 ) .",G(prop_1 -> (prop_2 | prop_3)),G(prop_1 -> (!prop_3 | prop_2)),False
12359,"It is not the case that ( prop_1 ) keeps happening until ( prop_2 ) will happen at some point in the future , or else ( prop_3 ) .",prop_3 | !(prop_1 U prop_2),!((prop_1 U F prop_2) | prop_3),False
12360,Make sure (prop_3) is the same as (prop_2) and (prop_1) all the time .,(prop_2 <-> prop_3) & G prop_1,G(prop_3 <-> (prop_2 & prop_1)),False
12361,If ( prop_2 ) and ( prop_1 ) is equivalent to ( prop_4 ) and also ( prop_3 ) .,prop_3 & (prop_4 <-> (prop_1 & prop_2)),(prop_2 & prop_1) <-> (prop_4 & prop_3),False
12362,"If (prop_2) does not happen, then (prop_1) should happen, and then eventually (prop_3) will happen as well .",(!prop_2 -> prop_1) -> F prop_3,!prop_2 -> (prop_1 & F prop_3),False
12363,"If (prop_2), then (prop_3), or else make sure (prop_1) happens finally .",(prop_2 -> prop_3) | F prop_1,prop_2 -> (prop_3 | F prop_1),True
12364,"It is equivalent to have the scenario that ( prop_3 ) , while either of the following conditions holds : the scenario that ( prop_2 ) and the event that ( prop_4 ) , or the scenario that ( prop_1 ) .",prop_1 <-> (prop_4 | (prop_2 & prop_3)),prop_3 <-> ((prop_2 & prop_4) | prop_1),False
12365,at some time ( prop_1 ) or whenever ( prop_2 ),F(prop_1 | F prop_2),F prop_1 | G (prop_2 -> prop_1),False
12366,when possible ( prop_1 ) means that whenever ( prop_2 ),F prop_1 -> F prop_2,G(prop_1 -> prop_2),False
12367,The scenario in which (prop_3) happens and then (prop_2) should always happen is equivalent to the scenario in which (prop_1) always happens .,(prop_3 -> prop_2) <-> G prop_1,G((prop_3 & X prop_2) <-> G prop_1),False
12368,"Until either (prop_3) or (prop_2), make sure that (prop_1) is not true .",!prop_3 U (prop_1 | prop_2),G (!prop_1 U (prop_3 | prop_2)),False
12369,"For all time (prop_2), is equivalent to the scenario in which (prop_3) or (prop_1) .",(prop_1 | prop_3) <-> G prop_2,G prop_2 <-> (prop_3 | prop_1),True
12370,It is not the case that ( prop_3 ) and ( prop_1 ) or else ( prop_2 ) .,!(prop_2 | (prop_1 & prop_3)),!((prop_3 & prop_1) | prop_2),True
12371,"If (prop_3) is true, then (prop_4) should be true as well and if (prop_2) is true if and only if (prop_1) should be true; these two should be equivalent .",(prop_3 -> prop_4) <-> (prop_1 <-> prop_2),((prop_3 -> (prop_4 & (prop_2 <-> prop_1))) <-> (prop_3 -> (prop_4 & (prop_2 <-> prop_1)))),False
12372,never ( prop_1 ) or ( prop_2 ),G(!prop_1 | prop_2),G!prop_1 | prop_2,False
12373,( prop_1 ) and repeatedly ( prop_2 ),prop_1 & GF prop_2,prop_1 & G prop_2,False
12374,"Globally , in case that ( prop_1 ) , or the event that ( prop_2 ) is detected then the following condition is true : for every time point in the future until the end of the simulation eventually there shall exist a certain time instant in the future , at which ( prop_3 ) .",G((prop_1 | prop_2) -> GF prop_3),G ((prop_1 | prop_2) -> G F prop_3),True
12375,"Either (prop_2) and (prop_3) happen at the same time, or else (prop_1) should not happen .",!prop_1 | (prop_2 & prop_3),((prop_2 & prop_3) | !prop_1),True
12376,"Whenever ( prop_1 ) then in response there should be a certain time instant in the future before the end of the simulation ultimately , after which continuously ( prop_2 ) .",G(prop_1 -> FG prop_2),G(prop_1 -> F G prop_2),True
12377,"Everytime when ( prop_3 ) , or ( prop_1 ) , then at the same time point ( prop_2 ) .",G((prop_1 | prop_3) -> prop_2),G((prop_3 | prop_1) -> prop_2),True
12378,repeatedly ( prop_1 ) and never ( prop_2 ),G(F prop_1 & G!prop_2),G(prop_1) & G(!prop_2),False
12379,"Once (prop_1), (prop_2) and (prop_3).",F prop_1 -> (prop_2 & prop_3),G(prop_1 -> (prop_2 & prop_3)),False
12380,"Globally , while ( prop_1 ) and ( prop_3 ) then in response instantly ( prop_2 ) , and ( prop_4 ) .",G((prop_1 & prop_3) -> (prop_2 & prop_4)),G((prop_1 & prop_3) -> (X(prop_2) & prop_4)),False
12381,be sure to (prop_1),F prop_1,G prop_1,False
12382,"It is always the case that while ( prop_2 ) , or ( prop_1 ) , then the following condition holds : there needs to exist a certain time point in the future before the simulation ends finally , at which the transition action that ( prop_4 ) has to be detected , until then ( prop_3 ) -RSB- .",G((prop_1 | prop_2) -> (prop_4 U prop_3)),G ((prop_2 | prop_1) -> (F prop_4 U prop_3)),False
12383,whenever ( prop_1 ) or always ( prop_2 ),F(prop_1 | G prop_2),G(prop_1 | G prop_2),False
12384,"During the interval that ( prop_2 ) and ( prop_4 ) , then all of the following conditions hold : at the same time point ( prop_1 ) or instantly the event that ( prop_3 ) has to be detected .",G((prop_2 & prop_4) -> (prop_1 | prop_3)),G((prop_2 & prop_4) -> (prop_1 | X prop_3)),False
12385,"If ( prop_4 ) is equivalent to ( prop_2 ) , and if ( prop_3 ) is observed, then as a result ( prop_1 ) should be observed .",(prop_3 & (prop_2 <-> prop_4)) -> prop_1,((prop_4 <-> prop_2) & prop_3) -> prop_1,True
12386,If either (prop_3) or (prop_1) but not (prop_2) .,!prop_2 & (prop_1 | prop_3),(prop_3 | prop_1) & !prop_2,True
12387,In case that ( prop_2 ) and ( prop_3 ) and ( prop_1 ) are all detected or in case that ( prop_4 ) is detected .,prop_4 | (prop_1 & prop_2 & prop_3),(prop_2 & prop_3 & prop_1) | prop_4,True
12388,( prop_1 ) and at any time ( prop_2 ),prop_1 & F prop_2,prop_1 & G prop_2,False
12389,"In case that ( prop_1 ) then ( prop_2 ) should happen , or else ( prop_3 ) .",prop_3 | (prop_1 -> prop_2),prop_1 -> (F prop_2 | F prop_3),False
12390,"If (prop_2) is equivalent to (prop_3), then keep (prop_4) until (prop_1) .",(prop_2 <-> prop_3) -> (prop_4 U prop_1),(prop_2 <-> prop_3) -> (prop_4 U prop_1),True
12391,It is not true that ( prop_1 ) happens and continues to happen until ( prop_2 ) is true if and only if ( prop_3 ) .,!(prop_3 <-> (prop_1 U prop_2)),!((prop_1 U prop_2) <-> prop_3),True
12392,If it is not the case that ( prop_2 ) happens in response to ( prop_1 ) then implies ( prop_3 ) .,!(prop_2 -> prop_1) -> prop_3,!((prop_1 -> X prop_2) -> prop_3),False
12393,You need to wait until (prop_2) before (prop_1).,prop_2 U prop_1,G (!prop_1 U prop_2),False
12394,"( prop_3 ) or ( prop_1 ) should be detected , or else ( prop_2 ) .",prop_1 | prop_2 | prop_3,G ((prop_3 | prop_1) | prop_2),False
12395,"On condition that the scenario that ( prop_2 ) happens , then ( prop_1 ) and consecutively this condition has to remain until at a certain time point in the future before the execution ends ultimately the scenario that ( prop_3 ) .",G(prop_2 -> (prop_1 U prop_3)),prop_2 -> (prop_1 & G(prop_1 U prop_3)),False
12396,"For each time instant if ( prop_1 ) does not happen then ( prop_2 ) , or else ( prop_3 ) .",prop_3 | G(!prop_1 -> prop_2),G(!prop_1 -> (prop_2 | prop_3)),False
12397,"If (prop_2) and (prop_1) happen at the same time, then keep this condition until (prop_3) is not true .",(prop_1 & prop_2) U !prop_3,G((prop_2 & prop_1) -> ((prop_2 & prop_1) U !prop_3)),False
12398,"If (prop_3) happens eventually, then the condition where (prop_2) is true is equivalent to the condition where (prop_1) is true.",F prop_3 -> (prop_1 <-> prop_2),F prop_3 -> (prop_2 <-> prop_1),True
12399,"If (prop_1) is equivalent to (prop_3), then make sure (prop_2) happens .",(prop_1 <-> prop_3) -> F prop_2,(prop_1 <-> prop_3) -> F prop_2,True
12400,"It is required that at some point in the future ( prop_2 ) and ( prop_3 ) should be observed together , and then in response ( prop_1 ) .",F(prop_2 & prop_3) -> prop_1,F (prop_2 & prop_3 & X prop_1),False
12401,"If (prop_2) then (prop_3) should happen, then eventually (prop_1) will happen as well .",(prop_2 -> prop_3) -> F prop_1,prop_2 -> (prop_3 U prop_1),False
12402,never ( prop_1 ) can infer that at some time ( prop_2 ),G!prop_1 -> F prop_2,G(!prop_1 -> Fprop_2),False
12403,"If (prop_1) is always true, then make sure (prop_2) and (prop_3) are both true .",G prop_1 -> (prop_2 & prop_3),G prop_1 -> G (prop_2 & prop_3),False
12404,"when when possible ( prop_1 ) , ( prop_2 )",F prop_1 -> prop_2,G(prop_1 -> F prop_2),False
12405,whenever ( prop_1 ) until when possible ( prop_2 ),F(prop_1 U F prop_2),G(prop_1 U F prop_2),False
12406,"Globally , everytime when ( prop_1 ) and ( prop_3 ) then all of the following conditions hold : ( prop_2 ) .",G((prop_1 & prop_3) -> G prop_2),G((prop_1 & prop_3) -> prop_2),False
12407,never ( prop_1 ) and at any time ( prop_2 ),G(!prop_1 & F prop_2),G(!prop_1) & G(prop_2),False
12408,never ( prop_1 ) or at any time ( prop_2 ),G(!prop_1 | F prop_2),G!prop_1 | Fprop_2,False
12409,"Globally , when the scenario that ( prop_4 ) takes place , or ( prop_3 ) then in response ( prop_1 ) and ( prop_2 ) .",G((prop_3 | prop_4) -> (prop_1 & prop_2)),G ((prop_4 | prop_3) -> (prop_1 & prop_2)),True
12410,"Always (prop_3), and at the same time, negation (prop_1) is equivalent to (prop_2) .",(!prop_1 <-> prop_2) & G prop_3,G prop_3 & (!prop_1 <-> prop_2),True
12411,whenever ( prop_1 ) until ( prop_2 ),F(prop_1 U prop_2),G(prop_1 U prop_2),False
12412,at some time ( prop_1 ) and ( prop_2 ),F(prop_1 & prop_2),F (prop_1 & prop_2),True
12413,( prop_1 ) and always ( prop_2 ),prop_1 & G prop_2,prop_1 & G prop_2,True
12414,"You do (prop_1) and it is equivalent to (prop_3), and you should not do (prop_2) .",!prop_2 & (prop_1 <-> prop_3),prop_1 <-> prop_3 & !prop_2,False
12415,The scenario in which (prop_1) happens and then (prop_2) should be equivalent to the scenario in which (prop_3) happens and then (prop_4) .,(prop_1 -> prop_2) <-> (prop_3 -> prop_4),((prop_1 U prop_2) <-> (prop_3 U prop_4)),False
12416,"The scenario in which ( prop_3 ) is equivalent to the scenario in which ( prop_2 ) happens , and this should continue until ( prop_1 ) is not detected .",(prop_2 <-> prop_3) U !prop_1,((prop_3 <-> prop_2) U !prop_1),True
12417,"When the event that ( prop_1 ) does n't occur , and ( prop_4 ) then the following condition wo n't be true : the transition action that ( prop_3 ) will never occur till finally there exists sometime in the future before the simulation ends , at which ( prop_2 ) .",G((prop_1 & prop_4) -> !(prop_3 U prop_2)),G((!prop_1 & prop_4) -> !G(prop_3 U prop_2)),False
12418,If ( prop_3 ) or ( prop_4 ) or ( prop_1 ) then ( prop_2 ) .,(prop_1 | prop_3 | prop_4) -> prop_2,((prop_3 | prop_4) | prop_1) -> prop_2,True
12419,when possible ( prop_1 ) and don't ( prop_2 ),F(prop_1 & !F prop_2),G(prop_1 -> !prop_2),False
12420,( prop_1 ) or repeatedly ( prop_2 ),prop_1 | GF prop_2,prop_1 | G prop_2,False
12421,"It is always the case that when ( prop_2 ) , or ( prop_1 ) then in response ( prop_3 ) .",G((prop_1 | prop_2) -> G prop_3),G((prop_2 | prop_1) -> F prop_3),False
12422,forever ( prop_1 ) and whenever ( prop_2 ),G(prop_1 & F prop_2),G prop_1 & G (prop_2 -> X prop_2),False
12423,"In case that ( prop_1 ) , then in no time the event that ( prop_3 ) should not happen , and ( prop_2 ) .",G(prop_1 -> (prop_2 & prop_3)),prop_1 -> G(!prop_3 & prop_2),False
12424,always ( prop_1 ) or always ( prop_2 ),G(prop_1 | G prop_2),G prop_1 | G prop_2,False
12425,"It is required that at some point in the future ( prop_1 ) is equivalent to ( prop_2 ) , and as a result ( prop_3 ) .",F(prop_1 <-> prop_2) -> prop_3,F((prop_1 <-> prop_2) & prop_3),False
12426,"If (prop_3), (prop_2) until (prop_1).",prop_3 -> (prop_2 U prop_1),prop_3 -> (prop_2 U prop_1),True
12427,It is always the case that if ( prop_1 ) then at the same time ( prop_2 ) .,G(prop_1 -> prop_2),G(prop_1 -> prop_2),True
12428,The scenario in which (prop_1) happens and continues until (prop_3) happens should be equivalent to the scenario in which (prop_2) does not happen .,!prop_2 <-> (prop_1 U prop_3),((prop_1 U prop_3) <-> !prop_2),True
12429,"For all time (prop_1), and either (prop_2) or (prop_3) .",(prop_2 | prop_3) & G prop_1,G prop_1 & (prop_2 | prop_3),True
12430,"Do not let (prop_2) happen, while making sure that both (prop_1) and (prop_3) happen.",prop_1 & !prop_2 & prop_3,G(!prop_2 & prop_1 & prop_3),False
12431,"Globally , when the transition action that ( prop_2 ) is detected or ( prop_4 ) , then in no time the scenario that ( prop_3 ) must never be detected , or at the same moment ( prop_1 ) .",G((prop_2 | prop_4) -> (prop_1 | prop_3)),G ((prop_2 | prop_4) -> (X !prop_3 | prop_1)),False
12432,"( prop_4 ) or ( prop_1 ) should happen , and the above scenario is equivalent to ( prop_2 ) , and also ( prop_3 ) .",prop_3 & (prop_2 <-> (prop_1 | prop_4)),((prop_4 | prop_1) <-> prop_2) & prop_3,True
12433,"It is the case that ( prop_3 ) and ( prop_2 ) are equivalent , and also ( prop_4 ) is true , the above condition will hold until ( prop_1 ) is observed .",(prop_4 & (prop_2 <-> prop_3)) U prop_1,((prop_3 <-> prop_2) & prop_4) U prop_1,True
12434,repeatedly ( prop_1 ) and whenever ( prop_2 ),G(F prop_1 & F prop_2),G(prop_1) & G(prop_2 -> X prop_2),False
12435,"If you do not do (prop_1), then (prop_3) should be equivalent to (prop_2) .",!prop_1 -> (prop_2 <-> prop_3),!prop_1 -> (prop_3 <-> prop_2),True
12436,"If (prop_1), then do (prop_4) until (prop_3) is equivalent to (prop_2) .",(prop_1 -> prop_4) U (prop_2 <-> prop_3),prop_1 -> (prop_4 U prop_3) <-> prop_2,False
12437,"If (prop_3) then (prop_1), then not (prop_2) .",(prop_3 -> prop_1) -> !prop_2,prop_3 -> (prop_1 -> !prop_2),False
12438,"It is always the case that ( prop_3 ) should not happen or else ( prop_1 ) should happen, and in the meantime with the above condition ( prop_2 ) should happen .",prop_2 & (prop_1 | G!prop_3),G((!prop_3 | prop_1) & prop_2),False
12439,"If you observe (prop_3) and do (prop_1), then you should not do (prop_2) .",(prop_1 & prop_3) -> !prop_2,(prop_3 & prop_1) -> !prop_2,True
12440,The scenario that ( prop_3 ) implies ( prop_2 ) globally if and only if ( prop_1 ) is true .,prop_1 <-> G(prop_3 -> prop_2),G(prop_3 -> prop_2) <-> prop_1,True
12441,Either keep (prop_2) until (prop_1) or make sure (prop_4) is equivalent to (prop_3) .,(prop_3 <-> prop_4) | (prop_2 U prop_1),(prop_2 U prop_1) | (prop_4 <-> prop_3),True
12442,"You should not do (prop_2), or else do either (prop_1) or (prop_3) .",prop_1 | !prop_2 | prop_3,G(!prop_2 | (prop_1 | prop_3)),False
12443,"For all time (prop_2) is true, or else (prop_1) is equivalent to (prop_3) .",(prop_1 <-> prop_3) | G prop_2,G prop_2 | (prop_1 <-> prop_3),True
12444,"At some point ( prop_2 ) should happen and then ( prop_1 ) , or else ( prop_3 ) .",prop_3 | F(prop_2 -> prop_1),F (prop_2 & X prop_1) | prop_3,False
12445,"For all time, if (prop_1), then (prop_3) and always (prop_2) .",(prop_1 -> prop_3) & G prop_2,G (prop_1 -> (prop_3 & G prop_2)),False
12446,"If (prop_3) or (prop_1) happens, then keep it until (prop_2) doesn't happen .",(prop_1 | prop_3) U !prop_2,G ((prop_3 | prop_1) -> ((prop_3 | prop_1) U !prop_2)),False
12447,The scenario where ( prop_2 ) continues happening until ( prop_4 ) happens is equivalent to the scenario where ( prop_1 ) happening is equivalent to ( prop_3 ) happening.,(prop_1 <-> prop_3) <-> (prop_2 U prop_4),((prop_2 U prop_4) <-> (prop_1 <-> prop_3)),True
12448,whenever ( prop_1 ) and forever ( prop_2 ),F(prop_1 & G prop_2),G(prop_1 -> G prop_2),False
12449,It is not the case that ( prop_2 ) and ( prop_3 ) is detected and this scenario will hold until ( prop_1 ) .,!(prop_2 & prop_3) U prop_1,G(!(prop_2 & prop_3) U prop_1),False
12450,"If eventually (prop_3) happens, then when (prop_1) happens, (prop_2) should also happen.",F prop_3 -> (prop_1 -> prop_2),F prop_3 -> G (prop_1 -> prop_2),False
12451,"If at all times (prop_3), then whenever (prop_1), ensure that (prop_2) happens as well .",G prop_3 -> (prop_1 -> prop_2),G(prop_3) -> G(prop_1 -> F(prop_2)),False
12452,"If (prop_2) does not occur, then (prop_3) and (prop_1) should happen, and vice versa .",!prop_2 <-> (prop_1 & prop_3),!prop_2 <-> (prop_3 & prop_1),True
12453,( prop_1 ) or forever ( prop_2 ),prop_1 | G prop_2,prop_1 | G prop_2,True
12454,"Either (prop_3) is equivalent to (prop_2), or else eventually (prop_1) .",(prop_2 <-> prop_3) | F prop_1,(prop_3 <-> prop_2) | F prop_1,True
12455,( prop_1 ) until at any time ( prop_2 ),prop_1 U F prop_2,prop_1 U prop_2,False
12456,whenever ( prop_1 ) or ( prop_2 ),F(prop_1 | prop_2),G((prop_1 | prop_2) -> (prop_1 | prop_2)),False
12457,At some point in the future it should be the case that ( prop_3 ) implies ( prop_1 ) and ( prop_2 ) .,F(prop_2 & (prop_3 -> prop_1)),F (prop_3 -> (prop_1 & prop_2)),False
12458,"The scenario in which (prop_3) happens is equivalent to the scenario in which (prop_2) happens , and the scenario in which (prop_4) happens is equivalent to the scenario in which (prop_1) happens .",(prop_2 <-> prop_3) & (prop_1 <-> prop_4),(prop_3 <-> prop_2) & (prop_4 <-> prop_1),True
12459,whenever ( prop_1 ) or never ( prop_2 ),F(prop_1 | G!prop_2),G(prop_1 | !F prop_2),False
12460,( prop_1 ) or ( prop_2 ),prop_1 | prop_2,prop_1 | prop_2,True
12461,"If you do not do (prop_3) and instead do (prop_2), then you should finally do (prop_1) .",(prop_2 & !prop_3) -> F prop_1,(!prop_3 & prop_2) -> F prop_1,True
12462,"If (prop_2) occurs, keep it until (prop_1), but do not do (prop_3) in the meantime .",!prop_3 & (prop_2 U prop_1),prop_2 -> (prop_2 U (prop_1 & !prop_3)),False
12463,If it is not the case that ( prop_1 ) and ( prop_3 ) then ( prop_2 ) .,!(prop_1 & prop_3) -> prop_2,! (prop_1 & prop_3) -> prop_2,True
12464,"Either both (prop_2) and (prop_1) should happen, or if (prop_3) happens, then (prop_4) should also happen.",(prop_3 -> prop_4) | (prop_1 & prop_2),(prop_2 & prop_1) | (prop_3 -> prop_4),True
12465,"When (prop_4) and (prop_3) are equivalent, (prop_2) should happen until (prop_1) .",(prop_3 <-> prop_4) & (prop_2 U prop_1),G((prop_4 <-> prop_3) -> (prop_2 U prop_1)),False
12466,"Always have (prop_3), is equivalent to the scenario in which both ( prop_1 ) does not happen and ( prop_2 ) happens .",(!prop_1 & prop_2) <-> G prop_3,G prop_3 <-> (! prop_1 & prop_2),True
12467,"If either (prop_4) or (prop_1) is true, then (prop_3) and (prop_2) should also be true, and vice versa .",(prop_1 | prop_4) <-> (prop_2 & prop_3),((prop_4 | prop_1) <-> (prop_3 & prop_2)),True
12468,"If ( prop_3 ) is equivalent to ( prop_4 ) and also ( prop_1 ) happens, or else ( prop_2 ) .",prop_2 | (prop_1 & (prop_3 <-> prop_4)),((prop_3 <-> prop_4) & prop_1) | prop_2,True
12469,"It is not the case that ( prop_2 ) until ( prop_1 ) happens at some point in the future , which is equivalent to ( prop_3 ) .",prop_3 <-> !(prop_2 U prop_1),!((!prop_2) U prop_1) <-> prop_3,False
12470,"Until (prop_2) is equivalent to (prop_3), make sure that (prop_1) is not true .",!prop_2 U (prop_1 <-> prop_3),!prop_1 U (prop_2 <-> prop_3),False
12471,"Do not (prop_1), and if (prop_2), then do (prop_3) .",!prop_1 & (prop_2 -> prop_3),!prop_1 & (prop_2 -> prop_3),True
12472,( prop_1 ) or never ( prop_2 ),prop_1 | G!prop_2,prop_1 | !F prop_2,True
12473,"If either (prop_3) or (prop_1) happens, then wait until (prop_2) is equivalent to (prop_4) .",(prop_1 | prop_3) U (prop_2 <-> prop_4),G ((prop_3 | prop_1) -> (prop_2 <-> prop_4)),False
12474,The scenario in which (prop_4) happens until (prop_2) is equivalent to the scenario in which (prop_3) and (prop_1) both happen .,(prop_1 & prop_3) <-> (prop_4 U prop_2),(prop_4 U prop_2) <-> (prop_3 & prop_1),True
12475,"( prop_2 ) should not happen if ( prop_1 ) does happen , and ( prop_3 ) should also be true all the time . ",(prop_2 -> !prop_1) & G prop_3,G((prop_1 -> !prop_2) & prop_3),False
12476,Always avoid (prop_1),G!prop_1,G!prop_1,True
12477,"If (prop_2) is always true, then either (prop_1) or (prop_3) should be true .",G prop_2 -> (prop_1 | prop_3),G prop_2 -> G (prop_1 | prop_3),False
12478,whenever ( prop_1 ) can infer that forever ( prop_2 ),F prop_1 -> G prop_2,G(prop_1 -> G(prop_2)),False
12479,forever ( prop_1 ) and ( prop_2 ),G(prop_1 & prop_2),G prop_1 & prop_2,False
12480,For each time instant if it is not the case that ( prop_3 ) or ( prop_2 ) then ( prop_1 ) .,G(!(prop_2 | prop_3) -> prop_1),G(!((!prop_3) | (!prop_2)) -> prop_1),False
12481,"Once (prop_2), (prop_3) and (prop_1).",prop_2 -> (prop_1 & prop_3),G(prop_2 -> (prop_3 & prop_1)),False
12482,Make sure you do not (prop_2) until (prop_1).,!prop_2 U prop_1,G(!prop_2 U prop_1),False
12483,Not ( prop_3 ) And ( prop_1 ) And ( prop_2 ) .,prop_1 & prop_2 & !prop_3,!prop_3 & prop_1 & prop_2,True
12484,"If you do not do (prop_3), then if you do (prop_2) you should do (prop_1) .",!prop_3 -> (prop_2 -> prop_1),!prop_3 -> (prop_2 -> prop_1),True
12485,don't ( prop_1 ) or repeatedly ( prop_2 ),!(prop_1 | GF prop_2),!prop_1 | G F prop_2,False
12486,"On condition that ( prop_2 ) , and ( prop_3 ) then the following condition holds : for every moment in the future until the end of the execution ( prop_1 ) .",G((prop_2 & prop_3) -> GF prop_1),(prop_2 & prop_3) -> G prop_1,False
12487,repeatedly ( prop_1 ) or whenever ( prop_2 ),G(F prop_1 | F prop_2),G(prop_1) | G(prop_2 -> prop_1),False
12488,If ( prop_2 ) is not equivalent to ( prop_1 ) then ( prop_3 ) .,!(prop_1 <-> prop_2) -> prop_3,!(prop_2 <-> prop_1) -> prop_3,True
12489,"When ( prop_1 ) , and ( prop_3 ) then the following condition is true : ( prop_4 ) and this condition shall always hold until ( prop_2 ) .",G((prop_1 & prop_3) -> (prop_4 U prop_2)),G((prop_1 & prop_3) -> (prop_4 U prop_2)),True
12490,"(prop_2) happens and continues until (prop_1) occurs, and this scenario is equivalent to when either (prop_3) or (prop_4) happens.",(prop_3 | prop_4) <-> (prop_2 U prop_1),(prop_2 U prop_1) <-> (prop_3 | prop_4),True
12491,If ( prop_1 ) is equivalent to ( prop_2 ) or else ( prop_3 ) or else ( prop_4 ) .,prop_3 | prop_4 | (prop_1 <-> prop_2),prop_1 <-> (prop_2 | prop_3 | prop_4),False
12492,"If any of (prop_3) or (prop_1) happens, then keep this condition until either (prop_2) or (prop_4) occurs .",(prop_1 | prop_3) U (prop_2 | prop_4),G ((prop_3 | prop_1) -> ((prop_3 | prop_1) U (prop_2 | prop_4))),False
12493,"It is equivalent to have ( prop_3 ) if ( prop_1 ) , ( prop_4 ) , or ( prop_2 ) .",prop_2 <-> (prop_1 | prop_3 | prop_4),prop_3 <-> (prop_1 | prop_4 | prop_2),False
12494,"( prop_2 ) will be false until at one time point prop_1 will be true , or else prop_3 is true .",prop_3 | (!prop_2 U prop_1),!prop_2 U (prop_1 | prop_3),False
12495,"If either (prop_1) or (prop_3) happens, then (prop_2) should not happen.",(prop_1 | prop_3) -> !prop_2,G ((prop_1 | prop_3) -> !prop_2),False
12496,"If (prop_1) doesn't happen, then make sure (prop_3) and (prop_2) both happen .",!prop_1 -> (prop_2 & prop_3),!prop_1 -> (prop_3 & prop_2),True
12497,"If (prop_1) and (prop_4) are both true, then (prop_2) and (prop_3) should be true as well, and vice versa .",(prop_1 & prop_4) <-> (prop_2 & prop_3),(prop_1 & prop_4) <-> (prop_2 & prop_3),True
12498,"(prop_4) is equivalent to (prop_3), and if (prop_2) then (prop_1) .",(prop_3 <-> prop_4) & (prop_2 -> prop_1),prop_4 <-> prop_3 & prop_2 -> prop_1,False
12499,If at some point (prop_1) or (prop_2) is detected and continued until then at some other point (prop_4) and (prop_3) should be detected as well .,(prop_1 | prop_2) U (prop_3 & prop_4),G F ((prop_1 | prop_2) & F (prop_4 & prop_3)),False
12500,"If ( prop_3 ) is equivalent to ( prop_1 ) and this scenario continues until ( prop_2 ) is detected , then ( prop_4 ) .",((prop_1 <-> prop_3) U prop_2) -> prop_4,G((prop_3 <-> prop_1) U prop_2) -> prop_4,False
12501,It is not the case that both ( prop_3 ) and ( prop_2 ) are detected at the same time if and only if ( prop_1 ) is detected .,prop_1 <-> !(prop_2 & prop_3),!((prop_3 & prop_2) <-> prop_1),True
12502,at some time ( prop_1 ) and repeatedly ( prop_2 ),F(prop_1 & GF prop_2),F prop_1 & G F prop_2,True
12503,when possible ( prop_1 ) can infer that don't ( prop_2 ),F prop_1 -> !F prop_2,G(prop_1 -> !prop_2),False
12504,"If (prop_2), then (prop_1), or else don't (prop_3) .",!prop_3 | (prop_2 -> prop_1),prop_2 -> (prop_1 | !prop_3),True
12505,"If ( prop_2 ) and ( prop_1 ) happens and continues to happen until ( prop_3 ) , then the scenario is equivalent to ( prop_4 ) .",prop_4 <-> ((prop_1 & prop_2) U prop_3),((prop_2 & prop_1) U prop_3) <-> prop_4,True
12506,It is required that both (prop_3) and (prop_1) should happen and finally (prop_2) should happen .,prop_1 & prop_3 & F prop_2,G(prop_3 & prop_1) & F(prop_2),False
12507,"Either (prop_3) and (prop_2) happen at the same time, or else (prop_4) or (prop_1) happens .",prop_1 | prop_4 | (prop_2 & prop_3),((prop_3 & prop_2) | (prop_4 | prop_1)),True
12508,"If at a certain moment in the future before the end of the simulation ( prop_1 ) , then the following condition is true : ( prop_3 ) and this scenario will have to sustain uninterruptedly till the transition action that ( prop_2 ) is detected eventually at sometime in the future before the execution ends .",G(F prop_1 -> (prop_3 U prop_2)),F(prop_1) -> (prop_3 U prop_2),False
12509,"For all time make sure that (prop_1), or else (prop_2) or (prop_3) is true .",prop_2 | prop_3 | G prop_1,G(prop_1 | prop_2 | prop_3),False
12510,"In the event that ( prop_3 ) and ( prop_1 ) , then the following condition is true : there shall be ultimately a certain time instant in the future before the execution ends , after which ( prop_2 ) then this condition ought to continue without interruption in the future till the end of the simulation .",G((prop_1 & prop_3) -> FG prop_2),(prop_3 & prop_1) -> F (prop_2 & G prop_2),False
12511,"Do (prop_3) or (prop_1), or eventually, (prop_2) should happen.",prop_1 | prop_3 | F prop_2,prop_3 | prop_1 | F prop_2,True
12512,"If (prop_2) does not happen, then (prop_1) should continue happening until (prop_3) happens.",!prop_2 -> (prop_1 U prop_3),!prop_2 -> (prop_1 U prop_3),True
12513,"(prop_4) should happen until (prop_1), and at the same time, either (prop_3) or (prop_2) should happen .",(prop_2 | prop_3) & (prop_4 U prop_1),prop_4 U prop_1 & (prop_3 | prop_2),True
12514,"Scenario that ( prop_2 ) leads to ( prop_4 ) is equivalent to ( prop_3 ) , and ( prop_1 ) .",prop_1 & (prop_3 <-> (prop_2 -> prop_4)),((prop_2 -> prop_4) <-> prop_3) & prop_1,True
12515,repeatedly ( prop_1 ) can infer that ( prop_2 ),GF prop_1 -> prop_2,G(prop_1 -> F prop_2),False
12516,never ( prop_1 ) and ( prop_2 ),G(!prop_1 & prop_2),G!((prop_1) & (prop_2)),False
12517,"If it is the case that ( prop_1 ) or ( prop_4 ) then ( prop_2 ) should happen , or else ( prop_3 ) .",prop_3 | ((prop_1 | prop_4) -> prop_2),G ((prop_1 | prop_4) -> (F prop_2 | prop_3)),False
12518,"If (prop_2) is not the case, then either (prop_3) or (prop_1) should be the case, and vice versa .",!prop_2 <-> (prop_1 | prop_3),!prop_2 <-> (prop_3 | prop_1),True
12519,"If (prop_1) is true until (prop_2), then (prop_3) is not true .",(prop_1 U prop_2) -> !prop_3,(prop_1 U prop_2) -> !prop_3,True
12520,"If the transition action that ( prop_2 ) is observed , and ( prop_1 ) then all of the following conditions hold : ( prop_3 ) .",G((prop_1 & prop_2) -> prop_3),G((prop_2 & prop_1) -> prop_3),True
12521,"If ( prop_3 ) does not happen , then ( prop_1 ) , and also ( prop_2 ) .",prop_2 & (!prop_3 -> prop_1),!prop_3 -> (prop_1 & prop_2),False
12522,"Start by (prop_1). Then, (prop_3). Lastly, (prop_2).",(prop_1 U prop_3) U prop_2,prop_1 & X (prop_3 & X prop_2),False
12523,"( prop_2 ) happens if ( prop_1 ) does not happen , and ( prop_3 ) should also be true all the time . ",(!prop_2 -> prop_1) & G prop_3,G((!prop_1 -> prop_2) & prop_3),False
12524,"It is not the case that ( prop_2 ) and ( prop_3 ) , and ( prop_1 ) .",prop_1 & !(prop_2 & prop_3),! (prop_2 & prop_3) & prop_1,True
12525,If ( prop_2 ) and ( prop_3 ) then ( prop_1 ) .,(prop_2 & prop_3) -> prop_1,( prop_2 & prop_3 ) -> prop_1,True
12526,"If ( prop_3 ) or ( prop_2 ) happens , then ( prop_4 ) or ( prop_1 ) should also happen .",(prop_2 | prop_3) -> (prop_1 | prop_4),((prop_3 | prop_2) -> (prop_4 | prop_1)),True
12527,"Either keep doing (prop_3) until (prop_1), or make sure not to do (prop_2) .",!prop_2 | (prop_3 U prop_1),(prop_3 U prop_1) | G!prop_2,False
12528,"If (prop_3) then (prop_2), until you no longer detect (prop_1) .",(prop_3 -> prop_2) U !prop_1,((prop_3 -> prop_2) U !prop_1),True
12529,"You should reach a state where (prop_2) is true, and this should be equivalent to the state where either (prop_3) or (prop_1) is true .",(prop_1 | prop_3) <-> F prop_2,F prop_2 <-> (prop_3 | prop_1),True
12530,when possible ( prop_1 ) and don't ( prop_2 ),F(prop_1 & !prop_2),G(prop_1 -> !prop_2),False
12531,"Either (prop_1) and (prop_2) should happen at the same time, or always (prop_3) .",(prop_1 & prop_2) | G prop_3,((prop_1 & prop_2) | G prop_3),True
12532,"when ( prop_1 ) , when possible ( prop_2 )",prop_1 -> F prop_2,G(prop_1 -> F(prop_2)),False
12533,"Always, ( prop_3 ) is true if and only if both ( prop_1 ) and ( prop_2 ) are true.",(prop_1 & prop_2) <-> G prop_3,G(prop_3 <-> (prop_1 & prop_2)),False
12534,"( prop_2 ) should not happen if ( prop_1 ) does not happen , and ( prop_3 ) should also be true all the time . ",(!prop_2 -> !prop_1) & G prop_3,G((!prop_1 -> !prop_2) & prop_3),False
12535,( prop_1 ) and don't ( prop_2 ),prop_1 & !prop_2,prop_1 & !prop_2,True
12536,"If ( prop_3 ) then ( prop_1 ) , and also ( prop_2 ) .",prop_2 & (prop_3 -> prop_1),prop_3 -> (prop_1 & prop_2),False
12537,"All of the following happens: (prop_1) or (prop_4), and (prop_2) and (prop_3) are equal in the truth values .",(prop_2 <-> prop_3) & (prop_1 | prop_4),(prop_1 | prop_4) & (prop_2 <-> prop_3),True
12538,"Either (prop_3) should eventually happen, or not (prop_1) or (prop_2) should happen.",!prop_1 | prop_2 | F prop_3,F prop_3 | (!prop_1 | prop_2),True
12539,If it is the case that the scenario where ( prop_2 ) leads to ( prop_3 ) then it should also leads to ( prop_1 ) .,(prop_2 -> prop_3) -> prop_1,G((prop_2 -> prop_3) -> prop_1),False
12540,"If (prop_1), (prop_2).",prop_1 -> prop_2,prop_1 -> prop_2,True
12541,"If ( prop_3 ) then implies ( prop_2 ), and in the same time ( prop_1 ) , or else ( prop_4 ) .",prop_4 | (prop_1 & (prop_3 -> prop_2)),((prop_3 -> prop_2) & prop_1) | prop_4,True
12542,( prop_1 ) and ( prop_2 ),prop_1 & prop_2,prop_1 & prop_2,True
12543,"( prop_1 ) is equivalent to ( prop_2 ), or else ( prop_3 ) is not true .",!prop_3 | (prop_1 <-> prop_2),(prop_1 <-> prop_2) | !prop_3,True
12544,"Either (prop_3) happening eventually is equivalent to (prop_2) happening, or the scenario in which (prop_1) does not happen.",!prop_1 | (prop_2 <-> F prop_3),(F prop_3 <-> prop_2) | !prop_1,True
12545,"It is always the case that ( prop_2 ) and ( prop_1 ) , and ( prop_3 ) .",prop_3 & G(prop_1 & prop_2),G (prop_2 & prop_1 & prop_3),False
12546,"If ( prop_1 ) and ( prop_3 ) happen at the same time , then for each time instant ( prop_2 ) is true .",(prop_1 & prop_3) -> G prop_2,G((prop_1 & prop_3) -> prop_2),False
12547,"If (prop_3) is equivalent to (prop_2), then keep (prop_1) for all time .",(prop_2 <-> prop_3) -> G prop_1,((prop_3 <-> prop_2) -> G prop_1),True
12548,"If you ensure that (prop_3) implies (prop_2), then you should always do (prop_1) .",(prop_3 -> prop_2) -> G prop_1,G((prop_3 -> prop_2) -> G prop_1),False
12549,forever ( prop_1 ) or at some time ( prop_2 ),G(prop_1 | F prop_2),G prop_1 | F prop_2,False
12550,( prop_2 ) will not happen until at some point if ( prop_3 ) then ( prop_1 ) happens .,!prop_2 U (prop_3 -> prop_1),G(!prop_2 U (prop_3 -> prop_1)),False
12551,"Ensure that either (prop_1) or (prop_3) happens, and eventually, (prop_2) should also happen.",(prop_1 | prop_3) & F prop_2,(prop_1 | prop_3) & F prop_2,True
12552,"It is required that for a time instant when ( prop_2 ) continues to happen until ( prop_1 ) happens , this is equivalent to ( prop_4 ) being true , and ( prop_3 ) .",prop_3 & (prop_4 <-> (prop_2 U prop_1)),G((prop_2 U prop_1) <-> (prop_4 & prop_3)),False
12553,"If (prop_2) and (prop_3), then make sure (prop_1) finally happens .",(prop_2 & prop_3) -> F prop_1,(prop_2 & prop_3) -> F prop_1,True
12554,"If (prop_1), then (prop_2), or always (prop_3) .",(prop_1 -> prop_2) | G prop_3,prop_1 -> (prop_2 | G prop_3),True
12555,If ( prop_1 ) is equivalent to ( prop_3 ) and also ( prop_2 ) .,prop_2 & (prop_1 <-> prop_3),prop_1 <-> (prop_3 & prop_2),False
12556,"It is not the case that ( prop_2 ) and ( prop_3 ) both happen, or else ( prop_1 ) .",prop_1 | !(prop_2 & prop_3),!((prop_2 & prop_3) | prop_1),False
12557,Either (prop_1) does not happen or else (prop_3) or (prop_2) happens .,!prop_1 | prop_2 | prop_3,!prop_1 | prop_3 | prop_2,True
12558,whenever ( prop_1 ) and never ( prop_2 ),F(prop_1 & G!prop_2),G(prop_1 -> !F prop_2),False
12559,"If it is not true that ( prop_1 ) happens and continues to happen until ( prop_2 ) is detected , then ( prop_3 ) .",!(prop_1 U prop_2) -> prop_3,!((prop_1 U prop_2) & G prop_1) -> prop_3,False
12560,"Globally , whenever ( prop_1 ) , and ( prop_3 ) then at a certain moment in the future before the end of the execution ( prop_2 ) .",G((prop_1 & prop_3) -> F prop_2),G((prop_1 & prop_3) -> F prop_2),True
12561,"If (prop_2) happens and continues until (prop_1), then if (prop_4), make (prop_3) happen .",(prop_2 U prop_1) -> (prop_4 -> prop_3),G((prop_2 U prop_1) -> (prop_4 -> F prop_3)),False
12562,"If ( prop_3 ) happens and continues to happen until ( prop_4 ) is detected , and also ( prop_1 ) , and ( prop_2 ) .",prop_1 & prop_2 & (prop_3 U prop_4),prop_3 U (prop_4 & prop_1 & prop_2),False
12563,If ( prop_1 ) or ( prop_3 ) then ( prop_2 ) is equivalent to ( prop_4 ) .,prop_4 <-> ((prop_1 | prop_3) -> prop_2),((prop_1 | prop_3) -> prop_2) <-> prop_4,True
12564,"Keep (prop_3) happening until (prop_4) happens, and if (prop_2) happens, then (prop_1) should also happen.",(prop_2 -> prop_1) & (prop_3 U prop_4),G(prop_3 U prop_4) & (prop_2 -> prop_1),False
12565,"Until you see that (prop_2) implies (prop_3), keep doing (prop_1) or (prop_4) .",(prop_2 | prop_3) U (prop_1 -> prop_4),((prop_1 | prop_4) U (prop_2 -> prop_3)),False
12566,"It is required that at some future time instant the scenario that ( prop_2 ) is equivalent to the scenario that ( prop_3 ) , and that ( prop_1 ) .",prop_1 & F(prop_2 <-> prop_3),F((prop_2 <-> prop_3) & prop_1),False
12567,"At some point finally , if ( prop_2 ) or ( prop_1 ) then ( prop_3 ) .",F((prop_1 | prop_2) -> prop_3),F ((prop_2 | prop_1) -> prop_3),True
12568,"If (prop_2) or (prop_1), then eventually (prop_3) .",(prop_1 | prop_2) -> F prop_3,(prop_2 | prop_1) -> F prop_3,True
12569,don't ( prop_1 ) and at some time ( prop_2 ),!(prop_1 & F prop_2),!prop_1 & Fprop_2,False
12570,always ( prop_1 ) and don't ( prop_2 ),G(prop_1 & !prop_2),G prop_1 & ! prop_2,False
12571,"If ( prop_3 ) happens and continues to happen until ( prop_1 ) or else ( prop_2 ) , or else ( prop_4 ) .",prop_2 | prop_4 | (prop_3 U prop_1),prop_3 U (prop_1 | prop_2 | prop_4),False
12572,forever ( prop_1 ) until ( prop_2 ),G(prop_1 U prop_2),G prop_1 U prop_2,False
12573,"If either (prop_3) or (prop_1) happens, then keep (prop_2) for all time afterward .",(prop_1 | prop_3) -> G prop_2,(prop_3 | prop_1) -> G prop_2,True
12574,do prop_1 right now,prop_1,prop_1,True
12575,"Do (prop_1) if (prop_2) happens, and eventually achieve (prop_3).",(prop_2 -> prop_1) & F prop_3,(prop_2 -> prop_1) & F prop_3,True
12576,"If ( prop_2 ) does not happen , then ( prop_1 ) or ( prop_3 ) happens .",!prop_2 -> (prop_1 | prop_3),!prop_2 -> (prop_1 | prop_3),True
12577,"If (prop_1), then (prop_2), and at the same time make sure (prop_4) and (prop_3) are both true .",prop_3 & prop_4 & (prop_1 -> prop_2),prop_1 -> (prop_2 & prop_4 & prop_3),False
12578,"if repeatedly ( prop_1 ) , when possible ( prop_2 )",GF prop_1 -> F prop_2,G(prop_1 -> F(prop_2)),False
12579,"On condition that ( prop_1 ) , or ( prop_2 ) then the following condition holds : ultimately at a certain time point in the future before the execution ends , ( prop_3 ) .",G((prop_1 | prop_2) -> FG prop_3),(prop_1 | prop_2) -> F prop_3,False
12580,"If (prop_2) is equivalent to (prop_4), then ensure that (prop_1) and (prop_3) happen .",(prop_2 <-> prop_4) -> (prop_1 & prop_3),(prop_2 <-> prop_4) -> (prop_1 & prop_3),True
12581,"The scenario in which you do not do (prop_2) is equivalent to the scenario in which, if you do (prop_1), then you also do (prop_3) .",!prop_2 <-> (prop_1 -> prop_3),!prop_2 <-> (prop_1 -> prop_3),True
12582,"Either not do (prop_3), or if (prop_2) is always true, then (prop_1) must also be true.",!prop_3 | (G prop_2 -> prop_1),!prop_3 | (G prop_2 -> G prop_1),False
12583,"It is always the case that (prop_2) is true and (prop_1), and (prop_3) is not true .",prop_1 & !prop_3 & G prop_2,G(prop_2 & prop_1 & !prop_3),False
12584,"The scenario in which ( prop_1 ) is equivalent to ( prop_2 ) should always be true , and in addition ( prop_3 ) .",prop_3 & G(prop_1 <-> prop_2),G((prop_1 <-> prop_2) & prop_3),False
12585,"If ( prop_4 ) then ( prop_3 ) , or else ( prop_1 ) , or else ( prop_2 ) .",prop_1 | prop_2 | (prop_4 -> prop_3),prop_4 -> prop_3 | !prop_4 & prop_1 | !prop_4 & !prop_1 & prop_2,False
12586,"(prop_1) should not happen, and make sure (prop_2) and (prop_3) both happen .",!prop_1 & prop_2 & prop_3,G(!prop_1 & F(prop_2 & prop_3)),False
12587,If ( prop_1 ) and ( prop_4 ) or ( prop_2 ) then ( prop_3 ) .,(prop_2 | (prop_1 & prop_4)) -> prop_3,((prop_1 & prop_4) | prop_2) -> prop_3,True
12588,"If (prop_1) is always true, then (prop_3) should be equivalent to (prop_2) .",G prop_1 -> (prop_2 <-> prop_3),G prop_1 -> G (prop_3 <-> prop_2),False
12589,(prop_2) until (prop_1). Then (prop_3).,(prop_2 U prop_1) -> prop_3,(prop_2 U prop_1) & X prop_3,False
12590,"If (prop_3) then (prop_2), then if (prop_1), then (prop_4) .",(prop_3 -> prop_2) -> (prop_1 -> prop_4),prop_3 -> (prop_2 -> (prop_1 -> prop_4)),False
12591,It is equivalent to have (prop_2) and (prop_1) happen at the same time to have (prop_3) happen eventually .,(prop_1 & prop_2) <-> F prop_3,(prop_1 & prop_2) <-> F prop_3,True
12592,never ( prop_1 ) until ( prop_2 ),G(!prop_1 U prop_2),G!prop_1 U prop_2,False
12593,"The scenario in which  either ( prop_3 ) or ( prop_1 ) keeps being detected , and ( prop_4 ) keeps being observed , until  ( prop_2 ) .",(prop_4 & (prop_1 | prop_3)) U prop_2,((prop_3 | prop_1) & prop_4) U prop_2,True
12594,"Either ( prop_3 ) is equivalent to ( prop_1 ), or ( prop_4 ) is equivalent to ( prop_2 ).",(prop_1 <-> prop_3) | (prop_2 <-> prop_4),(prop_3 <-> prop_1) | (prop_4 <-> prop_2),True
12595,"If (prop_1) happens, and keep happening until (prop_4), then it is equivalent to the scenario that if (prop_3), then (prop_2) .",(prop_3 -> prop_2) <-> (prop_1 U prop_4),((prop_1 U prop_4) <-> (prop_3 -> prop_2)),True
12596,never ( prop_1 ) and never ( prop_2 ),G(!prop_1 & G!prop_2),G!prop_1 & G!prop_2,True
12597,repeatedly ( prop_1 ) and repeatedly ( prop_2 ),G(F prop_1 & GF prop_2),G F prop_1 & G F prop_2,True
12598,"If not (prop_3), then (prop_5), otherwise while (prop_4), do (prop_2) or (prop_1).",(!prop_3 -> prop_5) | (prop_4 -> (prop_1 | prop_2)),!prop_3 -> prop_5 | (prop_4 -> (prop_2 | prop_1)),True
12599,when possible ( prop_1 ) until never ( prop_2 ),F(prop_1 U G!prop_2),F prop_1 U G !prop_2,False
12600,do not ( prop_1 ) or whenever ( prop_2 ),!(prop_1 | F prop_2),!prop_1 | G(prop_2 -> prop_2),False
12601,It is not the case that ( prop_1 ) is true if and only if ( prop_2 ) is equivalent to ( prop_3 ).,!prop_1 <-> (prop_2 <-> prop_3),!((prop_1 <-> (prop_2 <-> prop_3))),True
12602,"If ( prop_4 ) or ( prop_2 ) and ( prop_3 ) , or ( prop_1 ) .",prop_1 | (prop_3 & (prop_2 | prop_4)),prop_4 | (prop_2 & prop_3) | prop_1,False
12603,"If (prop_4), then (prop_2), and if (prop_1), then (prop_3) .",(prop_4 -> prop_2) & (prop_1 -> prop_3),prop_4 -> prop_2 & prop_1 -> prop_3,False
12604,Do not (prop_1) at this point!,!prop_1,!prop_1,True
12605,"If it is always the case that whenever ( prop_2 ) is detected then as a response ( prop_1 ) should happen , then ( prop_3 ) .",G(prop_2 -> prop_1) -> prop_3,G(prop_2 -> F prop_1) -> prop_3,False
12606,"(prop_1) and (prop_4) are true, and (prop_2) is equivalent to (prop_3) .",prop_1 & prop_4 & (prop_2 <-> prop_3),prop_1 & prop_4 & (prop_2 <-> prop_3),True
12607,never ( prop_1 ) or never ( prop_2 ),G(!prop_1 | G!prop_2),G!prop_1 | G!prop_2,False
12608,"It is required that either ( prop_2 ) is equivalent to ( prop_4 ) keeps true until ( prop_1 ) , or else ( prop_3 ) .",prop_3 | ((prop_2 <-> prop_4) U prop_1),G((prop_2 <-> prop_4) U prop_1 | prop_3),False
12609,"If ( prop_2 ) then ( prop_1 ) and also ( prop_4 ) , is equivalent to ( prop_3 ) .",prop_3 <-> (prop_4 & (prop_2 -> prop_1)),((prop_2 -> (prop_1 & prop_4)) <-> prop_3),False
12610,whenever ( prop_1 ) can infer that repeatedly ( prop_2 ),F prop_1 -> GF prop_2,G(prop_1 -> G(prop_2)),False
12611,Do not do (prop_1) until you do (prop_3) and (prop_2) .,!prop_1 U (prop_2 & prop_3),G(!prop_1 U (prop_3 & prop_2)),False
12612,always ( prop_1 ) or ( prop_2 ),G(prop_1 | prop_2),G prop_1 | prop_2,False
12613,"If ( prop_2 ) is not detected and ( prop_3 ) is detected, or ( prop_1 ) is detected .",prop_1 | (!prop_2 & prop_3),(!prop_2 & prop_3) | prop_1,True
12614,"For each time instant ( prop_3 ) and ( prop_2 ) , or else ( prop_1 ) .",prop_1 | G(prop_2 & prop_3),G((prop_3 & prop_2) | prop_1),False
12615,never ( prop_1 ) until whenever ( prop_2 ),G(!prop_1 U F prop_2),G!((!prop_1) U (prop_2)),False
12616,"If (prop_1) is observed, then do (prop_3), keep this state until (prop_4) or (prop_2) is observed .",(prop_1 -> prop_3) U (prop_2 | prop_4),prop_1 -> (prop_3 U (prop_4 | prop_2)),False
12617,"when always ( prop_1 ) , ( prop_2 )",G prop_1 -> prop_2,G(prop_1) -> prop_2,True
12618,"If ( prop_2 ) is always true and ( prop_3 ) is also true, then ( prop_1 ) should not happen.",(prop_3 & G prop_2) -> !prop_1,G((G prop_2 & prop_3) -> !prop_1),False
12619,"If you do (prop_4) and observe (prop_3), then you should do (prop_1) and (prop_2) .",(prop_3 & prop_4) -> (prop_1 & prop_2),(prop_4 & prop_3) -> (prop_1 & prop_2),True
12620,"If (prop_3) does not happen and (prop_2) does happen, it will be equivalent to the occurrence of (prop_1) eventually.",(prop_2 & !prop_3) <-> F prop_1,(!prop_3 & prop_2) <-> F prop_1,True
12621,"The scenario that ( prop_3 ) or ( prop_2 ) or ( prop_1 ) should happen until at some point in the future , and then at some point after that , ( prop_4 ) should happen .",(prop_1 | prop_2 | prop_3) U prop_4,G((prop_3 | prop_2 | prop_1) U (F prop_4)),False
12622,"It is not the case that ( prop_3 ) happens and continues to happen until ( prop_1 ) is detected , and ( prop_2 ) .",prop_2 & !(prop_3 U prop_1),!((prop_3 U prop_1) & prop_2),False
12623,"If it is the case that ( prop_4 ) implies ( prop_2 ) is equivalent to ( prop_3 ), then implies ( prop_1 ) .",(prop_3 <-> (prop_4 -> prop_2)) -> prop_1,((prop_4 -> prop_2) <-> prop_3) -> prop_1,True
12624,While ( prop_1 ) then in response ( prop_2 ) .,G(prop_1 -> G prop_2),G(prop_1 -> F prop_2),False
12625,"If (prop_4) or (prop_3), and if (prop_1) or (prop_2) .",(prop_3 | prop_4) & (prop_1 | prop_2),((prop_4 | prop_3) & (prop_1 | prop_2)),True
12626,It is always the case that in case that ( prop_2 ) and ( prop_1 ) then in response the condition that without interruption ( prop_3 ) .,G((prop_1 & prop_2) -> !G prop_3),G((prop_2 & prop_1) -> X(prop_3 U !prop_3)),False
12627,at some time ( prop_1 ) until forever ( prop_2 ),F(prop_1 U G prop_2),F (prop_1 U G prop_2),True
12628,"if never ( prop_1 ) , ( prop_2 )",G!prop_1 -> prop_2,!G!prop_1 -> prop_2,False
12629,"Ensure that (prop_3) is equivalent to (prop_2), and eventually, (prop_1) should happen.",(prop_2 <-> prop_3) & F prop_1,(prop_3 <-> prop_2) & F prop_1,True
12630,"If (prop_1) does not happen, then for every instance when (prop_2) happens, (prop_3) should also happen.",!prop_1 -> (G prop_2 -> prop_3),!prop_1 -> G(prop_2 -> prop_3),False
12631,"If ( prop_1 ) then ( prop_2 ) happens at some point , or else ( prop_3 ) , and also ( prop_4 ) .",prop_4 & (prop_3 | (prop_1 -> prop_2)),prop_1 -> (F prop_2 | prop_3) & prop_4,False
12632,"The scenario that ( prop_2 ) is false if and only if the scenario that ( prop_1 ) is true, and this should happen until at some time  point in the future that ( prop_3 ) is observed .",(prop_1 <-> !prop_2) U prop_3,((!prop_2) <-> prop_1) U F prop_3,False
12633,If ( prop_1 ) is equivalent to ( prop_3 ) then ( prop_2 ) .,(prop_1 <-> prop_3) -> prop_2,(prop_1 <-> prop_3) -> prop_2,True
12634,"Globally , when finally ( prop_1 ) , and before this consecutively ( prop_3 ) , then all of the following conditions are true : there will be finally a time in the future before the end of the execution , after which ( prop_2 ) and remains like that in the future until the simulation ends .",G((prop_1 U prop_3) -> FG prop_2),G (F prop_1 & (prop_3 U prop_1) -> F (prop_2 & G prop_2)),False
12635,"The scenario in which at some point ( prop_2 ) or ( prop_3 ) happens and continues to happen until ( prop_4 ) , is equivalent to ( prop_1 ) .",prop_1 <-> ((prop_2 | prop_3) U prop_4),G((prop_1 <-> F((prop_2 | prop_3) U prop_4))),False
12636,do not ( prop_1 ) or at any time ( prop_2 ),!(F prop_1 | F prop_2),!prop_1 | F prop_2,False
12637,"If (prop_4) implies (prop_3), then you can either do (prop_1) or (prop_2) .",(prop_4 -> prop_3) -> (prop_1 | prop_2),((prop_4 -> prop_3) -> (prop_1 | prop_2)),True
12638,"Globally , while ( prop_1 ) then all of the following conditions are true : eventually ( prop_2 ) .",G(prop_1 -> F prop_2),G(prop_1 -> F prop_2),True
12639,"If any of the following happens: (prop_4) or (prop_1), then if (prop_2), then (prop_3) .",(prop_1 | prop_4) -> (prop_2 -> prop_3),((prop_4 | prop_1) -> (prop_2 -> prop_3)),True
12640,For all time (prop_3) happens should be equivalent to the scenario in which (prop_1) is equivalent to (prop_2) .,(prop_1 <-> prop_2) <-> G prop_3,G(prop_3 <-> (prop_1 <-> prop_2)),False
12641,"If ( prop_4 ) or ( prop_3 ) happens , then the scenario is equivalent to the case in which if ( prop_1 ) then ( prop_2 ) .",(prop_1 -> prop_2) <-> (prop_3 | prop_4),F(prop_4 | prop_3) -> G((prop_1 -> prop_2) <-> true),False
12642,"For all time, (prop_1) should be true and at the same time, (prop_3) and (prop_2) should be true .",prop_2 & prop_3 & G prop_1,G(prop_1 & prop_3 & prop_2),False
12643,( prop_1 ) means that forever ( prop_2 ),prop_1 -> G prop_2,prop_1 <-> G prop_2,False
12644,don't ( prop_1 ) and whenever ( prop_2 ),!(F prop_1 & F prop_2),!prop_1 & G(prop_2 -> prop_2),False
12645,( prop_1 ) until never ( prop_2 ),prop_1 U G!prop_2,prop_1 U !F prop_2,True
12646,"( prop_3 ) is not equivalent to ( prop_1 ) , then ( prop_2 ) .",prop_2 | !(prop_1 <-> prop_3),!(prop_3 <-> prop_1) -> prop_2,False
12647,"If (prop_3) is achieved at some point, then either (prop_2) or (prop_1) should have happened .",F prop_3 -> (prop_1 | prop_2),F prop_3 -> G (prop_3 -> (F prop_2 | F prop_1)),False
12648,"Either (prop_2) and (prop_1) should happen at the same time, or else make sure (prop_3) happens at some point in the future .",(prop_1 & prop_2) | F prop_3,(prop_2 & prop_1) | F prop_3,True
12649,"( prop_3 ) implies ( prop_1 ) , and ( prop_2 ) happens if and only if ( prop_4 ) .",(prop_3 -> prop_1) & (prop_2 <-> prop_4),prop_3 -> prop_1 & (prop_2 <-> prop_4),False
12650,"The scenario in which ( prop_4 ) or ( prop_2 ) is detected should be equivalent to the scenario in which ( prop_1 ) is detected , until ( prop_3 ) is detected .",(prop_1 <-> (prop_2 | prop_4)) U prop_3,((prop_4 | prop_2) <-> prop_1) U prop_3,True
12651,In case that ( prop_4 ) and ( prop_3 ) and ( prop_1 ) happens and continues to happen until at some other point ( prop_2 ) .,(prop_1 & prop_3 & prop_4) U prop_2,G((prop_4 & prop_3 & prop_1) U prop_2),False
12652,It is required that the scenario in which ( prop_2 ) is equivalent to ( prop_1 ) to be observed at some point in the future if and only if ( prop_3 ) is true .,prop_3 <-> F(prop_1 <-> prop_2),F(prop_1 <-> prop_2) <-> prop_3,True
12653,"If you do (prop_3) and observe (prop_2), then this should be equivalent to if you had done (prop_1) or (prop_4) .",(prop_2 & prop_3) <-> (prop_1 | prop_4),(prop_3 & prop_2) <-> (prop_1 | prop_4),True
12654,If ( prop_2 ) or the scenario that ( prop_3 ) is detected and in addition ( prop_4 ) is observed then as a result ( prop_1 ) should be true .,(prop_4 & (prop_2 | prop_3)) -> prop_1,((prop_2) | (prop_3 & prop_4)) -> prop_1,False
12655,when possible ( prop_1 ) means that never ( prop_2 ),F prop_1 -> G!prop_2,prop_1 -> G!prop_2,False
12656,"If (prop_4) is equivalent to (prop_3), then (prop_2) implies (prop_1) .",(prop_3 <-> prop_4) -> (prop_2 -> prop_1),(prop_4 <-> prop_3) -> (prop_2 -> prop_1),True
12657,"when whenever ( prop_1 ) , do not ( prop_2 )",F prop_1 -> !prop_2,G(prop_1 -> !prop_2),False
12658,It is not the case that if ( prop_2 ) then ( prop_3 ) happens and this scenario will hold until ( prop_1 ) is detected .,!((prop_2 -> prop_3) U prop_1),!((prop_2 -> prop_3) U prop_1),True
12659,repeatedly ( prop_1 ) until at any time ( prop_2 ),G(F prop_1 U F prop_2),G(prop_1 U prop_2),False
12660,"If (prop_3), then do (prop_1), but stop if you see (prop_4) and (prop_2) at the same time .",(prop_3 -> prop_1) U (prop_2 & prop_4),prop_3 -> (prop_1 U (prop_4 & prop_2)),False
12661,finally prop_1 and always do not prop_2,F prop_1 & G!prop_2,F prop_1 & G !prop_2,True
12662,Always (prop_1),G prop_1,G prop_1,True
12663,"If ( prop_4 ) is equivalent to ( prop_3 ) or else ( prop_1 ) , then ( prop_2 ) .",(prop_1 | (prop_3 <-> prop_4)) -> prop_2,((prop_4 <-> prop_3) | prop_1) -> prop_2,True
12664,"(prop_1). Once (prop_2), (prop_3)",prop_1 & (prop_2 U prop_3),prop_1 & G(prop_2 -> F prop_3),False
12665,"For each time instant ( prop_1 ) is equivalent to ( prop_3 ) , or else ( prop_2 ) .",prop_2 | G(prop_1 <-> prop_3),G((prop_1 <-> prop_3) | prop_2),False
12666,"(prop_2), then (prop_4) and (prop_5), until (prop_3) and (prop_1).",prop_2 -> ((prop_4 & prop_5) U (prop_1 & prop_3)),prop_2 & (prop_4 & prop_5) U (prop_3 & prop_1),False
12667,"In case that ( prop_3 ) or ( prop_2 ) is happening until a time point that ( prop_1 ) should occur , then as a result ( prop_4 ) .",((prop_2 | prop_3) U prop_1) -> prop_4,((prop_3 | prop_2) U prop_1) -> prop_4,True
12668,The scenarios in which (prop_2) and (prop_3) are true at the same time are equivalent to the scenarios in which (prop_1) happens and then (prop_4) happens .,(prop_1 -> prop_4) <-> (prop_2 & prop_3),G((prop_2 & prop_3) <-> (prop_1 U prop_4)),False
12669,"The scenario that ( prop_1 ) or the scenario that ( prop_3 ) should always be true until ( prop_2 ) happens at some point in the future , and also ( prop_4 ) should be true .",prop_4 & ((prop_1 | prop_3) U prop_2),G((prop_1 | prop_3) U prop_2) & prop_4,False
12670,"If (prop_2) then (prop_1), then (prop_4) should be equivalent to (prop_3) .",(prop_2 -> prop_1) -> (prop_3 <-> prop_4),G((prop_2 -> prop_1) -> (prop_4 <-> prop_3)),False
12671,"If eventually ( prop_1 ) happens, then ( prop_2 ) should also happen, or else ( prop_3 ) should not happen.",!prop_3 | (F prop_1 -> prop_2),F prop_1 -> (F prop_2 | !F prop_3),False
12672,always ( prop_1 ) or never ( prop_2 ),G(prop_1 | G!prop_2),G prop_1 | !F prop_2,False
12673,It should be the case that if (prop_1) then (prop_3) happens if and only if (prop_2) finally happens .,(prop_1 -> prop_3) <-> F prop_2,prop_1 -> (prop_3 <-> F prop_2),False
12674,It should be the case that eventually (prop_2) will happen if and only if (prop_3) and (prop_1) are equal .,(prop_1 <-> prop_3) <-> F prop_2,F prop_2 <-> (prop_3 <-> prop_1),True
12675,"If it is not the case that ( prop_1 ) or ( prop_3 ) , then ( prop_2 ) .",!(prop_1 | prop_3) -> prop_2,!(prop_1 | prop_3) -> prop_2,True
12676,"It is always the case that when ( prop_1 ) then the following condition is true : for each moment in the future there has to exist a certain time point in the future , at which ultimately ( prop_2 ) .",G(prop_1 -> GF prop_2),G(prop_1 -> G(F(prop_2))),True
12677,"If at some point ( prop_1 ) happens and continues to happen until ( prop_2 ) is detected , or else ( prop_4 ) , then ( prop_3 ) .",(prop_4 | (prop_1 U prop_2)) -> prop_3,G ( (F (prop_1 U prop_2)) | prop_4 ) -> prop_3,False
12678,If ( prop_1 ) is equivalent to ( prop_4 ) then ( prop_3 ) happens and this scenario will hold until ( prop_2 ) is detected .,((prop_1 <-> prop_4) -> prop_3) U prop_2,((prop_1 <-> prop_4) -> (prop_3 U prop_2)),False
12679,"If (prop_4) and (prop_3) are equivalent, or if (prop_1), then (prop_2) .",(prop_3 <-> prop_4) | (prop_1 -> prop_2),((prop_4 <-> prop_3) | prop_1) -> prop_2,False
12680,"If (prop_2) and (prop_4), then if (prop_3) then (prop_1) .",(prop_2 & prop_4) -> (prop_3 -> prop_1),((prop_2 & prop_4) -> (prop_3 -> prop_1)),True
12681,( prop_1 ) and never ( prop_2 ),prop_1 & G!prop_2,prop_1 & G !prop_2,True
12682,"(prop_2) and (prop_4), and (prop_1) and (prop_3) should all happen .",prop_1 & prop_2 & prop_3 & prop_4,prop_2 & prop_4 & prop_1 & prop_3,True
12683,"If (prop_2) and (prop_4), then either (prop_3) or (prop_1) .",(prop_2 & prop_4) -> (prop_1 | prop_3),(prop_2 & prop_4) -> (prop_3 | prop_1),True
12684,"It is required that at a certain point ( prop_3 ) and ( prop_2 ) , or else ( prop_1 ) .",prop_1 | F(prop_2 & prop_3),G (F (prop_3 & prop_2) | prop_1),False
12685,"( prop_1 ) is detected or ( prop_3 ) is detected, and ( prop_2 ) should be observed as well .",prop_2 & (prop_1 | prop_3),(prop_1 | prop_3) & prop_2,True
12686,"Ensure that (prop_1) happens soon, but do not let (prop_3) occur until after (prop_2).",F prop_1 & (!prop_3 U prop_2),F prop_1 & (!prop_3 U prop_2),True
12687,"If (prop_1) is equivalent to (prop_2), then (prop_3) should be equivalent to (prop_4) .",(prop_1 <-> prop_2) -> (prop_3 <-> prop_4),(prop_1 <-> prop_2) -> (prop_3 <-> prop_4),True
12688,"If at some point ( prop_1 ) then ( prop_3 ) happens and this scenario will hold until at some other point ( prop_4 ) is detected , and ( prop_2 ) .",prop_2 & ((prop_1 -> prop_3) U prop_4),F(prop_1) -> (F(prop_3) & (prop_3 U F(prop_4)) & prop_2),False
12689,"Either ( prop_2 ) is equivalent to ( prop_3 ), or both ( prop_1 ) and ( prop_4 ) are true.",(prop_2 <-> prop_3) | (prop_1 & prop_4),(prop_2 <-> prop_3) | (prop_1 & prop_4),True
12690,"Either eventually (prop_3) should happen, or ensure that (prop_2) does not happen while (prop_1) does happen.",(prop_1 & !prop_2) | F prop_3,F prop_3 | G (!prop_2 & prop_1),False
12691,"If (prop_4) holds until (prop_2), then (prop_1) should be equivalent to (prop_3) .",(prop_4 U prop_2) -> (prop_1 <-> prop_3),(prop_4 U prop_2) -> (prop_1 <-> prop_3),True
12692,"( prop_1 ) and ( prop_4 ) should happen at the same time , and this situation should continue until ( prop_2 ) is equivalent to the scenario in which ( prop_3 ) happens .",(prop_1 & prop_4) U (prop_2 <-> prop_3),(prop_1 & prop_4) U (prop_2 <-> prop_3),True
12693,"For each time instant in the future if ( prop_3 ) then ( prop_1 ) , and also ( prop_2 ) .",prop_2 & G(prop_3 -> prop_1),G (prop_3 -> (prop_1 & prop_2)),False
12694,at any time ( prop_1 ) or do not ( prop_2 ),F(prop_1 | !prop_2),G(prop_1 | !prop_2),False
12695,( prop_1 ) until don't ( prop_2 ),prop_1 U !F prop_2,prop_1 U !prop_2,False
12696,"If (prop_3), then (prop_2), or else keep (prop_1) until (prop_4) happens .",(prop_3 -> prop_2) | (prop_1 U prop_4),prop_3 -> (prop_2 | (prop_1 U prop_4)),True
12697,"Either (prop_2) or (prop_1) should happen, or else (prop_3) is not true .",prop_1 | prop_2 | !prop_3,F (prop_2 | prop_1) | !prop_3,False
12698,"If at some point ( prop_3 ) then ( prop_2 ) happens or else ( prop_1 ) , this scenario will hold until ( prop_4 ) .",(prop_1 | (prop_3 -> prop_2)) U prop_4,G((F prop_3) -> ((prop_2 | prop_1) U prop_4)),False
12699,Either ( prop_1 ) or ( prop_2 ) is true if and only if either ( prop_3 ) or ( prop_4 ) is true.,(prop_1 | prop_2) <-> (prop_3 | prop_4),((prop_1 | prop_2) <-> (prop_3 | prop_4)),True
12700,"If ( prop_3 ) is equivalent to ( prop_4 ) , then ( prop_1 ) , and ( prop_2 ) .",prop_2 & ((prop_3 <-> prop_4) -> prop_1),((prop_3 <-> prop_4) -> prop_1) & prop_2,True
12701,"It is always the case that either ( prop_1 ) or the event that ( prop_3 ) gets detected, and ( prop_2 ) .",prop_2 & G(prop_1 | prop_3),G(prop_1 | (F prop_3 & prop_2)),False
12702,"( prop_3 ) does not happen is equivalent to ( prop_2 ) happens , or else ( prop_1 ) .",prop_1 | (prop_2 <-> !prop_3),(!prop_3 <-> prop_2) | prop_1,True
12703,"If at some point ( prop_3 ) is not detected or ( prop_2 ) happens , then this scenario will hold until at some other point ( prop_1 ) is detected .",(prop_2 | !prop_3) U prop_1,G((F(!prop_3 | prop_2)) -> (G(!prop_1) U F(prop_1))),False
12704,The scenario in which ( prop_1 ) happens and continues to happen until ( prop_3 ) is equivalent to the scenario in which ( prop_2 ) .,prop_2 <-> (prop_1 U prop_3),((prop_1 U prop_3) <-> prop_2),True
12705,"If (prop_3) and (prop_4), then keep (prop_2) until (prop_1) happens .",(prop_3 & prop_4) -> (prop_2 U prop_1),(prop_3 & prop_4) -> (prop_2 U prop_1),True
12706,It is not the case that either ( prop_2 ) happens and continues to happen until ( prop_1 ) or else ( prop_3 ) .,!(prop_3 | (prop_2 U prop_1)),!((prop_2 U prop_1) | prop_3),True
12707,"If ( prop_4 ) or ( prop_2 ) happens , then the scenario in which ( prop_3 ) happens is equivalent to the scenario in which ( prop_1 ) happens .",(prop_2 | prop_4) -> (prop_1 <-> prop_3),((prop_4 | prop_2) -> (prop_3 <-> prop_1)),True
12708,The scenario in which (prop_1) does not happen is equivalent to the scenario where eventually (prop_2) happens and (prop_3) happens.,!prop_1 <-> (prop_3 & F prop_2),!prop_1 <-> (F prop_2 & prop_3),True
12709,"If ( prop_2 ) then ( prop_3 ) happens and this scenario holds until ( prop_1 ) , this is equivalent to ( prop_4 ) .",prop_4 <-> ((prop_2 -> prop_3) U prop_1),((prop_2 -> prop_3) U prop_1) <-> prop_4,True
12710,do not ( prop_1 ) and ( prop_2 ),!(prop_1 & prop_2),! (prop_1 & prop_2),True
12711,"If (prop_4) is observed and (prop_1) occurs, then (prop_3) should be equivalent to (prop_2) .",(prop_1 & prop_4) -> (prop_2 <-> prop_3),prop_4 & prop_1 -> (prop_3 <-> prop_2),True
12712,"(prop_2), then (prop_4). Gradually (prop_1) while (prop_3) the entire time.",(prop_2 -> prop_4) & G(prop_1 & prop_3),(prop_2 -> X prop_4) & G(prop_1 & prop_3),False
12713,"Until (prop_1) happens and then implies (prop_4) is true, keep (prop_2) being equivalent to (prop_3) .",(prop_1 <-> prop_4) U (prop_2 -> prop_3),G((prop_2 <-> prop_3) U (prop_1 & (prop_1 -> prop_4))),False
12714,"If ( prop_1 ) then ( prop_3 ) , then ( prop_4 ) , and also ( prop_2 ) .",prop_2 & ((prop_1 -> prop_3) -> prop_4),prop_1 -> (prop_3 & prop_4 & prop_2),False
12715,"If ( prop_4 ) happens and continues to happen until ( prop_3 ) is detected , as well as ( prop_2 ) , then ( prop_1 ) .",(prop_2 & (prop_4 U prop_3)) -> prop_1,((prop_4 U prop_3) & prop_2) -> prop_1,True
12716,when possible ( prop_1 ) or don't ( prop_2 ),F(prop_1 | !F prop_2),G(prop_1 | !prop_2),False
12717,"The scenario that ( prop_3 ) is equivalent to the scenario that ( prop_4 ) until the scenario that ( prop_2 ) happens , and ( prop_1 ) .",prop_1 & ((prop_3 <-> prop_4) U prop_2),prop_3 <-> (prop_4 U prop_2) & prop_1,False
12718,"If (prop_2) happens until (prop_4), then either (prop_1) or (prop_3) should be true .",(prop_2 U prop_4) -> (prop_1 | prop_3),((prop_2 U prop_4) -> (prop_1 | prop_3)),True
12719,"It is the case that ( prop_2 ) then ( prop_3 ) , and the above scenario is equivalent to ( prop_4 ) , or else ( prop_1 ) .",prop_1 | (prop_4 <-> (prop_2 -> prop_3)),((prop_2 -> prop_3) <-> prop_4) | prop_1,True
12720,"If (prop_1), then do (prop_4) or if (prop_2), then do (prop_3) .",(prop_1 -> prop_4) | (prop_2 -> prop_3),prop_1 -> prop_4 | prop_2 -> prop_3,False
12721,It is not the case that ( prop_2 ) is equivalent to ( prop_1 ) if and only if ( prop_3 ) .,prop_3 <-> !(prop_1 <-> prop_2),!((prop_2 <-> prop_1) <-> prop_3),True
12722,"For all time (prop_1) happens is equivalent to the scenario in which if (prop_2) is not true, then (prop_3) is true .",(!prop_2 -> prop_3) <-> G prop_1,G(prop_1 <-> (!prop_2 -> prop_3)),False
12723,"( prop_2 ) will not happen is equivalent to ( prop_3 ) , and is equivalent to ( prop_1 ) .",prop_1 <-> (!prop_2 <-> prop_3),(!prop_2 <-> prop_3) & (prop_3 <-> prop_1),False
12724,always ( prop_1 ) until when possible ( prop_2 ),G(prop_1 U F prop_2),G(prop_1 U F(prop_2)),True
12725,"Eventually it will not be the case that ( prop_3 ) or ( prop_1 ) is detected , and ( prop_2 ) .",F(prop_2 & !(prop_1 | prop_3)),F(!(prop_3 | prop_1) & prop_2),True
12726,"Globally , while ( prop_3 ) , or ( prop_2 ) then the condition that ( prop_1 ) .",G((prop_2 | prop_3) -> !F prop_1),G ((prop_3 | prop_2) -> prop_1),False
12727,do not ( prop_1 ) or ( prop_2 ),!(prop_1 | prop_2),!prop_1 | prop_2,False
12728,"If ( prop_2 ) and ( prop_6 ), then ( prop_4 ) until ( prop_5 ) happens , and ( prop_1 ) until ( prop_3 ) does not happen .",((prop_2 & prop_6) -> (prop_4 U prop_5)) & (prop_1 U !prop_3),(prop_2 & prop_6) -> ((prop_4 U prop_5) & (prop_1 U !prop_3)),False
12729,"( prop_2 ) or ( prop_3 ) and also ( prop_1 ) , and ( prop_4 ) .",prop_1 & prop_4 & (prop_2 | prop_3),prop_2 | prop_3 & prop_1 & prop_4,False
12730,"If at some point ( prop_2 ) then ( prop_1 ) happens and this scenario will hold until ( prop_4 ) is detected , or else ( prop_3 ) .",prop_3 | ((prop_2 -> prop_1) U prop_4),F(prop_2) -> ((prop_1) U (prop_4) | prop_3),False
12731,when possible ( prop_1 ) until repeatedly ( prop_2 ),F(prop_1 U GF prop_2),F (prop_1 U G prop_2),False
12732,If at some point ( prop_3 ) or ( prop_4 ) or ( prop_2 ) and( prop_1 ) .,prop_1 & (prop_2 | prop_3 | prop_4),F (prop_3 | prop_4 | (prop_2 & prop_1)),False
12733,"If ( prop_1 ) happens and continues to happen until ( prop_4 ) is detected , then ( prop_3 ) , or else ( prop_2 ) .",prop_2 | ((prop_1 U prop_4) -> prop_3),((prop_1 U prop_4) -> prop_3) | prop_2,True
12734,"If ( prop_2 ) then ( prop_4 ) , then ( prop_1 ) , or else ( prop_3 ) .",prop_3 | ((prop_2 -> prop_4) -> prop_1),prop_2 -> (prop_4 -> (prop_1 | prop_3)),False
12735,If ( prop_1 ) is not the case and ( prop_3 ) is the case then ( prop_2 ) has to be the case .,(!prop_1 & prop_3) -> prop_2,(!prop_1 & prop_3) -> prop_2,True
12736,"The scenario that ( prop_3 ) happens until ( prop_1 ) happens , or the scenario that ( prop_2 ) is detected , and also the scenario that ( prop_4 ) is detected .",prop_4 & (prop_2 | (prop_3 U prop_1)),(prop_3 U prop_1) | (prop_2 & prop_4),False
12737,"If ( prop_2 ) happens and continues to happen until ( prop_4 ) , then ( prop_1 ) , as well as ( prop_3 ) .",prop_3 & ((prop_2 U prop_4) -> prop_1),G((prop_2 U prop_4) -> (prop_1 & prop_3)),False
12738,If ( prop_1 ) then ( prop_2 ) happens and this scenario continues until if ( prop_3 ) then ( prop_4 ) .,(prop_1 -> prop_2) U (prop_3 -> prop_4),G((prop_1 -> prop_2) U (prop_3 -> prop_4)),False
12739,"It is required that either at some point in the future the scenario in which ( prop_2 ) or ( prop_3 ) should be detected finally , or else ( prop_1 ) .",prop_1 | F(prop_2 | prop_3),F (prop_2 | prop_3) | prop_1,True
12740,"It is required that eventually (prop_1) should happen and be equivalent to (prop_2), and in the meantime (prop_3) should not happen .",!prop_3 & (prop_2 <-> F prop_1),F (prop_1 <-> prop_2) & G (!prop_3 U (prop_1 <-> prop_2)),False
