Index,Requirement,Ground Truth,Response,Equivalent
5089,"every time both the train derails and the escalator moves then finally, a train has arrived",G((escalator_moves & train_derails) -> F train_has_arrived),G((train_derails & escalator_moves) -> F train_has_arrived),True
5090,repeatedly go_to pear or at some time obtain apple,GF go_to_pear | F obtain_apple,GF(go_to_pear) | F(obtain_apple),True
5091,"when walk , pick_up orange",walk -> pick_up_orange,G(walk -> pick_up_orange),False
5092,"after both the manager handles requests and the bar is down, in the future the elevator is blocked or a constructor creates instances",G((bar_is_down & manager_handles_requests) -> F(constructor_creates_instances | elevator_is_blocked)),F((manager_handles_requests & bar_is_down) -> F(elevator_is_blocked | constructor_creates_instances)),False
5093,"When get_help happens, photo the jaywalker on northwest_9th_avenue must hold now or in the next step.",G(get_help -> (photo_jaywalker_northwest_9th_avenue | X photo_jaywalker_northwest_9th_avenue)),G(get_help -> (photo_jaywalker_northwest_9th_avenue | X photo_jaywalker_northwest_9th_avenue)),True
5094,"Always eventually visit charger_1, and eventually you at house_4 to get box_4 and at house_9 and put it down",GF charger_1 & F(house_4 & F(box_4 & F(house_9 & pd))),GF charger_1 & F (house_4 & box_4 & F (house_9 & pd)),False
5095,"first, in the future the engine stops or a train is crossing, and then, sooner or later a bridge closes",G!(engine_stops | train_is_crossing) | F((engine_stops | train_is_crossing) & F bridge_closes),F(engine_stops | train_is_crossing) & F(F(bridge_closes)),False
5096,"whenever a motorbike falls down and a table has been moved then always, either the bar is down or the sensor retrieves data",G((motorbike_falls_down & table_has_been_moved) -> G(bar_is_down | sensor_retrieves_data)),G((motorbike_falls_down & table_has_been_moved) -> G(bar_is_down | sensor_retrieves_data)),True
5097,"Do not enter building 3 until you arrive at garage 3, and once there, remain in building 3",(!building_3 U garage_3) & FG building_3,(!building_3 U garage_3) & G(garage_3 -> G building_3),False
5098,if both the table is old and the constructor creates instances then sooner or later either the car stops or the escalator is blocked,G((constructor_creates_instances & table_is_old) -> F(car_stops | escalator_is_blocked)),(table_is_old & constructor_creates_instances) -> F(car_stops | escalator_is_blocked),False
5099,"Look for the toothbrush must keep holding until, from some point on, get_help holds infinitely often.",search_toothbrush U GF get_help,search_toothbrush U G F get_help,True
5100,Staying in parking lot 9 at all times,G parking_lot_9,G parking_lot_9,True
5101,at some time advance_to house and hold pear,hold_pear & F advance_to_house,F(advance_to_house & hold_pear),False
5102,never let_go and when possible touch tree,G!let_go & F touch_tree,G(!let_go) & F(touch_tree),True
5103,take_to trashcan or do not let_go orange,!let_go_orange | take_to_trashcan,take_to_trashcan | !let_go_orange,True
5104,at no time the bar has to be repaired and together a train has arrived and the escalator speeds up,G!(bar_has_to_be_repaired & escalator_speeds_up & train_has_arrived),G(!(bar_has_to_be_repaired & train_has_arrived & escalator_speeds_up)),True
5105,at any time travel_to flag and when possible grasp apple,F travel_to_flag & F grasp_apple,G(travel_to_flag) & F(grasp_apple),False
5106,go_by waste bin until go_by waste bin,go_by_waste_bin,go_by_waste_bin U go_by_waste_bin,True
5107,Continuously take pictures of street_3,GF(photo & street_3),G(photo & street_3),False
5108,Avoid picking up cone 2 until you have reached intersection 4,!p_cone_2 U intersection_4,!p_cone_2 U intersection_4,True
5109,venture_towards house and never drop apple,venture_towards_house & G!drop_apple,venture_towards_house & G(!drop_apple),True
5110,"Stay away from the nearest_debris and get_help never coincide, yet one of them is always true.",G!(avoid_nearest_debris & get_help) & G(avoid_nearest_debris | get_help),G(!(avoid_nearest_debris & get_help) & (avoid_nearest_debris | get_help)),True
5111,"forever, the semaphore is red or the engine stops",G(engine_stops | semaphore_is_red),G(semaphore_is_red | engine_stops),True
5112,the house is built involves that always when a sensor retrieves data then at some point in time a train derails,G(house_is_built -> G(sensor_retrieves_data -> F train_derails)),house_is_built -> G(sensor_retrieves_data -> F train_derails),False
5113,at any time come home and at any time secure pear,F come_home & F secure_pear,(GF come_home) & (GF secure_pear),False
5114,Avoid entering room 2 until you take bottle 4 from kitchen 1 and place it on table 4,!room_2 U (kitchen_1 & F(p_bottle_4 & F(pd & table_4))),!(room_2) U (p_bottle_4 & kitchen_1 & table_4),False
5115,repeatedly go_to pear and when possible collect apple,GF go_to_pear & F collect_apple,GF(go_to_pear) & GF(collect_apple),False
5116,in the future the engine breaks and together a manager handles requests and the train stops,F(engine_breaks & manager_handles_requests & train_stops),F(engine_breaks & manager_handles_requests & train_stops),True
5117,"Do not go to intersection 1 before arriving at street 6, and ensure you take cone 3 from street 2 and place it in intersection 1",(!intersection_1 U street_6) & F(street_2 & F(p_cone_3 & F(intersection_1 & pd))),(!intersection_1 U street_6) & F(street_2 & p_cone_3) & F(intersection_1 & p_cone_3),False
5118,"after both the car starts and a table is brown, in the future the house is open and the bridge opens",G((car_starts & table_is_brown) -> F(bridge_opens & house_is_open)),(car_starts & table_is_brown) -> F (house_is_open & bridge_opens),False
5119,"Globally, it is not the case that both record safe_person and get_help hold simultaneously.",G!(get_help & record_safe_person),G(!(record_safe_person & get_help)),True
5120,"sooner or later both the car starts and the bar is down and, it is going to happen that the engine stops or the constructor instantiate objects afterwards",G!(bar_is_down & car_starts) | F(bar_is_down & car_starts & F(constructor_instantiate_objects | engine_stops)),F((car_starts & bar_is_down) & F(engine_stops | X constructor_instantiate_objects)),False
5121,whenever secure pear and whenever be_at flag,F secure_pear & F be_at_flag,G(secure_pear) & G(be_at_flag),False
5122,hold_on_to pear and never drop apple,hold_on_to_pear & G!drop_apple,hold_on_to_pear & G(!drop_apple),True
5123,it will not happen that both a constructor creates instances and a bridge opens,G!(bridge_opens & constructor_creates_instances),!(constructor_creates_instances & bridge_opens),False
5124,Take a picture of the pedestrian on west_5th_avenue can only happen after recording the person on southeast_2nd_avenue.,!photo_pedestrian_west_5th_avenue U record_person_southeast_2nd_avenue,!photo_pedestrian_west_5th_avenue U record_person_southeast_2nd_avenue,True
5125,"From some point onwards, deliver the broccoli to the loading_dock never occurs again.",FG!deliver_broccoli_loading_dock,FG(!deliver_broccoli_loading_dock),True
5126,"if forever moving , at some time stop_by house",G moving -> F stop_by_house,G moving -> F stop_by_house,True
5127,Repeatedly photograph area_51 while ensuring you also return to charger_4 regularly,GF(area_51 & photo) & GF charger_4,GF(photo & area_51) & GF(charger_4),True
5128,take_to trash can and forever have apple,take_to_trash_can & G have_apple,take_to_trash_can & G have_apple,True
5129,"From some point onwards, communicate the safe_hostile never occurs again.",FG!communicate_safe_hostile,FG(!communicate_safe_hostile),True
5130,Eventually go to table 4 and remain there permanently,FG table_4,F G table_4,True
5131,at a certain moment the motorbike catches fire and the motorbike has started after either the engine breaks or a bridge closes,G((bridge_closes | engine_breaks) -> F(motorbike_catches_fire & motorbike_has_started)),F(motorbike_catches_fire & ( (engine_breaks | bridge_closes) U motorbike_has_started )),False
5132,"This controller must eventually, avoid going home.",F!go_home,F(!go_home),True
5133,if the motorbike falls down or a house collapses then all the time the bar is down and a semaphore is red,G((house_collapses | motorbike_falls_down) -> G(bar_is_down & semaphore_is_red)),(motorbike_falls_down | house_collapses) -> G(bar_is_down & semaphore_is_red),False
5134,repeatedly go_to waste basket until venture_to trash can,GF go_to_waste_basket U venture_to_trash_can,(G go_to_waste_basket) U venture_to_trash_can,False
5135,in the future a manager handles requests or the engine breaks,F(engine_breaks | manager_handles_requests),F(manager_handles_requests | engine_breaks),True
5136,Put package_4 in house_4 after you get it from store_2,F(store_2 & F(p_package_4 & F(house_4 & pd))),F(p_package_4 & store_2 & F(p_package_4 & house_4)),False
5137,"At every step, search the knife equals the value of deliver the donut to the shelf in the next step.",G(search_knife <-> X deliver_donut_shelf),G(search_knife <-> X deliver_donut_shelf),True
5138,Take a video of the person on southeast_3rd_street and get_help are mutually exclusive at all times.,G!(get_help & record_person_southeast_3rd_street),G(!(record_person_southeast_3rd_street & get_help)),True
5139,"first, it will happen that the motorbike falls down or a manager collect claims, and then, finally, both an elevator is open and a train has arrived",G!(manager_collect_claims | motorbike_falls_down) | F((manager_collect_claims | motorbike_falls_down) & F(elevator_is_open & train_has_arrived)),F((motorbike_falls_down | manager_collect_claims) & F(elevator_is_open & train_has_arrived)),False
5141,"each time the brake is pressed then as a train derails, sooner or later the escalator moves",G(brake_is_pressed -> G(train_derails -> F escalator_moves)),G((brake_is_pressed & train_derails) -> F escalator_moves),False
5142,"If record unsafe_rescuer ever holds, avoid the nearest_debris must have held beforehand.",F record_unsafe_rescuer -> (!record_unsafe_rescuer U (avoid_nearest_debris & !record_unsafe_rescuer)),G(record_unsafe_rescuer -> (!avoid_nearest_debris U record_unsafe_rescuer)),False
5143,"The system must eventually, avoid delivering the motorbike to the shelf.",F!deliver_motorbike_shelf,F(!deliver_motorbike_shelf),True
5144,"first, eventually, both a motorbike catches fire and the car enters, and then, in the future either the table is brown or the motorbike has started",G!(car_enters & motorbike_catches_fire) | F(car_enters & motorbike_catches_fire & F(motorbike_has_started | table_is_brown)),F((motorbike_catches_fire & car_enters) & F(table_is_brown | motorbike_has_started)),False
5145,it will happen that a train derails after both the car stops and an elevator is blocked,G((car_stops & elevator_is_blocked) -> F train_derails),F((car_stops & elevator_is_blocked) -> F train_derails),False
5146,"if the sensor captures data and a car stops then finally, the train derails",G((car_stops & sensor_captures_data) -> F train_derails),(sensor_captures_data & car_stops) -> F train_derails,False
5147,"first, finally, either the bar is down or a motorbike falls down, and then, at some point the motorbike catches fire and a semaphore is red",G!(bar_is_down | motorbike_falls_down) | F((bar_is_down | motorbike_falls_down) & F(motorbike_catches_fire & semaphore_is_red)),F((bar_is_down | motorbike_falls_down) & F(motorbike_catches_fire & semaphore_is_red)),False
5148,never let_go apple or at any time get pear,G!let_go_apple | F get_pear,G(!let_go_apple) | F(get_pear),True
5149,"Globally, it is not the case that both idle and deliver the vase to the loading_dock hold simultaneously.",G!(deliver_vase_loading_dock & idle),G(!(idle & deliver_vase_loading_dock)),True
5150,at any time tax apple and forever go_by trash can,F tax_apple & G go_by_trash_can,G(tax_apple & G go_by_trash_can),False
5151,whenever pick_up apple or whenever stop_by trash can,F pick_up_apple | F stop_by_trash_can,G(pick_up_apple | stop_by_trash_can),False
5152,Stay away from parking_lot_4 until building_8 is reached,!parking_lot_4 U building_8,(!parking_lot_4) U building_8,True
5153,never drop orange or reach house,reach_house | G!drop_orange,G(!(drop_orange | reach_house)),False
5154,take_to trashcan and repeatedly grab tree,take_to_trashcan & GF grab_tree,take_to_trashcan & GF grab_tree,True
5155,"If deliver the sink to the loading_dock holds and search the dining_table holds next, then pickup the stop_signing holds in the step after that.",G((deliver_sink_loading_dock & X search_dining_table) -> XX pickup_stop_sign),(deliver_sink_loading_dock & X search_dining_table) -> XX pickup_stop_sign,False
5156,"at some point a sensor gathers information and, it is going to happen that the train derails and the manager handles requests afterwards",G!sensor_gathers_information | F(sensor_gathers_information & F(manager_handles_requests & train_derails)),F(sensor_gathers_information & F(train_derails & X manager_handles_requests)),False
5157,never drop orange and drop orange,drop_orange & G!drop_orange,!(G(!drop_orange) & drop_orange),False
5158,when possible get_hold orange and don't let_go pear,!let_go_pear & F get_hold_orange,G(get_hold_orange & !let_go_pear),False
5159,"every time either the escalator moves or a train has arrived then eventually, both the bar is down and the car starts",G((escalator_moves | train_has_arrived) -> F(bar_is_down & car_starts)),G((escalator_moves | train_has_arrived) -> F(bar_is_down & car_starts)),True
5160,"Whenever record the car on northwest_6th_avenue and photo the jaywalker on north_1st_avenue are equal, photo the jaywalker on north_1st_avenue and get_help are equal as well.",G((photo_jaywalker_north_1st_avenue <-> record_car_northwest_6th_avenue) -> (get_help <-> photo_jaywalker_north_1st_avenue)),G((record_car_northwest_6th_avenue <-> photo_jaywalker_north_1st_avenue) -> (photo_jaywalker_north_1st_avenue <-> get_help)),True
5161,if both the engine starts and a table is old then every time the escalator is blocked or the escalator moves,G((engine_starts & table_is_old) -> G(escalator_is_blocked | escalator_moves)),(engine_starts & table_is_old) -> G(escalator_is_blocked | escalator_moves),False
5162,"Take a photo of the vehicle on south_5th_avenue must hold until change light_north yellow does, or else photo the vehicle on south_5th_avenue holds forever.",(photo_vehicle_south_5th_avenue U change_light_north_yellow) | G photo_vehicle_south_5th_avenue,(photo_vehicle_south_5th_avenue U change_light_north_yellow) | G photo_vehicle_south_5th_avenue,True
5163,"Whenever photo injured_victim holds, deliver_aid the safe_hostile holds exactly three steps later.",G(photo_injured_victim -> XXX deliver_aid_safe_hostile),G(photo_injured_victim -> X X X deliver_aid_safe_hostile),True
5164,"first, it will happen that an elevator falls or the brake is pressed, and then, it is going to happen that both a car starts and a semaphore is red",G!(brake_is_pressed | elevator_falls) | F((brake_is_pressed | elevator_falls) & F(car_starts & semaphore_is_red)),F(elevator_falls | brake_is_pressed) & F(car_starts & semaphore_is_red),False
5165,when possible withhold apple or never drop apple,F withhold_apple | G!drop_apple,G(withhold_apple | G(!drop_apple)),False
5166,"Take a picture of statue 6 after reaching it, and make sure you stay within park 5",F(photo & statue_6) & G park_5,F(statue_6 & X photo) & G(park_5),False
5167,Do not pick up cone 2 until you go to intersection 4,!p_cone_2 U intersection_4,!p_cone_2 U intersection_4,True
5168,visit tree or at some time travel_to flag,visit_tree | F travel_to_flag,visit_tree | F travel_to_flag,True
5169,The robot must always have either record the jaywalker on northwest_4th_avenue or photo the motorcycle on north_2nd_avenue.,G(photo_motorcycle_north_2nd_avenue | record_jaywalker_northwest_4th_avenue),G(record_jaywalker_northwest_4th_avenue | photo_motorcycle_north_2nd_avenue),True
5170,"If every idle is eventually followed by pickuping the zebra, then pickup the knife must occur infinitely often.",G(idle -> F pickup_zebra) -> GF pickup_knife,(G(idle -> F pickup_zebra)) -> GF pickup_knife,True
5171,every time the train has arrived then at some point in time a motorbike has started and the bar is down,G(train_has_arrived -> F(bar_is_down & motorbike_has_started)),G(train_has_arrived -> F(motorbike_has_started & bar_is_down)),True
5172,"From some point onwards, get_help never occurs again.",FG!get_help,FG !get_help,True
5173,Ensure you find cone 5 at intersection 5 and then transport it to street 2,F(intersection_5 & F(p_cone_5 & F(pd & street_2))),F(p_cone_5 & intersection_5 & F(pd & street_2)),False
5174,"after either the manager collect claims or the sensor gathers information, it is always true that the semaphore is yellow",G((manager_collect_claims | sensor_gathers_information) -> G semaphore_is_yellow),F((manager_collect_claims | sensor_gathers_information) & G(semaphore_is_yellow)),False
5175,at green_room by using red or yellow_rooms first,F((red_room | yellow_room) & F green_room),(red_room | yellow_room) U green_room,False
5176,Take letter 2 from post office 1 and place it in building 3 afterward,F(post_office_1 & F(p_lettter_2 & F(building_3 & pd))),F(p_lettter_2 & post_office_1 & F(p_lettter_2 & building_3)),False
5177,drop pear until take_to trashcan,drop_pear U take_to_trashcan,drop_pear U take_to_trashcan,True
5178,The system must eventually change light_east yellow or change light_south green.,F(change_light_east_yellow | change_light_south_green),F(change_light_east_yellow | change_light_south_green),True
5179,at green or yellow_room to red_room,F((green_room | yellow_room) & F red_room),(green_room | yellow_room) U red_room,False
5180,"Whenever get_help holds, from the next step onwards photo the cyclist on west_10th_street will eventually hold.",G(get_help -> XF photo_cyclist_west_10th_street),G(get_help -> X F photo_cyclist_west_10th_street),True
5181,"whenever an elevator is blocked and a motorbike has stopped then eventually, either the bar is down or a semaphore is yellow",G((elevator_is_blocked & motorbike_has_stopped) -> F(bar_is_down | semaphore_is_yellow)),G((elevator_is_blocked & motorbike_has_stopped) -> F(bar_is_down | semaphore_is_yellow)),True
5182,"First go to street 5, then proceed to building 2 and stay there",F(street_5 & F(building_2 & G building_2)),F(street_5 & F G building_2),True
5183,"Whenever communicate the safe_hostile holds, eventually go_home will hold.",G(communicate_safe_hostile -> F go_home),G(communicate_safe_hostile -> F go_home),True
5184,"if when possible scoop_up pear , whenever pick_up peach",F scoop_up_pear -> F pick_up_peach,F(scoop_up_pear) -> G(pick_up_peach),False
5185,Request assistance and search the carrot will each happen at some point.,F get_help & F search_carrot,(F get_help) & (F search_carrot),True
5186,move to blue_room but don t go through the red_room,F blue_room & G!red_room,F(blue_room) & G(!red_room),True
5187,Continuously transport box_2 from store_4 to hall_8,GF(store_4 & F(p_box_2 & F(hall_8 & pd))),G(p_box_2 & store_4 & hall_8),False
5188,when possible get_near flag or repeatedly grab tree,F get_near_flag | GF grab_tree,G(get_near_flag | GF grab_tree),False
5189,This controller must Please change light_east yellow and then get_help.,change_light_east_yellow U get_help,F(change_light_east_yellow & F get_help),False
5191,This controller must always avoid standing by.,G!idle,G(!idle),True
5192,"Do not enter intersection 8 before arriving at street 3, while ensuring you eventually go to locality 5",(!intersection_8 U street_3) & F locality_5,(!intersection_8 U street_3) & F locality_5,True
5193,"Either pickup the baseball_glove happens infinitely often, or idle happensing in the next step.",GF pickup_baseball_glove | X idle,GF pickup_baseball_glove | X idle,True
5194,Periodically visit charger 2 and repeatedly move plate 4 from table 2 to table 4,GF charger_2 & GF(table_2 & F(p_plate_4 & F(pd & table_4))),GF(charger_2) & GF(p_plate_4 & table_2 & X(F(p_plate_4 & table_4))),False
5195,"If get_help happens infinitely often, then so does pickup the hot_dog.",GF get_help -> GF pickup_hot_dog,GF get_help -> GF pickup_hot_dog,True
5196,Keep retrieving crate 8 from mall 5 and taking it to office 6 repeatedly,GF(mall_5 & F(p_crate_8 & F(office_6 & pd))),G(F(pd & p_crate_8 & mall_5 & F(pd & p_crate_8 & office_6))),False
5197,whenever a table is old or the train has arrived then in the future either the car starts or a train derails,G((table_is_old | train_has_arrived) -> F(car_starts | train_derails)),G((table_is_old | train_has_arrived) -> F(car_starts | train_derails)),True
5198,Do not take a picture until you reach park 5 as you go to take a picture of landmark 4,(!photo U park_5) & F(landmark_4 & photo),(!photo) U (park_5 & F photo),False
5199,"Visit mall_5, pickup box_4, and deliver it to house_1",F(mall_5 & F(p_box_4 & F(house_1 & pd))),F(mall_5 & F(p_box_4 & F(house_1))),False
5200,"If deliver the clock to the loading_dock holds, then in the next step pickup the fork persists until picking up the sheep holds, or else pickup the fork holds forever.",deliver_clock_loading_dock -> X((pickup_fork U pickup_sheep) | G pickup_fork),deliver_clock_loading_dock -> (X(pickup_fork U pickup_sheep) | G pickup_fork),False
5201,Go to house_2 and pickup trash_can_2,F(house_2 & p_trash_can_2),F(house_2 & F p_trash_can_2),False
5202,move_towards trash can until pick_up flag,move_towards_trash_can U pick_up_flag,move_towards_trash_can U pick_up_flag,True
5203,"in any case the train has arrived, the table has been moved and the engine starts",G(engine_starts & table_has_been_moved & train_has_arrived),G(train_has_arrived -> (table_has_been_moved & engine_starts)),False
5204,Our agent must eventually photo safe_person and communicate the injured_rescuer.,F(communicate_injured_rescuer & photo_safe_person),F(photo_safe_person & communicate_injured_rescuer),True
5205,"Whenever pickup the toothbrush holds, eventually search the fork will hold.",G(pickup_toothbrush -> F search_fork),G(pickup_toothbrush -> F search_fork),True
5206,when possible make_to flag or repeatedly grab tree,F make_to_flag | GF grab_tree,GF(make_to_flag | GF grab_tree),False
5207,if the elevator rises or the elevator falls then it will happen that the escalator is blocked or the engine stops,G((elevator_falls | elevator_rises) -> F(engine_stops | escalator_is_blocked)),(elevator_rises | elevator_falls) -> F (escalator_is_blocked | engine_stops),False
5208,"first, at some point both the table is brown and the motorbike is driven, and then, sooner or later both the car enters and a table is brown",G!(motorbike_is_driven & table_is_brown) | F(motorbike_is_driven & table_is_brown & F(car_enters & table_is_brown)),F((table_is_brown & motorbike_is_driven) & F(car_enters & table_is_brown)),False
5209,"Switch light_north red must hold until record the cyclist on east_10th_street does, or else change light_north red holds forever.",(change_light_north_red U record_cyclist_east_10th_street) | G change_light_north_red,(change_light_north_red U record_cyclist_east_10th_street) | G change_light_north_red,True
5210,visit tree until seize apple,visit_tree U seize_apple,visit_tree U seize_apple,True
5211,whenever travel house or at any time proceed_to house,F travel_house | F proceed_to_house,G(travel_house | F proceed_to_house),False
5212,at some time go home or put_in bin,put_in_bin | F go_home,F(go_home | put_in_bin),False
5213,"eternally, either the engine stops, a bridge closes or the engine breaks",G(bridge_closes | engine_breaks | engine_stops),G(engine_stops | bridge_closes | engine_breaks),True
5214,The robot must Please photo the pedestrian on northwest_1st_street and then get_help.,photo_pedestrian_northwest_1st_street U get_help,F(photo_pedestrian_northwest_1st_street & F get_help),False
5215,Refrain from visiting intersection_4 until you have reached street_5,!intersection_4 U street_5,!intersection_4 U street_5,True
5216,"Do not visit parking lot 4 before reaching street 5, and after that, proceed to enter and remain there",(!parking_lot_4 U street_5) & F(parking_lot_4 & G parking_lot_4),(!parking_lot_4 U street_5) & F(G street_5),False
5217,"as a sensor captures data, it is going to happen that both a house is open and the sensor retrieves data",G(sensor_captures_data -> F(house_is_open & sensor_retrieves_data)),G(sensor_captures_data -> F(house_is_open & sensor_retrieves_data)),True
5218,gather apple or never let_go orange,gather_apple | G!let_go_orange,gather_apple | G !let_go_orange,True
5219,Ensure that you never interact with letter 8,G!p_letter_8,G(!p_letter_8),True
5220,Keep returning to charger 3 as you periodically take photos of area 3,GF charger_3 & GF(area_3 & photo),GF(charger_3) & GF(photo & area_3),True
5221,Be in park 5 until you take a picture of monument 2 and then go to intersection 5 and stay there,park_5 U (monument_2 & photo & F(intersection_5 & G intersection_5)),(park_5 U (photo & F (X (G intersection_5)))),False
5222,Retrieve cone_5 from intersection_5 and take it to street_2,F(intersection_5 & F(p_cone_5 & F(pd & street_2))),F(p_cone_5 & intersection_5 & F(p_cone_5 & street_2)),False
5223,Persistently stay within street_5 while regularly photographing parking_lot_4,G street_5 & GF(parking_lot_4 & photo),G(street_5 & GF photo),False
5224,it should not happen that both an elevator rises and the table has been moved,G!(elevator_rises & table_has_been_moved),!(elevator_rises & table_has_been_moved),False
5225,Avoid going to statue_2 until you arrive at park_5 and photo of it,F(photo & statue_2) & (!statue_2 U park_5),(!statue_2) U (park_5 & photo),False
5226,every time the motorbike has stopped and a sensor gathers information then under no condition both a semaphore is red and the bar is up,G((motorbike_has_stopped & sensor_gathers_information) -> G!(bar_is_up & semaphore_is_red)),G((motorbike_has_stopped & sensor_gathers_information) -> !(semaphore_is_red & bar_is_up)),False
5227,"Whenever photo unsafe_person holds, communicate the injured_victim holds exactly three steps later.",G(photo_unsafe_person -> XXX communicate_injured_victim),G(photo_unsafe_person -> X X X communicate_injured_victim),True
5228,"At every step, get_help equals the value of change light_east green in the next step.",G(get_help <-> X change_light_east_green),G(get_help <-> X change_light_east_green),True
5229,gather apple and hold orange,gather_apple & hold_orange,gather_apple & hold_orange,True
5230,"Begin recording injured_person must hold until returning to base does, or else record injured_person holds forever.",(record_injured_person U go_home) | G record_injured_person,(record_injured_person U go_home) | G record_injured_person,True
5231,"it is going to happen that the sensor captures data and, at the same time, a table has been moved and a manager handles requests",F(manager_handles_requests & sensor_captures_data & table_has_been_moved),F(sensor_captures_data & table_has_been_moved & manager_handles_requests),True
5232,secure apple means that at some time go_by waste basket,secure_apple -> F go_by_waste_basket,secure_apple -> F go_by_waste_basket,True
5233,Do not at intersection_5 until you reach street_4 as you take pass_4 from house_4 to office_1,(!intersection_5 U street_4) & F(house_4 & F(p_pass_4 & F(office_1 & pd))),(!intersection_5) U street_4,False
5234,"Once go_home has occurred, record safe_rescuer will never occur again.",G(go_home -> XG!record_safe_rescuer),G(go_home -> G(!record_safe_rescuer)),False
5235,at some time get_to flag or repeatedly grab tree,F get_to_flag | GF grab_tree,F get_to_flag | G grab_tree,False
5236,"The system must eventually, avoid photoing the person on west_1st_street.",F!photo_person_west_1st_street,F(!photo_person_west_1st_street),True
5237,Begin recording flood can only happen after doing not go near the impending_flood.,!record_flood U avoid_impending_flood,(!record_flood U avoid_impending_flood),True
5238,go_visit flag and never drop orange,go_visit_flag & G!drop_orange,go_visit_flag & G(!drop_orange),True
5239,"Set light_north yellow must hold until change light_north red does, or else change light_north yellow holds forever.",(change_light_north_yellow U change_light_north_red) | G change_light_north_yellow,(light_north_yellow U change_light_north_red) | G change_light_north_yellow,False
5240,Ensure you visit car 3 repeatedly while making progress toward building 2,GF car_3 & F building_2,GF(car_3) & F(building_2),True
5241,at some point the escalator moves and the bar is up,F(bar_is_up & escalator_moves),F(escalator_moves & bar_is_up),True
5242,You must Please photo the cyclist on south_8th_avenue and then get_help.,photo_cyclist_south_8th_avenue U get_help,F(photo_cyclist_south_8th_avenue & F get_help),False
5243,"The robot must eventually, avoid talking to the injured_hostile.",F!communicate_injured_hostile,F(!communicate_injured_hostile),True
5244,Call for help can only happen after search the stop_sign.,!get_help U search_stop_sign,!(!search_stop_sign U get_help),False
5245,"finally, a car starts and a semaphore is broken and, in the future the engine starts or an elevator is open afterwards",G!(car_starts & semaphore_is_broken) | F(car_starts & semaphore_is_broken & F(elevator_is_open | engine_starts)),F(car_starts & semaphore_is_broken & F(engine_starts | X elevator_is_open)),False
5246,at some point in time either the manager handles requests or the elevator falls,F(elevator_falls | manager_handles_requests),F(manager_handles_requests | elevator_falls),True
5247,"Take a picture of statue 6, then go to bench 4 and remain there",F(photo & statue_6 & F(bench_4 & G bench_4)),F(photo & statue_6 & F(bench_4 & G bench_4)),True
5248,"Whenever idle holds, search the umbrella holds as well.",G(idle -> search_umbrella),G(idle -> search_umbrella),True
5249,whenever a semaphore is yellow then it is always the case that either a sensor captures data or the brake is released,G(semaphore_is_yellow -> G(brake_is_released | sensor_captures_data)),G(semaphore_is_yellow -> G(sensor_captures_data | brake_is_released)),True
5250,"at a certain moment a train has arrived and, it is going to happen that the escalator speeds up or the house collapses afterwards",G!train_has_arrived | F(train_has_arrived & F(escalator_speeds_up | house_collapses)),F(train_has_arrived & F(escalator_speeds_up | house_collapses)),False
5251,"From some point onwards, communicate the injured_hostile never occurs again.",FG!communicate_injured_hostile,FG(!communicate_injured_hostile),True
5252,"Find the knife must keep holding until, from some point on, get_help holds infinitely often.",search_knife U GF get_help,search_knife U G F get_help,True
5253,at some time get apple until put_in apple bucket,F get_apple U put_in_apple_bucket,F(get_apple U put_in_apple_bucket),False
5254,when possible get_hold orange until procure apple,F get_hold_orange U procure_apple,G(get_hold_orange U procure_apple),False
5255,"Whenever go_home and avoid the nearest_debris are equal, avoid the nearest_debris and communicate the safe_hostile are equal as well.",G((avoid_nearest_debris <-> go_home) -> (avoid_nearest_debris <-> communicate_safe_hostile)),G((go_home <-> avoid_nearest_debris) -> (avoid_nearest_debris <-> communicate_safe_hostile)),True
5256,move to the red_room avoiding the green_room,F red_room & G!green_room,F(red_room) & G(!green_room),True
5257,"If deliver the spoon to the loading_dock happens infinitely often, then so does pickup the pizza.",GF deliver_spoon_loading_dock -> GF pickup_pizza,GF deliver_spoon_loading_dock -> GF pickup_pizza,True
5258,Collect package 2 from store 3 and take it to house 2 without entering mall 1,F(store_3 & F(p_package_2 & F(house_2 & pd))) & G!mall_1,F(store_3 & p_package_2 & F(house_2 & pd)) & G(!mall_1),False
5259,"first, at some point in time the sensor gathers information, and then, at some point a sensor retrieves data or the engine starts",G!sensor_gathers_information | F(sensor_gathers_information & F(engine_starts | sensor_retrieves_data)),F(sensor_gathers_information & F(sensor_retrieves_data | engine_starts)),False
5260,"it should not happen that the escalator moves, the bridge closes and the engine breaks",G!(bridge_closes & engine_breaks & escalator_moves),!(escalator_moves & bridge_closes & engine_breaks),False
5261,"Globally, it is not the case that both get_help and photo the motorcycle on south_5th_street hold simultaneously.",G!(get_help & photo_motorcycle_south_5th_street),G(!(get_help & photo_motorcycle_south_5th_street)),True
5262,"At every step, get_help equals the value of avoid the impending_unstable_beam in the next step.",G(get_help <-> X avoid_impending_unstable_beam),G(get_help <-> X avoid_impending_unstable_beam),True
5263,Get help and change light_east red will each happen at some point.,F get_help & F change_light_east_red,(F get_help) & (F change_light_east_red),True
5264,Either photo the collision on northwest_8th_avenue or photo the cyclist on west_3rd_street happens infinitely often.,GF photo_collision_northwest_8th_avenue | GF photo_cyclist_west_3rd_street,GF(photo_collision_northwest_8th_avenue | photo_cyclist_west_3rd_street),True
5265,Stay away from street 3 indefinitely,G!street_3,G(!street_3),True
5266,each time the motorbike has stopped then if a train is crossing then it is going to happen that a constructor instantiate objects,G(motorbike_has_stopped -> G(train_is_crossing -> F constructor_instantiate_objects)),G(motorbike_has_stopped -> (train_is_crossing -> F constructor_instantiate_objects)),False
5267,The system must always have either record the cyclist on south_5th_street or photo the person on northeast_9th_street.,G(photo_person_northeast_9th_street | record_cyclist_south_5th_street),G(record_cyclist_south_5th_street | photo_person_northeast_9th_street),True
5268,You must eventually get_help or record safe_rescuer.,F(get_help | record_safe_rescuer),F(get_help | record_safe_rescuer),True
5269,never drop orange and seize apple,seize_apple & G!drop_orange,G(!drop_orange & seize_apple),False
5270,Our agent must Please deliver the refrigerator to the loading_dock and then get_help.,deliver_refrigerator_loading_dock U get_help,F(deliver_refrigerator_loading_dock & F get_help),False
5271,"If photo the vehicle on west_8th_avenue holds, then in the next step photo the pedestrian on north_1st_avenue persists until taking a photo of the collision on northeast_10th_avenue holds, or else photo the pedestrian on north_1st_avenue holds forever.",photo_vehicle_west_8th_avenue -> X((photo_pedestrian_north_1st_avenue U photo_collision_northeast_10th_avenue) | G photo_pedestrian_north_1st_avenue),photo_vehicle_west_8th_avenue -> (X (photo_pedestrian_north_1st_avenue U photo_collision_northeast_10th_avenue) | G photo_pedestrian_north_1st_avenue),False
5272,"Change light_east red and record the vehicle on northeast_5th_street never coincide, yet one of them is always true.",G!(change_light_east_red & record_vehicle_northeast_5th_street) & G(change_light_east_red | record_vehicle_northeast_5th_street),G(!(change_light_east_red & record_vehicle_northeast_5th_street) & (change_light_east_red | record_vehicle_northeast_5th_street)),True
5273,"when at some time visit waste basket , whenever visit house",F visit_waste_basket -> F visit_house,F(visit_waste_basket) -> G(visit_house),False
5274,Keep taking brochure_8 from table_2 to street_9 and also keep visiting charger_6,GF(table_2 & F(p_brochure_8 & F(pd & street_9))) & GF charger_6,G((p_brochure_8 & table_2 & street_9) & charger_6),False
5275,all the time both the bar is closing and a motorbike is driven,G(bar_is_closing & motorbike_is_driven),G(bar_is_closing & motorbike_is_driven),True
5276,"In this task, get_help, then record the car on southwest_1st_street.",get_help U record_car_southwest_1st_street,F(get_help & F record_car_southwest_1st_street),False
5277,"first, finally, a semaphore is yellow and a bridge closes, and then, it is going to happen that the train has arrived",G!(bridge_closes & semaphore_is_yellow) | F(bridge_closes & semaphore_is_yellow & F train_has_arrived),F((semaphore_is_yellow & bridge_closes) & F(train_has_arrived)),False
5278,at some point in time the sensor retrieves data or a train stops or the table is old,F(sensor_retrieves_data | table_is_old | train_stops),F(sensor_retrieves_data | train_stops | table_is_old),True
5279,when possible venture_to waste basket and do not let_go pear,!let_go_pear & F venture_to_waste_basket,G(venture_to_waste_basket & !let_go_pear),False
5280,"Globally, if idle occurs then finally deliver the laptop to the loading_dock happens.",G(idle -> F deliver_laptop_loading_dock),G(idle -> F deliver_laptop_loading_dock),True
5281,whenever withold apple or forever go_by trash can,F withold_apple | G go_by_trash_can,G(withold_apple | G go_by_trash_can),False
5282,move to the blue_room without entering a red_room,F blue_room & G!red_room,(!red_room) U blue_room,False
5283,"under no circumstances either the bar is down, the sensor gathers information or a manager collect claims",G!(bar_is_down | manager_collect_claims | sensor_gathers_information),G(!(bar_is_down | sensor_gathers_information | manager_collect_claims)),True
5284,keep apple until repeatedly grab tree,keep_apple U GF grab_tree,keep_apple U G grab_tree,False
5285,in the future either a semaphore is red or a train is crossing,F(semaphore_is_red | train_is_crossing),F(semaphore_is_red | train_is_crossing),True
5286,at some time obtain apple until acquire apple,F obtain_apple U acquire_apple,F(obtain_apple U acquire_apple),False
5287,forever hold_on pear or grip apple,grip_apple | G hold_on_pear,G(hold_on_pear | grip_apple),False
5288,"as either a car starts or a train derails, finally, a sensor captures data",G((car_starts | train_derails) -> F sensor_captures_data),(car_starts | train_derails) -> F sensor_captures_data,False
5289,it is always the case that the semaphore is yellow after either the car stops or the brake is released,G((brake_is_released | car_stops) -> G semaphore_is_yellow),G((car_stops | brake_is_released) -> X semaphore_is_yellow),False
5290,at some time reach flag or at any time venture_to house,F reach_flag | F venture_to_house,F reach_flag | G F venture_to_house,False
5291,"Locate the toaster should always hold, with at most a two-step grace period for recovery.",!G!(search_toaster & X search_toaster),G(search_toaster | X search_toaster | X X search_toaster),False
5292,Drop whatever you are holding and go to park 4 to remain there permanently,F(pd & F(park_4 & G park_4)),!pd & F(park_4 & G park_4),False
5293,"when secure apple , at some time reach flag",secure_apple -> F reach_flag,G(secure_apple -> F reach_flag),False
5294,Keep returning to charging_station_9 as you keep transporting crate_4 from warehouse_5 to mall_4,GF charging_station_9 & GF(warehouse_5 & F(p_crate_4 & F(mall_4 & pd))),G(p_crate_4 & warehouse_5 & mall_4 -> GF charging_station_9),False
5295,"eventually, both the car starts and the bar is down and, it will happen that either the engine stops or a train is crossing afterwards",G!(bar_is_down & car_starts) | F(bar_is_down & car_starts & F(engine_stops | train_is_crossing)),F((car_starts & bar_is_down) & F(engine_stops | X train_is_crossing)),False
5296,don't let_go orange means that whenever venture flag,!let_go_orange -> F venture_flag,G(venture_flag -> !let_go_orange),False
5297,whenever either the brake is released or the escalator is blocked then every time a manager collect claims or the sensor gathers information,G((brake_is_released | escalator_is_blocked) -> G(manager_collect_claims | sensor_gathers_information)),G((brake_is_released | escalator_is_blocked) -> G(manager_collect_claims | sensor_gathers_information)),True
5298,whenever an elevator rises or the semaphore is yellow then in the future a train derails,G((elevator_rises | semaphore_is_yellow) -> F train_derails),G((elevator_rises | semaphore_is_yellow) -> F train_derails),True
5299,if the motorbike has started and the constructor instantiate objects then at any time both the escalator speeds up and the motorbike catches fire,G((constructor_instantiate_objects & motorbike_has_started) -> G(escalator_speeds_up & motorbike_catches_fire)),(motorbike_has_started & constructor_instantiate_objects) -> G(escalator_speeds_up & motorbike_catches_fire),False
5300,all the time the elevator rises or the motorbike has started or the constructor instantiate objects,G(constructor_instantiate_objects | elevator_rises | motorbike_has_started),G(elevator_rises | motorbike_has_started | constructor_instantiate_objects),True
5301,"if never drop pear , at any time arrive_at tree",G!drop_pear -> F arrive_at_tree,G(!drop_pear) -> GF(arrive_at_tree),False
5302,"first, sooner or later either a table is old or a constructor creates instances, and then, sooner or later the elevator is open and the train has arrived",G!(constructor_creates_instances | table_is_old) | F((constructor_creates_instances | table_is_old) & F(elevator_is_open & train_has_arrived)),F(table_is_old | constructor_creates_instances) & F(F(elevator_is_open & train_has_arrived)),False
5303,get_to tree and repeatedly go_to apple trashcan,get_to_tree & GF go_to_apple_trashcan,F(get_to_tree & GF go_to_apple_trashcan),False
5304,Ensure you keep moving box 2 from store 4 to hall 8,GF(store_4 & F(p_box_2 & F(hall_8 & pd))),G(p_box_2 & store_4 -> F(p_box_2 & hall_8)),False
5305,"first, it will happen that the motorbike has stopped or the motorbike has started, and then, at some point in time both a semaphore is green and the car starts",G!(motorbike_has_started | motorbike_has_stopped) | F((motorbike_has_started | motorbike_has_stopped) & F(car_starts & semaphore_is_green)),(motorbike_has_stopped | motorbike_has_started) & F(semaphore_is_green & car_starts),False
5306,sooner or later the brake is pressed and the bridge closes,F(brake_is_pressed & bridge_closes),F(brake_is_pressed & bridge_closes),True
5307,Either photo injured_victim or get_help happens infinitely often.,GF photo_injured_victim | GF get_help,GF(photo_injured_victim | get_help),True
5308,when possible journey_by flag and take_to trashcan,take_to_trashcan & F journey_by_flag,G((journey_by_flag & take_to_trashcan)),False
5309,"If search the train holds and search the horse holds next, then search the pizza holds in the step after that.",G((search_train & X search_horse) -> XX search_pizza),(search_train & X search_horse) -> XX search_pizza,False
5310,"after both the bar is up and the motorbike has stopped, never, both a table is old and the house is built",G((bar_is_up & motorbike_has_stopped) -> G!(house_is_built & table_is_old)),F((bar_is_up & motorbike_has_stopped) -> G(!(table_is_old & house_is_built))),False
5311,"If change light_west red holds, then in the next step get_help persists until change light_north green holds, or else get_help holds forever.",change_light_west_red -> X((get_help U change_light_north_green) | G get_help),change_light_west_red -> (X (get_help U change_light_north_green) | G get_help),False
5312,pick_up pear until gather apple,pick_up_pear U gather_apple,pick_up_pear U gather_apple,True
5313,"Either go_home happens infinitely often, or deliver_aid the safe_victim happens in the next step.",GF go_home | X deliver_aid_safe_victim,GF go_home | X deliver_aid_safe_victim,True
5314,"after the engine starts and the engine stops, at some point in time a sensor captures data",G((engine_starts & engine_stops) -> F sensor_captures_data),F(engine_starts & F(engine_stops & F sensor_captures_data)),False
5315,"when repeatedly go_to apple trashcan , snatch_up pear",GF go_to_apple_trashcan -> snatch_up_pear,G(go_to_apple_trashcan -> F snatch_up_pear),False
5316,travel_to waste bin and go_visit flag,go_visit_flag & travel_to_waste_bin,travel_to_waste_bin & go_visit_flag,True
5317,gather apple or pick_up fruit,gather_apple | pick_up_fruit,gather_apple | pick_up_fruit,True
5318,Stand by can only happen after geting help.,!idle U get_help,!(!get_help U stand_by),False
5319,"whenever the motorbike has stopped and the car starts then absolutely never, the escalator is blocked or the motorbike has started",G((car_starts & motorbike_has_stopped) -> G!(escalator_is_blocked | motorbike_has_started)),G((motorbike_has_stopped & car_starts) -> G(!(escalator_is_blocked | motorbike_has_started))),True
5320,Remain in park 4 until you take a photo of statue 9,park_4 U (photo & statue_9),(park_4) U (photo & statue_9),True
5321,the bar is down involves that always when a semaphore is yellow then it will happen that the house is built,G(bar_is_down -> G(semaphore_is_yellow -> F house_is_built)),bar_is_down -> G(semaphore_is_yellow -> F house_is_built),False
5322,"Stay within locality 1 until you arrive at intersection 4, after which take package 5 from warehouse 9 to store 2",(locality_1 U intersection_4) & F(warehouse_9 & F(p_package_5 & F(pd & store_2))),(locality_1 U intersection_4) & F(intersection_4 & F(warehouse_9 & F(p_package_5 & F store_2))),False
5323,Get help can only happen after recording the vehicle on south_4th_street.,!get_help U record_vehicle_south_4th_street,!get_help U record_vehicle_south_4th_street,True
5324,every time both the constructor creates instances and the engine breaks then it never happens that the bar is down and the train has been launched,G((constructor_creates_instances & engine_breaks) -> G!(bar_is_down & train_has_been_launched)),G((constructor_creates_instances & engine_breaks) -> G(!(bar_is_down & train_has_been_launched))),True
5325,"Stay away from park 4 until you reach street 3, and afterward, deliver takeout 2 from store 7 to bench 3",(!park_4 U street_3) & F(store_7 & F(p_takeout_2 & F(bench_3 & pd))),(!park_4 U street_3) & F(store_7 & p_takeout_2 & F bench_3),False
5326,"If photo unsafe_victim happens infinitely often, then so does go_home.",GF photo_unsafe_victim -> GF go_home,GF photo_unsafe_victim -> GF go_home,True
5327,Go to landmark 6 and take a picture of it,F(landmark_6 & photo),F(landmark_6 & F photo),False
5328,"Whenever deliver the elephant to the loading_dock holds, get_help holds as well.",G(deliver_elephant_loading_dock -> get_help),G(deliver_elephant_loading_dock -> get_help),True
5329,"it will happen that either the elevator is blocked or a house is open and, in the future the bridge closes afterwards",G!(elevator_is_blocked | house_is_open) | F((elevator_is_blocked | house_is_open) & F bridge_closes),F((elevator_is_blocked | house_is_open) & F bridge_closes),False
5330,Ensure you continuously take pictures of statue 4 while regularly visiting charger 4,GF(photo & statue_4) & GF charger_4,G(photo & statue_4) & GF(charger_4),False
5331,forever move or put_in apple bucket,put_in_apple_bucket | G move,G(move | put_in_apple_bucket),False
5332,Ensure you never enter park_3 while retrieving cone_2 from police_station_1 and placing it in intersection_2.,G!park_3 & F(p_cone_2 & police_station_1 & F(intersection_2 & pd)),G(!(park_3 & (p_cone_2 & police_station_1 & intersection_2))),False
5333,at the red_room but only go through the green_room to get there,F(green_room & F red_room),(!red_room U green_room) & F red_room,False
5334,"When change light_east green happens, record the person on northeast_2nd_street must hold now or in the next step.",G(change_light_east_green -> (record_person_northeast_2nd_street | X record_person_northeast_2nd_street)),G(change_light_east_green -> (record_person_northeast_2nd_street | X record_person_northeast_2nd_street)),True
5336,"Record safe_rescuer must hold until establishing communication with the injured_victim does, or else record safe_rescuer holds forever.",(record_safe_rescuer U communicate_injured_victim) | G record_safe_rescuer,(record_safe_rescuer U communicate_injured_victim) | G record_safe_rescuer,True
5337,at any time walk_to flag and at some time go_to home,F walk_to_flag & F go_to_home,G(walk_to_flag) & F(go_to_home),False
5338,"when secure apple , go_by waste bin",secure_apple -> go_by_waste_bin,G(secure_apple -> go_by_waste_bin),False
5339,"Whenever neither record unsafe_person nor avoid the impending_flood holds, avoid the nearest_flood eventually holds.",G(!(avoid_impending_flood & record_unsafe_person) -> F avoid_nearest_flood),G(!(record_unsafe_person | avoid_impending_flood) -> F avoid_nearest_flood),False
5340,whenever stop_by trash can until never drop orange,F stop_by_trash_can U G!drop_orange,G(stop_by_trash_can U !drop_orange),False
5341,The robot must eventually deliver_aid the injured_hostile and photo debris.,F(deliver_aid_injured_hostile & photo_debris),F(deliver_aid_injured_hostile & photo_debris),True
5342,you must walk through the yellow_room to get to the green_room,F(yellow_room & F green_room),(!green_room U yellow_room),False
5343,don't pick_up anything and at some time be_near tree,!F pick_up_anything & F be_near_tree,(!pick_up_anything) & F be_near_tree,False
5344,You must always have either idle or pickup the skis.,G(idle | pickup_skis),G(idle | pickup_skis),True
5345,"as both the semaphore is red and a sensor retrieves data, in the future either a car stops or the escalator is blocked",G((semaphore_is_red & sensor_retrieves_data) -> F(car_stops | escalator_is_blocked)),(semaphore_is_red & sensor_retrieves_data) -> F(car_stops | escalator_is_blocked),False
5346,"When photo the person on southwest_10th_street happens, change light_north green must hold now or in the next step.",G(photo_person_southwest_10th_street -> (change_light_north_green | X change_light_north_green)),(photo_person_southwest_10th_street -> (change_light_north_green | X change_light_north_green)),False
5347,if the train derails then in the future both a car stops and the house collapses,G(train_derails -> F(car_stops & house_collapses)),G(train_derails -> F(car_stops & house_collapses)),True
5348,"If go_home happens infinitely often, then so does communicate the injured_victim.",GF go_home -> GF communicate_injured_victim,GF go_home -> GF communicate_injured_victim,True
5349,"Do not take any pictures before reaching park_5, and ensure you eventually photo of landmark_4",(!photo U park_5) & F(landmark_4 & photo),(!photo U park_5) & F(photo & landmark_4),True
5350,"Whenever get_help holds, avoid the impending_gas_leak holds exactly three steps later.",G(get_help -> XXX avoid_impending_gas_leak),G(get_help -> X X X !avoid_impending_gas_leak),False
5351,whenever the elevator falls and the escalator speeds up then in any case the semaphore is yellow,G((elevator_falls & escalator_speeds_up) -> G semaphore_is_yellow),G((elevator_falls & escalator_speeds_up) -> G(semaphore_is_yellow)),True
5352,"Ensure you collect brochure 9 from table 2, travel to park 4, and remain there continuously",F(table_2 & F(p_brochure_9 & F(park_4 & G park_4))),F(table_2 & p_brochure_9 & F(park_4 & G park_4)),False
5353,Every change light_south yellow is directly followed by calling for help in the next step.,G(change_light_south_yellow -> X get_help),G(change_light_south_yellow -> X get_help),True
5354,"the escalator moves and, as a consequence, every time the train is crossing then it will happen that a motorbike has stopped",G(escalator_moves -> G(train_is_crossing -> F motorbike_has_stopped)),escalator_moves & G(train_is_crossing -> F motorbike_has_stopped),False
5355,"You must Eventually, both record unsafe_person and avoid the probable_unstable_beam hold simultaneously.",F(avoid_probable_unstable_beam & record_unsafe_person),F(record_unsafe_person & avoid_probable_unstable_beam),True
5356,"Refrain from entering store 4 until you arrive at street 6, while delivering package 8 from office 2 to store 4",(!store_4 U street_6) & F(office_2 & F(p_package_8 & F(pd & store_4))),(!store_4 U street_6) & p_package_8 & office_2 & store_4,False
5357,Get help can only happen after delivering the orange to the loading_dock.,!get_help U deliver_orange_loading_dock,!(!deliver_orange_loading_dock U get_help),False
5358,forever have apple or at any time get_hold apple,G have_apple | F get_hold_apple,G(have_apple) | F(get_hold_apple),True
5359,Take a picture of intersection_7 and stay there,F(intersection_7 & photo & G intersection_7),F(photo & intersection_7) & G(intersection_7),False
5360,if either the manager handles requests or the motorbike has started then at any time a car starts or the bar is closing,G((manager_handles_requests | motorbike_has_started) -> G(bar_is_closing | car_starts)),((manager_handles_requests | motorbike_has_started) -> G(car_starts | bar_is_closing)),False
5361,"Stay away from park_4 until you reach street_3, and afterward, deliver takeout_2 from store_7 to bench_3",(!park_4 U street_3) & F(store_7 & F(p_takeout_2 & F(bench_3 & pd))),(!park_4 U street_3) & F(store_7 & F(p_takeout_2 & F bench_3)),False
5362,at any time a train derails and the constructor creates instances,G(constructor_creates_instances & train_derails),G(train_derails & constructor_creates_instances),True
5363,"it should not happen that either the bar is up, the house collapses or a table has been moved",G!(bar_is_up | house_collapses | table_has_been_moved),!(bar_is_up | house_collapses | table_has_been_moved),False
5365,"whenever a semaphore is yellow then finally, either the car stops or a house is built",G(semaphore_is_yellow -> F(car_stops | house_is_built)),G(semaphore_is_yellow -> F(car_stops | house_is_built)),True
5366,venture_towards house or venture_towards house,venture_towards_house,venture_towards_house | venture_towards_house,True
5367,under no circumstances either a train has arrived or the brake is pressed,G!(brake_is_pressed | train_has_arrived),G(!(train_has_arrived | brake_is_pressed)),True
5368,"eventually, a constructor creates instances and the escalator moves after a train has arrived",G(train_has_arrived -> F(constructor_creates_instances & escalator_moves)),F(constructor_creates_instances & F(train_has_arrived -> X escalator_moves)),False
5369,"after the sensor gathers information or the train derails, it is going to happen that the bar is closing and a train is crossing",G((sensor_gathers_information | train_derails) -> F(bar_is_closing & train_is_crossing)),F((sensor_gathers_information | train_derails) -> F(bar_is_closing & train_is_crossing)),False
5370,"At every step, idle equalsing the value of pickup the keyboard in the next step.",G(idle <-> X pickup_keyboard),G(idle <-> X pickup_keyboard),True
5371,take a picture of monument 3 and then ensure you reach pathway 8 and stay there indefinitely,F(monument_3 & photo & F(pathway_8 & G pathway_8)),F((photo & monument_3) & F(G pathway_8)),True
5372,"absolutely never, a bridge opens and a car enters",G!(bridge_opens & car_enters),G!(bridge_opens & car_enters),True
5373,"all the time a motorbike catches fire, the house collapses and the sensor captures data",G(house_collapses & motorbike_catches_fire & sensor_captures_data),G(motorbike_catches_fire -> (house_collapses & sensor_captures_data)),False
5374,"at a certain moment a bridge closes and, it will happen that either a sensor retrieves data or a train has been launched afterwards",G!bridge_closes | F(bridge_closes & F(sensor_retrieves_data | train_has_been_launched)),F(bridge_closes & F(sensor_retrieves_data | X train_has_been_launched)),False
5375,"sooner or later a bridge closes and, at a certain moment either the engine stops or the manager collect claims afterwards",G!bridge_closes | F(bridge_closes & F(engine_stops | manager_collect_claims)),F(bridge_closes & F(engine_stops | (manager_collect_claims & X(manager_collect_claims)))),False
5376,"all the time the constructor instantiate objects and, at the same time, the house collapses and a train has arrived",G(constructor_instantiate_objects & house_collapses & train_has_arrived),G(constructor_instantiate_objects & house_collapses & train_has_arrived),True
5377,"Establish communication with the injured_hostile should always hold, with at most a two-step grace period for recovery.",!G!(communicate_injured_hostile & X communicate_injured_hostile),"G(F[0,2] communicate_injured_hostile)",False
5378,take_to tree and hold orange,hold_orange & take_to_tree,take_to_tree & hold_orange,True
5379,hold_on_to pear can infer that at any time procure orange,hold_on_to_pear -> F procure_orange,hold_on_to_pear -> G procure_orange,False
5380,"You must eventually, avoid going back to base.",F!go_home,F(!go_home),True
5381,Request assistance holds at all times.,G get_help,G get_help,True
5382,"When photo gas_leak happens, record injured_rescuer must hold now or in the next step.",G(photo_gas_leak -> (record_injured_rescuer | X record_injured_rescuer)),G(photo_gas_leak -> (record_injured_rescuer | X record_injured_rescuer)),True
5383,every time the motorbike catches fire and a train is crossing,G(motorbike_catches_fire & train_is_crossing),G(motorbike_catches_fire & train_is_crossing),True
5384,"first, finally, either the sensor retrieves data or the bridge closes, and then, it will happen that the semaphore is green or the bar is up",G!(bridge_closes | sensor_retrieves_data) | F((bridge_closes | sensor_retrieves_data) & F(bar_is_up | semaphore_is_green)),F((sensor_retrieves_data | bridge_closes) & F(semaphore_is_green | bar_is_up)),False
5385,when a semaphore is green then always when the motorbike has stopped then it will happen that the train stops afterwards,G(semaphore_is_green -> G(motorbike_has_stopped -> F train_stops)),G(semaphore_is_green -> G(motorbike_has_stopped -> F train_stops)),True
5386,never drop apple or never drop apple,G!drop_apple,G(!drop_apple) | G(!drop_apple),True
5387,at any time visit waste basket can infer that move_to trash can,F visit_waste_basket -> move_to_trash_can,G(visit_waste_basket -> move_to_trash_can),False
5388,"never, the engine breaks or a car stops or a motorbike is driven",G!(car_stops | engine_breaks | motorbike_is_driven),G(!(engine_breaks | car_stops | motorbike_is_driven)),True
5389,"You must Eventually, both get_help and change light_north green hold simultaneously.",F(change_light_north_green & get_help),F(get_help & change_light_north_green),True
5390,"From some point onwards, get_help never occurs again.",FG!get_help,FG !get_help,True
5391,go through the red or green_room and at the blue_room,F((green_room | red_room) & F blue_room),F(red_room | green_room) & F(blue_room),False
5392,at any time move_forward trash can and at any time walk_to flag,F move_forward_trash_can & F walk_to_flag,(G move_forward_trash_can) & (G walk_to_flag),False
5393,when possible going_to flag until when possible visit house,F going_to_flag U F visit_house,G(going_to_flag U visit_house),False
5394,"From some point onwards, idle never occurs again.",FG!idle,FG !idle,True
5395,whenever go_to trash can and when possible seize pear,F go_to_trash_can & F seize_pear,G(go_to_trash_can -> F seize_pear),False
5396,move to the red_room,F red_room,F red_room,True
5397,at some time move_near tree or always have_in orange,F move_near_tree | G have_in_orange,F move_near_tree | G have_in_orange,True
5398,Ensure you repeatedly return to intersection_4 while eventually reaching locality_9,GF intersection_4 & F locality_9,GF(intersection_4) & F(locality_9),True
5399,it is always true that either the bridge opens or a semaphore is red,G(bridge_opens | semaphore_is_red),G(bridge_opens | semaphore_is_red),True
5400,Do not go to street 3 as you go to building 4,G!street_3 & F building_4,!(street_3 U building_4),False
5401,if either a sensor captures data or a train is crossing then it will not happen that the motorbike catches fire and a bridge opens,G((sensor_captures_data | train_is_crossing) -> G!(bridge_opens & motorbike_catches_fire)),(sensor_captures_data | train_is_crossing) -> !(motorbike_catches_fire & bridge_opens),False
5402,Remain in park_8 until you photo of monument_2 and then at bench_5 and stay there permanently,park_8 U (monument_2 & photo & F(bench_5 & G bench_5)),(park_8 U (photo & monument_2 & X (G bench_5))),False
5403,Go to bedroom_2 to grab bottle_3 and put it down in kitchen_4,F(bedroom_2 & F(p_bottle_3 & F(kitchen_4 & pd))),F(bedroom_2 & F(p_bottle_3 & F(kitchen_4 & pd))),True
5404,"Whenever avoid the impending_fire_source and record gas_leak are equal, record gas_leak and deliver_aid the safe_hostile are equal as well.",G((avoid_impending_fire_source <-> record_gas_leak) -> (deliver_aid_safe_hostile <-> record_gas_leak)),G((avoid_impending_fire_source <-> record_gas_leak) -> (record_gas_leak <-> deliver_aid_safe_hostile)),True
5405,at green_room before red_room,F(green_room & F red_room),(!red_room U green_room),False
5406,Our agent must eventually get_help or photo the cyclist on north_2nd_avenue.,F(get_help | photo_cyclist_north_2nd_avenue),F(get_help | photo_cyclist_north_2nd_avenue),True
5407,it will not happen that the motorbike has started and a semaphore is broken,G!(motorbike_has_started & semaphore_is_broken),!(motorbike_has_started & semaphore_is_broken),False
5408,when possible got_to house or repeatedly go_to apple trashcan,F got_to_house | GF go_to_apple_trashcan,F(got_to_house) | GF(go_to_apple_trashcan),True
5409,Go to house 5 at some point and continue staying there,FG house_5,F G house_5,True
5410,Ensure you always stay within parking lot 9,G parking_lot_9,G parking_lot_9,True
5411,"after both the bar is closing and a semaphore is green, it never happens that either the engine starts or the engine stops",G((bar_is_closing & semaphore_is_green) -> G!(engine_starts | engine_stops)),F((bar_is_closing & semaphore_is_green) -> G(!(engine_starts | engine_stops))),False
5412,"Whenever neither get_help nor deliver the refrigerator to the shelf holds, pickup the skateboard eventually holds.",G(!(deliver_refrigerator_shelf & get_help) -> F pickup_skateboard),G(!(get_help | deliver_refrigerator_shelf) -> F pickup_skateboard),False
5413,"after a train has arrived, at some point in time both the train has arrived and a train is crossing",G(train_has_arrived -> F(train_has_arrived & train_is_crossing)),G(train_has_arrived -> F(train_has_arrived & train_is_crossing)),True
5414,"when drop pear , at some time withdraw pear",drop_pear -> F withdraw_pear,G(drop_pear -> F withdraw_pear),False
5415,"in the future the brake is pressed and, at the same time, the train is crossing and an elevator is open",F(brake_is_pressed & elevator_is_open & train_is_crossing),F(brake_is_pressed & train_is_crossing & elevator_is_open),True
5416,every time a motorbike catches fire or the bar has to be repaired then it is never the case that the engine starts and the semaphore is broken,G((bar_has_to_be_repaired | motorbike_catches_fire) -> G!(engine_starts & semaphore_is_broken)),G((motorbike_catches_fire | bar_has_to_be_repaired) -> !(engine_starts & semaphore_is_broken)),False
5417,"it is going to happen that a sensor gathers information and, it will happen that the semaphore is yellow and a bridge closes afterwards",G!sensor_gathers_information | F(sensor_gathers_information & F(bridge_closes & semaphore_is_yellow)),F(sensor_gathers_information & F(semaphore_is_yellow & X bridge_closes)),False
5418,in the future either an elevator falls or a semaphore is red,F(elevator_falls | semaphore_is_red),F(elevator_falls | semaphore_is_red),True
5419,Go to house 5 and stay there,FG house_5,F G house_5,True
5420,at any time scoop_up pear means that hold pear,F scoop_up_pear -> hold_pear,G(scoop_up_pear -> hold_pear),False
5421,whenever a train has arrived then at a certain moment either the escalator is blocked or a constructor creates instances,G(train_has_arrived -> F(constructor_creates_instances | escalator_is_blocked)),G(train_has_arrived -> F(escalator_is_blocked | constructor_creates_instances)),True
5422,Find your way to intersection_5 and stay there permanently,FG intersection_5,F G intersection_5,True
5423,Transport the bicycle to the shelf can only happen after picking up the zebra.,!deliver_bicycle_shelf U pickup_zebra,!deliver_bicycle_shelf U pickup_zebra,True
5424,Either photo gas_leak or photo flood happens infinitely often.,GF photo_gas_leak | GF photo_flood,GF(photo_gas_leak | photo_flood),True
5425,put_in bucket or at any time get_hold apple,put_in_bucket | F get_hold_apple,put_in_bucket | F get_hold_apple,True
5426,never drop apple and whenever bring pear,G!drop_apple & F bring_pear,G(!drop_apple) & G(bring_pear),False
5427,forever stay or at any time start_going_to house,G stay | F start_going_to_house,G(stay | F start_going_to_house),False
5428,whenever the train derails then it will happen that the train has arrived,G(train_derails -> F train_has_arrived),G(train_derails -> F train_has_arrived),True
5429,in the future the bar is up or a manager handles requests or the bar is closing,F(bar_is_closing | bar_is_up | manager_handles_requests),F(bar_is_up | manager_handles_requests | bar_is_closing),True
5430,always when both the brake is released and a semaphore is yellow then in the future the semaphore is yellow,G((brake_is_released & semaphore_is_yellow) -> F semaphore_is_yellow),G((brake_is_released & semaphore_is_yellow) -> F semaphore_is_yellow),True
5431,hold apple or stop_by flag,hold_apple | stop_by_flag,hold_apple | stop_by_flag,True
5432,"after the semaphore is yellow and the train stops, it is always true that a semaphore is yellow",G((semaphore_is_yellow & train_stops) -> G semaphore_is_yellow),F(semaphore_is_yellow & train_stops) -> G(semaphore_is_yellow),False
5433,at some time bring pear can infer that never drop apple,F bring_pear -> G!drop_apple,F bring_pear -> G ! drop_apple,True
5434,"after both a house is built and a train derails, all the time the motorbike falls down or the house collapses",G((house_is_built & train_derails) -> G(house_collapses | motorbike_falls_down)),F((house_is_built & train_derails) & G(motorbike_falls_down | house_collapses)),False
5435,Look for the clock and pickup the sports_ball will each happen at some point.,F search_clock & F pickup_sports_ball,(F search_clock) & (F pickup_sports_ball),True
5436,do not let_go pear or when possible journey_by flag,!let_go_pear | F journey_by_flag,(!let_go_pear) | F(journey_by_flag),True
5437,"Our agent must Eventually, both search the bus and get_help hold simultaneously.",F(get_help & search_bus),F(search_bus & get_help),True
5438,every time a motorbike falls down and the engine starts then under no condition both the car stops and the constructor instantiate objects,G((engine_starts & motorbike_falls_down) -> G!(car_stops & constructor_instantiate_objects)),G((motorbike_falls_down & engine_starts) -> !(car_stops & constructor_instantiate_objects)),False
5439,"under no condition either the motorbike falls down, the engine stops or the escalator speeds up",G!(engine_stops | escalator_speeds_up | motorbike_falls_down),G(!(motorbike_falls_down | engine_stops | escalator_speeds_up)),True
5440,Continuously deliver package 5 from warehouse 1 to store 5 while repeatedly going to charging station 5,GF(warehouse_1 & F(p_package_5 & F(pd & store_5))) & GF charging_station_5,G((pd & p_package_5 & warehouse_1 & store_5) & GF charging_station_5),False
5441,Ensure you never retrieve package 5,G!p_package_5,G(!p_package_5),True
5442,whenever both the engine starts and the engine stops then it is going to happen that a constructor instantiate objects and the elevator rises,G((engine_starts & engine_stops) -> F(constructor_instantiate_objects & elevator_rises)),G((engine_starts & engine_stops) -> F(constructor_instantiate_objects & elevator_rises)),True
5443,"sooner or later a manager handles requests, the brake is pressed and the brake is released",F(brake_is_pressed & brake_is_released & manager_handles_requests),F(manager_handles_requests & brake_is_pressed & brake_is_released),True
5444,every time the semaphore is yellow then at some point in time a car starts or a car stops,G(semaphore_is_yellow -> F(car_starts | car_stops)),G(semaphore_is_yellow -> F(car_starts | car_stops)),True
5445,Update light_south red and change light_west red will each happen at some point.,F change_light_south_red & F change_light_west_red,(F change_light_south_red) & (F change_light_west_red),True
5446,Stay out of house 4 permanently,G!house_4,G(!house_4),True
5447,"When search the bottle happens, deliver the remote to the shelf must hold now or in the next step.",G(search_bottle -> (deliver_remote_shelf | X deliver_remote_shelf)),G(search_bottle -> (deliver_remote_shelf | X deliver_remote_shelf)),True
5448,"if grab_hold pear , at any time have pear",grab_hold_pear -> F have_pear,G(grab_hold_pear -> FG have_pear),False
5449,"If deliver the bird to the shelf ever holds, search the bench must have held beforehand.",F deliver_bird_shelf -> (!deliver_bird_shelf U (!deliver_bird_shelf & search_bench)),G(deliver_bird_shelf -> (F search_bench & !deliver_bird_shelf)),False
5450,"go to house 1, pick up trash can 4, and take it ot garbage dump 3",F(house_1 & F(p_trash_can_4 & F(garbage_dump_3 & pd))),F(house_1 & F(p_trash_can_4 & F(garbage_dump_3))),False
5451,"if both a table is old and the constructor creates instances then finally, both the brake is pressed and a semaphore is broken",G((constructor_creates_instances & table_is_old) -> F(brake_is_pressed & semaphore_is_broken)),((table_is_old & constructor_creates_instances) -> F(brake_is_pressed & semaphore_is_broken)),False
5452,"sooner or later a semaphore is yellow or the bar is up and, it will happen that the semaphore is red and the elevator falls afterwards",G!(bar_is_up | semaphore_is_yellow) | F((bar_is_up | semaphore_is_yellow) & F(elevator_falls & semaphore_is_red)),F(semaphore_is_yellow | bar_is_up) & F(semaphore_is_red & X elevator_falls),False
5453,"Find the knife and idle never coincide, yet one of them is always true.",G!(idle & search_knife) & G(idle | search_knife),G(!(search_knife & idle)) & G(search_knife | idle),True
5454,Ensure you repeatedly visit charger 5 while continuously taking pictures of region 4,GF charger_5 & GF(photo & region_4),GF(charger_5) & G(photo & region_4),False
5455,Hand over the donut to the shelf holds at all times.,G deliver_donut_shelf,G deliver_donut_shelf,True
5456,Both go_home and get_help hold at every step.,G(get_help & go_home),G(go_home & get_help),True
5457,Stay in park 2 until you take a picture of monument 13,park_2 U (monument_13 & photo),park_2 U photo,False
5458,"first, at some point in time the car stops or the brake is released, and then, at some point either a car enters or a motorbike has started",G!(brake_is_released | car_stops) | F((brake_is_released | car_stops) & F(car_enters | motorbike_has_started)),F((car_stops | brake_is_released) & F(car_enters | motorbike_has_started)),False
5459,always either the motorbike is driven or the escalator speeds up implies that under no circumstances both the sensor captures data and the escalator is blocked,G((escalator_speeds_up | motorbike_is_driven) -> G!(escalator_is_blocked & sensor_captures_data)),G((motorbike_is_driven | escalator_speeds_up) -> !(sensor_captures_data & escalator_is_blocked)),False
5460,Reach hotel 3 and remain there indefinitely,FG hotel_3,F G hotel_3,True
5461,"sooner or later the escalator speeds up and the bridge opens and, at a certain moment the sensor gathers information afterwards",G!(bridge_opens & escalator_speeds_up) | F(bridge_opens & escalator_speeds_up & F sensor_gathers_information),F(escalator_speeds_up & bridge_opens) & F(sensor_gathers_information),False
5462,secure apple until at some time bring pear,secure_apple U F bring_pear,secure_apple U bring_pear,False
5463,Repeatedly visit area 2 and take a photo there,GF(area_2 & photo),GF(area_2 & photo),True
5464,Visit street 5 while ensuring you never enter parking lot 2,F street_5 & G!parking_lot_2,F(street_5) & G(!parking_lot_2),True
5465,it is going to happen that an elevator rises and a constructor creates instances,F(constructor_creates_instances & elevator_rises),F(elevator_rises & constructor_creates_instances),True
5466,at any time visit trash bin can infer that keep apple,F visit_trash_bin -> keep_apple,G(visit_trash_bin -> keep_apple),False
5467,always when a sensor captures data then in the future the bar is closing and a semaphore is broken,G(sensor_captures_data -> F(bar_is_closing & semaphore_is_broken)),G(sensor_captures_data -> F(bar_is_closing & semaphore_is_broken)),True
5468,Keep taking a picture of street 3,GF(photo & street_3),G(photo & street_3),False
5469,"first, it will happen that a motorbike has started and a semaphore is yellow, and then, eventually, both the brake is released and the bar is up",G!(motorbike_has_started & semaphore_is_yellow) | F(motorbike_has_started & semaphore_is_yellow & F(bar_is_up & brake_is_released)),(motorbike_has_started & semaphore_is_yellow) & F(brake_is_released & bar_is_up),False
5470,This controller must always have either change light_east green or get_help.,G(change_light_east_green | get_help),G(change_light_east_green | get_help),True
5471,go through blue or yellow to get to green,F((blue_room | yellow_room) & F green_room),(F blue_room | F yellow_room) & F green_room,False
5472,all the time a car enters,G car_enters,G(car_enters),True
5473,do not pick_up anything or at any time go_to peach,!F pick_up_anything | F go_to_peach,!(pick_up_anything | G go_to_peach),False
5474,The robot must eventually change light_north yellow or get_help.,F(change_light_north_yellow | get_help),F(change_light_north_yellow | get_help),True
5475,Snap a picture of landmark 6,F(landmark_6 & photo),F(photo & landmark_6),True
5476,when possible approach house and forever hold_onto orange,F approach_house & G hold_onto_orange,F(approach_house & G(hold_onto_orange)),False
5477,"after a car stops and the engine stops, under no circumstances both the train is crossing and a manager collect claims",G((car_stops & engine_stops) -> G!(manager_collect_claims & train_is_crossing)),G((car_stops & engine_stops) -> G(!(train_is_crossing & manager_collect_claims))),True
5478,"If photo the person on south_3rd_street holds and photo the car on northeast_9th_street holds next, then get_help holds in the step after that.",G((photo_person_south_3rd_street & X photo_car_northeast_9th_street) -> XX get_help),(photo_person_south_3rd_street & X photo_car_northeast_9th_street) -> XX get_help,False
5479,at some time reach tree and whenever visit waste basket,F reach_tree & F visit_waste_basket,F(reach_tree) & G(visit_waste_basket -> visit_waste_basket),False
5480,"in the future the motorbike falls down or a manager collect claims and, at some point a sensor gathers information and a table is old afterwards",G!(manager_collect_claims | motorbike_falls_down) | F((manager_collect_claims | motorbike_falls_down) & F(sensor_gathers_information & table_is_old)),F(motorbike_falls_down | manager_collect_claims) & F(sensor_gathers_information & X table_is_old),False
5481,Either deliver the banana to the loading_dock or get_help happens infinitely often.,GF deliver_banana_loading_dock | GF get_help,GF(deliver_banana_loading_dock | get_help),True
5482,Always avoid going to hall_1 to pickup file_6,G!(hall_1 & p_file_6),G(!(hall_1 & p_file_6)),True
5483,This controller must always maintain both go_home and communicate the safe_hostile.,G(communicate_safe_hostile & go_home),G(go_home & communicate_safe_hostile),True
5484,always both the bridge opens and an elevator is blocked implies that under no circumstances the engine starts or the engine stops,G((bridge_opens & elevator_is_blocked) -> G!(engine_starts | engine_stops)),G((bridge_opens & elevator_is_blocked) -> G(!(engine_starts | engine_stops))),True
5485,"after the manager handles requests and the bar is down, sooner or later the semaphore is yellow",G((bar_is_down & manager_handles_requests) -> F semaphore_is_yellow),G((manager_handles_requests & bar_is_down) -> F semaphore_is_yellow),True
5486,"If photo safe_rescuer holds and go_home holds next, then deliver_aid the safe_hostile holds in the step after that.",G((photo_safe_rescuer & X go_home) -> XX deliver_aid_safe_hostile),(photo_safe_rescuer & X go_home) -> XX deliver_aid_safe_hostile,False
5487,"Whenever get_help holds, search the banana holds exactly three steps later.",G(get_help -> XXX search_banana),G(get_help -> X X X search_banana),True
5488,Our agent must always have either photo the vehicle on northeast_4th_street or change light_north red.,G(change_light_north_red | photo_vehicle_northeast_4th_street),G(photo_vehicle_northeast_4th_street | change_light_north_red),True
5489,Make your way to house_2 and pickup trash_can_2,F(house_2 & p_trash_can_2),F(house_2 & F p_trash_can_2),False
5490,Remain still holds at all times.,G idle,G idle,True
5491,Stay within building_9 until you collect bottle_3 from room_2 and take it to room_6,building_9 U (room_2 & F(p_bottle_3 & F(pd & room_6))),(building_9) U (p_bottle_3 & room_2 & F(p_bottle_3 & room_6)),False
5492,"it is always true that the escalator is blocked and, at the same time, a manager handles requests and the car stops",G(car_stops & escalator_is_blocked & manager_handles_requests),G(escalator_is_blocked & manager_handles_requests & car_stops),True
5493,"in any case either the train has been launched, the engine stops or a table is brown",G(engine_stops | table_is_brown | train_has_been_launched),G(train_has_been_launched | engine_stops | table_is_brown),True
5494,Keep visiting charging station 5 and keep taking package 5 from warehouse 1 to store 5,GF charging_station_5 & GF(warehouse_1 & F(p_package_5 & F(pd & store_5))),G(charging_station_5 & (warehouse_1 & p_package_5) U store_5),False
5495,The system must always have either change light_east yellow or get_help.,G(change_light_east_yellow | get_help),G(change_light_east_yellow | get_help),True
5496,it is always the case that a car stops,G car_stops,G car_stops,True
5497,"Whenever neither go_home nor photo gas_leak holds, photo unsafe_rescuer eventually holds.",G(!(go_home & photo_gas_leak) -> F photo_unsafe_rescuer),G(!(go_home | photo_gas_leak) -> F photo_unsafe_rescuer),False
5498,"If every communicate the injured_rescuer is eventually followed by doing not go near the inactive_fire_source, then deliver_aid the safe_hostile must occur infinitely often.",G(communicate_injured_rescuer -> F avoid_inactive_fire_source) -> GF deliver_aid_safe_hostile,(G(communicate_injured_rescuer -> F avoid_inactive_fire_source)) -> GF deliver_aid_safe_hostile,True
5499,every time a manager handles requests and the train derails then at a certain moment both a manager collect claims and an elevator is blocked,G((manager_handles_requests & train_derails) -> F(elevator_is_blocked & manager_collect_claims)),G((manager_handles_requests & train_derails) -> F(manager_collect_claims & elevator_is_blocked)),True
5500,"Wait should always hold, with at most a two-step grace period for recovery.",!G!(idle & X idle),G(wait | X wait | XX wait),False
5501,"Whenever neither change light_south green nor photo the collision on east_7th_street holds, record the person on southwest_5th_avenue eventually holds.",G(!(change_light_south_green & photo_collision_east_7th_street) -> F record_person_southwest_5th_avenue),G(!(change_light_south_green | photo_collision_east_7th_street) -> F record_person_southwest_5th_avenue),False
5502,"at some point a train has arrived and, it is going to happen that the brake is pressed or a motorbike has started afterwards",G!train_has_arrived | F(train_has_arrived & F(brake_is_pressed | motorbike_has_started)),F(train_has_arrived & F(brake_is_pressed | X motorbike_has_started)),False
5503,"after both the motorbike has stopped and an elevator falls, it is always the case that both the escalator speeds up and a motorbike catches fire",G((elevator_falls & motorbike_has_stopped) -> G(escalator_speeds_up & motorbike_catches_fire)),F((motorbike_has_stopped & elevator_falls) -> G(escalator_speeds_up & motorbike_catches_fire)),False
5504,sooner or later a train derails or a train is crossing or the sensor retrieves data,F(sensor_retrieves_data | train_derails | train_is_crossing),F(train_derails | train_is_crossing | sensor_retrieves_data),True
5505,at any time get orange until forever touch flag,F get_orange U G touch_flag,G(get_orange U touch_flag),False
5506,"Whenever photo injured_victim holds, record safe_civilian holds exactly three steps later.",G(photo_injured_victim -> XXX record_safe_civilian),G(photo_injured_victim -> X X X record_safe_civilian),True
5507,"sooner or later the car starts or a train derails and, in the future either the elevator is blocked or the house is open afterwards",G!(car_starts | train_derails) | F((car_starts | train_derails) & F(elevator_is_blocked | house_is_open)),F(car_starts | train_derails) & F(elevator_is_blocked | F house_is_open),False
5508,every time both the engine stops and a bridge opens then it is always true that an elevator is open and the train has been launched,G((bridge_opens & engine_stops) -> G(elevator_is_open & train_has_been_launched)),G((engine_stops & bridge_opens) -> G(elevator_is_open & train_has_been_launched)),True
5509,when possible go_to peach can infer that at any time get_close flag,F go_to_peach -> F get_close_flag,G(go_to_peach -> G get_close_flag),False
5510,"Either search the stop_sign happens infinitely often, or pickup the mouse happens in the next step.",GF search_stop_sign | X pickup_mouse,GF search_stop_sign | X pickup_mouse,True
5511,don't let_go pear or at any time travel_to flag,!let_go_pear | F travel_to_flag,!(let_go_pear | GF travel_to_flag),False
5512,every time a motorbike has stopped and a car starts then it should not happen that either the table is brown or the car stops,G((car_starts & motorbike_has_stopped) -> G!(car_stops | table_is_brown)),G((motorbike_has_stopped & car_starts) -> ! (table_is_brown | car_stops)),False
5513,Ensure you go to park 7 and then capture a photo of monument 4,F(park_7 & F(monument_4 & photo)),F(park_7 & F(photo & monument_4)),True
5514,"Once idle has occurred, deliver the car to the loading_dock will never occur again.",G(idle -> XG!deliver_car_loading_dock),G(idle -> G(!deliver_car_loading_dock)),False
5515,walk until whenever grab orange,walk U F grab_orange,walk U grab_orange,False
5516,The robot must always have either get_help or change light_south green.,G(change_light_south_green | get_help),G(get_help | change_light_south_green),True
5517,Both get_help and record the motorcycle on west_6th_avenue hold at every step.,G(get_help & record_motorcycle_west_6th_avenue),G(get_help & record_motorcycle_west_6th_avenue),True
5518,never let_go and at any time grasp apple,G!let_go & F grasp_apple,G(!let_go) & GFgrasp_apple,False
5519,"Either get_help happens infinitely often, or record the car on northwest_4th_avenue happens in the next step.",GF get_help | X record_car_northwest_4th_avenue,GF get_help | X record_car_northwest_4th_avenue,True
5520,"If idle holds, then in the next step pickup the giraffe persists until pickuping the bowl holds, or else pickup the giraffe holds forever.",idle -> X((pickup_giraffe U pickup_bowl) | G pickup_giraffe),idle -> (X (pickup_giraffe U pickup_bowl) | G pickup_giraffe),False
5521,get_to tree until when possible get_to flag,get_to_tree U F get_to_flag,get_to_tree U get_to_flag,False
5522,Retrieve cone 5 from intersection 5 and take it to street 2,F(intersection_5 & F(p_cone_5 & F(pd & street_2))),F(p_cone_5 & intersection_5 & F(p_cone_5 & street_2)),False
5523,never let_go or venture_to trash can,venture_to_trash_can | G!let_go,G(!(let_go | venture_to_trash_can)),False
5524,"when the car enters then as the table is old, at some point in time the train is crossing afterwards",G(car_enters -> G(table_is_old -> F train_is_crossing)),G((car_enters & table_is_old) -> F train_is_crossing),False
5525,"at some point a bridge closes and, at some point in time both a sensor captures data and a sensor gathers information afterwards",G!bridge_closes | F(bridge_closes & F(sensor_captures_data & sensor_gathers_information)),F(bridge_closes) & F(sensor_captures_data & F(sensor_gathers_information)),False
5526,"whenever the house is built and the motorbike has stopped then absolutely never, either the brake is released or the engine starts",G((house_is_built & motorbike_has_stopped) -> G!(brake_is_released | engine_starts)),G((house_is_built & motorbike_has_stopped) -> G(!(brake_is_released | engine_starts))),True
5527,"finally, a sensor retrieves data or a bridge closes and, sooner or later the sensor gathers information afterwards",G!(bridge_closes | sensor_retrieves_data) | F((bridge_closes | sensor_retrieves_data) & F sensor_gathers_information),F((sensor_retrieves_data | bridge_closes) & F(sensor_gathers_information)),False
5528,Stay away from building 6 indefinitely,G!building_6,G(!building_6),True
5529,Eventually you should take a picture of arch 4 while never entering park 2,F(arch_4 & photo) & G!park_2,F(photo & arch_4) & G(!park_2),True
5530,Make sure you never retrieve cone_1 or cone_2,G!(p_cone_1 | p_cone_2),G(!(p_cone_1 | p_cone_2)),True
5531,Stay away from park 9 until you go to gate 7 and ensure you take a photograph,!park_9 U (gate_7 & photo),(!park_9) U (gate_7 & photo),True
5532,Either deliver the keyboard to the loading_dock or deliver the keyboard to the shelf happens infinitely often.,GF deliver_keyboard_loading_dock | GF deliver_keyboard_shelf,GF(deliver_keyboard_loading_dock | deliver_keyboard_shelf),True
5533,hold orange can infer that when possible have_possession_of apple,hold_orange -> F have_possession_of_apple,G(hold_orange -> F have_possession_of_apple),False
5534,"Either deliver the parking_meter to the shelf happens infinitely often, or pickup the baseball_glove happens in the next step.",GF deliver_parking_meter_shelf | X pickup_baseball_glove,GF(deliver_parking_meter_shelf) | X(pickup_baseball_glove),True
5535,"Ensure you visit table 8, collect brochure 2, and transport it to table 1",F(table_8 & F(p_brochure_2 & F(pd & table_1))),F(table_8 & F(p_brochure_2 & F(table_1))),False
5536,Keep returning to house_2 to collect trash_can_4,GF(house_2 & p_trash_can_4),GF(house_2 & p_trash_can_4),True
5537,"Whenever get_help holds, deliver_aid the safe_hostile holds exactly three steps later.",G(get_help -> XXX deliver_aid_safe_hostile),G(get_help -> X X X deliver_aid_safe_hostile),True
5538,it will happen that a semaphore is red or the car stops after the bar is up and a motorbike has started,G((bar_is_up & motorbike_has_started) -> F(car_stops | semaphore_is_red)),F(semaphore_is_red | ((bar_is_up & motorbike_has_started) -> X car_stops)),False
5539,if either the engine stops or a train is crossing then under no circumstances either the escalator moves or a table is old,G((engine_stops | train_is_crossing) -> G!(escalator_moves | table_is_old)),(engine_stops | train_is_crossing) -> G(!(escalator_moves | table_is_old)),False
5540,never let_go orange or move_towards trash can,move_towards_trash_can | G!let_go_orange,G(!(let_go_orange | move_towards_trash_can)),False
5541,"At every step, photo debris equals the value of avoid the probable_flood in the next step.",G(photo_debris <-> X avoid_probable_flood),G(photo_debris <-> X avoid_probable_flood),True
5542,at some time reach flag or never drop apple,F reach_flag | G!drop_apple,F reach_flag | G !drop_apple,True
5543,Remain in street_6 until you arrive at intersection_8,street_6 U intersection_8,(street_6 U intersection_8),True
5544,"first, it is going to happen that the train has arrived, and then, it will happen that the train derails and a manager handles requests",G!train_has_arrived | F(train_has_arrived & F(manager_handles_requests & train_derails)),F(train_has_arrived & F(train_derails & manager_handles_requests)),False
5545,"always when the car starts and the engine stops then finally, both the engine starts and a semaphore is broken",G((car_starts & engine_stops) -> F(engine_starts & semaphore_is_broken)),G((car_starts & engine_stops) -> F(engine_starts & semaphore_is_broken)),True
5546,Ensure you always stay in area_5,G area_5,G area_5,True
5547,"if whenever venture_to house , whenever venture_to house",1,G(venture_to_house -> G(venture_to_house)),False
5548,Stay away from room_4 until you reach building_4,!room_4 U building_4,(!room_4) U building_4,True
5549,whenever reach flag or never drop apple,F reach_flag | G!drop_apple,G(reach_flag | G(!drop_apple)),False
5550,"all the time either an elevator is open, the bar is down or a train has been launched",G(bar_is_down | elevator_is_open | train_has_been_launched),G(elevator_is_open | bar_is_down | train_has_been_launched),True
5551,at the blue_room through the room that is not yellow,F blue_room & G!yellow_room,blue_room & !yellow_room,False
5552,"first, finally, both a motorbike catches fire and the car enters, and then, finally, either a constructor creates instances or a table is old",G!(car_enters & motorbike_catches_fire) | F(car_enters & motorbike_catches_fire & F(constructor_creates_instances | table_is_old)),F((motorbike_catches_fire & car_enters) & F(constructor_creates_instances | table_is_old)),False
5553,take pear and hold apple,hold_apple & take_pear,take_pear & hold_apple,True
5554,Never going to parking lot 5 as you keep photographing car 9,G!parking_lot_5 & GF(car_9 & photo),G(!(parking_lot_5 & photo & car_9)),False
5555,whenever migrate_to tree or at some time have pear,F migrate_to_tree | F have_pear,G(migrate_to_tree | F have_pear),False
5556,Stay in park 8 until you take a picture of monument 2 and then go to bench 5 and stay there,park_8 U (monument_2 & photo & F(bench_5 & G bench_5)),(park_8 U (photo & monument_2)) & F G bench_5,True
5557,"as both a motorbike falls down and the escalator speeds up, it will happen that the house is built and the train stops",G((escalator_speeds_up & motorbike_falls_down) -> F(house_is_built & train_stops)),(motorbike_falls_down & escalator_speeds_up) -> F(house_is_built & train_stops),False
5558,"Once go_home has occurred, avoid the inactive_gas_leak will never occur again.",G(go_home -> XG!avoid_inactive_gas_leak),F(go_home -> G(!avoid_inactive_gas_leak)),False
5559,"When deliver the backpack to the loading_dock happens, search the vase must hold now or in the next step.",G(deliver_backpack_loading_dock -> (search_vase | X search_vase)),G(deliver_backpack_loading_dock -> (search_vase | X search_vase)),True
5560,"at some point in time the train has arrived and, finally, both a table is brown and the bar is up afterwards",G!train_has_arrived | F(train_has_arrived & F(bar_is_up & table_is_brown)),F(train_has_arrived & F(table_is_brown & X bar_is_up)),False
5561,hold pear or forever hold_onto orange,hold_pear | G hold_onto_orange,hold_pear | G hold_onto_orange,True
5562,"At every step, idle equals the value of get_help in the next step.",G(idle <-> X get_help),G(idle <-> X get_help),True
5563,"Either get_help happens infinitely often, or record the motorcycle on northwest_8th_street happens in the next step.",GF get_help | X record_motorcycle_northwest_8th_street,GF get_help | X record_motorcycle_northwest_8th_street,True
5564,at any time pick_up peach means that at some time stand_by tree,F pick_up_peach -> F stand_by_tree,G(pick_up_peach -> F stand_by_tree),False
5565,"Communicate with the injured_victim must keep holding until, from some point on, photo unsafe_rescuer holds infinitely often.",communicate_injured_victim U GF photo_unsafe_rescuer,communicate_injured_victim U (F G (F photo_unsafe_rescuer)),True
5566,"At every step, deliver the backpack to the loading_dock equals the value of pickup the skateboard in the next step.",G(deliver_backpack_loading_dock <-> X pickup_skateboard),G(deliver_backpack_loading_dock <-> X pickup_skateboard),True
5567,at any time reach flag until go_by waste bin,F reach_flag U go_by_waste_bin,G(reach_flag U go_by_waste_bin),False
5568,"Deliver box_1 from store_6 to house_9, then proceed to intersection_5 and remain there permanently",F(store_6 & F(p_box_1 & F(house_9 & pd))) & F(intersection_5 & G intersection_5),F(p_box_1 & store_6 & F(p_box_1 & house_9 & F(intersection_5 & G intersection_5))),False
5569,at some point in time the sensor captures data after the train is crossing or a table is brown,G((table_is_brown | train_is_crossing) -> F sensor_captures_data),F(sensor_captures_data & (F train_is_crossing | table_is_brown)),False
5570,when possible obtain orange until at any time stop_by trash can,F obtain_orange U F stop_by_trash_can,F(obtain_orange U G stop_by_trash_can),False
5571,Pick up box_8 from house_3 and place it in office_2,F(house_3 & F(p_box_8 & F(office_2 & pd))),F(p_box_8 & house_3 & F(p_box_8 & office_2)),False
5572,in the future either the bar is closing or an elevator falls after a train derails,G(train_derails -> F(bar_is_closing | elevator_falls)),F(bar_is_closing | (train_derails -> X elevator_falls)),False
5573,"as either a car starts or a train derails, at some point a train has arrived",G((car_starts | train_derails) -> F train_has_arrived),(car_starts | train_derails) -> F train_has_arrived,False
5574,Pick up cone_2 from police_station_1 and place it in intersection_2 without ever going to park_3.,F(police_station_1 & F(p_cone_2 & F(intersection_2 & pd))) & G!park_3,F(p_cone_2 & police_station_1 & F(pd & intersection_2)) & G(!park_3),False
5575,Our agent must always maintain both record fire_source and record unsafe_victim.,G(record_fire_source & record_unsafe_victim),G(record_fire_source & record_unsafe_victim),True
5576,"If every get_help is eventually followed by recording the car on north_3rd_avenue, then record the jaywalker on northeast_6th_avenue must occur infinitely often.",G(get_help -> F record_car_north_3rd_avenue) -> GF record_jaywalker_northeast_6th_avenue,(G(get_help -> F record_car_north_3rd_avenue)) -> GF record_jaywalker_northeast_6th_avenue,True
5577,"Change light_south yellow should always hold, with at most a two-step grace period for recovery.",!G!(change_light_south_yellow & X change_light_south_yellow),"G(F[0,2] change_light_south_yellow)",False
5578,forever touch flag and drop orange,drop_orange & G touch_flag,G(touch_flag & drop_orange),False
5579,whenever going_to flag means that at any time journey_to tree,F going_to_flag -> F journey_to_tree,G(going_to_flag -> G(journey_to_tree)),False
5580,"sooner or later the sensor gathers information and, sooner or later an elevator falls and the manager collect claims afterwards",G!sensor_gathers_information | F(sensor_gathers_information & F(elevator_falls & manager_collect_claims)),F(sensor_gathers_information) & F(elevator_falls & F(manager_collect_claims)),False
5581,"If every go_home is eventually followed by doing not go near the active_fire_source, then communicate the safe_hostile must occur infinitely often.",G(go_home -> F avoid_active_fire_source) -> GF communicate_safe_hostile,(G(go_home -> F avoid_active_fire_source)) -> GF communicate_safe_hostile,True
5582,"The robot must eventually, avoid pickuping the tie.",F!pickup_tie,F(!pickup_tie),True
5583,at the green_room,F green_room,green_room,False
5584,Go to parking_lot_5 and stay there forever.,FG parking_lot_5,F G parking_lot_5,True
5585,"Request assistance and go_home never coincide, yet one of them is always true.",G!(get_help & go_home) & G(get_help | go_home),G(!(get_help & go_home) & (get_help | go_home)),True
5586,Eventually (pick up crate 4 and eventually go to park 1 and put down the crate 4 and stay in park 1),F(p_crate_4 & F(park_1 & pd & G park_1)),F(p_crate_4 & F(park_1 & pd & G park_1)),True
5587,never let_go orange or whenever go_to apple,G!let_go_orange | F go_to_apple,G(!let_go_orange) | G(go_to_apple -> F go_to_apple),False
5588,forever move and at any time go_past flag,G move & F go_past_flag,G(move & F go_past_flag),False
5589,"first, it is going to happen that a bridge closes, and then, at some point both the table is brown and the bar is down",G!bridge_closes | F(bridge_closes & F(bar_is_down & table_is_brown)),F(bridge_closes & F(table_is_brown & bar_is_down)),False
5590,Avoid taking pictures until you get to park_5 while going to landmark_4 to take its picture,(!photo U park_5) & F(landmark_4 & photo),(!photo) U (park_5 & F(landmark_4 & F photo)),False
5591,You must eventually record the collision on northeast_9th_avenue or get_help.,F(get_help | record_collision_northeast_9th_avenue),F(record_collision_northeast_9th_avenue | get_help),True
5592,"If photo the vehicle on north_6th_avenue holds, then in the next step photo the car on west_8th_avenue persists until recording the vehicle on east_10th_street holds, or else photo the car on west_8th_avenue holds forever.",photo_vehicle_north_6th_avenue -> X((photo_car_west_8th_avenue U record_vehicle_east_10th_street) | G photo_car_west_8th_avenue),photo_vehicle_north_6th_avenue -> (X (photo_car_west_8th_avenue U record_vehicle_east_10th_street) | G photo_car_west_8th_avenue),False
5593,always both a manager handles requests and a constructor creates instances implies that under no circumstances both the sensor captures data and the brake is released,G((constructor_creates_instances & manager_handles_requests) -> G!(brake_is_released & sensor_captures_data)),G((manager_handles_requests & constructor_creates_instances) -> !(sensor_captures_data & brake_is_released)),False
5594,avoid the yellow_room to reach the green_room,F green_room & G!yellow_room,(!yellow_room) U green_room,False
5595,Continuously visit building_5 at regular intervals,GF building_5,GF building_5,True
5596,at any time journey_to tree can infer that approach tree,F journey_to_tree -> approach_tree,G(journey_to_tree -> approach_tree),False
5597,every time both an elevator is blocked and a motorbike has stopped,G(elevator_is_blocked & motorbike_has_stopped),G(elevator_is_blocked & motorbike_has_stopped),True
5598,repeatedly make_way_to house or when possible obtain pear,GF make_way_to_house | F obtain_pear,GF(make_way_to_house | obtain_pear),False
5599,procure apple or hold apple,hold_apple | procure_apple,procure_apple | hold_apple,True
5600,in any case the brake is pressed or the train stops,G(brake_is_pressed | train_stops),G(brake_is_pressed | train_stops),True
5601,"first, it will happen that both a motorbike catches fire and the car enters, and then, at some point a bridge closes",G!(car_enters & motorbike_catches_fire) | F(car_enters & motorbike_catches_fire & F bridge_closes),F((motorbike_catches_fire & car_enters) & F bridge_closes),False
5602,when possible go_by waste basket can infer that at any time venture_to house,F go_by_waste_basket -> F venture_to_house,G(go_by_waste_basket -> G(venture_to_house)),False
5603,capture orange or take pear,capture_orange | take_pear,capture_orange | take_pear,True
5604,Go to park_7 and photo of monument_4,F(park_7 & F(monument_4 & photo)),park_7 & photo & monument_4,False
5605,"Go to building_9 and stay there, but do not at building_9 until you reach street_6",FG building_9 & (!building_9 U street_6),(F(building_9 & G building_9)) & (!building_9 U street_6),True
5606,forever stay and keep apple,keep_apple & G stay,G(stay & keep_apple),False
5607,at the red_room,F red_room,red_room,False
5608,always the bar is down or the house is open implies that under no circumstances the escalator is blocked or a car starts,G((bar_is_down | house_is_open) -> G!(car_starts | escalator_is_blocked)),G((bar_is_down | house_is_open) -> G(!(escalator_is_blocked | car_starts))),True
5609,"Whenever search the toaster holds, pickup the bus holds as well.",G(search_toaster -> pickup_bus),G(search_toaster -> pickup_bus),True
5610,Go to statue 7 and take a picture,F(photo & statue_7),F(statue_7 & F photo),False
5611,Fetch bottle_3 from store 1 and drop it off in hospital_2.,F(shop_1 & F(p_bottle_3 & F(hospital_2 & pd))),F(p_bottle_3 & shop_1 & F(pd & hospital_2)),False
5612,Stay out of street 4 until you get to intersection 2 and retrieve trash 13 from house 13,(!street_4 U intersection_2) & F(house_13 & p_trash_13),(!street_4) U (intersection_2 & p_trash_13 & house_13),False
5613,"If every deliver_aid the safe_hostile is eventually followed by doing not go near the inactive_debris, then photo injured_rescuer must occur infinitely often.",G(deliver_aid_safe_hostile -> F avoid_inactive_debris) -> GF photo_injured_rescuer,(G(deliver_aid_safe_hostile -> F avoid_inactive_debris)) -> GF photo_injured_rescuer,True
5614,The robot must always maintain both pickup the bowl and pickup the remote.,G(pickup_bowl & pickup_remote),G(pickup_bowl & pickup_remote),True
5615,if a car stops or the bar has to be repaired then every time a semaphore is red and the brake is released,G((bar_has_to_be_repaired | car_stops) -> G(brake_is_released & semaphore_is_red)),(car_stops | bar_has_to_be_repaired) -> G(semaphore_is_red & brake_is_released),False
5616,"if both the engine starts and a semaphore is broken then never, either the brake is released or the engine starts",G((engine_starts & semaphore_is_broken) -> G!(brake_is_released | engine_starts)),(engine_starts & semaphore_is_broken) -> G !(brake_is_released | engine_starts),False
5617,when possible venture_to house until at some time reach flag,F venture_to_house U F reach_flag,G(venture_to_house U F reach_flag),False
5618,at blue_room by using green or yellow_rooms first,F((green_room | yellow_room) & F blue_room),F((green_room | yellow_room) U blue_room),False
5619,Go to bedroom 2 to grab bottle 3 and put it down in kitchen 4,F(bedroom_2 & F(p_bottle_3 & F(kitchen_4 & pd))),F(bedroom_2 & F(p_bottle_3 & F(kitchen_4 & pd))),True
5620,"at some point in time either a car enters or the motorbike has started and, at some point in time either the bar is down or a motorbike is driven afterwards",G!(car_enters | motorbike_has_started) | F((car_enters | motorbike_has_started) & F(bar_is_down | motorbike_is_driven)),F(car_enters | motorbike_has_started) & F(bar_is_down | X motorbike_is_driven),False
5621,"Whenever get_help holds, from the next step onwards deliver the kite to the shelf will eventually hold.",G(get_help -> XF deliver_kite_shelf),G(get_help -> X F deliver_kite_shelf),True
5622,at the red_room,F red_room,red_room,False
5623,whenever bring pear or never drop apple,F bring_pear | G!drop_apple,G(bring_pear | G(!drop_apple)),False
5624,forever move and whenever go_past flag,G move & F go_past_flag,G(move & (go_past_flag -> go_past_flag)),False
5625,"Whenever photo the jaywalker on north_2nd_street holds, record the car on west_9th_street holds as well.",G(photo_jaywalker_north_2nd_street -> record_car_west_9th_street),G(photo_jaywalker_north_2nd_street -> record_car_west_9th_street),True
5626,"Whenever change light_west yellow holds, from the next step onwards change light_east red will eventually hold.",G(change_light_west_yellow -> XF change_light_east_red),G(change_light_west_yellow -> X F change_light_east_red),True
5627,Go to street_5 and then at building_2 and stay there,F(street_5 & F(building_2 & G building_2)),F(street_5 & F(G building_2)),True
5628,move_to trashcan or never drop orange,move_to_trashcan | G!drop_orange,move_to_trashcan | G !drop_orange,True
5629,Continuously take pictures of locality 7 while ensuring you never visit park 3,GF(locality_7 & photo) & G!park_3,G((photo & locality_7) & !park_3),False
5630,Go to intersection 5 and stay there,FG intersection_5,F G intersection_5,True
5631,Continuously take pictures of intersection 4 at regular intervals,GF(intersection_4 & photo),G(photo & intersection_4),False
5632,at some time go_to trashcan and always hold_on pear,F go_to_trashcan & G hold_on_pear,F(go_to_trashcan & G hold_on_pear),False
5633,"first, sooner or later both the motorbike catches fire and the semaphore is red, and then, at a certain moment both the train stops and the elevator is blocked",G!(motorbike_catches_fire & semaphore_is_red) | F(motorbike_catches_fire & semaphore_is_red & F(elevator_is_blocked & train_stops)),F(motorbike_catches_fire & semaphore_is_red) & F(F(train_stops & elevator_is_blocked)),False
5634,move through a blue_room and into the green_room,F(blue_room & F green_room),F(blue_room & F green_room),True
5635,Find your way to hotel 3 and remain there forever,FG hotel_3,F G hotel_3,True
5636,forever hold_on pear and at any time migrate_to tree,G hold_on_pear & F migrate_to_tree,G(hold_on_pear) & F(migrate_to_tree),True
5637,Do not enter buildig 8 until you have reached parking lot 8,!building_8 U parking_lot_8,(!building_8) U parking_lot_8,True
5638,"Wait should always hold, with at most a two-step grace period for recovery.",!G!(idle & X idle),G(wait | X wait | XX wait),False
5639,it will happen that a table is brown and together a train is crossing and a motorbike catches fire,F(motorbike_catches_fire & table_is_brown & train_is_crossing),F(table_is_brown & train_is_crossing & motorbike_catches_fire),True
5640,"Pick up pass 2 from house 3 and deliver it to office 2, ensuring you do not enter street 5 before retrieving pass 2",F(house_3 & F(p_pass_2 & F(office_2 & pd))) & (!street_5 U p_pass_2),(!street_5 U p_pass_2) & F(p_pass_2 & F(office_2)),False
5641,"at some point in time either the train is crossing or the manager collect claims and, sooner or later an elevator falls or the brake is pressed afterwards",G!(manager_collect_claims | train_is_crossing) | F((manager_collect_claims | train_is_crossing) & F(brake_is_pressed | elevator_falls)),F((train_is_crossing | manager_collect_claims) & F(elevator_falls | X brake_is_pressed)),False
5642,visit tree or put_in apple bucket,put_in_apple_bucket | visit_tree,visit_tree | put_in_apple_bucket,True
5643,"every time the table is old, the train stops and the bar is down",G(bar_is_down & table_is_old & train_stops),G(table_is_old -> (train_stops & bar_is_down)),False
5644,every time the bar is down or a sensor retrieves data then at any time a semaphore is yellow,G((bar_is_down | sensor_retrieves_data) -> G semaphore_is_yellow),G((bar_is_down | sensor_retrieves_data) -> G semaphore_is_yellow),True
5645,"The robot must eventually, avoid returning to base.",F!go_home,F(!go_home),True
5646,always touch flag until at any time move_forward trash can,G touch_flag U F move_forward_trash_can,G(touch_flag U F move_forward_trash_can),False
5647,"after either the bar is down or the house is open, absolutely never, a sensor captures data and the brake is released",G((bar_is_down | house_is_open) -> G!(brake_is_released & sensor_captures_data)),F((bar_is_down | house_is_open) & G(!(sensor_captures_data & brake_is_released))),False
5648,Continue staying in street_4 until you successfully photograph house_1,street_4 U (house_1 & photo),(street_4) U (photo & house_1),True
5649,Ensure building 1 is avoided until reaching street 4.,!building_1 U street_4,(!building_1) U street_4,True
5650,"Record injured_victim and communicate the injured_hostile never coincide, yet one of them is always true.",G!(communicate_injured_hostile & record_injured_victim) & G(communicate_injured_hostile | record_injured_victim),G(!(record_injured_victim & communicate_injured_hostile)) & G(record_injured_victim | communicate_injured_hostile),True
5651,it will not happen that a car enters and together a car starts and a sensor captures data,G!(car_enters & car_starts & sensor_captures_data),!(car_enters & (car_starts & sensor_captures_data)),False
5652,Visit street_2 at some point and continue staying there,FG street_2,F G street_2,True
5653,it is always true that either a sensor captures data or the engine breaks after a motorbike has started or the escalator speeds up,G((escalator_speeds_up | motorbike_has_started) -> G(engine_breaks | sensor_captures_data)),G(sensor_captures_data | (motorbike_has_started -> F engine_breaks) | escalator_speeds_up),False
5654,whenever seize pear or whenever tax apple,F seize_pear | F tax_apple,G(seize_pear | tax_apple),False
5655,at a certain moment a manager collect claims and together the semaphore is green and the train is crossing,F(manager_collect_claims & semaphore_is_green & train_is_crossing),F(manager_collect_claims & semaphore_is_green & train_is_crossing),True
5656,under no condition both a train derails and a semaphore is red,G!(semaphore_is_red & train_derails),G(!(train_derails & semaphore_is_red)),True
5657,Always be in locality 5 as you take package 5 from office 3 to office 6,G locality_5 & F(office_3 & F(p_package_5 & F(office_6 & pd))),G((p_package_5 & office_3) U (p_package_5 & office_6)) -> G(locality_5),False
5658,Go to house 5 and remain there indefinitely,FG house_5,F G house_5,True
5659,"Whenever deliver the umbrella to the shelf holds, eventually pickup the remote will hold.",G(deliver_umbrella_shelf -> F pickup_remote),G(deliver_umbrella_shelf -> F pickup_remote),True
5660,go_visit flag means that hold pear,go_visit_flag -> hold_pear,go_visit_flag <-> hold_pear,False
5661,repeatedly go_to pear or at some time make_way_for tree,GF go_to_pear | F make_way_for_tree,GF go_to_pear | F make_way_for_tree,True
5662,"Globally, if get_help occurs then finally photo the car on northwest_6th_avenue happens.",G(get_help -> F photo_car_northwest_6th_avenue),G(get_help -> F photo_car_northwest_6th_avenue),True
5663,Ensure you stay in building 2 until you make your way to path 3,building_2 U path_3,building_2 U path_3,True
5664,Keep taking a picture of statue_4 and also keep visiting charger_4,GF(photo & statue_4) & GF charger_4,G(photo & statue_4 & charger_4),False
5665,"If record gas_leak happens infinitely often, then so does avoid the active_flood.",GF record_gas_leak -> GF avoid_active_flood,GF record_gas_leak -> GF avoid_active_flood,True
5666,"If every get_help is eventually followed by change light_north yellow, then photo the cyclist on south_8th_avenue must occur infinitely often.",G(get_help -> F change_light_north_yellow) -> GF photo_cyclist_south_8th_avenue,(G(get_help -> F change_light_north_yellow)) -> GF photo_cyclist_south_8th_avenue,True
5667,Take brochure_3 from table_9 and move it to park_2,F(table_9 & F(p_brochure_3 & F(park_2 & pd))),F(p_brochure_3 & table_9 & F(p_brochure_3 & park_2)),False
5668,"when pick_up fruit , never let_go apple",pick_up_fruit -> G!let_go_apple,G(pick_up_fruit -> G(!let_go_apple)),False
5669,"at a certain moment the sensor gathers information and, finally, either the sensor retrieves data or the manager collect claims afterwards",G!sensor_gathers_information | F(sensor_gathers_information & F(manager_collect_claims | sensor_retrieves_data)),F(sensor_gathers_information & F(sensor_retrieves_data | X manager_collect_claims)),False
5670,"after a table has been moved or the train stops, at a certain moment the motorbike has stopped or the escalator is blocked",G((table_has_been_moved | train_stops) -> F(escalator_is_blocked | motorbike_has_stopped)),F((table_has_been_moved | train_stops) -> F(motorbike_has_stopped | escalator_is_blocked)),False
5671,"Whenever photo injured_civilian holds, record debris holds as well.",G(photo_injured_civilian -> record_debris),G(photo_injured_civilian -> record_debris),True
5672,it will not happen that a manager collect claims and together the table is old and a house is open,G!(house_is_open & manager_collect_claims & table_is_old),!(manager_collect_claims & table_is_old & house_is_open),False
5673,walk until acquire orange,walk U acquire_orange,walk U acquire_orange,True
5674,"first, at a certain moment either the manager handles requests or a motorbike has started, and then, it is going to happen that the train has arrived",G!(manager_handles_requests | motorbike_has_started) | F((manager_handles_requests | motorbike_has_started) & F train_has_arrived),F((manager_handles_requests | motorbike_has_started) & F train_has_arrived),False
5675,it should not happen that the sensor gathers information or a house collapses,G!(house_collapses | sensor_gathers_information),!(sensor_gathers_information | house_collapses),False
5676,it is always the case that the engine stops and the bar is up after both the motorbike has stopped and the elevator falls,G((elevator_falls & motorbike_has_stopped) -> G(bar_is_up & engine_stops)),G((motorbike_has_stopped & elevator_falls) -> F(engine_stops & bar_is_up)),False
5677,Ensure you never go into house_4 at any time,G!house_4,G(!house_4),True
5678,"after either the elevator rises or the semaphore is yellow, it is going to happen that both the bridge opens and the brake is pressed",G((elevator_rises | semaphore_is_yellow) -> F(brake_is_pressed & bridge_opens)),F((elevator_rises | semaphore_is_yellow) -> F(bridge_opens & brake_is_pressed)),False
5679,never drop apple means that put_in bucket,G!drop_apple -> put_in_bucket,G(!drop_apple) -> put_in_bucket,True
5680,"forever, a motorbike has started and, at the same time, the house is open and the escalator is blocked",G(escalator_is_blocked & house_is_open & motorbike_has_started),G(motorbike_has_started & house_is_open & escalator_is_blocked),True
5681,Visit parking lot 4 repeatedly while moving document 4 from car 5 to car 6,GF parking_lot_4 & F(car_5 & F(p_document_4 & F(car_6 & pd))),GF(parking_lot_4) & (p_document_4 & car_5) U (p_document_4 & car_6),False
5682,Stay in parking_lot_5 until you photo of car_5,parking_lot_5 U (car_5 & photo),parking_lot_5 U (photo & car_5),True
5683,You must always have either record safe_victim or record safe_rescuer.,G(record_safe_rescuer | record_safe_victim),G(record_safe_victim | record_safe_rescuer),True
5684,"Whenever deliver_aid the safe_hostile and avoid the active_fire_source are equal, avoid the active_fire_source and photo flood are equal as well.",G((avoid_active_fire_source <-> deliver_aid_safe_hostile) -> (avoid_active_fire_source <-> photo_flood)),G((deliver_aid_safe_hostile <-> avoid_active_fire_source) -> (avoid_active_fire_source <-> photo_flood)),True
5685,"Switch light_west red and change light_west yellow never coincide, yet one of them is always true.",G!(change_light_west_red & change_light_west_yellow) & G(change_light_west_red | change_light_west_yellow),G(!(change_light_west_red & change_light_west_yellow)) & G(change_light_west_red | change_light_west_yellow),True
5686,whenever pass_by trash bin and repeatedly go_to pear,F pass_by_trash_bin & GF go_to_pear,G(pass_by_trash_bin -> GF go_to_pear),False
5687,"Whenever deliver the surfboard to the loading_dock holds, from the next step onwards deliver the broccoli to the loading_dock will eventually hold.",G(deliver_surfboard_loading_dock -> XF deliver_broccoli_loading_dock),G(deliver_surfboard_loading_dock -> X F deliver_broccoli_loading_dock),True
5688,when possible withold apple or reach trash can,reach_trash_can | F withold_apple,F(withold_apple | reach_trash_can),False
5689,"after a train has arrived, finally, the bridge closes or the car starts",G(train_has_arrived -> F(bridge_closes | car_starts)),G(train_has_arrived -> F(bridge_closes | car_starts)),True
5691,"When photo the person on north_8th_street happens, record the pedestrian on northeast_2nd_avenue must hold now or in the next step.",G(photo_person_north_8th_street -> (record_pedestrian_northeast_2nd_avenue | X record_pedestrian_northeast_2nd_avenue)),G(photo_person_north_8th_street -> (record_pedestrian_northeast_2nd_avenue | X record_pedestrian_northeast_2nd_avenue)),True
5692,if the semaphore is yellow then every time the semaphore is green and the elevator falls,G(semaphore_is_yellow -> G(elevator_falls & semaphore_is_green)),semaphore_is_yellow -> G(semaphore_is_green & elevator_falls),False
5693,"at some point either the table is old or the bar has to be repaired and, finally, a bridge closes afterwards",G!(bar_has_to_be_repaired | table_is_old) | F((bar_has_to_be_repaired | table_is_old) & F bridge_closes),F((table_is_old | bar_has_to_be_repaired) & F(X bridge_closes)),False
5694,"Take a video of unsafe_rescuer must keep holding until, from some point on, photo injured_civilian holds infinitely often.",record_unsafe_rescuer U GF photo_injured_civilian,record_unsafe_rescuer U G F photo_injured_civilian,True
5695,Our agent must Please idle and then deliver the dog to the loading_dock.,idle U deliver_dog_loading_dock,F(idle & F deliver_dog_loading_dock),False
5696,"always, either the elevator falls or a motorbike falls down",G(elevator_falls | motorbike_falls_down),G(elevator_falls | motorbike_falls_down),True
5697,"after a sensor captures data, eventually, the car enters or the motorbike is driven",G(sensor_captures_data -> F(car_enters | motorbike_is_driven)),G(sensor_captures_data -> F(car_enters | motorbike_is_driven)),True
5698,it will not happen that a house is built or the car starts or the house collapses,G!(car_starts | house_collapses | house_is_built),!(house_is_built | car_starts | house_collapses),False
5699,Collect the motorbike and deliver the pizza to the loading_dock will each happen at some point.,F pickup_motorbike & F deliver_pizza_loading_dock,(F pickup_motorbike) & (F deliver_pizza_loading_dock),True
5700,"Take a video of the person on southwest_9th_avenue must hold until change light_west green does, or else record the person on southwest_9th_avenue holds forever.",(record_person_southwest_9th_avenue U change_light_west_green) | G record_person_southwest_9th_avenue,(record_person_southwest_9th_avenue U change_light_west_green) | G record_person_southwest_9th_avenue,True
5701,in the future either a table is brown or the train has arrived,F(table_is_brown | train_has_arrived),F(table_is_brown | train_has_arrived),True
5702,"Continuously revisit mall_5, and ensure that each time you eventually pickup crate_8 and deliver it to office_6",GF(mall_5 & F(p_crate_8 & F(office_6 & pd))),GF(mall_5 & F(p_crate_8 & F office_6)),False
5703,always when a car starts and the house is open then at some point both a manager collect claims and the train has arrived,G((car_starts & house_is_open) -> F(manager_collect_claims & train_has_arrived)),G((car_starts & house_is_open) -> F(manager_collect_claims & train_has_arrived)),True
5704,"every time the train is crossing and, at the same time, the house is open and a sensor gathers information",G(house_is_open & sensor_gathers_information & train_is_crossing),G(train_is_crossing & house_is_open & sensor_gathers_information),True
5705,venture_towards house until never drop apple,venture_towards_house U G!drop_apple,venture_towards_house U !drop_apple,False
5706,The system must always avoid change light_west green.,G!change_light_west_green,G(!change_light_west_green),True
5707,at the green_room,F green_room,green_room,False
5708,never drop apple or whenever present_at flag,G!drop_apple | F present_at_flag,G(!drop_apple) | G(present_at_flag -> F(present_at_flag)),False
5709,"Whenever get_help holds, eventually go_home will hold.",G(get_help -> F go_home),G(get_help -> F go_home),True
5710,Do not go to street 7 while collecting package 3 from store 9 and delivering it to house 1,G!street_7 & F(store_9 & F(p_package_3 & F(house_1 & pd))),G(!((p_package_3 & store_9) | (p_package_3 & house_1)) | !street_7),False
5711,"at a certain moment a car enters or the motorbike has started and, at some point in time the bridge closes afterwards",G!(car_enters | motorbike_has_started) | F((car_enters | motorbike_has_started) & F bridge_closes),(car_enters | motorbike_has_started) & F bridge_closes,False
5713,Keep staying within street 5 while regularly photographing parking lot 4,G street_5 & GF(parking_lot_4 & photo),G(street_5 & GF(photo & parking_lot_4)),True
5714,forever move_around or gather orange,gather_orange | G move_around,G(move_around | gather_orange),False
5715,Talk to the injured_rescuer and photo unstable_beam are mutually exclusive at all times.,G!(communicate_injured_rescuer & photo_unstable_beam),G(!(communicate_injured_rescuer & photo_unstable_beam)),True
5716,at any time a motorbike falls down and an elevator rises,G(elevator_rises & motorbike_falls_down),G(motorbike_falls_down & elevator_rises),True
5717,"when at some time travel house , get_hold_of pear",F travel_house -> get_hold_of_pear,G(travel_house -> F get_hold_of_pear),False
5718,always when the semaphore is yellow or the engine stops then in the future both a motorbike has stopped and the escalator moves,G((engine_stops | semaphore_is_yellow) -> F(escalator_moves & motorbike_has_stopped)),G((semaphore_is_yellow | engine_stops) -> F(motorbike_has_stopped & escalator_moves)),True
5719,"Whenever go_home holds, avoid the nearest_flood holds as well.",G(go_home -> avoid_nearest_flood),G(go_home -> !avoid_nearest_flood),False
5720,at some point in time either a bridge opens or the constructor creates instances,F(bridge_opens | constructor_creates_instances),F(bridge_opens | constructor_creates_instances),True
5721,"never, either the train has been launched or the elevator rises",G!(elevator_rises | train_has_been_launched),G(!(train_has_been_launched | elevator_rises)),True
5722,"Make sure to go to bench 4, take a picture, and remain at that location",F(bench_4 & photo & G bench_4),F(bench_4 & F(photo & G(bench_4))),True
5723,"Whenever neither get_help nor go_home holds, communicate the injured_hostile eventually holds.",G(!(get_help & go_home) -> F communicate_injured_hostile),G(!(get_help | go_home) -> F communicate_injured_hostile),False
5724,Refrain from visiting parking lot 5 while photographing car 3,G!parking_lot_5 & F(car_3 & photo),G(!(parking_lot_5 & photo & car_3)),False
5725,"Whenever neither get_help nor deliver the sheep to the shelf holds, pickup the cake eventually holds.",G(!(deliver_sheep_shelf & get_help) -> F pickup_cake),G(!(get_help | deliver_sheep_shelf) -> F pickup_cake),False
5726,at some time journey_by flag means that forever have_in orange,F journey_by_flag -> G have_in_orange,F(journey_by_flag -> G have_in_orange),False
5727,"Globally, if get_help occurs then finally pickup the potted_plant happens.",G(get_help -> F pickup_potted_plant),G(get_help -> F pickup_potted_plant),True
5728,"in the future either an elevator is blocked, the motorbike catches fire or the constructor instantiate objects",F(constructor_instantiate_objects | elevator_is_blocked | motorbike_catches_fire),F(elevator_is_blocked | motorbike_catches_fire | constructor_instantiate_objects),True
5729,Go to house_5 and stay there,FG house_5,F G house_5,True
5730,"if a sensor captures data then eventually, either a motorbike catches fire or the sensor gathers information",G(sensor_captures_data -> F(motorbike_catches_fire | sensor_gathers_information)),G(sensor_captures_data -> F(motorbike_catches_fire | sensor_gathers_information)),True
5731,at some point both the engine starts and a motorbike is driven,F(engine_starts & motorbike_is_driven),F(engine_starts & motorbike_is_driven),True
5732,"at some point in time the train derails, the motorbike is driven and a bridge opens",F(bridge_opens & motorbike_is_driven & train_derails),F(train_derails & motorbike_is_driven & bridge_opens),True
5733,"If every photo the motorcycle on southwest_4th_avenue is eventually followed by geting help, then photo the car on east_5th_avenue must occur infinitely often.",G(photo_motorcycle_southwest_4th_avenue -> F get_help) -> GF photo_car_east_5th_avenue,(G(photo_motorcycle_southwest_4th_avenue -> F get_help)) -> GF photo_car_east_5th_avenue,True
5734,never let_go orange or at any time make_contact flag,G!let_go_orange | F make_contact_flag,G(!let_go_orange) & GF(make_contact_flag),False
5735,always have_in orange or don't let_go orange,!let_go_orange | G have_in_orange,G(have_in_orange | !let_go_orange),False
5736,advance_to tree or advance_to tree,advance_to_tree,advance_to_tree | advance_to_tree,True
5737,The robot must always avoid change light_east red.,G!change_light_east_red,G(!change_light_east_red),True
5738,whenever get_hold_of orange until when possible get_to cup,F get_hold_of_orange U F get_to_cup,G(get_hold_of_orange U get_to_cup),False
5739,"if when possible acquire pear , move_to house",F acquire_pear -> move_to_house,G(F(acquire_pear) -> move_to_house),False
5740,"Begin recording the jaywalker on southeast_1st_avenue must keep holding until, from some point on, change light_west red holds infinitely often.",record_jaywalker_southeast_1st_avenue U GF change_light_west_red,(record_jaywalker_southeast_1st_avenue U (F (G F change_light_west_red))),True
5741,do not let_go pear until whenever shift_to flag,!let_go_pear U F shift_to_flag,(!let_go_pear) U shift_to_flag,False
5742,"first, at a certain moment the bar has to be repaired and the sensor retrieves data, and then, eventually, both the escalator speeds up and the bridge opens",G!(bar_has_to_be_repaired & sensor_retrieves_data) | F(bar_has_to_be_repaired & sensor_retrieves_data & F(bridge_opens & escalator_speeds_up)),F((bar_has_to_be_repaired & sensor_retrieves_data) & F(escalator_speeds_up & bridge_opens)),False
5743,Our agent must always avoid pickup the toaster.,G!pickup_toaster,G(!pickup_toaster),True
5744,Ensure you keep capturing photos of building 5 while regularly revisiting charger 4,GF(building_5 & photo) & GF charger_4,G((photo & building_5) & GF charger_4),False
5745,at some time go_to trash bin until pick_up orange,F go_to_trash_bin U pick_up_orange,F(go_to_trash_bin U pick_up_orange),False
5746,Never enter house 4,G!house_4,G(!house_4),True
5747,it is never the case that either the engine starts or the escalator is blocked,G!(engine_starts | escalator_is_blocked),G(!(engine_starts | escalator_is_blocked)),True
5748,if either the engine stops or a train is crossing then under no circumstances either the car enters or the brake is released,G((engine_stops | train_is_crossing) -> G!(brake_is_released | car_enters)),G((engine_stops | train_is_crossing) -> !(car_enters | brake_is_released)),False
5749,go through the yellow_room to the blue_room,F(yellow_room & F blue_room),yellow_room U blue_room,False
5750,gather apple and seize apple,gather_apple & seize_apple,gather_apple & seize_apple,True
5751,Change light_north yellow and change light_west green will each happen at some point.,F change_light_north_yellow & F change_light_west_green,(F change_light_north_yellow) & (F change_light_west_green),True
5752,go green to blue or red to blue,F((green_room | red_room) & F blue_room),(green_room U blue_room) | (red_room U blue_room),False
5753,"when at any time seize pear , get_hold_of pear",F seize_pear -> get_hold_of_pear,G(seize_pear -> get_hold_of_pear),False
5754,Do not leave park 4 until you have taken a photograph of statue 9,park_4 U (photo & statue_9),!park_4 U photo,False
5755,Both idle and search the dog hold at every step.,G(idle & search_dog),G(idle & search_dog),True
5756,it is always true that either a motorbike has stopped or an elevator is open,G(elevator_is_open | motorbike_has_stopped),G(motorbike_has_stopped | elevator_is_open),True
5757,sooner or later the train derails after both a house is open and a sensor retrieves data,G((house_is_open & sensor_retrieves_data) -> F train_derails),F((house_is_open & sensor_retrieves_data) -> F train_derails),False
5758,Never ever pick up bottle 2 from house 4,G!(house_4 & p_bottle_2),G(!(house_4 & p_bottle_2)),True
5759,never drop pear and never drop pear,G!drop_pear,G(!drop_pear) & G(!drop_pear),True
5760,"if both the escalator speeds up and the motorbike catches fire then eternally, either the semaphore is yellow or the engine breaks",G((escalator_speeds_up & motorbike_catches_fire) -> G(engine_breaks | semaphore_is_yellow)),(escalator_speeds_up & motorbike_catches_fire) -> G(semaphore_is_yellow | engine_breaks),False
5761,Stay in area 5 until you take package 8 from store 2 to house 9,area_5 U (store_2 & F(p_package_8 & F(house_9 & pd))),(area_5) U (p_package_8 & store_2 & house_9),False
5762,when possible get_hold orange or forever go_by trash can,F get_hold_orange | G go_by_trash_can,F(get_hold_orange) | G(go_by_trash_can),True
5763,"Either change light_south yellow happens infinitely often, or change light_east yellow happens in the next step.",GF change_light_south_yellow | X change_light_east_yellow,GF(change_light_south_yellow) | X(change_light_east_yellow),True
5764,at some point both a car starts and a house is built,F(car_starts & house_is_built),F(car_starts & house_is_built),True
5765,"Eventually go to building 9 and remain there permanently, but do not enter building 9 before reaching street 6",FG building_9 & (!building_9 U street_6),F(building_9 & G building_9) & (!building_9 U street_6),True
5766,when possible shift_to flag until whenever grab orange,F shift_to_flag U F grab_orange,G(shift_to_flag U grab_orange),False
5767,travel_to apple or repeatedly go_to apple trashcan,travel_to_apple | GF go_to_apple_trashcan,travel_to_apple | GF go_to_apple_trashcan,True
5768,"whenever the train stops or the house is open then finally, either the brake is pressed or the escalator is blocked",G((house_is_open | train_stops) -> F(brake_is_pressed | escalator_is_blocked)),G((train_stops | house_is_open) -> F(brake_is_pressed | escalator_is_blocked)),True
5769,at the green_room avoiding the yellow_room,F green_room & G!yellow_room,green_room & !yellow_room,False
5770,every time the table is old and the engine starts,G(engine_starts & table_is_old),G(table_is_old & engine_starts),True
5771,repeatedly grab tree and repeatedly grab tree,GF grab_tree,GF grab_tree & GF grab_tree,True
5772,it will happen that the escalator moves and the train has been launched,F(escalator_moves & train_has_been_launched),F(escalator_moves & train_has_been_launched),True
5773,if a bridge opens and the engine starts then under no condition either the bar is up or a sensor retrieves data,G((bridge_opens & engine_starts) -> G!(bar_is_up | sensor_retrieves_data)),(bridge_opens & engine_starts) -> G(!(bar_is_up | sensor_retrieves_data)),False
5774,Go to street 5 and then make your way to house 4,F(street_5 & F house_4),F(street_5 & F house_4),True
5775,Deliver package 2 from warehouse 3 to house 1 and take a picture at house 1,F(warehouse_3 & F(p_package_2 & F(house_1 & pd & photo))),F(warehouse_3 & pd & p_package_2) & F(house_1 & pd & p_package_2) & F(house_1 & photo),False
5776,repeatedly go_to apple trashcan or whenever withdraw pear,GF go_to_apple_trashcan | F withdraw_pear,GF(go_to_apple_trashcan) | G(withdraw_pear -> withdraw_pear),False
5777,always when either the motorbike is driven or a house is built then at some point in time the sensor captures data,G((house_is_built | motorbike_is_driven) -> F sensor_captures_data),G((motorbike_is_driven | house_is_built) -> F sensor_captures_data),True
5778,"first, sooner or later the train stops or the motorbike has stopped, and then, it is going to happen that a bridge closes",G!(motorbike_has_stopped | train_stops) | F((motorbike_has_stopped | train_stops) & F bridge_closes),F(train_stops | motorbike_has_stopped) & F(bridge_closes),False
5779,take_to trash can and at some time grasp apple,take_to_trash_can & F grasp_apple,take_to_trash_can & F grasp_apple,True
5780,Do not interact with crate 8 by picking it up at any point,G!p_crate_8,G(!p_crate_8),True
5781,"The system must eventually, avoid begining recording the pedestrian on east_4th_avenue.",F!record_pedestrian_east_4th_avenue,F(!record_pedestrian_east_4th_avenue),True
5782,at some time haul pear or at any time withold apple,F haul_pear | F withold_apple,F(haul_pear) | G(withold_apple),False
5783,at some point the escalator is blocked and together a motorbike has started and the engine starts,F(engine_starts & escalator_is_blocked & motorbike_has_started),F(escalator_is_blocked & motorbike_has_started & engine_starts),True
5784,Remain still holds at all times.,G idle,G idle,True
5785,never drop apple until go_by waste bin,G!drop_apple U go_by_waste_bin,(!drop_apple) U go_by_waste_bin,False
5786,Every pickup the donut is directly followed by deliver the vase to the loading_dock in the next step.,G(pickup_donut -> X deliver_vase_loading_dock),G(pickup_donut -> X deliver_vase_loading_dock),True
5787,under no condition both the train derails and a manager handles requests,G!(manager_handles_requests & train_derails),G(!(train_derails & manager_handles_requests)),True
5788,whenever the escalator is blocked or the motorbike has started then it is never the case that either the train derails or a motorbike falls down,G((escalator_is_blocked | motorbike_has_started) -> G!(motorbike_falls_down | train_derails)),G((escalator_is_blocked | motorbike_has_started) -> G(!(train_derails | motorbike_falls_down))),True
5789,never drop pear until at some time visit flag,G!drop_pear U F visit_flag,(!drop_pear) U (F visit_flag),True
5790,take pear or never drop pear,take_pear | G!drop_pear,take_pear | G !drop_pear,True
5791,"Ensure you collect brochure_9 from table_2, travel to park_4, and remain there continuously",F(table_2 & F(p_brochure_9 & F(park_4 & G park_4))),F(p_brochure_9 & table_2) & F(F(p_brochure_9 & table_2) & F(park_4 & G park_4)),False
5792,Either pickup the umbrella or get_help happens infinitely often.,GF pickup_umbrella | GF get_help,GF(pickup_umbrella | get_help),True
5793,every time a bridge closes or a semaphore is green then it is going to happen that the escalator is blocked and a semaphore is red,G((bridge_closes | semaphore_is_green) -> F(escalator_is_blocked & semaphore_is_red)),G((bridge_closes | semaphore_is_green) -> F(escalator_is_blocked & semaphore_is_red)),True
5794,"If deliver the tennis_racket to the loading_dock holds, then in the next step pickup the traffic_light persists until idle holds, or else pickup the traffic_light holds forever.",deliver_tennis_racket_loading_dock -> X((pickup_traffic_light U idle) | G pickup_traffic_light),deliver_tennis_racket_loading_dock -> (X(pickup_traffic_light U idle) | G pickup_traffic_light),False
5795,every time the semaphore is yellow then it is going to happen that a table is old or the sensor retrieves data,G(semaphore_is_yellow -> F(sensor_retrieves_data | table_is_old)),G(semaphore_is_yellow -> F(table_is_old | sensor_retrieves_data)),True
5796,"Whenever photo safe_victim and get_help are equal, get_help and go_home are equal as well.",G((get_help <-> photo_safe_victim) -> (get_help <-> go_home)),G((photo_safe_victim <-> get_help) -> (get_help <-> go_home)),True
5797,"if the semaphore is yellow then forever, either a motorbike has stopped or the escalator speeds up",G(semaphore_is_yellow -> G(escalator_speeds_up | motorbike_has_stopped)),semaphore_is_yellow -> G (motorbike_has_stopped | escalator_speeds_up),False
5798,Stay within locality_7 at all times while taking letter_1 from office_4 to house_1,G locality_7 & F(office_4 & F(p_letter_1 & F(house_1 & pd))),G(locality_7 & (p_letter_1 & office_4 U (p_letter_1 & house_1))),False
5799,You must always avoid photoing fire_source.,G!photo_fire_source,G(!photo_fire_source),True
5800,"Globally, if avoid the probable_fire_source occurs then finally go_home happens.",G(avoid_probable_fire_source -> F go_home),G(avoid_probable_fire_source -> F go_home),True
5801,take apple or when possible pick_up peach,take_apple | F pick_up_peach,take_apple | F pick_up_peach,True
5802,Eventually you should find cone 5 in intersection 5 and deliver it to street 2,F(intersection_5 & F(p_cone_5 & F(pd & street_2))),F(p_cone_5 & intersection_5 & F(street_2 & pd)),False
5803,"Whenever neither idle nor search the backpack holds, get_help eventually holds.",G(!(idle & search_backpack) -> F get_help),G(!(idle | search_backpack) -> F get_help),False
5804,"at some point in time a train has arrived and, it is going to happen that a sensor retrieves data or the bridge closes afterwards",G!train_has_arrived | F(train_has_arrived & F(bridge_closes | sensor_retrieves_data)),F(train_has_arrived & F(sensor_retrieves_data | X bridge_closes)),False
5805,repeatedly go_to apple trashcan or when possible move_near tree,GF go_to_apple_trashcan | F move_near_tree,GF(go_to_apple_trashcan | move_near_tree),False
5806,when possible acquire pear and go_visit flag,go_visit_flag & F acquire_pear,G(F(acquire_pear & go_visit_flag)),False
5807,get_to tree or repeatedly grab tree,get_to_tree | GF grab_tree,get_to_tree | GF grab_tree,True
5808,Both communicate the injured_victim and communicate the safe_hostile hold at every step.,G(communicate_injured_victim & communicate_safe_hostile),G(communicate_injured_victim & communicate_safe_hostile),True
5809,Every get_help is directly followed by photoing the pedestrian on southeast_1st_avenue in the next step.,G(get_help -> X photo_pedestrian_southeast_1st_avenue),G(get_help -> X photo_pedestrian_southeast_1st_avenue),True
5810,at some point either the sensor retrieves data or the train has been launched,F(sensor_retrieves_data | train_has_been_launched),F(sensor_retrieves_data | train_has_been_launched),True
5811,"as the train has arrived or a constructor instantiate objects, at some point a train derails",G((constructor_instantiate_objects | train_has_arrived) -> F train_derails),(train_has_arrived | constructor_instantiate_objects) -> F train_derails,False
5812,Every deliver the truck to the loading_dock is directly followed by looking for the laptop in the next step.,G(deliver_truck_loading_dock -> X search_laptop),G(deliver_truck_loading_dock -> X search_laptop),True
5813,never drop apple and whenever advance_to house,G!drop_apple & F advance_to_house,G(!drop_apple) & G(advance_to_house -> advance_to_house),False
5814,move through the hallway to the blue_room but only if it takes you through a yellow_room,F(yellow_room & F blue_room),F(blue_room) -> F(yellow_room),False
5815,forever have_in orange or at some time stop_by house,G have_in_orange | F stop_by_house,G(have_in_orange) | F(stop_by_house),True
5816,"absolutely never, either a constructor creates instances, the table has been moved or the escalator moves",G!(constructor_creates_instances | escalator_moves | table_has_been_moved),G(!(constructor_creates_instances | table_has_been_moved | escalator_moves)),True
5817,"Whenever go_home and communicate the safe_victim are equal, communicate the safe_victim and communicate the injured_victim are equal as well.",G((communicate_safe_victim <-> go_home) -> (communicate_injured_victim <-> communicate_safe_victim)),G((go_home & communicate_safe_victim) -> (communicate_safe_victim & communicate_injured_victim)),False
5818,repeatedly grab tree until at some time venture flag,GF grab_tree U F venture_flag,(G grab_tree) U F venture_flag,True
5819,Eventually (take a picture at intersection 7 and remain there),F(intersection_7 & photo & G intersection_7),F(photo & G intersection_7),True
5820,Stay within park 4 until you capture a picture of statue 9,park_4 U (photo & statue_9),park_4 U photo,False
5821,"first, it is going to happen that either the train is crossing or the motorbike has stopped, and then, in the future both a manager handles requests and the motorbike falls down",G!(motorbike_has_stopped | train_is_crossing) | F((motorbike_has_stopped | train_is_crossing) & F(manager_handles_requests & motorbike_falls_down)),F((train_is_crossing | motorbike_has_stopped) & F(manager_handles_requests & motorbike_falls_down)),False
5822,"at some point a motorbike has stopped and the semaphore is red and, sooner or later a train has arrived afterwards",G!(motorbike_has_stopped & semaphore_is_red) | F(motorbike_has_stopped & semaphore_is_red & F train_has_arrived),F(motorbike_has_stopped & semaphore_is_red & F train_has_arrived),False
5823,Never enter streets 3 and 4,G!(street_3 | street_4),G(!(street_3 & street_4)),False
5824,Go to pick up luggage 2 and place it in room 402,F(p_luggage_2 & F(pd & room_402)),F(p_luggage_2 & F(room_402)),False
5825,"it is never the case that an elevator rises and, at the same time, the car enters and a semaphore is green",G!(car_enters & elevator_rises & semaphore_is_green),G(!(elevator_rises & car_enters & semaphore_is_green)),True
5826,This controller must eventually photo the motorcycle on west_1st_avenue or record the cyclist on northwest_6th_avenue.,F(photo_motorcycle_west_1st_avenue | record_cyclist_northwest_6th_avenue),F(photo_motorcycle_west_1st_avenue | record_cyclist_northwest_6th_avenue),True
5827,"if the brake is released or the motorbike has started then forever, the car starts or an elevator falls",G((brake_is_released | motorbike_has_started) -> G(car_starts | elevator_falls)),(brake_is_released | motorbike_has_started) -> G(car_starts | elevator_falls),False
5828,"after either a house is open or the manager collect claims, it never happens that a motorbike is driven and the bar is up",G((house_is_open | manager_collect_claims) -> G!(bar_is_up & motorbike_is_driven)),F(house_is_open | manager_collect_claims) -> G!(motorbike_is_driven & bar_is_up),False
5829,"Locate the skis must hold until get_help does, or else search the skis holds forever.",(search_skis U get_help) | G search_skis,(locate_skis U get_help) | G search_skis,False
5830,Keep visiting charger 2 and take plate 4 from table 2 to table 4,GF charger_2 & F(table_2 & F(p_plate_4 & F(pd & table_4))),G(charger_2) & F(p_plate_4 & table_2 & F(p_plate_4 & table_4)),False
5831,approach trash can until whenever withdraw pear,approach_trash_can U F withdraw_pear,approach_trash_can U withdraw_pear,False
5832,Keep delivering crate_1 from storage_4 to office_2 over and over,GF(storage_4 & F(p_crate_1 & F(office_2 & pd))),GF(pd & p_crate_1 & storage_4 & office_2),False
5833,"While avoiding living_room_1, retrieve bottle_3 from kitchen_2",G!living_room_1 & F(kitchen_2 & p_bottle_3),(!living_room_1) U (p_bottle_3 & kitchen_2),False
5834,when possible got_to house until repeatedly grab tree,F got_to_house U GF grab_tree,F(got_to_house U GF grab_tree),True
5835,at any time go home until at any time let_go apple,F go_home U F let_go_apple,G(go_home U G let_go_apple),False
5836,Take a video of the collision on west_4th_avenue holds at all times.,G record_collision_west_4th_avenue,G(record_collision_west_4th_avenue),True
5837,gather apple or don't let_go pear,gather_apple | !let_go_pear,gather_apple | !let_go_pear,True
5838,if the brake is released and the bar has to be repaired then in any case a manager handles requests or a table is old,G((bar_has_to_be_repaired & brake_is_released) -> G(manager_handles_requests | table_is_old)),(brake_is_released & bar_has_to_be_repaired) -> G(manager_handles_requests | table_is_old),False
5839,never drop orange or when possible snatch pear,G!drop_orange | F snatch_pear,G(!drop_orange) | F(snatch_pear),True
5840,never drop apple and whenever present_at flag,G!drop_apple & F present_at_flag,G(!drop_apple) & G(present_at_flag -> present_at_flag),False
5841,"as either the bridge closes or a car starts, at some point the sensor retrieves data or a train is crossing",G((bridge_closes | car_starts) -> F(sensor_retrieves_data | train_is_crossing)),(bridge_closes | car_starts) -> F (sensor_retrieves_data | train_is_crossing),False
5842,it should not happen that the bar is down or the motorbike is driven,G!(bar_is_down | motorbike_is_driven),!(bar_is_down | motorbike_is_driven),False
5843,"Never enter street_5, and ensure that you eventually at house_2 and pickup box_4",G!street_5 & F(house_2 & p_box_4),G(!street_5) & F(house_2 & p_box_4),True
5844,venture_towards house or at some time reach flag,venture_towards_house | F reach_flag,venture_towards_house | F reach_flag,True
5845,if either the semaphore is red or the escalator speeds up then sooner or later both a manager collect claims and the engine breaks,G((escalator_speeds_up | semaphore_is_red) -> F(engine_breaks & manager_collect_claims)),(semaphore_is_red | escalator_speeds_up) -> F(manager_collect_claims & engine_breaks),False
5846,"finally, either an elevator is open, the semaphore is broken or the bar is closing",F(bar_is_closing | elevator_is_open | semaphore_is_broken),F(elevator_is_open | semaphore_is_broken | bar_is_closing),True
5847,at some time visit house or gather apple,gather_apple | F visit_house,F(visit_house | gather_apple),False
5848,Continue staying in building 9 until you pick up bottle 3 from room 2 and place it in room 6,building_9 U (room_2 & F(p_bottle_3 & F(pd & room_6))),(building_9) U (p_bottle_3 & room_2 & room_6),False
5849,when possible obtain pear and repeatedly go_to waste basket,F obtain_pear & GF go_to_waste_basket,F(obtain_pear & GF go_to_waste_basket),True
5851,Our agent must always avoid deliver_aid the injured_victim.,G!deliver_aid_injured_victim,G(!deliver_aid_injured_victim),True
5852,at some time get_to flag or when possible lay_hold_of apple,F get_to_flag | F lay_hold_of_apple,F(get_to_flag | F lay_hold_of_apple),True
5853,at any time a train is crossing or the bar is up,G(bar_is_up | train_is_crossing),G(train_is_crossing | bar_is_up),True
5854,"whenever the semaphore is yellow then always, the motorbike falls down and a table has been moved",G(semaphore_is_yellow -> G(motorbike_falls_down & table_has_been_moved)),G(semaphore_is_yellow -> G(motorbike_falls_down & table_has_been_moved)),True
5855,travel_to apple or get_to tree,get_to_tree | travel_to_apple,travel_to_apple | get_to_tree,True
5856,You must eventually communicate the injured_hostile or communicate the injured_victim.,F(communicate_injured_hostile | communicate_injured_victim),F(communicate_injured_hostile | communicate_injured_victim),True
5857,if either the escalator is blocked or the engine stops then in the future the sensor captures data,G((engine_stops | escalator_is_blocked) -> F sensor_captures_data),(escalator_is_blocked | engine_stops) -> F sensor_captures_data,False
5858,"Stand by should always hold, with at most a two-step grace period for recovery.",!G!(idle & X idle),G(idle | X idle | X X idle),False
5859,"first, at some point in time either a table is brown or an elevator rises, and then, it will happen that a train has arrived",G!(elevator_rises | table_is_brown) | F((elevator_rises | table_is_brown) & F train_has_arrived),F((table_is_brown | elevator_rises) & F train_has_arrived),False
5860,The system must eventually avoid the impending_gas_leak or avoid the probable_unstable_beam.,F(avoid_impending_gas_leak | avoid_probable_unstable_beam),F(avoid_impending_gas_leak | avoid_probable_unstable_beam),True
5861,"every time a table is old or the car starts then eternally, either the bridge opens or a motorbike has started",G((car_starts | table_is_old) -> G(bridge_opens | motorbike_has_started)),G((table_is_old | car_starts) -> G(bridge_opens | motorbike_has_started)),True
5862,every time a house collapses or a motorbike is driven or the house is built,G(house_collapses | house_is_built | motorbike_is_driven),G(house_collapses | motorbike_is_driven | house_is_built),True
5863,whenever go home and when possible arrive_at tree,F go_home & F arrive_at_tree,G(go_home -> F arrive_at_tree),False
5864,Retrieve the fire_hydrant and pickup the wine_glass will each happen at some point.,F pickup_fire_hydrant & F pickup_wine_glass,(F pickup_fire_hydrant) & (F pickup_wine_glass),True
5865,"when put_in apple bucket , at some time go_visit house",put_in_apple_bucket -> F go_visit_house,G(put_in_apple_bucket -> F go_visit_house),False
5866,"never, either the house collapses or a train stops",G!(house_collapses | train_stops),G(!(house_collapses | train_stops)),True
5867,at any time seize pear until whenever go_to house,F seize_pear U F go_to_house,G(seize_pear U go_to_house),False
5868,only go through rooms that are not green to get to the blue_room,F blue_room & G!green_room,(!green_room) U blue_room,False
5869,Take a photo of the pedestrian on south_8th_avenue can only happen after photoing the vehicle on west_7th_avenue.,!photo_pedestrian_south_8th_avenue U photo_vehicle_west_7th_avenue,!photo_pedestrian_south_8th_avenue U photo_vehicle_west_7th_avenue,True
5870,Ensure you persistently take pictures of car_1 while refraining from visiting parking_lot_9 at all times,GF(car_1 & photo) & G!parking_lot_9,G(photo & !parking_lot_9),False
5871,every time a constructor instantiate objects or the train derails or the semaphore is yellow,G(constructor_instantiate_objects | semaphore_is_yellow | train_derails),G(constructor_instantiate_objects | train_derails | semaphore_is_yellow),True
5872,at any time contact flag or at some time grasp apple,F contact_flag | F grasp_apple,G(contact_flag) | F(grasp_apple),False
5873,every time both the sensor captures data and a semaphore is green,G(semaphore_is_green & sensor_captures_data),G(sensor_captures_data & semaphore_is_green),True
5874,"at a certain moment the table is brown and the bar is closing and, at some point in time the train has arrived afterwards",G!(bar_is_closing & table_is_brown) | F(bar_is_closing & table_is_brown & F train_has_arrived),F(table_is_brown & bar_is_closing & F train_has_arrived),False
5875,"Whenever neither get_help nor record the vehicle on southwest_8th_street holds, record the motorcycle on north_3rd_street eventually holds.",G(!(get_help & record_vehicle_southwest_8th_street) -> F record_motorcycle_north_3rd_street),G(!(get_help | record_vehicle_southwest_8th_street) -> F record_motorcycle_north_3rd_street),False
5876,at some time grasp apple until acquire orange,F grasp_apple U acquire_orange,F(grasp_apple U acquire_orange),False
5877,whenever journey_to flag and grasp orange,grasp_orange & F journey_to_flag,G((journey_to_flag & grasp_orange)),False
5878,never let_go orange and at any time go_near flag,G!let_go_orange & F go_near_flag,G(!let_go_orange) & GF(go_near_flag),False
5879,at any time start_going_to tree means that when possible gather pear,F start_going_to_tree -> F gather_pear,G(start_going_to_tree -> F gather_pear),False
5881,always the semaphore is green or the bar is up implies that it never happens that either the semaphore is green or a motorbike falls down,G((bar_is_up | semaphore_is_green) -> G!(motorbike_falls_down | semaphore_is_green)),G((semaphore_is_green | bar_is_up) -> G(!(semaphore_is_green | motorbike_falls_down))),True
5882,Collect trash_can_4 from house_1 and place it in garbage_dump_3,F(house_1 & F(p_trash_can_4 & F(garbage_dump_3 & pd))),F(p_trash_can_4 & house_1 & F(p_trash_can_4 & garbage_dump_3)),False
5883,"Take a video of fire_source must keep holding until, from some point on, record unstable_beam holds infinitely often.",record_fire_source U GF record_unstable_beam,record_fire_source U (F G F record_unstable_beam),True
5884,This controller must always avoid recording the pedestrian on west_4th_street.,G!record_pedestrian_west_4th_street,G(!record_pedestrian_west_4th_street),True
5885,"Whenever get_help holds, deliver the sofa to the loading_dock holds as well.",G(get_help -> deliver_sofa_loading_dock),G(get_help -> deliver_sofa_loading_dock),True
5886,"Whenever deliver_aid the safe_hostile and deliver_aid the safe_rescuer are equal, deliver_aid the safe_rescuer and communicate the safe_rescuer are equal as well.",G((deliver_aid_safe_hostile <-> deliver_aid_safe_rescuer) -> (communicate_safe_rescuer <-> deliver_aid_safe_rescuer)),G((deliver_aid_safe_hostile <-> deliver_aid_safe_rescuer) -> (deliver_aid_safe_rescuer <-> communicate_safe_rescuer)),True
5887,Keep delivering crate 1 from storage 4 to office 2 over and over,GF(storage_4 & F(p_crate_1 & F(office_2 & pd))),GF(pd & p_crate_1 & storage_4 & office_2),False
5888,Go to street 5 but avoid parking lot 2,F street_5 & G!parking_lot_2,F(street_5) & G(!parking_lot_2),True
5889,Go to statue 7 and take a photo there,F(photo & statue_7),F(statue_7 & F photo),False
5890,Refrain from going to park 3 as you take a picture of monument 3,G!park_3 & F(monument_3 & photo),!(park_3 & photo & monument_3),False
5891,"every time both the train has been launched and the bar is closing then forever, either the bar has to be repaired or the bar is up",G((bar_is_closing & train_has_been_launched) -> G(bar_has_to_be_repaired | bar_is_up)),G((train_has_been_launched & bar_is_closing) -> G(bar_has_to_be_repaired | bar_is_up)),True
5892,grab_hold pear until at some time journey_by flag,grab_hold_pear U F journey_by_flag,grab_hold_pear U journey_by_flag,False
5893,if an elevator falls and the escalator speeds up then it is always the case that a table is brown and the car starts,G((elevator_falls & escalator_speeds_up) -> G(car_starts & table_is_brown)),(elevator_falls & escalator_speeds_up) -> G(table_is_brown & car_starts),False
5894,"first, eventually, either the manager collect claims or the constructor creates instances, and then, finally, either the bridge closes or the escalator is blocked",G!(constructor_creates_instances | manager_collect_claims) | F((constructor_creates_instances | manager_collect_claims) & F(bridge_closes | escalator_is_blocked)),F((manager_collect_claims | constructor_creates_instances) & F(bridge_closes | escalator_is_blocked)),False
5895,"if move_towards trash can , at some time start_going_to tree",move_towards_trash_can -> F start_going_to_tree,move_towards_trash_can -> F start_going_to_tree,True
5896,do not take the red_room to reach the blue_room,F blue_room & G!red_room,!red_room U blue_room,False
5898,enter the blue_room by way of the red_room,F(red_room & F blue_room),F(red_room & F blue_room),True
5899,"as the elevator is blocked and a motorbike has stopped, it is going to happen that the escalator is blocked or the engine stops",G((elevator_is_blocked & motorbike_has_stopped) -> F(engine_stops | escalator_is_blocked)),(elevator_is_blocked & motorbike_has_stopped) -> F(escalator_is_blocked | engine_stops),False
5900,"If deliver the baseball_glove to the shelf holds, then in the next step pickup the oven persists until standing by holds, or else pickup the oven holds forever.",deliver_baseball_glove_shelf -> X((pickup_oven U idle) | G pickup_oven),deliver_baseball_glove_shelf -> (X(pickup_oven U standing_by) | G pickup_oven),False
5901,never let_go orange or when possible travel_to house,G!let_go_orange | F travel_to_house,G(!let_go_orange) | F(travel_to_house),True
5902,"when take pear , repeatedly go_to pear",take_pear -> GF go_to_pear,G(take_pear -> G go_to_pear),False
5903,enter the green_room through either the yellow or or blue_rooms,F((blue_room | yellow_room) & F green_room),F(green_room & (yellow_room | blue_room)),False
5904,"The system must Eventually, both pickup the bicycle and get_help hold simultaneously.",F(get_help & pickup_bicycle),F(pickup_bicycle & get_help),True
5905,Pick up document 1 from office 3 and take it to street 2 and stay there,F(office_3 & F(p_document_1 & F(street_2 & G street_2))),F(p_document_1 & office_3 & F(p_document_1 & street_2 & G(street_2))),False
5906,at the yellow_room through the red or blue_room,F((blue_room | red_room) & F yellow_room),yellow_room & (red_room | blue_room),False
5907,whenever grab orange or never drop apple,F grab_orange | G!drop_apple,G(grab_orange | G(!drop_apple)),False
5908,always when both the bar is up and a motorbike has started then in the future the train derails,G((bar_is_up & motorbike_has_started) -> F train_derails),G((bar_is_up & motorbike_has_started) -> F train_derails),True
5909,never drop apple and at some time go_near flag,G!drop_apple & F go_near_flag,G(!drop_apple) & F(go_near_flag),True
5910,Do not at room_2 before retrieving bottle_4 from kitchen_1 and putting it on table_4,!room_2 U (kitchen_1 & F(p_bottle_4 & F(pd & table_4))),!(room_2) U (p_bottle_4 & kitchen_1 & F (p_bottle_4 & table_4)),False
5911,"the sensor retrieves data implies that after a constructor creates instances, it will happen that the brake is released",G(sensor_retrieves_data -> G(constructor_creates_instances -> F brake_is_released)),sensor_retrieves_data -> G(constructor_creates_instances -> F brake_is_released),False
5912,move_to house until at any time secure pear,move_to_house U F secure_pear,move_to_house U F secure_pear,True
5913,"first, sooner or later an elevator falls and a manager collect claims, and then, finally, either the bar is down or the motorbike falls down",G!(elevator_falls & manager_collect_claims) | F(elevator_falls & manager_collect_claims & F(bar_is_down | motorbike_falls_down)),F((elevator_falls & manager_collect_claims) & F(bar_is_down | motorbike_falls_down)),False
5915,if a table has been moved or the engine stops then in the future the bar has to be repaired or the elevator rises,G((engine_stops | table_has_been_moved) -> F(bar_has_to_be_repaired | elevator_rises)),(table_has_been_moved | engine_stops) -> F (bar_has_to_be_repaired | elevator_rises),False
5916,"after a motorbike has started or the escalator speeds up, it is always the case that a manager collect claims or the escalator speeds up",G((escalator_speeds_up | motorbike_has_started) -> G(escalator_speeds_up | manager_collect_claims)),F(motorbike_has_started | escalator_speeds_up) -> G(manager_collect_claims | escalator_speeds_up),False
5917,Keep returning to building 5 periodically,GF building_5,GF building_5,True
5918,always hold_on pear and come_to tree,come_to_tree & G hold_on_pear,G(hold_on_pear & come_to_tree),False
5919,"whenever either the elevator rises or the elevator falls then finally, the escalator is blocked or the constructor creates instances",G((elevator_falls | elevator_rises) -> F(constructor_creates_instances | escalator_is_blocked)),G((elevator_rises | elevator_falls) -> F(escalator_is_blocked | constructor_creates_instances)),True
5920,Stay within building 9 before retrieving bottle 3 from room 2 and transporting it to room 6,building_9 U (room_2 & F(p_bottle_3 & F(pd & room_6))),(building_9) U (p_bottle_3 & room_2 & F (p_bottle_3 & room_6)),False
5921,it will happen that both a train has been launched and a semaphore is green,F(semaphore_is_green & train_has_been_launched),F(train_has_been_launched & semaphore_is_green),True
5922,"in the future both the sensor gathers information and the motorbike catches fire and, at a certain moment the train stops and an elevator is blocked afterwards",G!(motorbike_catches_fire & sensor_gathers_information) | F(motorbike_catches_fire & sensor_gathers_information & F(elevator_is_blocked & train_stops)),F(sensor_gathers_information & motorbike_catches_fire) & F(train_stops & F elevator_is_blocked),False
5923,when possible lay_hold_of apple or never drop orange,F lay_hold_of_apple | G!drop_orange,F(lay_hold_of_apple) | G(!drop_orange),True
5924,"Take a photo of the motorcycle on south_6th_avenue and get_help never coincide, yet one of them is always true.",G!(get_help & photo_motorcycle_south_6th_avenue) & G(get_help | photo_motorcycle_south_6th_avenue),G(!(photo_motorcycle_south_6th_avenue & get_help) & (photo_motorcycle_south_6th_avenue | get_help)),True
5925,Every get_help is directly followed by change light_east red in the next step.,G(get_help -> X change_light_east_red),G(get_help -> X change_light_east_red),True
5926,in the future both the engine stops and a train has been launched,F(engine_stops & train_has_been_launched),F(engine_stops & train_has_been_launched),True
5927,at the yellow_room,F yellow_room,yellow_room,False
5928,always go_by trash can and when possible proceed_to flag,G go_by_trash_can & F proceed_to_flag,G(go_by_trash_can & FG proceed_to_flag),False
5929,"when always have_in orange , grab_hold pear",G have_in_orange -> grab_hold_pear,G(have_in_orange -> grab_hold_pear),False
5930,"after both the bar is closing and the elevator is blocked, at no time both the constructor instantiate objects and the escalator speeds up",G((bar_is_closing & elevator_is_blocked) -> G!(constructor_instantiate_objects & escalator_speeds_up)),F((bar_is_closing & elevator_is_blocked) & G(!(constructor_instantiate_objects & escalator_speeds_up))),False
5931,"From some point onwards, photo the car on west_9th_avenue never occurs again.",FG!photo_car_west_9th_avenue,FG(!photo_car_west_9th_avenue),True
5932,move to the red_room,F red_room,F red_room,True
5933,always a sensor captures data or the table has been moved implies that it will not happen that either the elevator is blocked or an elevator falls,G((sensor_captures_data | table_has_been_moved) -> G!(elevator_falls | elevator_is_blocked)),G((sensor_captures_data | table_has_been_moved) -> !(elevator_is_blocked | elevator_falls)),False
5934,Always avoid picking up package_5,G!p_package_5,G(!p_package_5),True
5935,"it is going to happen that both the escalator moves and a car starts and, it will happen that a bridge closes afterwards",G!(car_starts & escalator_moves) | F(car_starts & escalator_moves & F bridge_closes),F((escalator_moves & car_starts) & F(bridge_closes)),False
5936,"eventually, the train has arrived or the engine stops or the elevator is open",F(elevator_is_open | engine_stops | train_has_arrived),F(train_has_arrived | engine_stops | elevator_is_open),True
5937,"If deliver the laptop to the shelf holds and idle holds next, then deliver the frisbee to the shelf holds in the step after that.",G((deliver_laptop_shelf & X idle) -> XX deliver_frisbee_shelf),(deliver_laptop_shelf & X idle) -> XX deliver_frisbee_shelf,False
5938,Eventually pickup crate_4 and then at park_1 and then put_down and remain in park_1,"F(""p_crate_4 "" & F(""park_1 "" & pd & G park_1))","F(""p_crate_4 "" & F(park_1 & F(pd & G park_1)))",False
5939,"eternally, either the elevator is open or the engine breaks",G(elevator_is_open | engine_breaks),G(elevator_is_open | engine_breaks),True
5940,"after either the bar is down or a sensor retrieves data, always, the house is built and the train derails",G((bar_is_down | sensor_retrieves_data) -> G(house_is_built & train_derails)),F((bar_is_down | sensor_retrieves_data) & G(house_is_built & train_derails)),False
5941,"The system must Eventually, both record flood and get_help hold simultaneously.",F(get_help & record_flood),F(record_flood & get_help),True
5942,Ensure you remain in county_4 and keep transferring package_4 from office_3 to office_8,G county_4 & GF(office_3 & F(p_package_4 & F(office_8 & pd))),G(county_4 & (office_3 U (p_package_4 & office_8))),False
5943,"Whenever get_help holds, from the next step onwards go_home will eventually hold.",G(get_help -> XF go_home),G(get_help -> X F go_home),True
5944,This controller must always avoid talking to the safe_rescuer.,G!communicate_safe_rescuer,G(!communicate_safe_rescuer),True
5945,hold_on_to pear until whenever scoop_up apple,hold_on_to_pear U F scoop_up_apple,hold_on_to_pear U scoop_up_apple,False
5946,"Drop off the clock to the loading_dock should always hold, with at most a two-step grace period for recovery.",!G!(deliver_clock_loading_dock & X deliver_clock_loading_dock),"G(F[0,2] deliver_clock_loading_dock)",False
5947,pick_up pear and travel_to waste bin,pick_up_pear & travel_to_waste_bin,pick_up_pear & travel_to_waste_bin,True
5948,whenever go_by waste basket or never drop apple,F go_by_waste_basket | G!drop_apple,G(go_by_waste_basket -> G(!drop_apple)),False
5949,at any time the engine stops and together the elevator is open and a bridge opens,G(bridge_opens & elevator_is_open & engine_stops),G(engine_stops & elevator_is_open & bridge_opens),True
5950,"eventually, a car starts and a house is open after the semaphore is yellow",G(semaphore_is_yellow -> F(car_starts & house_is_open)),F(semaphore_is_yellow -> F(car_starts & house_is_open)),False
5951,never drop apple or whenever touch house,G!drop_apple | F touch_house,G(!drop_apple) | G(touch_house -> F(touch_house)),False
5952,get_hold_of pear until at any time scoop_up pear,get_hold_of_pear U F scoop_up_pear,get_hold_of_pear U scoop_up_pear,False
5953,at any time spend_time_at tree or repeatedly grab tree,F spend_time_at_tree | GF grab_tree,G(spend_time_at_tree | GF grab_tree),False
5954,pick_up flag or go_to orange,go_to_orange | pick_up_flag,pick_up_flag | go_to_orange,True
5955,always move or at any time touch tree,G move | F touch_tree,G(move) | F(touch_tree),True
5956,"if when possible travel_to house , never drop apple",F travel_to_house -> G!drop_apple,G(travel_to_house -> G(!drop_apple)),False
5958,stop_by flag can infer that grasp orange,stop_by_flag -> grasp_orange,G(stop_by_flag -> grasp_orange),False
5959,it will not happen that a car enters and together the brake is released and the engine stops,G!(brake_is_released & car_enters & engine_stops),!(car_enters & brake_is_released & engine_stops),False
5960,go_to orange bin and grip apple,go_to_orange_bin & grip_apple,go_to_orange_bin & grip_apple,True
5961,"first, at a certain moment the engine breaks or the manager handles requests, and then, at some point in time either the escalator moves or the manager collect claims",G!(engine_breaks | manager_handles_requests) | F((engine_breaks | manager_handles_requests) & F(escalator_moves | manager_collect_claims)),F((engine_breaks | manager_handles_requests) & F(escalator_moves | manager_collect_claims)),False
5962,"at some point a train has arrived and, at a certain moment both a motorbike catches fire and the car enters afterwards",G!train_has_arrived | F(train_has_arrived & F(car_enters & motorbike_catches_fire)),F(train_has_arrived) & F(motorbike_catches_fire & X car_enters),False
5963,"if either the brake is released or the house collapses then finally, a sensor captures data",G((brake_is_released | house_collapses) -> F sensor_captures_data),(brake_is_released | house_collapses) -> F sensor_captures_data,False
5964,"Move box 1 from store 6 to house 9, and then go to intersection 5 and continue staying there",F(store_6 & F(p_box_1 & F(house_9 & pd))) & F(intersection_5 & G intersection_5),F(p_box_1 & store_6 & F(p_box_1 & house_9 & F(G intersection_5))),False
5965,"Do not enter building_3 until you arrive at garage_3, and once there, remain in building_3",(!building_3 U garage_3) & FG building_3,(!building_3 U garage_3) & G(garage_3 -> G building_3),False
5966,"at some point both a house collapses and the house is open and, it will happen that the bridge closes afterwards",G!(house_collapses & house_is_open) | F(house_collapses & house_is_open & F bridge_closes),F((house_collapses & house_is_open) & X(bridge_closes)),False
5967,Every record the vehicle on northeast_4th_street is directly followed by begining recording the pedestrian on east_10th_street in the next step.,G(record_vehicle_northeast_4th_street -> X record_pedestrian_east_10th_street),G(record_vehicle_northeast_4th_street -> X record_pedestrian_east_10th_street),True
5968,Continuously stay in locality 9 without leaving,G locality_9,G(locality_9),True
5969,"Record the vehicle on west_3rd_avenue must keep holding until, from some point on, change light_west yellow holds infinitely often.",record_vehicle_west_3rd_avenue U GF change_light_west_yellow,(record_vehicle_west_3rd_avenue U (GF change_light_west_yellow)),True
5970,"finally, either a train derails or the semaphore is red after both the brake is pressed and the train has arrived",G((brake_is_pressed & train_has_arrived) -> F(semaphore_is_red | train_derails)),F(train_derails | ((brake_is_pressed & train_has_arrived) -> X semaphore_is_red)),False
5971,if both a sensor captures data and the motorbike falls down then it is always the case that either a motorbike falls down or the house collapses,G((motorbike_falls_down & sensor_captures_data) -> G(house_collapses | motorbike_falls_down)),(sensor_captures_data & motorbike_falls_down) -> G(motorbike_falls_down | house_collapses),False
5972,when possible visit waste basket and do not pick_up anything,F visit_waste_basket & !F pick_up_anything,G(visit_waste_basket & !pick_up_anything),False
5973,"Once deliver the car to the shelf has occurred, pickup the bicycle will never occur again.",G(deliver_car_shelf -> XG!pickup_bicycle),G(deliver_car_shelf -> G(!pickup_bicycle)),False
5974,"At every step, change light_north red equals the value of get_help in the next step.",G(change_light_north_red <-> X get_help),G(change_light_north_red <-> X get_help),True
5975,Every idle is directly followed by delivering the scissors to the loading_dock in the next step.,G(idle -> X deliver_scissors_loading_dock),G(idle -> X deliver_scissors_loading_dock),True
5976,Visit statue_5 and photo of it,F(photo & statue_5),statue_5 & photo,False
5977,enter the blue_room by way of the yellow_room,F(yellow_room & F blue_room),F(yellow_room & F blue_room),True
5978,"If pickup the cell_phone happens infinitely often, then so does deliver the baseball_glove to the shelf.",GF pickup_cell_phone -> GF deliver_baseball_glove_shelf,GF pickup_cell_phone -> GF deliver_baseball_glove_shelf,True
5979,"absolutely never, the motorbike is driven or the elevator is blocked",G!(elevator_is_blocked | motorbike_is_driven),G(!(motorbike_is_driven | elevator_is_blocked)),True
5980,"forever, the elevator is open or a car stops",G(car_stops | elevator_is_open),G(elevator_is_open | car_stops),True
5981,always when a train stops or a house is open then at some point either the bar has to be repaired or the semaphore is red,G((house_is_open | train_stops) -> F(bar_has_to_be_repaired | semaphore_is_red)),G((train_stops | house_is_open) -> F(bar_has_to_be_repaired | semaphore_is_red)),True
5982,"If photo the vehicle on north_7th_avenue holds, then in the next step change light_south yellow persists until photoing the cyclist on south_9th_street holds, or else change light_south yellow holds forever.",photo_vehicle_north_7th_avenue -> X((change_light_south_yellow U photo_cyclist_south_9th_street) | G change_light_south_yellow),photo_vehicle_north_7th_avenue -> X(change_light_south_yellow U photo_cyclist_south_9th_street | G change_light_south_yellow),True
5983,when possible take_possession_of bear can infer that don't pick_up anything,F take_possession_of_bear -> !F pick_up_anything,G(take_possession_of_bear -> !pick_up_anything),False
5984,under no circumstances both the house is built and a train derails,G!(house_is_built & train_derails),G(!(house_is_built & train_derails)),True
5985,"Whenever get_help holds, change light_north yellow holds exactly three steps later.",G(get_help -> XXX change_light_north_yellow),G(get_help -> X X X change_light_north_yellow),True
5986,when possible go_by waste basket and secure apple,secure_apple & F go_by_waste_basket,F(go_by_waste_basket & secure_apple),False
5987,"always, either the motorbike falls down, the bar is down or a semaphore is yellow",G(bar_is_down | motorbike_falls_down | semaphore_is_yellow),G(motorbike_falls_down | bar_is_down | semaphore_is_yellow),True
5988,Every get_help is directly followed by picking up the cup in the next step.,G(get_help -> X pickup_cup),G(get_help -> X pickup_cup),True
5989,whenever go_to trash receptacle or never let_go orange,F go_to_trash_receptacle | G!let_go_orange,G(go_to_trash_receptacle | G(!let_go_orange)),False
5990,"Either idle happens infinitely often, or get_help happens in the next step.",GF idle | X get_help,GF idle | X get_help,True
5991,"Once photo the pedestrian on southeast_1st_avenue has occurred, change light_west green will never occur again.",G(photo_pedestrian_southeast_1st_avenue -> XG!change_light_west_green),G(photo_pedestrian_southeast_1st_avenue -> G(!change_light_west_green)),False
5992,if the brake is released and the bar has to be repaired then in any case a motorbike falls down and the table has been moved,G((bar_has_to_be_repaired & brake_is_released) -> G(motorbike_falls_down & table_has_been_moved)),(brake_is_released & bar_has_to_be_repaired) -> G(motorbike_falls_down & table_has_been_moved),False
5993,Ensure you capture a photo of statue_6 and afterward proceed to bench_4 and stay,F(photo & statue_6 & F(bench_4 & G bench_4)),F((photo & statue_6) & F(bench_4 & G bench_4)),True
5994,take_to tree or acquire apple,acquire_apple | take_to_tree,take_to_tree | acquire_apple,True
5996,This controller must eventually change light_south yellow and change light_east red.,F(change_light_east_red & change_light_south_yellow),F(change_light_south_yellow & change_light_east_red),True
5997,if either the manager handles requests or the table is old then it is always true that a table is brown and a car starts,G((manager_handles_requests | table_is_old) -> G(car_starts & table_is_brown)),(manager_handles_requests | table_is_old) -> G(table_is_brown & car_starts),False
5998,if either the brake is released or the escalator is blocked then all the time a train stops and a sensor gathers information,G((brake_is_released | escalator_is_blocked) -> G(sensor_gathers_information & train_stops)),(brake_is_released | escalator_is_blocked) -> G(train_stops & sensor_gathers_information),False
5999,Do not at park_5 before reaching intersection_4,!park_5 U intersection_4,(!park_5) U intersection_4,True
6000,Take a photo of the car on east_1st_street holds at all times.,G photo_car_east_1st_street,G(photo_car_east_1st_street),True
6001,if the semaphore is yellow then it is always the case that either a constructor creates instances or a house is built,G(semaphore_is_yellow -> G(constructor_creates_instances | house_is_built)),semaphore_is_yellow -> G(constructor_creates_instances | house_is_built),False
6002,every time a train is crossing and the manager collect claims then it never happens that both a manager collect claims and the bridge closes,G((manager_collect_claims & train_is_crossing) -> G!(bridge_closes & manager_collect_claims)),G((train_is_crossing & manager_collect_claims) -> G(!(manager_collect_claims & bridge_closes))),True
6003,when possible get pear or always hold_onto orange,F get_pear | G hold_onto_orange,G(get_pear | G hold_onto_orange),False
6004,Avoid entering house_1,G!house_1,G(!house_1),True
6005,never let_go orange until at some time make_way_for tree,G!let_go_orange U F make_way_for_tree,!let_go_orange U make_way_for_tree,False
6006,"Call for help should always hold, with at most a two-step grace period for recovery.",!G!(get_help & X get_help),"G(F[0,2] get_help)",False
6007,"when whenever get orange , at some time go_to house",F get_orange -> F go_to_house,G(get_orange -> F go_to_house),False
6008,at some time make_your_way flag until hold pear,F make_your_way_flag U hold_pear,F(make_your_way_flag U hold_pear),False
6009,Either pickup the person or idle happens infinitely often.,GF pickup_person | GF idle,GF(pickup_person | idle),True
6010,"it is going to happen that either the bar has to be repaired or a table is old and, at some point either an elevator is blocked or the house is open afterwards",G!(bar_has_to_be_repaired | table_is_old) | F((bar_has_to_be_repaired | table_is_old) & F(elevator_is_blocked | house_is_open)),F((bar_has_to_be_repaired | table_is_old) & F(elevator_is_blocked | X house_is_open)),False
6011,"Photograph the collision on north_6th_avenue must hold until geting help does, or else photo the collision on north_6th_avenue holds forever.",(photo_collision_north_6th_avenue U get_help) | G photo_collision_north_6th_avenue,(photo_collision_north_6th_avenue U get_help) | G photo_collision_north_6th_avenue,True
6012,"after either the table is old or the car starts, every time the brake is pressed and the bar is down",G((car_starts | table_is_old) -> G(bar_is_down & brake_is_pressed)),F((table_is_old | car_starts) & G((brake_is_pressed & bar_is_down))),False
6013,Stay in area_5,G area_5,G area_5,True
6014,don't let_go pear and at some time stop_by house,!let_go_pear & F stop_by_house,(!let_go_pear) & F stop_by_house,True
6015,"at some point a sensor gathers information and, in the future either a constructor creates instances or the elevator is blocked afterwards",G!sensor_gathers_information | F(sensor_gathers_information & F(constructor_creates_instances | elevator_is_blocked)),F(sensor_gathers_information & F(constructor_creates_instances | X elevator_is_blocked)),False
6016,"If record the person on southwest_6th_avenue holds and change light_north red holds next, then get_help holds in the step after that.",G((record_person_southwest_6th_avenue & X change_light_north_red) -> XX get_help),(record_person_southwest_6th_avenue & X change_light_north_red) -> XX get_help,False
6017,forever touch flag or when possible show_yourself_near house,G touch_flag | F show_yourself_near_house,G(touch_flag | F show_yourself_near_house),False
6018,The robot must Please record the pedestrian on southeast_7th_avenue and then change light_west yellow.,record_pedestrian_southeast_7th_avenue U change_light_west_yellow,F(record_pedestrian_southeast_7th_avenue & F change_light_west_yellow),False
6019,"Globally, it is not the case that both pickup the baseball_bat and pickup the refrigerator hold simultaneously.",G!(pickup_baseball_bat & pickup_refrigerator),G(!(pickup_baseball_bat & pickup_refrigerator)),True
6020,"Whenever pickup the skateboard holds, from the next step onwards search the kite will eventually hold.",G(pickup_skateboard -> XF search_kite),G(pickup_skateboard -> X F search_kite),True
6021,Do not go to park 5 before reaching intersection 4,!park_5 U intersection_4,(!park_5) U intersection_4,True
6022,"Whenever get_help holds, record injured_rescuer holds as well.",G(get_help -> record_injured_rescuer),G(get_help -> record_injured_rescuer),True
6023,This controller must always maintain both change light_east green and get_help.,G(change_light_east_green & get_help),G(change_light_east_green & get_help),True
6024,Avoid going to street_4 as you deliver package_8 from store_7 to house_2,G!street_4 & F(store_7 & F(p_package_8 & F(house_2 & pd))),G(!(street_4 & p_package_8)),False
6025,"Once get_help has occurred, change light_south green will never occur again.",G(get_help -> XG!change_light_south_green),G(get_help -> G(!change_light_south_green)),False
6026,"first, it will happen that both the manager handles requests and a motorbike falls down, and then, it is going to happen that both a manager collect claims and a sensor captures data",G!(manager_handles_requests & motorbike_falls_down) | F(manager_handles_requests & motorbike_falls_down & F(manager_collect_claims & sensor_captures_data)),F((manager_handles_requests & motorbike_falls_down) & F(manager_collect_claims & sensor_captures_data)),False
6027,"Globally, it is not the case that both get_help and idle holding simultaneously.",G!(get_help & idle),G(!(get_help & idle)),True
6028,every time either the car stops or a table has been moved then at a certain moment the elevator is blocked and a train derails,G((car_stops | table_has_been_moved) -> F(elevator_is_blocked & train_derails)),G((car_stops | table_has_been_moved) -> F(elevator_is_blocked & train_derails)),True
6029,it will not happen that a train has arrived and together a train derails and the sensor gathers information,G!(sensor_gathers_information & train_derails & train_has_arrived),!(train_has_arrived & (train_derails & sensor_gathers_information)),False
6030,"every time the car enters or the brake is released then never, both the semaphore is red and the bar is up",G((brake_is_released | car_enters) -> G!(bar_is_up & semaphore_is_red)),G((car_enters | brake_is_released) -> G(!(semaphore_is_red & bar_is_up))),True
6031,Stay in building 2 until you reach path 3,building_2 U path_3,building_2 U path_3,True
6032,at any time show_yourself_near house and take apple,take_apple & F show_yourself_near_house,G(show_yourself_near_house & take_apple),False
6033,"it will not happen that either the escalator speeds up, the bar is down or a bridge closes",G!(bar_is_down | bridge_closes | escalator_speeds_up),!(escalator_speeds_up | bar_is_down | bridge_closes),False
6034,"first, at some point the elevator is open and the manager collect claims, and then, sooner or later the brake is pressed or a bridge closes",G!(elevator_is_open & manager_collect_claims) | F(elevator_is_open & manager_collect_claims & F(brake_is_pressed | bridge_closes)),F((elevator_is_open & manager_collect_claims) & F(brake_is_pressed | bridge_closes)),False
6035,whenever a train has arrived then at a certain moment the semaphore is yellow,G(train_has_arrived -> F semaphore_is_yellow),G(train_has_arrived -> F semaphore_is_yellow),True
6036,every time the train derails then at some point in time both the table is old and a table has been moved,G(train_derails -> F(table_has_been_moved & table_is_old)),G(train_derails -> F(table_is_old & table_has_been_moved)),True
6037,at some point in time the bar is down or the train has arrived,F(bar_is_down | train_has_arrived),F(bar_is_down | train_has_arrived),True
6038,"Once deliver_aid the injured_hostile has occurred, go_home will never occur again.",G(deliver_aid_injured_hostile -> XG!go_home),G(deliver_aid_injured_hostile -> G(!go_home)),False
6039,"never, an elevator is open, the escalator is blocked and the bar is up",G!(bar_is_up & elevator_is_open & escalator_is_blocked),G!(elevator_is_open & escalator_is_blocked & bar_is_up),True
6040,"if when possible proceed_to flag , acquire apple",F proceed_to_flag -> acquire_apple,G(proceed_to_flag -> F acquire_apple),False
6041,"after a sensor captures data or the brake is released, in any case either the brake is pressed or an elevator is blocked",G((brake_is_released | sensor_captures_data) -> G(brake_is_pressed | elevator_is_blocked)),G((sensor_captures_data | brake_is_released) -> (brake_is_pressed | elevator_is_blocked)),False
6042,"after both the semaphore is green and the elevator is blocked, at some point in time an elevator falls or the elevator is open",G((elevator_is_blocked & semaphore_is_green) -> F(elevator_falls | elevator_is_open)),F((semaphore_is_green & elevator_is_blocked) -> F(elevator_falls | elevator_is_open)),False
6043,"If every record the motorcycle on northwest_3rd_avenue is eventually followed by geting help, then photo the collision on south_3rd_avenue must occur infinitely often.",G(record_motorcycle_northwest_3rd_avenue -> F get_help) -> GF photo_collision_south_3rd_avenue,(G(record_motorcycle_northwest_3rd_avenue -> F get_help)) -> GF photo_collision_south_3rd_avenue,True
6044,whenever the engine starts or the train is crossing then at no time the bar is down or the house is open,G((engine_starts | train_is_crossing) -> G!(bar_is_down | house_is_open)),G((engine_starts | train_is_crossing) -> G(!(bar_is_down | house_is_open))),True
6045,forever have apple or whenever go_to apple,G have_apple | F go_to_apple,G(have_apple | G(go_to_apple -> F have_apple)),False
6046,at the yellow_room,F yellow_room,yellow_room,False
6047,move_to house or never let_go orange,move_to_house | G!let_go_orange,move_to_house | G !let_go_orange,True
6048,Deliver box 4 from house 5 to office 2,F(house_5 & F(p_box_4 & F(office_2 & pd))),F(p_box_4 & house_5 & F(p_box_4 & office_2 & pd)),False
6049,don't let_go pear or at some time snag orange,!let_go_pear | F snag_orange,!let_go_pear | F snag_orange,True
6050,"eternally, the manager collect claims and a motorbike is driven",G(manager_collect_claims & motorbike_is_driven),G(manager_collect_claims & motorbike_is_driven),True
6051,Stay in area_3,G area_3,G area_3,True
6052,it will not happen that the motorbike falls down or an elevator rises,G!(elevator_rises | motorbike_falls_down),!(motorbike_falls_down | elevator_rises),False
6053,"after both the bar is closing and a semaphore is green, under no condition either the car stops or a house collapses",G((bar_is_closing & semaphore_is_green) -> G!(car_stops | house_collapses)),F((bar_is_closing & semaphore_is_green) -> G(!(car_stops | house_collapses))),False
6055,"Whenever deliver the clock to the shelf holds, from the next step onwards deliver the broccoli to the shelf will eventually hold.",G(deliver_clock_shelf -> XF deliver_broccoli_shelf),G(deliver_clock_shelf -> X F deliver_broccoli_shelf),True
6056,grab_hold pear or repeatedly go_to apple trashcan,grab_hold_pear | GF go_to_apple_trashcan,grab_hold_pear | GF go_to_apple_trashcan,True
6057,if both the motorbike falls down and the table has been moved then all the time a manager handles requests or a motorbike has started,G((motorbike_falls_down & table_has_been_moved) -> G(manager_handles_requests | motorbike_has_started)),(motorbike_falls_down & table_has_been_moved) -> G(manager_handles_requests | motorbike_has_started),False
6058,"If go_home happens infinitely often, then so does communicate the injured_hostile.",GF go_home -> GF communicate_injured_hostile,GF go_home -> GF communicate_injured_hostile,True
6059,"Whenever photo the motorcycle on east_10th_street and photo the vehicle on north_10th_street are equal, photo the vehicle on north_10th_street and change light_east red are equal as well.",G((photo_motorcycle_east_10th_street <-> photo_vehicle_north_10th_street) -> (change_light_east_red <-> photo_vehicle_north_10th_street)),G((photo_motorcycle_east_10th_street & photo_vehicle_north_10th_street) -> (photo_vehicle_north_10th_street & change_light_east_red)),False
6060,all the time either a sensor captures data or a train has been launched after either a car stops or the brake is released,G((brake_is_released | car_stops) -> G(sensor_captures_data | train_has_been_launched)),G(sensor_captures_data | F((car_stops | brake_is_released) & F train_has_been_launched)),False
6061,"Communicate with the safe_hostile must keep holding until, from some point on, go_home holds infinitely often.",communicate_safe_hostile U GF go_home,communicate_safe_hostile U GF go_home,True
6062,Eventually Capture a photo of arch 4 but never go to park 2,F(arch_4 & photo) & G!park_2,F(photo & arch_4) & G(!park_2),True
6063,"Whenever photo unsafe_person holds, deliver_aid the safe_hostile holds exactly three steps later.",G(photo_unsafe_person -> XXX deliver_aid_safe_hostile),G(photo_unsafe_person -> X X X deliver_aid_safe_hostile),True
6064,forever have_in orange or at some time go_to trashcan,G have_in_orange | F go_to_trashcan,G(have_in_orange) | F(go_to_trashcan),True
6065,"Once avoid the nearest_flood has occurred, record flood will never occur again.",G(avoid_nearest_flood -> XG!record_flood),G(avoid_nearest_flood -> G(!record_flood)),False
6066,seize apple and go_to bucket,go_to_bucket & seize_apple,seize_apple & go_to_bucket,True
6067,at some time got_to house and repeatedly grab tree,F got_to_house & GF grab_tree,F(got_to_house & GF grab_tree),True
6068,"always either a manager collect claims or the elevator falls implies that absolutely never, a train is crossing and a manager collect claims",G((elevator_falls | manager_collect_claims) -> G!(manager_collect_claims & train_is_crossing)),G((manager_collect_claims | elevator_falls) -> G(!(train_is_crossing & manager_collect_claims))),True
6069,venture_towards house and at any time venture_to house,venture_towards_house & F venture_to_house,venture_towards_house & G venture_to_house,False
6070,Do not enter statue 2 until you have reached park 5 and taken a picture,F(photo & statue_2) & (!statue_2 U park_5),(!statue_2) U (park_5 & photo),False
6071,"If deliver the car to the shelf holds and search the remote holds next, then idle holds in the step after that.",G((deliver_car_shelf & X search_remote) -> XX idle),(deliver_car_shelf & X search_remote) -> XX idle,False
6072,Stay away from street 4 until you reach intersection 2 as you go to house 13 and pick up trash 13,(!street_4 U intersection_2) & F(house_13 & p_trash_13),(!street_4) U (intersection_2 & F (house_13 & F p_trash_13)),False
6073,every time either the bar has to be repaired or the escalator moves then in any case the engine stops and a bridge opens,G((bar_has_to_be_repaired | escalator_moves) -> G(bridge_opens & engine_stops)),G((bar_has_to_be_repaired | escalator_moves) -> (engine_stops & bridge_opens)),False
6074,"it will happen that both a train has arrived and the bridge closes and, it is going to happen that both a sensor captures data and a sensor gathers information afterwards",G!(bridge_closes & train_has_arrived) | F(bridge_closes & train_has_arrived & F(sensor_captures_data & sensor_gathers_information)),F(train_has_arrived & bridge_closes) & F(sensor_captures_data & X sensor_gathers_information),False
6075,"finally, a car starts and the semaphore is broken and, it will happen that both a motorbike catches fire and the car enters afterwards",G!(car_starts & semaphore_is_broken) | F(car_starts & semaphore_is_broken & F(car_enters & motorbike_catches_fire)),F(car_starts & semaphore_is_broken & F(motorbike_catches_fire & X car_enters)),False
6076,if a semaphore is green or the house collapses then in any case both the sensor retrieves data and the engine breaks,G((house_collapses | semaphore_is_green) -> G(engine_breaks & sensor_retrieves_data)),(semaphore_is_green | house_collapses) -> G(sensor_retrieves_data & engine_breaks),False
6077,You must Please communicate the safe_hostile and then avoid the inactive_unstable_beam.,communicate_safe_hostile U avoid_inactive_unstable_beam,F(communicate_safe_hostile & F avoid_inactive_unstable_beam),False
6078,Remain in house 4 until you make your way to room 2,house_4 U room_2,house_4 U room_2,True
6079,"every time the train derails or the motorbike falls down then never, a sensor captures data or the train is crossing",G((motorbike_falls_down | train_derails) -> G!(sensor_captures_data | train_is_crossing)),G((train_derails | motorbike_falls_down) -> G(!(sensor_captures_data | train_is_crossing))),True
6080,"When get_help happens, deliver_aid the safe_hostile must hold now or in the next step.",G(get_help -> (deliver_aid_safe_hostile | X deliver_aid_safe_hostile)),G(get_help -> (deliver_aid_safe_hostile | X deliver_aid_safe_hostile)),True
6081,Ensure building 5 is visited repeatedly over time,GF building_5,GF building_5,True
6082,"From some point onwards, photo the pedestrian on east_3rd_avenue never occurs again.",FG!photo_pedestrian_east_3rd_avenue,FG(!photo_pedestrian_east_3rd_avenue),True
6083,do not let_go orange and always hold_on pear,!let_go_orange & G hold_on_pear,!let_go_orange & G hold_on_pear,True
6084,Locate the car and search the bottle will each happen at some point.,F search_car & F search_bottle,(F search_car) & (F search_bottle),True
6085,take_to trashcan and don't let_go pear,!let_go_pear & take_to_trashcan,take_to_trashcan & !let_go_pear,True
6087,Record the cyclist on east_10th_avenue holds at all times.,G record_cyclist_east_10th_avenue,G record_cyclist_east_10th_avenue,True
6088,"it is always the case that either the escalator moves, a bridge opens or the engine breaks",G(bridge_opens | engine_breaks | escalator_moves),G(escalator_moves | bridge_opens | engine_breaks),True
6090,"If record the collision on north_5th_street holds and get_help holds next, then photo the car on north_4th_street holds in the step after that.",G((record_collision_north_5th_street & X get_help) -> XX photo_car_north_4th_street),(record_collision_north_5th_street & X get_help) -> XX photo_car_north_4th_street,False
6091,"Call for help and record debris never coincide, yet one of them is always true.",G!(get_help & record_debris) & G(get_help | record_debris),G(!(get_help & record_debris) & (get_help | record_debris)),True
6092,Idle and get_help are mutually exclusive at all times.,G!(get_help & idle),G(!(idle & get_help)),True
6093,"Take a picture of building_4, then at parking_lot_2 and remain there permanently",F(building_4 & photo & F(parking_lot_2 & G parking_lot_2)),F(photo & building_4 & F(G parking_lot_2)),True
6094,Stay in park_5 until you reach bench_4 as you take bottle_5 from store_2 and deliver it to bench_4,(park_5 U bench_4) & F(store_2 & F(p_bottle_5 & F(bench_4 & pd))),(park_5 U bench_4) & F(store_2 & p_bottle_5 & F bench_4),False
6095,"If photo safe_rescuer happens infinitely often, then so does get_help.",GF photo_safe_rescuer -> GF get_help,GF photo_safe_rescuer -> GF get_help,True
6096,Either photo unsafe_rescuer or avoid the probable_fire_source happens infinitely often.,GF photo_unsafe_rescuer | GF avoid_probable_fire_source,GF(photo_unsafe_rescuer | avoid_probable_fire_source),True
6097,"first, sooner or later both the escalator is blocked and a sensor captures data, and then, in the future the sensor gathers information",G!(escalator_is_blocked & sensor_captures_data) | F(escalator_is_blocked & sensor_captures_data & F sensor_gathers_information),F((escalator_is_blocked & sensor_captures_data) & F sensor_gathers_information),False
6098,whenever a sensor captures data or a train is crossing then at no time the house is built and the bar is closing,G((sensor_captures_data | train_is_crossing) -> G!(bar_is_closing & house_is_built)),G((sensor_captures_data | train_is_crossing) -> G(!(house_is_built & bar_is_closing))),True
6099,every time a house is built and a train derails then at any time the bar is down and the semaphore is red,G((house_is_built & train_derails) -> G(bar_is_down & semaphore_is_red)),G((house_is_built & train_derails) -> G(bar_is_down & semaphore_is_red)),True
6101,Persistently return to charger_3 as you consistently photograph area_3,GF charger_3 & GF(area_3 & photo),G(photo & area_3 -> G charger_3),False
6102,"as the table is old and a sensor retrieves data, at some point the house collapses and a motorbike falls down",G((sensor_retrieves_data & table_is_old) -> F(house_collapses & motorbike_falls_down)),(table_is_old & sensor_retrieves_data) -> F(house_collapses & motorbike_falls_down),False
6103,"Whenever deliver the tv_monitor to the shelf holds, from the next step onwards search the knife will eventually hold.",G(deliver_tv_monitor_shelf -> XF search_knife),G(deliver_tv_monitor_shelf -> X F search_knife),True
6104,"never, both the engine breaks and the train has been launched",G!(engine_breaks & train_has_been_launched),G!(engine_breaks & train_has_been_launched),True
6105,whenever venture house until when possible go_to trash bin,F venture_house U F go_to_trash_bin,G(venture_house U go_to_trash_bin),False
6106,"under no circumstances either the bar is down, the constructor instantiate objects or the escalator speeds up",G!(bar_is_down | constructor_instantiate_objects | escalator_speeds_up),G(!(bar_is_down | constructor_instantiate_objects | escalator_speeds_up)),True
6107,Do not leave building_4 until you have taken folder_3 from room_43 and delivered it to room_12,building_4 U (room_43 & F(p_folder_3 & F(pd & room_12))),!building_4 U (p_folder_3 & room_43 & F (p_folder_3 & room_12)),False
6108,"at some point either the brake is released, the engine breaks or the table is old",F(brake_is_released | engine_breaks | table_is_old),F(brake_is_released | engine_breaks | table_is_old),True
6109,"finally, a table is old or the car starts or a train has arrived",F(car_starts | table_is_old | train_has_arrived),F(table_is_old | car_starts | train_has_arrived),True
6110,Avoid picking up box_3,G!p_box_3,G(!p_box_3),True
6111,"it will happen that both the engine starts and the train has been launched and, finally, the brake is pressed or the bridge closes afterwards",G!(engine_starts & train_has_been_launched) | F(engine_starts & train_has_been_launched & F(brake_is_pressed | bridge_closes)),F((engine_starts & train_has_been_launched) & F(brake_is_pressed | X bridge_closes)),False
6112,at any time stand_by tree or hold pear,hold_pear | F stand_by_tree,G(stand_by_tree | hold_pear),False
6113,Avoid taking pictures until you get to park 5 while going to landmark 4 to take its picture,(!photo U park_5) & F(landmark_4 & photo),(!photo) U (park_5 & F(landmark_4 & F photo)),False
6114,The robot must avoid the active_fire_source holds at all times.,G avoid_active_fire_source,G(avoid_active_fire_source),True
6115,"every time a semaphore is green and the elevator falls then eternally, the semaphore is yellow and the train stops",G((elevator_falls & semaphore_is_green) -> G(semaphore_is_yellow & train_stops)),G((semaphore_is_green & elevator_falls) -> G(semaphore_is_yellow & train_stops)),True
6116,"Go to kitchen_2 to grab bottle_3, staying away from living_room_1",F(kitchen_2 & p_bottle_3) & G!living_room_1,F(kitchen_2 & p_bottle_3) & G(!living_room_1),True
11203,In the event that ( prop_1 ) or ( prop_2 ) then in response at sometime in the future before the end of the execution the transition action that ( prop_3 ) needs to eventually happen .,G((prop_1 | prop_2) -> F prop_3),G((prop_1 | prop_2) -> F prop_3),True
11204,"if ( prop_1 ) , never ( prop_2 )",prop_1 -> G!prop_2,G(prop_1 -> G(!prop_2)),False
11205,In case that ( prop_2 ) and ( prop_1 ) happens and continue to happen until ( prop_4 ) or else ( prop_3 ) .,prop_3 | ((prop_1 & prop_2) U prop_4),(prop_2 & prop_1) -> ((prop_2 & prop_1) U (prop_4 | prop_3)),False
11206,at any time ( prop_1 ) and when possible ( prop_2 ),F(prop_1 & F prop_2),G(prop_1) & F(prop_2),False
11207,"If at some point (prop_1) is equivalent to (prop_3), then (prop_2) should not happen .",(prop_1 <-> prop_3) -> !prop_2,F(prop_1 <-> prop_3) -> G(!prop_2),False
11208,whenever ( prop_1 ) or repeatedly ( prop_2 ),F(prop_1 | GF prop_2),G(prop_1 | G prop_2),False
11209,"Either ( prop_4 ) or ( prop_2 ) should happen, or ( prop_1 ) or ( prop_3 ) should happen.",prop_1 | prop_2 | prop_3 | prop_4,(prop_4 | prop_2) | (prop_1 | prop_3),True
11210,( prop_1 ) or when possible ( prop_2 ),prop_1 | F prop_2,prop_1 | F prop_2,True
11211,During the interval that ( prop_2 ) then the following condition is true : ( prop_3 ) or at the same time instant the event that ( prop_1 ) ought to get observed .,G(prop_2 -> (prop_1 | prop_3)),G(prop_2 -> (prop_3 | prop_1)),True
11212,It is always the case that ( prop_1 ) then the following condition is true : consecutively ( prop_2 ) .,G(prop_1 -> G prop_2),G(prop_1 -> X prop_2),False
11213,"If ( prop_2 ) and ( prop_1 ) are equivalent to ( prop_4 ) , and also ( prop_3 ) .",prop_3 & (prop_4 <-> (prop_1 & prop_2)),((prop_2 & prop_1) <-> prop_4) & prop_3,True
11214,"Either while (prop_2), make (prop_3), or make sure (prop_1) eventually .",(prop_2 -> prop_3) | F prop_1,(prop_2 U prop_3) | F prop_1,False
11215,If ( prop_1 ) and ( prop_4 ) or ( prop_3 ) then the above scenario is equivalent to ( prop_2 ) .,prop_2 <-> (prop_3 | (prop_1 & prop_4)),((prop_1 & prop_4) | prop_3) <-> prop_2,True
11216,whenever ( prop_1 ) or when possible ( prop_2 ),F(prop_1 | F prop_2),G(prop_1 | F prop_2),False
11217,"when when possible ( prop_1 ) , whenever ( prop_2 )",F prop_1 -> F prop_2,G(prop_1 -> G(prop_2)),False
11218,"It is always the case that if (prop_2), then (prop_1), which is equivalent to saying that (prop_3) is true for all time .",(prop_2 -> prop_1) <-> G prop_3,G(prop_2 -> prop_1) <-> G(prop_3),False
11219,"Until (prop_1) or (prop_3) happens, keep (prop_2) being false .",!prop_1 U (prop_2 | prop_3),(!prop_2) U (prop_1 | prop_3),False
11220,The scenario in which (prop_3) or (prop_1) happens is equivalent to the scenario in which (prop_2) happens globally .,(prop_1 | prop_3) <-> G prop_2,(prop_3 | prop_1) <-> G prop_2,True
11221,"It is true that ( prop_3 ) or ( prop_2 ) is equivalent to ( prop_1 ) , or ( prop_4 ) .",prop_4 | (prop_1 <-> (prop_2 | prop_3)),(prop_3 | (prop_2 <-> prop_1)) | prop_4,False
11222,"At some point during the simulation either ( prop_2 ) or ( prop_3 ) should happen , and ( prop_1 ) .",prop_1 & F(prop_2 | prop_3),F((prop_2 | prop_3) & prop_1),False
11223,"If (prop_2) then (prop_1) if and only if, (prop_3) if and only if (prop_4) .",(prop_2 -> prop_1) <-> (prop_3 <-> prop_4),(prop_2 -> (prop_1 <-> (prop_3 <-> prop_4))),False
11224,never ( prop_1 ) or ( prop_2 ),G(!prop_1 | prop_2),G(!prop_1) | prop_2,False
11225,( prop_1 ) and repeatedly ( prop_2 ),prop_1 & GF prop_2,prop_1 & G prop_2,False
11226,"Either (prop_1) does not happen, or both (prop_3) and (prop_2) happen at the same time.",!prop_1 | (prop_2 & prop_3),(!prop_1 | (prop_3 & prop_2)),True
11227,"Whenever ( prop_1 ) or ( prop_3 ) , then the following condition holds : simultaneously ( prop_2 ) .",G((prop_1 | prop_3) -> prop_2),G((prop_1 | prop_3) -> prop_2),True
11228,repeatedly ( prop_1 ) and never ( prop_2 ),G(F prop_1 & G!prop_2),GF prop_1 & G ! prop_2,True
11229,"If (prop_2) or (prop_1), then keep (prop_3) until (prop_4) .",(prop_1 | prop_2) -> (prop_3 U prop_4),(prop_2 | prop_1) -> (prop_3 U prop_4),True
11230,"Whenever the event that ( prop_2 ) happens and ( prop_4 ) then in response at once ( prop_3 ) , and promptly ( prop_1 ) .",G((prop_2 & prop_4) -> (prop_1 & prop_3)),G((prop_2 & prop_4) -> (prop_3 & X prop_1)),False
11231,"It is always the case that while ( prop_3 ) or ( prop_1 ) then there ought to be a certain moment in the future before the end of the simulation , at which ( prop_2 ) , and before that consecutively ( prop_4 ) .",G((prop_1 | prop_3) -> (prop_2 U prop_4)),G((prop_3 | prop_1) -> F(prop_4 && F prop_2)),False
11232,at some time ( prop_1 ) or forever ( prop_2 ),F(prop_1 | G prop_2),F prop_1 | G prop_2,False
11233,"Whenever ( prop_1 ) , and ( prop_4 ) , then in response the scenario that ( prop_2 ) should occur at the same time point or at the same moment the event that ( prop_3 ) ought not to take place .",G((prop_1 & prop_4) -> (prop_2 | prop_3)),G((prop_1 & prop_4) -> (prop_2 & !prop_3)),False
11234,"If ( prop_2 ) is equivalent to ( prop_1 ) and also ( prop_3 ) , then the scenario above implies ( prop_4 ) .",(prop_3 & (prop_1 <-> prop_2)) -> prop_4,((prop_2 <-> (prop_1 & prop_3)) -> prop_4),False
11235,"You do not do (prop_2), and you should do either (prop_1) or (prop_3) .",!prop_2 & (prop_1 | prop_3),(!prop_2) & (prop_1 | prop_3),True
11236,"If ( prop_1 ) and ( prop_4 ) and ( prop_3 ) , or else ( prop_2 ) .",prop_2 | (prop_1 & prop_3 & prop_4),(prop_1 & prop_4 & prop_3) | prop_2,True
11237,( prop_1 ) and at any time ( prop_2 ),prop_1 & F prop_2,prop_1 & G prop_2,False
11238,"If ( prop_4 ) and ( prop_3 ) are equivalent then ( prop_2 ) , or ( prop_1 ) is true .",prop_1 | ((prop_3 <-> prop_4) -> prop_2),((prop_4 <-> prop_3) -> prop_2) | prop_1,True
11239,"If (prop_4) is equivalent to (prop_1), then make sure (prop_2) occurs until (prop_3) .",(prop_1 <-> prop_4) -> (prop_2 U prop_3),(prop_4 <-> prop_1) -> (prop_2 U prop_3),True
11240,"You should not do (prop_1), or else do either (prop_3) or (prop_2) .",!prop_1 | prop_2 | prop_3,!prop_1 | (prop_3 | prop_2),True
11241,It should be the case that eventually (prop_2) will happen if and only if (prop_1) and (prop_3) are equal .,(prop_1 <-> prop_3) <-> F prop_2,F(prop_2) <-> (prop_1 <-> prop_3),True
11242,(prop_1) until (prop_2).,prop_1 U prop_2,prop_1 U prop_2,True
11243,"If the transition action that ( prop_1 ) is observed then all of the following conditions hold : without interruption the scenario that ( prop_3 ) should never get detected until finally there will exist sometime in the future , at which ( prop_2 ) .",G(prop_1 -> (prop_3 U prop_2)),prop_1 -> (!prop_3 U prop_2),False
11244,"( prop_2 ) and ( prop_1 ) should happen at the same time , and this situation should continue until ( prop_3 ) does not happen .",(prop_1 & prop_2) U !prop_3,((prop_1 & prop_2) U !prop_3),True
11245,"If (prop_2) eventually happens, then (prop_3) should be equivalent to (prop_1) .",F prop_2 -> (prop_1 <-> prop_3),F prop_2 -> (prop_3 <-> prop_1),True
11246,"If (prop_3) and (prop_1), then always (prop_2) .",(prop_1 & prop_3) -> G prop_2,(prop_3 & prop_1) -> G prop_2,True
11247,"If (prop_1) then (prop_2) should happen, then eventually (prop_3) will happen as well .",(prop_1 -> prop_2) -> F prop_3,G(prop_1 -> X(prop_2 & F prop_3)),False
11248,"For each time instant if ( prop_2 ) is true , implying that ( prop_1 ) and ( prop_3 ) are both true .",G prop_2 -> (prop_1 & prop_3),G(prop_2 -> (prop_1 & prop_3)),False
11249,whenever ( prop_1 ) can infer that ( prop_2 ),F prop_1 -> prop_2,G(prop_1 -> prop_2),False
11250,when possible ( prop_1 ) until whenever ( prop_2 ),F(prop_1 U F prop_2),prop_1 U prop_2,False
11251,"Globally , in case that ( prop_3 ) , and ( prop_2 ) , then in response ( prop_1 ) .",G((prop_2 & prop_3) -> G prop_1),G((prop_3 & prop_2) -> prop_1),False
11252,never ( prop_1 ) and at some time ( prop_2 ),G(!prop_1 & F prop_2),G(!prop_1) & F(prop_2),False
11253,never ( prop_1 ) or when possible ( prop_2 ),G(!prop_1 | F prop_2),G(!prop_1) | F(prop_2),False
11254,"As soon as ( prop_3 ) , or ( prop_2 ) then at the same time instant the scenario that ( prop_1 ) shall take place , and ( prop_4 ) .",G((prop_2 | prop_3) -> (prop_1 & prop_4)),((prop_3 | prop_2) -> (prop_1 & prop_4)),False
11255,"Globally , in case that ( prop_3 ) or the event that ( prop_1 ) occurs then for each moment in the future ( prop_2 ) .",G((prop_1 | prop_3) -> GF prop_2),G((prop_3 | prop_1) -> G prop_2),False
11256,when possible ( prop_1 ) until ( prop_2 ),F(prop_1 U prop_2),prop_1 U prop_2,False
11257,when possible ( prop_1 ) and ( prop_2 ),F(prop_1 & prop_2),F(prop_1 & prop_2),True
11258,( prop_1 ) and always ( prop_2 ),prop_1 & G prop_2,prop_1 & G prop_2,True
11259,"In case that ( prop_1 ) , or ( prop_2 ) , then the following condition is true : there shall eventually exist a certain moment in the future before the end of the execution , after which ( prop_3 ) .",G((prop_1 | prop_2) -> FG prop_3),(prop_1 | prop_2) -> F G prop_3,False
11260,"If you do (prop_1), then it should be the same as if you did (prop_3), but do not do (prop_2) .",!prop_2 & (prop_1 <-> prop_3),(prop_1 -> prop_3) & !prop_2,False
11261,For all time (prop_1) happens and (prop_3) is equivalent to (prop_2) .,(prop_2 <-> prop_3) & G prop_1,G(prop_1 & (prop_3 <-> prop_2)),False
11262,"Keep the scenario where ( prop_2 ) is equivalent to ( prop_1 ), and continue this until ( prop_3 ) is no longer true.",(prop_1 <-> prop_2) U !prop_3,(prop_2 <-> prop_1) U !prop_3,True
11263,"The scenario that ( prop_2 ) is not detected or ( prop_3 ) is detected , the above state will keep happening until ( prop_1 ) happens .",(!prop_2 | prop_3) U prop_1,((!prop_2 | prop_3) U prop_1),True
11264,at some time ( prop_1 ) and do not ( prop_2 ),F(prop_1 & !F prop_2),F(prop_1 & !prop_2),False
11265,( prop_1 ) or repeatedly ( prop_2 ),prop_1 | GF prop_2,prop_1 | GF prop_2,True
11266,"It is always the case that in case that ( prop_1 ) , or ( prop_2 ) then all of the following conditions are true : ( prop_3 ) .",G((prop_1 | prop_2) -> G prop_3),G((prop_1 | prop_2) -> prop_3),False
11267,repeatedly ( prop_1 ) and ( prop_2 ),G(prop_2 & F prop_1),G(prop_1 & prop_2),False
11268,always ( prop_1 ) or forever ( prop_2 ),G(prop_1 | G prop_2),G(prop_1) | G(prop_2),False
11269,"It is required that at a certain point the scenario in which ( prop_2 ) is equivalent to the scenario in which ( prop_1 ) happens , and only then ( prop_3 ) .",F(prop_1 <-> prop_2) -> prop_3,F((prop_2 <-> prop_1) U prop_3),False
11270,"If (prop_3), (prop_1) until (prop_2).",prop_3 -> (prop_1 U prop_2),prop_3 -> (prop_1 U prop_2),True
11271,If ( prop_1 ) then all of the following conditions hold : ( prop_2 ) .,G(prop_1 -> prop_2),prop_1 -> G(prop_2),False
11272,The scenario in which (prop_3) happens and continues until (prop_1) is equivalent to the scenario in which (prop_2) does not happen .,!prop_2 <-> (prop_3 U prop_1),(prop_3 U prop_1) <-> !prop_2,True
11273,"At any time (prop_2) or (prop_3), and make sure (prop_1) always holds .",(prop_2 | prop_3) & G prop_1,G(prop_2 | prop_3) & G(prop_1),False
11274,"If (prop_2) is not true, then wait until (prop_3) and (prop_1) both happen .",!prop_2 U (prop_1 & prop_3),!prop_2 -> (! (prop_1 & prop_3) U (prop_1 & prop_3)),False
11275,"In the case the event that ( prop_2 ) gets detected , or ( prop_1 ) , then all of the following conditions are true : ( prop_4 ) or ( prop_3 ) .",G((prop_1 | prop_2) -> (prop_3 | prop_4)),(prop_2 | prop_1) -> (prop_4 | prop_3),False
11276,"If it is globally the case that ( prop_3 ) if and only if ( prop_1 ) then ( prop_2 ) should be true , and vice versa .",prop_2 <-> G(prop_1 <-> prop_3),(G (prop_3 <-> prop_1)) <-> prop_2,True
11277,repeatedly ( prop_1 ) and whenever ( prop_2 ),G(F prop_1 & F prop_2),GF prop_1 & G(prop_2 -> prop_1),False
11278,"If (prop_1) doesn't happen, then make sure (prop_2) and (prop_3) are equivalent .",!prop_1 -> (prop_2 <-> prop_3),!prop_1 -> (prop_2 <-> prop_3),True
11279,"Until (prop_2) is equivalent to (prop_3), if (prop_1) happens then (prop_4) should also happen .",(prop_2 -> prop_3) U (prop_1 <-> prop_4),(prop_2 U (prop_2 <-> prop_3)) & (G(prop_1 -> prop_4)),False
11280,"If (prop_1) then (prop_2), then not (prop_3) .",(prop_1 -> prop_2) -> !prop_3,(prop_1 -> (prop_2 -> !prop_3)),False
11281,"If (prop_2) and (prop_1), then (prop_3) should not happen .",(prop_1 & prop_2) -> !prop_3,(prop_2 & prop_1) -> !prop_3,True
11282,If it is the case that either ( prop_4 ) or ( prop_1 ) is satisfied if and only if ( prop_3 ) is satisfied then ( prop_2 ) is also satisfied .,(prop_3 <-> (prop_1 | prop_4)) -> prop_2,((prop_4 | prop_1) <-> prop_3) -> prop_2,True
11283,"Either (prop_2) is equivalent to (prop_4), or (prop_3) happens and continues until (prop_1) happens.",(prop_2 <-> prop_4) | (prop_3 U prop_1),(prop_2 <-> prop_4) | (prop_3 U prop_1),True
11284,Either (prop_2) does not happen or else (prop_3) or (prop_1) happens .,prop_1 | !prop_2 | prop_3,(!prop_2 | prop_3 | prop_1),True
11285,"(prop_3) is equivalent to (prop_2), or always do (prop_1) .",(prop_2 <-> prop_3) | G prop_1,(prop_3 <-> prop_2) | G prop_1,True
11286,"For all time (prop_3) holds, and whenever (prop_1), then (prop_2) follows .",(prop_1 -> prop_2) & G prop_3,G(prop_3) & G(prop_1 -> F prop_2),False
11287,"If it is not the case that ( prop_3 ) happens until ( prop_2 ) , then ( prop_1 ) .",!(prop_3 U prop_2) -> prop_1,!(prop_3 U prop_2) -> prop_1,True
11288,"If (prop_2) or (prop_3) happens, then keep it until (prop_1) doesn't happen .",(prop_2 | prop_3) U !prop_1,((prop_2 | prop_3) -> ((prop_2 | prop_3) U !prop_1)),False
11289,"If at some point ( prop_2 ) happens and continues to happen until ( prop_4 ) , and also ( prop_1 ) , or else ( prop_3 ) .",prop_3 | (prop_1 & (prop_2 U prop_4)),(F(prop_2 U prop_4) & prop_1) | prop_3,False
11290,whenever ( prop_1 ) and forever ( prop_2 ),F(prop_1 & G prop_2),G(prop_1) & G(prop_2),False
11291,"If (prop_2), then it's recommended to immediately (prop_3) and then (prop_1).",F prop_2 -> (prop_3 -> prop_1),prop_2 -> (prop_3 & X prop_1),False
11292,The scenario in which (prop_3) and (prop_1) happens is equivalent to the scenario in which (prop_2) does not happen .,!prop_2 <-> (prop_1 & prop_3),(prop_3 & prop_1) <-> !prop_2,True
11293,( prop_1 ) or always ( prop_2 ),prop_1 | G prop_2,prop_1 | G prop_2,True
11294,"It is required that either (prop_1) happens soon, or else (prop_2) and (prop_3) happen or not happen at the same time .",(prop_2 <-> prop_3) | F prop_1,F(prop_1) | (prop_2 <-> prop_3),True
11295,( prop_1 ) until at some time ( prop_2 ),prop_1 U F prop_2,prop_1 U prop_2,False
11296,at some time ( prop_1 ) or ( prop_2 ),F(prop_1 | prop_2),F(prop_1 | prop_2),True
11297,"if at some time ( prop_1 ) , never ( prop_2 )",F prop_1 -> G!prop_2,F prop_1 -> G ! prop_2,True
11298,at any time ( prop_1 ) or never ( prop_2 ),F(prop_1 | G!prop_2),G(prop_1) | !F(prop_2),False
11299,( prop_1 ) or ( prop_2 ),prop_1 | prop_2,prop_1 | prop_2,True
11300,"If you do not do (prop_2) and instead do (prop_1), then you should eventually do (prop_3) .",(prop_1 & !prop_2) -> F prop_3,(!prop_2 & prop_1) -> F prop_3,True
11301,"(prop_2) is not true, and keep (prop_3) until (prop_1) .",!prop_2 & (prop_3 U prop_1),(!prop_2) & (prop_3 U prop_1),True
11302,ensure that you (prop_1),F prop_1,prop_1,False
11303,"If it is not the case that ( prop_2 ) and ( prop_1 ) happens , then ( prop_3 ) .",!(prop_1 & prop_2) -> prop_3,(!(prop_2 & prop_1)) -> prop_3,True
11304,"Either while (prop_1), do (prop_4), or make sure (prop_3) and (prop_2) both happen .",(prop_1 -> prop_4) | (prop_2 & prop_3),(prop_1 U prop_4) | (prop_3 & prop_2),False
11305,"Make sure (prop_4) is equivalent to (prop_3), and keep (prop_1) until (prop_2) .",(prop_3 <-> prop_4) & (prop_1 U prop_2),(prop_4 <-> prop_3) & (prop_1 U prop_2),True
11306,The scenario in which (prop_2) or (prop_4) is true is equivalent to the scenario in which (prop_1) and (prop_3) are both true .,(prop_2 | prop_4) <-> (prop_1 & prop_3),(prop_2 | prop_4) <-> (prop_1 & prop_3),True
11307,"While ( prop_3 ) , and ( prop_1 ) , then all of the following conditions hold : at a certain time point in the future before the end of the execution eventually ( prop_2 ) .",G((prop_1 & prop_3) -> F prop_2),(prop_3 & prop_1) -> F prop_2,False
11308,at some time ( prop_1 ) and repeatedly ( prop_2 ),F(prop_1 & GF prop_2),F prop_1 & G prop_2,False
11309,"Until (prop_2) is equal to (prop_3), make sure not to do (prop_1) .",!prop_2 U (prop_1 <-> prop_3),(!prop_1) U (prop_2 & prop_3),False
11310,"If (prop_1), then (prop_2). Do not allow (prop_3) .",!prop_3 & (prop_1 -> prop_2),(prop_1 -> prop_2) & G(!prop_3),False
11311,( prop_1 ) or never ( prop_2 ),prop_1 | G!prop_2,prop_1 | G ! prop_2,True
11312,"It is not the case that ( prop_1 ) is equivalent to ( prop_3 ) , and ( prop_2 ) .",prop_2 & !(prop_1 <-> prop_3),!(prop_1 <-> prop_3) & prop_2,True
11313,"If (prop_3) occurs and (prop_2) happens, this is the same as if you did (prop_1) until (prop_4) .",(prop_2 & prop_3) <-> (prop_1 U prop_4),(prop_3 & prop_2) <-> (prop_1 U prop_4),True
11314,Always avoid (prop_1),G!prop_1,G(!prop_1),True
11315,"If (prop_2) is always true, then either (prop_3) or (prop_1) should be true .",G prop_2 -> (prop_1 | prop_3),G(prop_2) -> (prop_3 | prop_1),True
11316,when possible ( prop_1 ) can infer that forever ( prop_2 ),F prop_1 -> G prop_2,F(prop_1) -> G(prop_2),True
11317,It is required that the scenario in which ( prop_1 ) is false is equivalent to the scenario in which ( prop_3 ) is equivalent to ( prop_2 ) .,!prop_1 <-> (prop_2 <-> prop_3),(!prop_1) <-> (prop_3 <-> prop_2),True
11318,"At least one of the events ( prop_1 ) , ( prop_3 ) , or ( prop_4 ) should occur until ( prop_2 ) .",(prop_1 | prop_3 | prop_4) U prop_2,(prop_1 | prop_3 | prop_4) U prop_2,True
11319,For each time instant if it is not the case that ( prop_2 ) or ( prop_3 ) then ( prop_1 ) .,G(!(prop_2 | prop_3) -> prop_1),G(!(prop_2 | prop_3) -> prop_1),True
11320,"If (prop_2), (prop_1) and (prop_3) as well.",prop_2 -> (prop_1 & prop_3),prop_2 -> (prop_1 & prop_3),True
11321,Do not (prop_2) until (prop_1).,!prop_2 U prop_1,!prop_2 U prop_1,True
11322,"Do not allow (prop_3) to happen, while ensuring that both (prop_1) and (prop_2) do happen.",prop_1 & prop_2 & !prop_3,G(!prop_3) & F(prop_1) & F(prop_2),False
11323,"If you do not do (prop_2), then if you do (prop_3) you should also do (prop_1) .",!prop_2 -> (prop_3 -> prop_1),(!prop_2) -> (prop_3 -> prop_1),True
11324,"( prop_2 ) happens and continues until ( prop_4 ) happens , or else if ( prop_1 ) then ( prop_3 ) .",(prop_1 -> prop_3) | (prop_2 U prop_4),(prop_2 U prop_4) | (prop_1 -> prop_3),True
11325,"Until (prop_1) implies (prop_4), keep making (prop_3) equal to (prop_2) .",(prop_1 <-> prop_4) U (prop_3 -> prop_2),(prop_3 <-> prop_2) U (prop_1 -> prop_4),False
11326,"Everytime when ( prop_1 ) , and ( prop_3 ) then in response for every moment in the future before the simulation ends there needs to be a certain time instant in the future before the simulation ends ultimately , at which ( prop_2 ) .",G((prop_1 & prop_3) -> GF prop_2),G((prop_1 & prop_3) -> G F prop_2),True
11327,repeatedly ( prop_1 ) or when possible ( prop_2 ),G(F prop_1 | F prop_2),GF prop_1 | F prop_2,False
11328,"If (prop_2) is always true, then whenever (prop_1), (prop_3) should also be true .",G prop_2 -> (prop_1 -> prop_3),G(prop_2) -> G(prop_1 -> prop_3),False
11329,If ( prop_2 ) is not equivalent to ( prop_1 ) then ( prop_3 ) .,!(prop_1 <-> prop_2) -> prop_3,(!(prop_2 <-> prop_1)) -> prop_3,True
11330,"If (prop_1) and (prop_3) happen, then if (prop_2) happens, make sure (prop_4) happens .",(prop_1 & prop_3) -> (prop_2 -> prop_4),G((prop_1 & prop_3) -> (prop_2 -> F prop_4)),False
11331,"Globally , whenever ( prop_1 ) and ( prop_3 ) then the following condition is true : there must be a certain time point in the future before the end of the execution , at which ( prop_4 ) , till then ( prop_2 ) .",G((prop_1 & prop_3) -> (prop_4 U prop_2)),G((prop_1 & prop_3) -> (prop_2 U prop_4)),False
11332,The scenario in which (prop_1) happens until (prop_3) occurs is equivalent to the scenario in which either (prop_2) or (prop_4) occurs .,(prop_2 | prop_4) <-> (prop_1 U prop_3),(prop_1 U prop_3) <-> (prop_2 | prop_4),True
11333,If ( prop_1 ) is equivalent to ( prop_2 ) or ( prop_4 ) is detected or ( prop_3 ) is detected .,prop_3 | prop_4 | (prop_1 <-> prop_2),(prop_1 <-> prop_2) | prop_4 | prop_3,True
11334,"If any of (prop_2) or (prop_3) happens, then keep this condition until either (prop_1) or (prop_4) occurs .",(prop_2 | prop_3) U (prop_1 | prop_4),((prop_2 | prop_3) -> ((prop_2 | prop_3) U (prop_1 | prop_4))),False
11335,"It is required that at some future point the scenario in which ( prop_2 ) and ( prop_3 ) are equivalent should hold , and also ( prop_1 ) should be true .",prop_1 & F(prop_2 <-> prop_3),F((prop_2 <-> prop_3) & prop_1),False
11336,"It is not the case that ( prop_1 ) and ( prop_3 ) , and ( prop_2 ) .",prop_2 & !(prop_1 & prop_3),(!(prop_1 & prop_3)) & prop_2,True
11337,"If (prop_3) or (prop_1), then not (prop_2) .",(prop_1 | prop_3) -> !prop_2,(prop_3 | prop_1) -> !prop_2,True
11338,"If (prop_3) doesn't happen, then make sure (prop_1) and (prop_2) both happen .",!prop_3 -> (prop_1 & prop_2),!prop_3 -> (prop_1 & prop_2),True
11339,The combination of ( prop_2 ) and ( prop_3 ) happening is equivalent to the combination of ( prop_4 ) and ( prop_1 ) happening.,(prop_2 & prop_3) <-> (prop_1 & prop_4),(prop_2 & prop_3) <-> (prop_4 & prop_1),True
11340,"If (prop_1) is equivalent to (prop_4), and if (prop_3), then (prop_2) .",(prop_1 <-> prop_4) & (prop_3 -> prop_2),((prop_1 <-> prop_4) & prop_3) -> prop_2,False
11341,If at some point (prop_2) or (prop_4) is detected and continued until then at some other point (prop_3) and (prop_1) should be detected as well .,(prop_2 | prop_4) U (prop_1 & prop_3),F((prop_2 | prop_4) & F(prop_3 & prop_1)),False
11342,"If ( prop_4 ) would imply ( prop_3 ) then this would further imply ( prop_2 ) , then it would have to be the case that ( prop_1 ) .",((prop_4 -> prop_3) -> prop_2) -> prop_1,((prop_4 -> prop_3) -> prop_2) -> prop_1,True
11343,"If at some point ( prop_2 ) is equivalent to ( prop_1 ) and this scenario continues until ( prop_3 ) is detected , then ( prop_4 ) .",((prop_1 <-> prop_2) U prop_3) -> prop_4,F((prop_2 <-> prop_1) U prop_3) -> prop_4,False
11344,"If whenever ( prop_1 ) happens, it implies that ( prop_3 ) also happens, then it is required that ( prop_2 ) does not happen.",(G prop_1 -> prop_3) -> !prop_2,(G(prop_1 -> prop_3)) -> !prop_2,False
11345,"If (prop_1), then do (prop_3) or else, don't (prop_2) .",!prop_2 | (prop_1 -> prop_3),prop_1 -> (prop_3 | !prop_2),True
11346,"If ( prop_3 ) and ( prop_4 ) is detected and continued until ( prop_2 ) is detected , then the scenario is equivalent to ( prop_1 ) .",prop_1 <-> ((prop_3 & prop_4) U prop_2),((prop_3 & prop_4) U prop_2) -> prop_1,False
11347,"First, (prop_3). Then, (prop_1) and continue to (prop_2).",prop_1 & prop_3 & F prop_2,prop_3 & X(prop_1 & X G prop_2),False
11348,"Either (prop_4) or (prop_1) should happen, or both (prop_2) and (prop_3) should happen at the same time.",prop_1 | prop_4 | (prop_2 & prop_3),(prop_4 | prop_1) | (prop_2 & prop_3),True
11349,"It is not the case that ( prop_3 ) and ( prop_1 ) happen at the same time , the above condition will hold until ( prop_2 ) happens .",!(prop_1 & prop_3) U prop_2,(!(prop_3 & prop_1)) U prop_2,True
11350,"Either (prop_2) or (prop_1) should happen, or else (prop_3) should always be true .",prop_1 | prop_2 | G prop_3,(prop_2 | prop_1) | G prop_3,True
11351,"It is either the case that if ( prop_2 ) is not detected then ( prop_1 ) , or else ( prop_3 ) .",prop_3 | (!prop_2 -> prop_1),(!prop_2 -> prop_1) | prop_3,True
11352,Keep doing (prop_1) after doing (prop_2),F(prop_1 -> G prop_2),F(prop_2 & GX prop_1),False
11353,"Either (prop_1) or (prop_2) should happen, or eventually (prop_3) will happen.",prop_1 | prop_2 | F prop_3,(prop_1 | prop_2) | F prop_3,True
11354,(prop_3) or (prop_2). (prop_4) until (prop_1).,(prop_2 | prop_3) & (prop_4 U prop_1),(prop_3 | prop_2) & (prop_4 U prop_1),True
11355,"If ( prop_2 ) does not happen then ( prop_3 ) should happen and vice versa , and ( prop_1 ) should also be observed .",prop_1 & (!prop_2 <-> prop_3),((!prop_2 <-> prop_3) & prop_1),True
11356,"if forever ( prop_1 ) , forever ( prop_2 )",G prop_1 -> G prop_2,G prop_1 -> G prop_2,True
11357,never ( prop_1 ) and ( prop_2 ),G(!prop_1 & prop_2),G(!(prop_1 & prop_2)),False
11358,"In case that ( prop_1 ) or ( prop_2 ) then ( prop_3 ) should happen , or else ( prop_4 ) .",prop_4 | ((prop_1 | prop_2) -> prop_3),((prop_1 | prop_2) -> F prop_3) | prop_4,False
11359,The scenario in which ( prop_3 ) does not happen is equivalent to the scenario in which either ( prop_1 ) or ( prop_2 ) happens .,!prop_3 <-> (prop_1 | prop_2),(!prop_3) <-> (prop_1 | prop_2),True
11360,"If (prop_2) happens and continues until (prop_1), then (prop_3) should not happen .",(prop_2 U prop_1) -> !prop_3,(prop_2 U prop_1) -> !prop_3,True
11361,"Either (prop_2) or (prop_4), and (prop_1) implies (prop_3) .",(prop_1 -> prop_3) & (prop_2 | prop_4),(prop_2 | prop_4) & (prop_1 -> prop_3),True
11362,always ( prop_1 ) and ( prop_2 ),G(prop_1 & prop_2),G(prop_1) & prop_2,False
11363,If ( prop_1 ) does not happen then ( prop_3 ) happens and ( prop_2 ) .,prop_2 & (!prop_1 -> prop_3),!prop_1 -> (prop_3 & prop_2),False
11364,"Start by (prop_1). Then, (prop_3). Lastly, (prop_2).",(prop_1 U prop_3) U prop_2,prop_1 & F(prop_3 & F prop_2),False
11365,"( prop_1 ) happens if ( prop_3 ) does not happen , and ( prop_2 ) should also be true all the time . ",(!prop_1 -> prop_3) & G prop_2,(!prop_3 -> prop_1) & G prop_2,True
11366,"Try (prop_1) and then achieve (prop_3), but if (prop_2) or (prop_4) happens, then stop .",(prop_1 -> prop_3) U (prop_2 | prop_4),(prop_1 U prop_3) & G((prop_2 | prop_4) -> !F prop_3),False
11367,If ( prop_2 ) and ( prop_1 ) then ( prop_3 ) .,(prop_1 & prop_2) -> prop_3,(prop_2 & prop_1) -> prop_3,True
11368,"On condition that the scenario that ( prop_1 ) happens then in response the event that ( prop_3 ) has to be detected at the same time instant , and at once ( prop_2 ) .",G(prop_1 -> (prop_2 & prop_3)),prop_1 -> (prop_3 & prop_2),False
11369,"If (prop_2) or (prop_1), then either do (prop_4) or (prop_3) .",(prop_1 | prop_2) -> (prop_3 | prop_4),(prop_2 | prop_1) -> (prop_4 | prop_3),True
11370,It is always the case that when ( prop_2 ) and ( prop_1 ) then in response the condition that ( prop_3 ) should n't be true .,G((prop_1 & prop_2) -> !F prop_3),G((prop_2 & prop_1) -> !prop_3),False
11371,Either (prop_2) happens until (prop_1) or not (prop_3) .,!prop_3 | (prop_2 U prop_1),(prop_2 U prop_1) | !prop_3,True
11372,"Until (prop_1) is not true, if (prop_3), then (prop_2) .",(prop_1 -> prop_3) U !prop_2,(!prop_1) U (prop_3 -> prop_2),False
11373,"Eventually, (prop_3) becomes true if and only if either (prop_1) or (prop_2) is true.",(prop_1 | prop_2) <-> F prop_3,F(prop_3 <-> (prop_1 | prop_2)),False
11374,when possible ( prop_1 ) and don't ( prop_2 ),F(prop_1 & !prop_2),F(prop_1 & !prop_2),True
11375,Either keep both (prop_1) and (prop_2) or else always keep (prop_3) .,(prop_1 & prop_2) | G prop_3,(prop_1 & prop_2) | G prop_3,True
11376,"when ( prop_1 ) , whenever ( prop_2 )",prop_1 -> F prop_2,G(prop_1 -> G(prop_2)),False
11377,"when forever ( prop_1 ) , whenever ( prop_2 )",G prop_1 -> F prop_2,G(prop_1) -> G(prop_2 -> F prop_2),False
11378,"( prop_1 ) should not happen if ( prop_3 ) does not happen , and ( prop_2 ) should also be true all the time . ",(!prop_1 -> !prop_3) & G prop_2,(!prop_3 -> !prop_1) & G prop_2,False
11379,"Globally , in case that ( prop_1 ) , and ( prop_2 ) , then in response right away ( prop_3 ) .",G((prop_1 & prop_2) -> prop_3),G((prop_1 & prop_2) -> X prop_3),False
11380,Do prop_1 but not do prop_2,prop_1 & !prop_2,prop_1 & !prop_2,True
11381,"If ( prop_2 ) is detected then ( prop_3 ) , and ( prop_1 ) .",prop_1 & (prop_2 -> prop_3),(prop_2 -> prop_3) & prop_1,True
11382,"If ( prop_1 ) and ( prop_2 ) , then all of the following conditions are true : at a time in the future , ( prop_3 ) .",G((prop_1 & prop_2) -> FG prop_3),(prop_1 & prop_2) -> F prop_3,False
11383,"Either (prop_2) or (prop_3) should happen, and at the same time make sure (prop_4) is equivalent to (prop_1) .",(prop_1 <-> prop_4) & (prop_2 | prop_3),(prop_2 | prop_3) & (prop_4 <-> prop_1),True
11384,"Do (prop_4) and (prop_3) , and also do (prop_2) and (prop_1) .",prop_1 & prop_2 & prop_3 & prop_4,(prop_4 & prop_3) & (prop_2 & prop_1),True
11385,"If ( prop_2 ) leads to ( prop_1 ), then this scenario is equivalent to the one where ( prop_3 ) and ( prop_4 ) both happen.",(prop_2 -> prop_1) <-> (prop_3 & prop_4),(G(prop_2 -> F prop_1)) <-> (prop_3 & prop_4),False
11386,"If it is the case that the scenario in which ( prop_2 ) is detected then as a response ( prop_1 ) should happen , then ( prop_3 ) .",(prop_2 -> prop_1) -> prop_3,((prop_2 -> F prop_1) -> prop_3),False
11387,"if ( prop_1 ) , ( prop_2 )",prop_1 -> prop_2,prop_1 -> prop_2,True
11388,"If ( prop_1 ) then ( prop_2 ) , and also ( prop_4 ) happens or else ( prop_3 ) .",prop_3 | (prop_4 & (prop_1 -> prop_2)),(prop_1 -> prop_2) & (prop_4 | prop_3),False
11389,"It is always the case that when ( prop_1 ) , then the following condition is true : there is ultimately a certain moment in the future before the end of the simulation , after which ( prop_2 ) .",G(prop_1 -> FG prop_2),G(prop_1 -> FG prop_2),True
11390,( prop_1 ) and ( prop_2 ),prop_1 & prop_2,prop_1 & prop_2,True
11391,"(prop_1) is equivalent to (prop_2), or (prop_3) is false .",!prop_3 | (prop_1 <-> prop_2),(prop_1 <-> prop_2) | !prop_3,True
11392,"If (prop_2) or (prop_1), then always (prop_3) .",(prop_1 | prop_2) -> G prop_3,(prop_2 | prop_1) -> G prop_3,True
11393,"It is required that at some point the scenario in which ( prop_1 ) happens is equivalent to the scenario in which ( prop_3 ) happens , or else ( prop_2 ) does not happen .",!prop_2 | (prop_3 <-> F prop_1),F((prop_1 <-> prop_3) | !prop_2),False
11394,"Always make sure that ( prop_2 ) happens, or else it is true that ( prop_1 ) not happening is equivalent to ( prop_3 ) happening.",(!prop_1 <-> prop_3) | G prop_2,G(prop_2 | (!prop_1 <-> prop_3)),False
11395,"If (prop_1) is equivalent to (prop_3), then make sure (prop_2) is always true .",(prop_1 <-> prop_3) -> G prop_2,(prop_1 <-> prop_3) -> G prop_2,True
11396,"For each time instant ( prop_1 ) should happen , and ( prop_2 ) should be detected , or else ( prop_3 ) .",prop_3 | (prop_2 & G prop_1),G((prop_1 & prop_2) | prop_3),False
11397,"If (prop_3) is equivalent to (prop_4), then (prop_1) should be equivalent to (prop_2) .",(prop_3 <-> prop_4) -> (prop_1 <-> prop_2),(prop_3 <-> prop_4) -> (prop_1 <-> prop_2),True
11398,"If ( prop_2 ) is equivalent to ( prop_4 ) or else ( prop_3 ) , then ( prop_1 ) .",(prop_3 | (prop_2 <-> prop_4)) -> prop_1,((prop_2 <-> prop_4) | prop_3) -> prop_1,True
11399,"If (prop_2) happening implies (prop_3) happening, then (prop_1) must always be true.",(prop_2 -> prop_3) -> G prop_1,(prop_2 -> prop_3) -> G prop_1,True
11400,forever ( prop_1 ) or at any time ( prop_2 ),G(prop_1 | F prop_2),G(prop_1) | F(prop_2),False
11401,Continue not doing ( prop_2 ) until the point when ( prop_1 ) happening leads to ( prop_3 ) happening.,!prop_2 U (prop_1 -> prop_3),(!prop_2) U (prop_1 -> prop_3),True
11402,"Eventually, ensure that (prop_3) happens, and in the meantime, either (prop_1) or (prop_2) should also happen.",(prop_1 | prop_2) & F prop_3,((prop_1 | prop_2) U prop_3),False
11403,"If it is true that ( prop_3 ) happens and continues until ( prop_2 ) is detected then as a response ( prop_4 ) should be detected , then ( prop_1 ) should be detected .",((prop_3 U prop_2) -> prop_4) -> prop_1,((prop_3 U prop_2) -> F prop_4) -> F prop_1,False
11404,"(prop_2) is equivalent to (prop_4), and (prop_1) is equivalent to (prop_3).",(prop_2 <-> prop_4) & (prop_1 <-> prop_3),(prop_2 <-> prop_4) & (prop_1 <-> prop_3),True
11405,"( prop_3 ) keeps being detected until ( prop_4 ) happens if and only if ( prop_2 ) is true , and ( prop_1 ) should be true .",prop_1 & (prop_2 <-> (prop_3 U prop_4)),((prop_3 U prop_4) <-> prop_2) & prop_1,True
11406,"If (prop_2) and (prop_1) happen, then make sure (prop_3) happens at some point .",(prop_1 & prop_2) -> F prop_3,(prop_1 & prop_2) -> F prop_3,True
11407,never ( prop_1 ) means that at any time ( prop_2 ),G!prop_1 -> F prop_2,G(!prop_1) <-> G(prop_2),False
11408,"If (prop_3), then (prop_2), or always (prop_1) .",(prop_3 -> prop_2) | G prop_1,prop_3 -> (prop_2 | G prop_1),True
11409,"If (prop_3), then (prop_1), and if (prop_2), then (prop_4), are equivalent .",(prop_3 -> prop_1) <-> (prop_2 -> prop_4),(prop_3 -> prop_1) <-> (prop_2 -> prop_4),True
11410,"( prop_2 ) is equivalent to ( prop_1 ) , and ( prop_3 ) .",prop_3 & (prop_1 <-> prop_2),(prop_2 <-> prop_1) & prop_3,True
11411,"It is not the case that ( prop_1 ) and ( prop_2 ) are both true , or else ( prop_3 ) .",prop_3 | !(prop_1 & prop_2),!(prop_1 & prop_2) | prop_3,True
11412,at any time ( prop_1 ) and never ( prop_2 ),F(prop_1 & G!prop_2),G(prop_1) & G(!prop_2),False
11413,"If ( prop_2 ) is equivalent to ( prop_4 ) then ( prop_3 ) , and ( prop_1 ) .",prop_1 & ((prop_2 <-> prop_4) -> prop_3),((prop_2 <-> prop_4) -> prop_3) & prop_1,True
11414,"if forever ( prop_1 ) , repeatedly ( prop_2 )",G prop_1 -> GF prop_2,G(prop_1) -> GF(prop_2),True
11415,"It is not the case that ( prop_2 ) until ( prop_3 ) happens some time in the future, which is equal to ( prop_1 ) .",prop_1 <-> !(prop_2 U prop_3),!(prop_2 U F prop_3) <-> prop_1,False
11416,"If you do (prop_4) and keep doing it until (prop_2), then you should do (prop_1) and then (prop_3) .",(prop_4 U prop_2) -> (prop_1 -> prop_3),(prop_4 U prop_2) -> F(prop_1 & F prop_3),False
11417,"(prop_1) and (prop_3) should happen at the same time, and (prop_2) should happen until (prop_4) afterwards .",prop_1 & prop_3 & (prop_2 U prop_4),(prop_1 & prop_3) & (prop_2 U prop_4),True
11418,"If ( prop_3 ) or ( prop_4 ) then ( prop_1 ) , the above situation is equivalent to ( prop_2 ) .",prop_2 <-> ((prop_3 | prop_4) -> prop_1),((prop_3 | prop_4) -> prop_1) <-> prop_2,True
11419,"If either ( prop_4 ) or ( prop_2 ) is observed until at some point ( prop_1 ) happens , then as a result ( prop_3 ) should be observed .",((prop_2 | prop_4) U prop_1) -> prop_3,((prop_4 | prop_2) U prop_1) -> prop_3,True
11420,repeatedly ( prop_1 ) and always ( prop_2 ),G(F prop_1 & G prop_2),GF prop_1 & G prop_2,True
11421,"If (prop_2), then do (prop_1), but keep doing (prop_3) until (prop_4) .",(prop_2 -> prop_1) & (prop_3 U prop_4),prop_2 -> (prop_1 & (prop_3 U prop_4)),False
11422,"If (prop_1) and (prop_4) happen at the same time, then wait until (prop_3) and (prop_2) happen at the same time .",(prop_1 & prop_4) U (prop_2 & prop_3),G((prop_1 & prop_4) -> (prop_1 & prop_4) U (prop_3 & prop_2)),False
11423,"When you finish (prop_2), (prop_1) and (prop_3).",F prop_2 -> (prop_1 & prop_3),G(prop_2 -> (prop_1 & prop_3)),False
11424,"If it is not (prop_1), then (prop_3) until (prop_2) .",!prop_1 -> (prop_3 U prop_2),(!prop_1) -> (prop_3 U prop_2),True
11425,Doing (prop_3) and (prop_1) is equivalent to always doing (prop_2) .,(prop_1 & prop_3) <-> G prop_2,(prop_3 & prop_1) <-> G prop_2,True
11426,"If ( prop_1 ) then ( prop_2 ) , or else ( prop_3 ) , or else ( prop_4 ) .",prop_3 | prop_4 | (prop_1 -> prop_2),(prop_1 -> prop_2) | (!prop_1 & prop_3) | (!prop_1 & !prop_3 & prop_4),False
11427,"It is always the case that when ( prop_3 ) , or ( prop_1 ) , then in response the condition that eventually ( prop_2 ) shall not be true .",G((prop_1 | prop_3) -> !F prop_2),G((prop_3 | prop_1) -> !F prop_2),True
11428,"It is always the case that when ( prop_1 ) , then the following condition is true : for each time instant in the future before the simulation ends there must exist a certain time point in the future eventually , at which the event that ( prop_2 ) is detected .",G(prop_1 -> GF prop_2),G(prop_1 -> G F prop_2),True
11429,"If (prop_3) is always true, then (prop_2), or else not (prop_1) .",!prop_1 | (G prop_3 -> prop_2),(G prop_3 -> prop_2) | !prop_1,True
11430,always ( prop_1 ) until ( prop_2 ),G(prop_1 U prop_2),(G prop_1) U prop_2,False
11431,do prop_1 right now,prop_1,prop_1,True
11432,"Get (prop_3) done, and if (prop_1) is in the way, then do (prop_2) also .",(prop_1 -> prop_2) & F prop_3,prop_3 & (prop_1 -> prop_2),False
11433,"If you do not do (prop_1), then you should do either (prop_3) or (prop_2) .",!prop_1 -> (prop_2 | prop_3),!prop_1 -> (prop_3 | prop_2),True
11434,"(prop_2) and (prop_3) occurs, and (prop_1) should be true if (prop_4) happens .",prop_2 & prop_3 & (prop_1 -> prop_4),(prop_2 & prop_3) & (prop_4 -> prop_1),False
11435,"when repeatedly ( prop_1 ) , at any time ( prop_2 )",GF prop_1 -> F prop_2,G(prop_1) -> G(prop_2),False
11436,"If (prop_3) eventually happens, then make sure either (prop_1) or (prop_2) happens .",F prop_3 -> (prop_1 | prop_2),F prop_3 -> (prop_1 | prop_2),True
11437,( prop_1 ) does not happen is equivalent to the case that if ( prop_3 ) then ( prop_2 ) happens .,!prop_1 <-> (prop_3 -> prop_2),(!prop_1) <-> (prop_3 -> prop_2),True
11438,"In case that ( prop_3 ) happens and continues to happen until ( prop_1 ) is detected , or else ( prop_4 ) , or else ( prop_2 ) .",prop_2 | prop_4 | (prop_3 U prop_1),((prop_3 U prop_1) | prop_4) | prop_2,True
11439,"Either ( prop_2 ) or ( prop_1 ) should not happen , and ( prop_3 ) .",prop_3 & !(prop_1 | prop_2),(prop_2 | !prop_1) & prop_3,False
11440,"It is required that (prop_2) and (prop_3) happen at the same time, and (prop_1) does not .",!prop_1 & prop_2 & prop_3,(prop_2 & prop_3) & !prop_1,True
11441,repeatedly ( prop_1 ) until ( prop_2 ),G(F prop_1 U prop_2),(G prop_1) U prop_2,False
11442,"If (prop_1) is always true, then (prop_2) should be equivalent to (prop_3) .",G prop_1 -> (prop_2 <-> prop_3),G(prop_1) -> (prop_2 <-> prop_3),True
11443,"It is required that at some point ( prop_4 ) and ( prop_1 ) are detected and this is equivalent to the scenario in which ( prop_3 ) is detected , and this will happen until ( prop_2 ) is detected .",(prop_3 <-> (prop_1 & prop_4)) U prop_2,(F(prop_4 & prop_1)) <-> (prop_3 U prop_2),False
11444,Sometime soon make sure that (prop_3) occurs if and only if both (prop_2) and (prop_1) occur .,(prop_1 & prop_2) <-> F prop_3,F(prop_3 <-> (prop_2 & prop_1)),False
11445,repeatedly ( prop_1 ) until at any time ( prop_2 ),G(F prop_1 U F prop_2),(G prop_1) U (F prop_2),False
11446,"The scenario that ( prop_4 ) happens until ( prop_1 ) happens , or the scenario that ( prop_3 ) is detected , and also the scenario that ( prop_2 ) is detected .",prop_2 & (prop_3 | (prop_4 U prop_1)),(prop_4 U prop_1) | (prop_3 & prop_2),False
11447,The scenario in which (prop_1) happens and continues until (prop_2) happens is equivalent to the scenario in which (prop_3) happens and then (prop_4) happens .,(prop_3 -> prop_4) <-> (prop_1 U prop_2),(prop_1 U prop_2) <-> (prop_3 & F prop_4),False
11448,never ( prop_1 ) and never ( prop_2 ),G(!prop_1 & G!prop_2),G(!prop_1) & G(!prop_2),True
11449,"If at some point ( prop_4 ) and ( prop_1 ) is detected and this scenario continues until ( prop_3 ) is detected , then ( prop_2 ) .",((prop_1 & prop_4) U prop_3) -> prop_2,F((prop_4 & prop_1) U prop_3) -> prop_2,False
11450,at some time ( prop_1 ) until never ( prop_2 ),F(prop_1 U G!prop_2),F(prop_1 U G !prop_2),True
11451,don't ( prop_1 ) or whenever ( prop_2 ),!(prop_1 | F prop_2),!prop_1 | G(prop_2 -> prop_2),False
11452,"While (prop_3), do (prop_1), and when (prop_2), then (prop_4).",(prop_3 -> prop_1) & (prop_2 -> prop_4),(G(prop_3 -> prop_1)) & (G(prop_2 -> prop_4)),False
11453,Do not (prop_1) at this point!,!prop_1,!prop_1,True
11454,It should be the case that at the same time (prop_3) and (prop_2) are true and that (prop_4) is equivalent to (prop_1) .,prop_2 & prop_3 & (prop_1 <-> prop_4),(prop_3 & prop_2) & (prop_4 <-> prop_1),True
11455,"If at some point ( prop_1 ) is equivalent to ( prop_2 ) and this scenario continues until ( prop_4 ) is detected , or else ( prop_3 ) .",prop_3 | ((prop_1 <-> prop_2) U prop_4),F((prop_1 <-> prop_2) U prop_4) | prop_3,False
11456,don't ( prop_1 ) until at some time ( prop_2 ),!(prop_1 U F prop_2),!prop_1 U prop_2,False
11457,"It should be the case that if ( prop_4 ) or ( prop_2 ) then ( prop_3 ), and ( prop_1 ) .",prop_1 & ((prop_2 | prop_4) -> prop_3),((prop_4 | prop_2) -> prop_3) & prop_1,True
11458,"If ( prop_1 ) happens then ( prop_2 ) and also if ( prop_3 ) happens , the scenario is equivalent to ( prop_4 ) .",prop_4 <-> (prop_3 & (prop_1 -> prop_2)),((prop_1 -> prop_2) & (prop_3 -> prop_4)) <-> prop_4,False
11459,"if at some time ( prop_1 ) , repeatedly ( prop_2 )",F prop_1 -> GF prop_2,F(prop_1) -> G(prop_2),False
11460,always ( prop_1 ) or ( prop_2 ),G(prop_1 | prop_2),G(prop_1) | prop_2,False
11461,"If ( prop_2 ) is not detected and ( prop_3 ) , or else ( prop_1 ) .",prop_1 | (!prop_2 & prop_3),(!prop_2 & prop_3) | prop_1,True
11462,"For each time instant ( prop_2 ) and ( prop_3 ) should be true , or else ( prop_1 ) .",prop_1 | G(prop_2 & prop_3),G((prop_2 & prop_3) | prop_1),False
11463,never ( prop_1 ) until at any time ( prop_2 ),G(!prop_1 U F prop_2),!prop_1 U prop_2,False
11464,don't ( prop_1 ) and ( prop_2 ),!(prop_2 & F prop_1),!(prop_1 & prop_2),False
11465,( prop_1 ) or don't ( prop_2 ),prop_1 | !prop_2,prop_1 | !prop_2,True
11466,( prop_2 ) and ( prop_3 ) and ( prop_4 ) then in response ( prop_1 ) .,(prop_2 & prop_3 & prop_4) -> prop_1,G((prop_2 & prop_3 & prop_4) -> F prop_1),False
11467,"if forever ( prop_1 ) , ( prop_2 )",G prop_1 -> prop_2,G(prop_1) -> prop_2,True
11468,"If (prop_4) continues to happen until (prop_3) occurs, then it must be the case that either (prop_1) or (prop_2) happens as well.",(prop_4 U prop_3) -> (prop_1 | prop_2),(prop_4 U prop_3) -> (prop_1 | prop_2),True
11469,don't ( prop_1 ) or ( prop_2 ),!(prop_1 | prop_2),!(prop_1) | prop_2,False
11470,"If (prop_2) and (prop_4), then (prop_1) and (prop_3) .",(prop_2 & prop_4) -> (prop_1 & prop_3),(prop_2 & prop_4) -> (prop_1 & prop_3),True
11471,"During the interval that ( prop_1 ) then in response there will ultimately exist a certain time instant in the future before the simulation ends , at which the scenario that ( prop_2 ) will have to occur .",G(prop_1 -> F prop_2),G(prop_1 -> F prop_2),True
11472,"Any of the following should happen: (prop_4) or (prop_3), and (prop_1) or (prop_2) .",(prop_3 | prop_4) & (prop_1 | prop_2),(prop_4 | prop_3) & (prop_1 | prop_2),True
11473,"Globally , everytime when ( prop_2 ) , and ( prop_3 ) , then the condition that uninterruptedly ( prop_1 ) ought n't to be true .",G((prop_2 & prop_3) -> !G prop_1),G((prop_2 & prop_3) -> !G(prop_1)),True
11474,at some time ( prop_1 ) until forever ( prop_2 ),F(prop_1 U G prop_2),F(prop_1 U G prop_2),True
11475,never ( prop_1 ) means that ( prop_2 ),G!prop_1 -> prop_2,G(!prop_1) <-> prop_2,False
11476,"(prop_3) is equivalent to (prop_1), and at some point in the future, (prop_2) must happen.",(prop_1 <-> prop_3) & F prop_2,(prop_3 <-> prop_1) & F prop_2,True
11477,"If ( prop_1 ) then ( prop_2 ) , or else ( prop_4 ) , and also ( prop_3 ) .",prop_3 & (prop_4 | (prop_1 -> prop_2)),((prop_1 -> prop_2) | prop_4) & prop_3,True
11478,"Until you reach the situation where (prop_3) is equivalent to (prop_1), either do (prop_4) or (prop_2) .",(prop_1 | prop_3) U (prop_2 <-> prop_4),(prop_4 | prop_2) U (prop_3 <-> prop_1),False
11479,"Always have (prop_3), is equivalent to the scenario in which both ( prop_2 ) does not happen and ( prop_1 ) happens .",(prop_1 & !prop_2) <-> G prop_3,G(prop_3) <-> (!prop_2 & prop_1),True
11480,"when ( prop_1 ) , repeatedly ( prop_2 )",prop_1 -> GF prop_2,G(prop_1 -> G prop_2),False
11481,"Globally , whenever there will be a certain time instant in the future before the execution ends , at which ultimately ( prop_2 ) , until then ( prop_3 ) then there must be finally a time in the future before the execution ends , after which in the future till the execution ends ( prop_1 ) .",G((prop_2 U prop_3) -> FG prop_1),G(F(prop_3 U prop_2) -> F(G prop_1)),False
11482,"The scenario in which at some point ( prop_3 ) or ( prop_1 ) happens and continues to happen until ( prop_2 ) , is equivalent to ( prop_4 ) .",prop_4 <-> ((prop_1 | prop_3) U prop_2),(F((prop_3 | prop_1) U prop_2)) <-> prop_4,False
11483,"(prop_2) should not happen, and make sure (prop_3) and (prop_1) both happen .",prop_1 & !prop_2 & prop_3,G(!prop_2) & F(prop_3 & prop_1),False
11484,"( prop_1 ) is not true is equivalent to ( prop_3 ) is true, and then implies ( prop_2 ) should be true .",(!prop_1 <-> prop_3) -> prop_2,(!prop_1 <-> prop_3) -> prop_2,True
11485,"If (prop_2) is equivalent to (prop_3), then at some point make (prop_1) happen .",(prop_2 <-> prop_3) -> F prop_1,(prop_2 <-> prop_3) -> F prop_1,True
11486,"If you do (prop_3) and observe (prop_1), then keep doing it until you also see (prop_2), at which point you should do (prop_4) .",(prop_1 & prop_3) U (prop_2 -> prop_4),G((prop_3 & prop_1) -> ((prop_3 & prop_1) U (prop_2 & X prop_4))),False
11487,"If (prop_2), then (prop_3), or else (prop_1) is equivalent to (prop_4) .",(prop_2 -> prop_3) | (prop_1 <-> prop_4),((prop_2 -> prop_3) | !prop_2) <-> prop_4,False
11488,The scenario in which at each time step (prop_2) is true and (prop_3) is true is equivalent to the scenario in which (prop_1) is not true .,!prop_1 <-> (prop_3 & G prop_2),G(prop_2 & prop_3) <-> !prop_1,False
11489,"For every moment, the scenario where ( prop_3 ) happens is equivalent to the scenario where ( prop_2 ) happens if and only if ( prop_1 ) happens.",(prop_1 <-> prop_2) <-> G prop_3,G(prop_3 <-> (prop_2 <-> prop_1)),False
11490,"If it is not the case that ( prop_3 ) or ( prop_2 ) then ( prop_1 ) is true , and vice versa .",prop_1 <-> !(prop_2 | prop_3),(!(prop_3 | prop_2)) <-> prop_1,True
11491,(prop_3) until (prop_2). Then (prop_1).,(prop_3 U prop_2) -> prop_1,(prop_3 U prop_2) & F prop_1,False
11492,"( prop_4 ) and ( prop_2 ) then implies ( prop_3 ), or it will be ( prop_1 ) .",prop_1 | ((prop_2 & prop_4) -> prop_3),((prop_4 & prop_2) -> prop_3) | prop_1,True
11493,"The scenario in which ( prop_3 ) or ( prop_1 ) is true is equivalent to the scenario in which if ( prop_2 ) happens, then ( prop_4 ) should happen as well.",(prop_2 -> prop_4) <-> (prop_1 | prop_3),(prop_3 | prop_1) <-> (prop_2 -> prop_4),True
11494,"For each time instant in the future ( prop_2 ) is true , and ( prop_3 ) and ( prop_1 ) should happen at the same time .",prop_1 & prop_3 & G prop_2,G(prop_2 & (prop_3 & prop_1)),False
11495,Guarantee to (prop_1),G prop_1,F prop_1,False
11496,( prop_1 ) until never ( prop_2 ),prop_1 U G!prop_2,prop_1 U !prop_2,False
11497,don't ( prop_1 ) and at any time ( prop_2 ),!(F prop_1 & F prop_2),!prop_1 & GF prop_2,False
11498,"It is equivalent to have the scenario that ( prop_2 ) if and only if either of the following two conditions is true : the scenario that ( prop_3 ) should lead to ( prop_1 ) , or the scenario that ( prop_4 ) .",prop_4 <-> (prop_1 | (prop_2 -> prop_3)),prop_2 <-> ((G(prop_3 -> F prop_1)) | prop_4),False
11499,"If (prop_2) is equivalent to (prop_4), then either (prop_1) or (prop_3) can happen .",(prop_2 <-> prop_4) -> (prop_1 | prop_3),(prop_2 <-> prop_4) -> F(prop_1 | prop_3),False
11500,"If at some point you do (prop_2) or (prop_3), then keep doing that until you see that (prop_1) implies (prop_4) .",(prop_2 | prop_3) U (prop_1 -> prop_4),F((prop_2 | prop_3) -> ((prop_2 | prop_3) U (prop_1 -> prop_4))),False
11501,The scenario that ( prop_1 ) is not detected implies that ( prop_2 ) keeps happening until ( prop_3 ) .,(!prop_1 -> prop_2) U prop_3,(!prop_1) -> (prop_2 U prop_3),False
11502,always ( prop_1 ) and forever ( prop_2 ),G(prop_1 & G prop_2),G(prop_1) & G(prop_2),True
11503,Either finally makes (prop_3) happen or make sure (prop_1) and (prop_2) happen at the same time .,(prop_1 & prop_2) | F prop_3,F prop_3 | (prop_1 & prop_2),True
11504,"If (prop_1), then (prop_4). In addition, (prop_2) is equivalent to (prop_3) .",(prop_1 -> prop_4) & (prop_2 <-> prop_3),(prop_1 -> prop_4) & (prop_2 <-> prop_3),True
11505,In case that at some point ( prop_1 ) or ( prop_4 ) is equivalent to ( prop_2 ) and this scenario is continued until ( prop_3 ) .,(prop_2 <-> (prop_1 | prop_4)) U prop_3,F((prop_1 | prop_4) <-> prop_2) U prop_3,False
11506,In case that ( prop_4 ) and ( prop_1 ) and ( prop_3 ) happens and continues to happen until at some other point ( prop_2 ) .,(prop_1 & prop_3 & prop_4) U prop_2,((prop_4 & prop_1 & prop_3) U prop_2),True
11507,"At some point (prop_1) doesn't happen and (prop_3) does, or always (prop_2) .",(!prop_1 & prop_3) | G prop_2,F(!prop_1 & prop_3) | G prop_2,False
11508,don't ( prop_1 ) or don't ( prop_2 ),!(prop_1 | !prop_2),!prop_1 | !prop_2,False
11509,"If ( prop_3 ) does not happen, then it is required that eventually ( prop_1 ) happens and ( prop_2 ) happens as well.",!prop_3 -> (prop_2 & F prop_1),!prop_3 -> F(prop_1 & prop_2),False
11510,"If (prop_3) and (prop_4) happen at the same time, then this is equivalent to (prop_1) or (prop_2) happening .",(prop_3 & prop_4) <-> (prop_1 | prop_2),(prop_3 & prop_4) <-> (prop_1 | prop_2),True
11511,"If at some point ( prop_2 ) or ( prop_4 ) and also ( prop_1 ) is detected , then ( prop_3 ) .",(prop_1 & (prop_2 | prop_4)) -> prop_3,F((prop_2 | prop_4) & prop_1) -> prop_3,False
11512,"If (prop_1) and (prop_4) are equivalent, then if (prop_3), then (prop_2) .",(prop_1 <-> prop_4) -> (prop_3 -> prop_2),(prop_1 <-> prop_4) -> (prop_3 -> prop_2),True
11513,"If ( prop_2 ) happens and continues to happen until ( prop_3 ) , then ( prop_1 ) , and ( prop_4 ) .",prop_4 & ((prop_2 U prop_3) -> prop_1),((prop_2 U prop_3) -> (prop_1 & prop_4)),False
11514,It is not the case that if ( prop_2 ) then ( prop_1 ) has to happen or else ( prop_3 ) .,prop_3 | !(prop_2 -> prop_1),!(prop_2 -> (F prop_1 | prop_3)),False
11515,"Until both (prop_3) and (prop_1) happen, if (prop_4) occurs, then (prop_2) must also happen.",(prop_4 -> prop_2) U (prop_1 & prop_3),((prop_4 -> prop_2) U (prop_3 & prop_1)),True
11516,finally prop_1 and always do not prop_2,F prop_1 & G!prop_2,F(prop_1 & G(!prop_2)),False
11517,"It is required that finally that if ( prop_3 ) then ( prop_1 ) happens , the above scenario is equivalent to ( prop_2 ) .",prop_2 <-> F(prop_3 -> prop_1),F((prop_3 -> prop_1) <-> prop_2),False
11518,"Either (prop_3) and (prop_1) happen at the same time, or (prop_2) and (prop_4) happen at the same time .",(prop_1 & prop_3) | (prop_2 & prop_4),(prop_3 & prop_1) | (prop_2 & prop_4),True
11519,"If any of the following happens: (prop_4) or (prop_1), then (prop_2) should happen and only then (prop_3) .",(prop_1 | prop_4) -> (prop_2 -> prop_3),((prop_4 | prop_1) -> (F prop_2 & (prop_2 U prop_3))),False
11520,It is true that if the scenario that ( prop_3 ) is detected then ( prop_1 ) should happen if and only if the scenario that ( prop_2 ) is detected .,prop_2 <-> G(prop_3 -> prop_1),G(prop_3 -> (prop_1 <-> prop_2)),False
11521,(prop_2) until (prop_3) and (prop_1).,prop_1 & (prop_2 U prop_3),(prop_2 U prop_3) & prop_1,True
11522,"For each time instant either ( prop_2 ) is equivalent to ( prop_3 ) , or else ( prop_1 ) .",prop_1 | G(prop_2 <-> prop_3),G((prop_2 <-> prop_3) | prop_1),False
11523,forever ( prop_1 ) until when possible ( prop_2 ),G(prop_1 U F prop_2),(G prop_1) U prop_2,False
11524,If ( prop_4 ) happens and continues to happen until ( prop_2 ) or ( prop_1 ) is detected then the above scenario is equivalent to ( prop_3 ) .,prop_3 <-> (prop_1 | (prop_4 U prop_2)),((prop_4 U (prop_2 | prop_1)) -> prop_3),False
11525,"In case that at some point ( prop_3 ) or ( prop_4 ) happens and continues to happen until ( prop_1 ) , and ( prop_2 ) .",prop_2 & ((prop_3 | prop_4) U prop_1),F((prop_3 | prop_4) U prop_1) & prop_2,False
11526,"If (prop_1) is always true, then if (prop_3) is not true then (prop_2) is true .",G prop_1 -> (!prop_3 -> prop_2),G(prop_1) -> (!prop_3 -> prop_2),True
11527,"If (prop_3) then (prop_1) happens, then (prop_2) should be equivalent to (prop_4) .",(prop_3 -> prop_1) -> (prop_2 <-> prop_4),G((prop_3 & F prop_1) -> (prop_2 <-> prop_4)),False
11528,do not ( prop_1 ) and always ( prop_2 ),!(prop_1 & G prop_2),(!prop_1) & G prop_2,False
11529,At some point ( prop_2 ) happens is equivalent to the scenario in which ( prop_3 ) happens and then ( prop_1 ) happens .,(prop_3 -> prop_1) <-> F prop_2,F prop_2 <-> (prop_3 & F prop_1),False
11530,If it is not the case that ( prop_1 ) or ( prop_2 ) then ( prop_3 ) .,!(prop_1 | prop_2) -> prop_3,(!(prop_1 | prop_2)) -> prop_3,True
11531,"If (prop_3) and (prop_2) occur, then keep them occurring until (prop_1) or (prop_4) happens .",(prop_2 & prop_3) U (prop_1 | prop_4),(prop_3 & prop_2) -> ((prop_3 & prop_2) U (prop_1 | prop_4)),False
11532,"The scenario in which ( prop_2 ) happens and then ( prop_3 ) , is equivalent to ( prop_1 ) .",prop_1 <-> (prop_2 -> prop_3),(prop_2 & FX prop_3) <-> prop_1,False
11533,If ( prop_1 ) is equivalent to ( prop_3 ) then ( prop_2 ) .,(prop_1 <-> prop_3) -> prop_2,(prop_1 <-> prop_3) -> prop_2,True
11534,"Either (prop_1) is the same as (prop_2), or else if (prop_3), then make sure (prop_4) .",(prop_1 <-> prop_2) | (prop_3 -> prop_4),(prop_1 <-> prop_2) | (prop_3 -> prop_4),True
11535,( prop_1 ) and never ( prop_2 ),prop_1 & G!prop_2,prop_1 & G ! prop_2,True
11536,( prop_1 ) until do not ( prop_2 ),prop_1 U !prop_2,prop_1 U !prop_2,True
11537,"It is always the case that either globally ( prop_2 ) or ( prop_3 ) is detected , or else ( prop_1 ) is true .",prop_1 | G(prop_2 | prop_3),G((G prop_2 | prop_3) | prop_1),False
11538,"If (prop_1) and (prop_3), then (prop_4) or (prop_2) .",(prop_1 & prop_3) -> (prop_2 | prop_4),(prop_1 & prop_3) -> (prop_4 | prop_2),True
11539,(prop_3) or (prop_2) and (prop_1).,prop_1 & (prop_2 | prop_3),prop_3 | (prop_2 & prop_1),False
11540,"Ensure that (prop_2) happens soon, but do not let (prop_3) occur until after (prop_1).",F prop_2 & (!prop_3 U prop_1),F(prop_2) & (!prop_3 U prop_1),True
11541,"If ( prop_3 ) then ( prop_1 ) at some point and this scenario continues until ( prop_4 ) is detected , and ( prop_2 ) .",prop_2 & ((prop_3 -> prop_1) U prop_4),prop_3 -> (F(prop_1 U prop_4) & prop_2),False
11542,"If ( prop_5 ) and ( prop_3 ), then ( prop_6 ) until ( prop_4 ) does not happen , and ( prop_1 ) until ( prop_2 ) does not happen .",((prop_3 & prop_5) -> (prop_6 U !prop_4)) & (prop_1 U !prop_2),(prop_5 & prop_3) -> ((prop_6 U !prop_4) & (prop_1 U !prop_2)),False
11543,"Whenever ( prop_3 ) , or ( prop_1 ) , then the condition that without interruption ( prop_2 ) will not be true .",G((prop_1 | prop_3) -> !G prop_2),G((prop_3 | prop_1) -> !G(prop_2)),True
11544,always ( prop_1 ) and never ( prop_2 ),G(prop_1 & G!prop_2),G(prop_1) & G(!prop_2),True
11545,"Either ( prop_1 ) is equivalent to ( prop_2 ), or both ( prop_3 ) and ( prop_4 ) happen .",(prop_1 <-> prop_2) | (prop_3 & prop_4),(prop_1 <-> prop_2) | (prop_3 & prop_4),True
11546,"(prop_2) is not the case and you observe (prop_1), or eventually do (prop_3) .",(prop_1 & !prop_2) | F prop_3,(!prop_2 & prop_1) | F prop_3,True
11547,"If (prop_2) and (prop_1) happen at the same time, then compare if (prop_4) is equivalent to (prop_3), and if so, stop .",(prop_1 & prop_2) U (prop_3 <-> prop_4),G((prop_1 & prop_2) -> (prop_3 <-> prop_4)),False
11548,"For each time instant in the future it should be the case that if ( prop_1 ) then ( prop_2 ) happens , and also ( prop_3 ) .",prop_3 & G(prop_1 -> prop_2),G((prop_1 -> prop_2) & prop_3),False
11549,whenever ( prop_1 ) or do not ( prop_2 ),F(prop_1 | !prop_2),G(prop_1 | !prop_2),False
11550,"All of ( prop_1 ) , ( prop_3 ) , and ( prop_2 ) should be detected .",prop_1 & prop_2 & prop_3,(prop_1 & prop_2 & prop_3),True
11551,"If (prop_3) doesn't happen, then make sure any of the following happens: (prop_2) or (prop_1) .",prop_1 | prop_2 | !prop_3,!prop_3 -> (prop_2 | prop_1),False
11552,"If ( prop_3 ) then implies ( prop_4 ) and in turn ( prop_1 ) happens, then the above statement implies ( prop_2 ) .",(prop_1 & (prop_3 -> prop_4)) -> prop_2,((prop_3 -> (prop_4 & prop_1)) -> prop_2),False
11553,If ( prop_3 ) is not the case and ( prop_1 ) is the case then ( prop_2 ) has to be the case .,(prop_1 & !prop_3) -> prop_2,(!prop_3 & prop_1) -> prop_2,True
11554,It is not the case that ( prop_3 ) continues to happen until at some point ( prop_2 ) happens and also ( prop_1 ) .,!(prop_1 & (prop_3 U prop_2)),!(prop_3 U (prop_2 & prop_1)),False
11555,at some time ( prop_1 ) until do not ( prop_2 ),F(prop_1 U !prop_2),F(prop_1 U !prop_2),True
11556,The scenario in which ( prop_2 ) happens and continues to happen until ( prop_3 ) is equivalent to the scenario in which ( prop_1 ) .,prop_1 <-> (prop_2 U prop_3),(prop_2 U prop_3) <-> prop_1,True
11557,"If you do (prop_4) and observe (prop_3), then do (prop_1) until you do (prop_2) .",(prop_3 & prop_4) -> (prop_1 U prop_2),(prop_4 & prop_3) -> (prop_1 U prop_2),True
11558,It is not the case that ( prop_1 ) happens and continues to happen until ( prop_2 ) or else ( prop_3 ) .,!(prop_3 | (prop_1 U prop_2)),!( (prop_1 U (prop_2 | prop_3)) ),False
11559,"It is globally the case that if ( prop_1 ) and ( prop_2 ) then ( prop_3 ) should be true , and vice versa .",prop_3 <-> G(prop_1 & prop_2),G((prop_1 & prop_2) <-> prop_3),False
11560,"If ( prop_3 ) or ( prop_2 ) happens , then the scenario in which ( prop_1 ) happens is equivalent to the scenario in which ( prop_4 ) happens .",(prop_2 | prop_3) -> (prop_1 <-> prop_4),(prop_3 | prop_2) -> (prop_1 <-> prop_4),True
11561,"It should be the case that at some point (prop_2) happens and (prop_3) happens at the same time, which is equivalent to the scenario that (prop_1) does not happen .",!prop_1 <-> (prop_3 & F prop_2),F(prop_2 & prop_3) <-> !prop_1,False
11562,"when repeatedly ( prop_1 ) , ( prop_2 )",GF prop_1 -> prop_2,G(prop_1 -> prop_2),False
11563,"when ( prop_1 ) , don't ( prop_2 )",prop_1 -> !prop_2,G(prop_1 -> !prop_2),False
11564,"If at some point ( prop_1 ) then ( prop_3 ) happens and this scenario continues to hold until ( prop_4 ) is detected , this is equivalent to ( prop_2 ) .",prop_2 <-> ((prop_1 -> prop_3) U prop_4),(F(prop_1) -> (prop_3 U prop_4)) <-> prop_2,False
11565,"If ( prop_1 ) leads to ( prop_2 ), then either ( prop_4 ) or ( prop_3 ) should happen.",(prop_1 -> prop_2) -> (prop_3 | prop_4),(F(prop_1 & F prop_2)) -> (F prop_4 | F prop_3),False
11566,don't ( prop_1 ) and ( prop_2 ),!(prop_1 & prop_2),!(prop_1 & prop_2),True
11567,never ( prop_1 ) or never ( prop_2 ),G(!prop_1 | G!prop_2),G(!prop_1) | G(!prop_2),False
11568,"If you do not do (prop_3) and instead do (prop_2), then always do (prop_1) .",(prop_2 & !prop_3) -> G prop_1,(!prop_3 & prop_2) -> G prop_1,True
11569,"For each time instant if ( prop_3 ) does not happen then ( prop_1 ) , and ( prop_2 ) .",prop_2 & G(!prop_3 -> prop_1),G(!prop_3 -> (prop_1 & prop_2)),False
11570,"If ( prop_2 ) happens and continues to happen until ( prop_4 ) is detected , as well as ( prop_1 ) , then ( prop_3 ) .",(prop_1 & (prop_2 U prop_4)) -> prop_3,((prop_2 U prop_4) & prop_1) -> prop_3,True
11571,"If you do either (prop_2) or (prop_4), then you should do both (prop_1) and (prop_3) .",(prop_2 | prop_4) -> (prop_1 & prop_3),(prop_2 | prop_4) -> (prop_1 & prop_3),True
11572,"If it is the case that ( prop_1 ) implies ( prop_4 ) is equivalent to ( prop_2 ), then implies ( prop_3 ) .",(prop_2 <-> (prop_1 -> prop_4)) -> prop_3,((prop_1 -> prop_4) <-> prop_2) -> prop_3,True
11573,"It is not the case that ( prop_1 ) happens and continues to happen until ( prop_2 ) is detected , and ( prop_3 ) .",prop_3 & !(prop_1 U prop_2),!( (prop_1 U prop_2) & prop_3 ),False
11574,"Either (prop_4) and (prop_3) happen at the same time, or else keep (prop_2) until (prop_1) happens .",(prop_3 & prop_4) | (prop_2 U prop_1),(prop_4 & prop_3) | (prop_2 U prop_1),True
11575,"The scenarios that ( prop_2 ) and ( prop_1 ) should be detected at the same time , until ( prop_3 ) .",(prop_1 & prop_2) U prop_3,(prop_2 & prop_1) U prop_3,True
11576,"If (prop_3) or (prop_1), then at some point (prop_2) .",(prop_1 | prop_3) -> F prop_2,(prop_3 | prop_1) -> F prop_2,True
11577,"( prop_3 ) or ( prop_2 ) and also ( prop_1 ) , and ( prop_4 ) .",prop_1 & prop_4 & (prop_2 | prop_3),(prop_3 | (prop_2 & prop_1)) & prop_4,False
11578,"If at some point ( prop_1 ) then ( prop_4 ) happens and this scenario will hold until ( prop_2 ) is detected , or else ( prop_3 ) .",prop_3 | ((prop_1 -> prop_4) U prop_2),(F(prop_1) -> (prop_4 U prop_2)) | prop_3,False
11579,at any time ( prop_1 ) until repeatedly ( prop_2 ),F(prop_1 U GF prop_2),G(prop_1 U G prop_2),False
11580,"While ( prop_4 ) or ( prop_3 ) or ( prop_1 ), and ( prop_2 ) has to be detected .",prop_2 & (prop_1 | prop_3 | prop_4),G((prop_4 | prop_3 | prop_1) -> F prop_2),False
11581,repeatedly ( prop_1 ) or never ( prop_2 ),G(F prop_1 | G!prop_2),GF prop_1 | G ! prop_2,False
11582,It is not true that ( prop_2 ) happens and continues to happen until ( prop_1 ) is true if and only if ( prop_3 ) .,!(prop_3 <-> (prop_2 U prop_1)),!(prop_2 U prop_1) <-> prop_3,True
11583,"The sentence will be true if ( prop_1 ) implies ( prop_2 ) and then implies ( prop_4 ), or ( prop_3 ) is true .",prop_3 | ((prop_1 -> prop_2) -> prop_4),((prop_1 -> prop_2) & X(prop_1 -> prop_4)) | prop_3,False
11584,"If you do not do (prop_3), then you should do (prop_1), and also make sure to do (prop_2) at some point .",(!prop_3 -> prop_1) & F prop_2,(!prop_3) -> (prop_1 & F prop_2),False
11585,If ( prop_4 ) and ( prop_3 ) is equivalent to ( prop_1 ) then ( prop_2 ) .,(prop_1 <-> (prop_3 & prop_4)) -> prop_2,((prop_4 & prop_3) <-> prop_1) -> prop_2,True
11586,( prop_1 ) or don't ( prop_2 ),prop_1 | !F prop_2,prop_1 | !prop_2,False
11587,"Until (prop_1) happens and (prop_2) is true as a result, if (prop_3) happens, then (prop_4) should also be true.",(prop_1 -> prop_2) U (prop_3 -> prop_4),(! (prop_1 & prop_2)) U (prop_3 -> prop_4),False
