Index,Requirement,Ground Truth,Response,Equivalent
4064,"If photo the collision on east_3rd_street ever holds, get_help must have held beforehand.",F photo_collision_east_3rd_street -> (!photo_collision_east_3rd_street U (get_help & !photo_collision_east_3rd_street)),!photo_collision_east_3rd_street | F(get_help & F(photo_collision_east_3rd_street)),False
4065,"Whenever photo the vehicle on west_3rd_avenue holds, photo the cyclist on east_8th_avenue holds exactly three steps later.",G(photo_vehicle_west_3rd_avenue -> XXX photo_cyclist_east_8th_avenue),G(photo_vehicle_west_3rd_avenue -> X(X(X(photo_cyclist_east_8th_avenue)))),True
4066,never drop apple and go_by waste bin,go_by_waste_bin & G!drop_apple,G(!(drop_apple & go_by_waste_bin)),False
4068,Continuously visit area 2 and take a picture each time,GF(area_2 & photo),G(area_2 -> F(photo)),False
4069,"finally, the bridge closes, the semaphore is red and a motorbike catches fire",F(bridge_closes & motorbike_catches_fire & semaphore_is_red),F(bridge_closes & semaphore_is_red & motorbike_catches_fire),True
4070,Request assistance holds at all times.,G get_help,G(get_help ),True
4071,"when whenever go_by waste basket , at any time bring pear",F go_by_waste_basket -> F bring_pear,G(go_by_waste_basket -> F bring_pear),False
4072,whenever a manager handles requests or the constructor instantiate objects then at some point in time both a semaphore is broken and a train is crossing,G((constructor_instantiate_objects | manager_handles_requests) -> F(semaphore_is_broken & train_is_crossing)),G((manager_handles_requests | constructor_instantiate_objects) -> F(semaphore_is_broken & train_is_crossing)),True
4073,Go to kitchen_1 to pickup bottle_2 and remain in hall_2 afterward,F(kitchen_1 & F(p_bottle_2 & F(hall_2 & G hall_2))),F(kitchen_1 & p_bottle_2 & F(G hall_2)),False
4074,"after both a semaphore is yellow and the bar is up, at some point the sensor captures data",G((bar_is_up & semaphore_is_yellow) -> F sensor_captures_data),G((semaphore_is_yellow & bar_is_up) -> F(sensor_captures_data)),True
4075,"the elevator is open and, as a consequence, every time a train derails then it will happen that the bar is down",G(elevator_is_open -> G(train_derails -> F bar_is_down)),G(elevator_is_open & G(train_derails -> F bar_is_down)),False
4076,go through the yellow or red_room and enter the blue_room,F((red_room | yellow_room) & F blue_room),! (yellow_room | red_room) | F ((yellow_room | red_room) & F blue_room),False
4077,at some time get_near flag and when possible make_to flag,F get_near_flag & F make_to_flag,F(get_near_flag & F(make_to_flag)),False
4078,go into green_room but avoid blue_room,F green_room & G!blue_room,F(green_room ) & G(!blue_room ),True
4079,Retrieve takeout_2 from restaurant_9 and transport it to house_1,F(restaurant_9 & F(takeout_2 & F(house_1 & pd))),F(restaurant_9 & takeout_2 & F(house_1 & takeout_2)),False
4080,"Either deliver the parking_meter to the loading_dock happens infinitely often, or idle happens in the next step.",GF deliver_parking_meter_loading_dock | X idle,GF(deliver_parking_meter_loading_dock ) | X(idle ),True
4081,"Once deliver the giraffe to the loading_dock has occurred, deliver the fire_hydrant to the loading_dock will never occur again.",G(deliver_giraffe_loading_dock -> XG!deliver_fire_hydrant_loading_dock),G(deliver_giraffe_loading_dock -> G(!deliver_fire_hydrant_loading_dock)),False
4082,never let_go apple and move_to trash can,move_to_trash_can & G!let_go_apple,G(!(let_go_apple & move_to_trash_can)),False
4083,every time the escalator speeds up,G escalator_speeds_up,G(escalator_speeds_up ),True
4084,Refrain from going to room 4 before you arrive at building 4,!room_4 U building_4,!room_4 U building_4,True
4085,Stay in locality_3 until you reach office_4,locality_3 U office_4,locality_3 U office_4,True
4086,venture_towards house and never drop apple,venture_towards_house & G!drop_apple,G(venture_towards_house & !drop_apple),False
4087,"If record the pedestrian on northwest_1st_street ever holds, get_help must have held beforehand.",F record_pedestrian_northwest_1st_street -> (!record_pedestrian_northwest_1st_street U (get_help & !record_pedestrian_northwest_1st_street)),!record_pedestrian_northwest_1st_street | F(get_help & F(record_pedestrian_northwest_1st_street)),False
4088,"Either go_home happens infinitely often, or record unstable_beam happens in the next step.",GF go_home | X record_unstable_beam,GF go_home | X record_unstable_beam,True
4089,"each time the escalator moves then after the car enters, eventually, the constructor instantiate objects",G(escalator_moves -> G(car_enters -> F constructor_instantiate_objects)),G((escalator_moves & F car_enters) -> F constructor_instantiate_objects),False
4090,Avoid going to building_8 until you have reached parking_lot_8,!building_8 U parking_lot_8,!building_8 U parking_lot_8,True
4091,if either a table is brown or the elevator rises then at a certain moment either a semaphore is green or the elevator falls,G((elevator_rises | table_is_brown) -> F(elevator_falls | semaphore_is_green)),G((table_is_brown | elevator_rises) -> F(semaphore_is_green | elevator_falls)),True
4092,"Stay away from intersection 8 until street 3 is reached, and ensure you go to locality 5 afterward",(!intersection_8 U street_3) & F locality_5,(!intersection_8 U street_3) & F(locality_5),True
4093,Do not approach intersection_5 before reaching street_4 and delivering pass_4 from house_4 to office_1,(!intersection_5 U street_4) & F(house_4 & F(p_pass_4 & F(office_1 & pd))),G(!intersection_5 U (street_4 & F(p_pass_4 & office_1))),False
4094,repeatedly go_to apple trashcan or whenever visit trash bin,GF go_to_apple_trashcan | F visit_trash_bin,GF(go_to_apple_trashcan ) | G(visit_trash_bin -> F(go_to_apple_trashcan )),False
4095,"Whenever deliver the bird to the shelf holds, from the next step onwards search the mouse will eventually hold.",G(deliver_bird_shelf -> XF search_mouse),G(deliver_bird_shelf -> X(F search_mouse)),True
4096,whenever acquire pear until pick_up flag,F acquire_pear U pick_up_flag,G(acquire_pear U pick_up_flag),False
4097,"When change light_west red happens, change light_south red must hold now or in the next step.",G(change_light_west_red -> (change_light_south_red | X change_light_south_red)),G(change_light_west_red -> (change_light_south_red | X change_light_south_red)),True
4098,at some time capture pear or never drop apple,F capture_pear | G!drop_apple,F capture_pear | G ! drop_apple,True
4100,"Take a video of safe_civilian should always hold, with at most a two-step grace period for recovery.",!G!(record_safe_civilian & X record_safe_civilian),G(record_safe_civilian | X record_safe_civilian | X X record_safe_civilian),False
4101,"If get_help holds and deliver the skis to the shelf holds next, then idle holds in the step after that.",G((get_help & X deliver_skis_shelf) -> XX idle),G((get_help & X deliver_skis_shelf) -> X X idle),True
4102,if both a car stops and a table is old then it will happen that a train has arrived and the sensor captures data,G((car_stops & table_is_old) -> F(sensor_captures_data & train_has_arrived)),G((car_stops & table_is_old) -> F(train_has_arrived & sensor_captures_data)),True
4103,it is going to happen that the house collapses or the escalator is blocked or the motorbike has started,F(escalator_is_blocked | house_collapses | motorbike_has_started),F(house_collapses | escalator_is_blocked | motorbike_has_started),True
4104,Refrain from entering locality 5 until you collect pass 5 from house 2 and deposit it in office 3,!locality_5 U (house_2 & F(p_pass_5 & F(office_3 & pd))),!locality_5 U (p_pass_5 & F(office_3)),False
4105,Persistently photograph building 5 while maintaining consistent visits to charger 4,GF(building_5 & photo) & GF charger_4,G(photo & building_5 & charger_4),False
4106,"Whenever record the cyclist on north_4th_street and record the vehicle on south_3rd_street are equal, record the vehicle on south_3rd_street and get_help are equal as well.",G((record_cyclist_north_4th_street <-> record_vehicle_south_3rd_street) -> (get_help <-> record_vehicle_south_3rd_street)),G((record_cyclist_north_4th_street <-> record_vehicle_south_3rd_street) -> (record_vehicle_south_3rd_street <-> get_help)),True
4107,Continuously take pictures of building_5 while repeatedly visiting charger_4,GF(building_5 & photo) & GF charger_4,G(photo & building_5) & GF(charger_4),False
4108,at some time stop_by trash can or always touch flag,F stop_by_trash_can | G touch_flag,F stop_by_trash_can | G touch_flag,True
4109,"Once avoid the probable_flood has occurred, communicate the injured_hostile will never occur again.",G(avoid_probable_flood -> XG!communicate_injured_hostile),G(avoid_probable_flood -> G(!communicate_injured_hostile)),False
4110,"Globally, if record the collision on northwest_4th_avenue occurs then finally change light_south green happens.",G(record_collision_northwest_4th_avenue -> F change_light_south_green),G(record_collision_northwest_4th_avenue -> F change_light_south_green),True
4112,"as a train derails, it will happen that a sensor captures data",G(train_derails -> F sensor_captures_data),G(train_derails -> F(sensor_captures_data)),True
4113,Ensure you avoid street_4 until intersection_2 is reached while picking up trash_13 at house_13,(!street_4 U intersection_2) & F(house_13 & p_trash_13),G((p_trash_13 & house_13) -> (!street_4 U intersection_2)),False
4114,never drop apple and when possible grab pear,G!drop_apple & F grab_pear,G(!drop_apple) & F(grab_pear),True
4115,Do not pickup cone_1 or cone_2 at any time,G!(p_cone_1 | p_cone_2),G(!(p_cone_1 | p_cone_2)),True
4116,"At every step, search the chair equals the value of idle in the next step.",G(search_chair <-> X idle),G(search_chair <-> X idle),True
4117,Ensure crate_8 is delivered from mall_5 to office_6 over and over again,GF(mall_5 & F(p_crate_8 & F(office_6 & pd))),G(F(pd & p_crate_8 & mall_5 & F(pd & p_crate_8 & office_6))),False
4118,"Whenever deliver the sandwich to the loading_dock holds, eventually deliver the cell_phone to the loading_dock will hold.",G(deliver_sandwich_loading_dock -> F deliver_cell_phone_loading_dock),G(deliver_sandwich_loading_dock -> F deliver_cell_phone_loading_dock),True
4119,Our agent must always maintain both pickup the bird and deliver the apple to the shelf.,G(deliver_apple_shelf & pickup_bird),G(pickup_bird & deliver_apple_shelf),True
4120,"after either the manager handles requests or the table is old, forever, a sensor captures data or the brake is released",G((manager_handles_requests | table_is_old) -> G(brake_is_released | sensor_captures_data)),G((manager_handles_requests | table_is_old) -> G(sensor_captures_data | brake_is_released)),True
4121,"At every step, communicate the safe_victim equals the value of record injured_victim in the next step.",G(communicate_safe_victim <-> X record_injured_victim),G(communicate_safe_victim <-> X record_injured_victim),True
4122,"If search the sheep ever holds, get_help must have held beforehand.",F search_sheep -> (!search_sheep U (get_help & !search_sheep)),!search_sheep | F(get_help & F(search_sheep)),False
4123,"finally, either the semaphore is green or the bar is up and, it will happen that both the table is old and the bar has to be repaired afterwards",G!(bar_is_up | semaphore_is_green) | F((bar_is_up | semaphore_is_green) & F(bar_has_to_be_repaired & table_is_old)),F((semaphore_is_green | bar_is_up) & F(table_is_old & F(bar_has_to_be_repaired))),False
4124,secure apple or never drop apple,secure_apple | G!drop_apple,secure_apple | G(!drop_apple ),True
4125,Remain in locality_9 at all times,G locality_9,G(locality_9 ),True
4126,whenever both the motorbike has stopped and a car starts then at no time both the motorbike has stopped and the sensor gathers information,G((car_starts & motorbike_has_stopped) -> G!(motorbike_has_stopped & sensor_gathers_information)),G((motorbike_has_stopped & car_starts) -> G(!(motorbike_has_stopped & sensor_gathers_information))),True
4127,"When get_help happens, change light_west green must hold now or in the next step.",G(get_help -> (change_light_west_green | X change_light_west_green)),G(get_help -> (change_light_west_green | X change_light_west_green)),True
4128,collect pear and put_in bucket,collect_pear & put_in_bucket,F(collect_pear & F(put_in_bucket)),False
4129,The system must eventually photo the collision on east_3rd_street or record the person on northeast_7th_avenue.,F(photo_collision_east_3rd_street | record_person_northeast_7th_avenue),F(photo_collision_east_3rd_street | record_person_northeast_7th_avenue),True
4130,whenever go_to tree and do not pick_up anything,F go_to_tree & !F pick_up_anything,G(go_to_tree & !pick_up_anything),False
4131,"finally, the constructor creates instances and a bridge closes",F(bridge_closes & constructor_creates_instances),F(constructor_creates_instances & bridge_closes),True
4132,it should not happen that the elevator falls or the engine starts,G!(elevator_falls | engine_starts),G(!(elevator_falls | engine_starts)),True
4133,when possible spend_time_at tree and when possible stop_by house,F spend_time_at_tree & F stop_by_house,F spend_time_at_tree & F stop_by_house,True
4134,go_by waste bin or go_by waste bin,go_by_waste_bin,go_by_waste_bin | go_by_waste_bin,True
4135,"When get_help happens, deliver_aid the injured_hostile must hold now or in the next step.",G(get_help -> (deliver_aid_injured_hostile | X deliver_aid_injured_hostile)),G(get_help -> (deliver_aid_injured_hostile | X deliver_aid_injured_hostile)),True
4136,"Whenever communicate the safe_rescuer and photo debris are equal, photo debris and communicate the injured_victim are equal as well.",G((communicate_safe_rescuer <-> photo_debris) -> (communicate_injured_victim <-> photo_debris)),G((communicate_safe_rescuer & photo_debris) -> (photo_debris & communicate_injured_victim)),False
4137,at any time have_possession_of apple and capture orange,capture_orange & F have_possession_of_apple,G(have_possession_of_apple & capture_orange),False
4138,at the yellow_room and then at the green_room,F(yellow_room & F green_room),F(yellow_room & F(green_room)),True
4139,Record fire_source and avoid the probable fire_source are mutually exclusive at all times.,G!(avoid_probable_fire_source & record_fire_source),G(!(record_fire_source & avoid_probable_fire_source)),True
4140,whenever venture_to house or secure apple,secure_apple | F venture_to_house,G(venture_to_house | secure_apple),False
4141,"if venture_towards house , whenever bring pear",venture_towards_house -> F bring_pear,G(venture_towards_house -> G(bring_pear)),False
4142,"Whenever avoid the probable_gas_leak holds, go_home holds as well.",G(avoid_probable_gas_leak -> go_home),G(avoid_probable_gas_leak -> go_home),True
4143,all the time the elevator is blocked,G elevator_is_blocked,G (elevator_is_blocked ),True
4144,Call for help and change light_west green are mutually exclusive at all times.,G!(change_light_west_green & get_help),G(!(get_help & change_light_west_green)),True
4145,when possible go_near pear and at any time pass_by waste receptacle,F go_near_pear & F pass_by_waste_receptacle,F(go_near_pear ) & G(pass_by_waste_receptacle ),False
4146,"If every search the snowboard is eventually followed by pickup the truck, then idle must occur infinitely often.",G(search_snowboard -> F pickup_truck) -> GF idle,(G(search_snowboard -> F pickup_truck)) -> GF idle,True
4147,Remain in locality 9 at all times,G locality_9,G(locality_9 ),True
4148,"after both the bar is down and a semaphore is red, in any case either a semaphore is green or the house collapses",G((bar_is_down & semaphore_is_red) -> G(house_collapses | semaphore_is_green)),G((bar_is_down & semaphore_is_red) -> F(semaphore_is_green | house_collapses)),False
4150,"eventually, the bar is down or the bar is up or a table is old",F(bar_is_down | bar_is_up | table_is_old),F (bar_is_down | bar_is_up | table_is_old),True
4151,if either the car stops or the bar has to be repaired then at any time the escalator speeds up and the motorbike catches fire,G((bar_has_to_be_repaired | car_stops) -> G(escalator_speeds_up & motorbike_catches_fire)),G((car_stops | bar_has_to_be_repaired) -> G(escalator_speeds_up & motorbike_catches_fire)),True
4152,whenever a bridge opens or a motorbike has started then it is always the case that the semaphore is yellow,G((bridge_opens | motorbike_has_started) -> G semaphore_is_yellow),G((bridge_opens | motorbike_has_started) -> semaphore_is_yellow),False
4153,Deliver brochure_3 from table_9 to park_2,F(table_9 & F(p_brochure_3 & F(park_2 & pd))),F(pd & p_brochure_3 & table_9 & F(pd & p_brochure_3 & park_2)),False
4154,do not let_go orange and go_to orange bin,go_to_orange_bin & !let_go_orange,G(!let_go_orange & go_to_orange_bin),False
4155,"While never entering park_3, Pick up cone_2 from police_station_1 and place it in intersection_2.",G!park_3 & F(p_cone_2 & police_station_1 & F(intersection_2 & pd)),G(!park_3 ) & F(p_cone_2 & police_station_1 & F(pd & intersection_2 )),True
4156,"it is never the case that either the bar has to be repaired, the table is brown or the manager handles requests",G!(bar_has_to_be_repaired | manager_handles_requests | table_is_brown),G(!(bar_has_to_be_repaired | table_is_brown | manager_handles_requests)),True
4157,Request assistance and pickup the tv_monitor are mutually exclusive at all times.,G!(get_help & pickup_tv_monitor),G(!(get_help & pickup_tv_monitor)),True
4158,at some time stop_by house or at any time go_to trashcan,F stop_by_house | F go_to_trashcan,F stop_by_house | G go_to_trashcan,False
4159,"Ensure you stay away from intersection 5 until street 4 is reached, while delivering pass 4 from house 4 to office 1",(!intersection_5 U street_4) & F(house_4 & F(p_pass_4 & F(office_1 & pd))),G(!intersection_5 U street_4) & G(p_pass_4 & house_4 -> F(p_pass_4 & office_1)),False
4160,go through the yellow_room in to the green_room,F(yellow_room & F green_room),F(yellow_room & F(green_room)),True
4161,whenever go_to trash receptacle and always have apple,F go_to_trash_receptacle & G have_apple,G(go_to_trash_receptacle & G have_apple),False
4162,"Release any item in your possession and head to park 4, staying there permanently",F(pd & F(park_4 & G park_4)),F(!pd & F(G park_4)),False
4163,Photograph unsafe_victim and avoid the active_flood will each happen at some point.,F photo_unsafe_victim & F avoid_active_flood,F(photo_unsafe_victim ) & F(avoid_active_flood ),True
4164,Keep taking crate_8 from warehouse_4 to store_8 and also keep visiting charger_2,GF(warehouse_4 & F(p_crate_8 & F(pd & store_8))) & GF charger_2,G(F(p_crate_8 & warehouse_4 & F store_8)) & G(F charger_2),False
4165,always a bridge opens and the engine starts implies that it will not happen that either the semaphore is yellow or the brake is released,G((bridge_opens & engine_starts) -> G!(brake_is_released | semaphore_is_yellow)),G((bridge_opens & engine_starts) -> ! (semaphore_is_yellow | brake_is_released)),False
4166,"In this task, photo injured_person, then communicate the safe_hostile.",photo_injured_person U communicate_safe_hostile,G(photo_injured_person -> F(communicate_safe_hostile)),False
4167,Refrain from handling letter 8 at all times,G!p_letter_8,G(!p_letter_8 ),True
4168,The robot must always avoid geting help.,G!get_help,G(!get_help ),True
4169,under no condition both the bar is up and a car stops,G!(bar_is_up & car_stops),G(!(bar_is_up & car_stops)),True
4170,Request assistance can only happen after looking for the bed.,!get_help U search_bed,G(!get_help U search_bed),False
4171,"If get_help happens infinitely often, then so does change light_west yellow.",GF get_help -> GF change_light_west_yellow,GF get_help -> GF change_light_west_yellow,True
4172,forever stay or get_to tree,get_to_tree | G stay,G(stay | get_to_tree),False
4173,"Our agent must eventually, avoid doing not go near the impending_debris.",F!avoid_impending_debris,F(avoid_impending_debris ),False
4174,"If deliver the frisbee to the shelf holds, then in the next step get_help persists until picking up the parking_meter holds, or else get_help holds forever.",deliver_frisbee_shelf -> X((get_help U pickup_parking_meter) | G get_help),G(deliver_frisbee_shelf -> X(get_help U pickup_parking_meter | G get_help)),False
4175,forever touch flag or at some time get apple,G touch_flag | F get_apple,G(touch_flag ) | F(get_apple ),True
4176,it is always true that the table is brown or the escalator moves,G(escalator_moves | table_is_brown),G(table_is_brown | escalator_moves),True
4177,"at some point either the engine stops or the train is crossing and, finally, both a train derails and a train is crossing afterwards",G!(engine_stops | train_is_crossing) | F((engine_stops | train_is_crossing) & F(train_derails & train_is_crossing)),F((engine_stops | train_is_crossing) & F(train_derails & F(train_is_crossing))),False
4178,every time the semaphore is broken and together an elevator rises and an elevator is blocked,G(elevator_is_blocked & elevator_rises & semaphore_is_broken),G(semaphore_is_broken & elevator_rises & elevator_is_blocked),True
4179,You must eventually change light_east green and change light_south green.,F(change_light_east_green & change_light_south_green),F(change_light_east_green & F(change_light_south_green)) | F(change_light_south_green & F(change_light_east_green)),False
4180,whenever go_by tree or repeatedly make_way_to house,F go_by_tree | GF make_way_to_house,G(go_by_tree | GF make_way_to_house),False
4181,reach trash can until get_hold_of pear,reach_trash_can U get_hold_of_pear,reach_trash_can U get_hold_of_pear,True
4182,whenever both the engine stops and the bridge opens then in any case a motorbike catches fire and the engine breaks,G((bridge_opens & engine_stops) -> G(engine_breaks & motorbike_catches_fire)),G((engine_stops & bridge_opens) -> (motorbike_catches_fire & engine_breaks)),False
4183,"Idle must hold until get_help does, or else idle holds forever.",(idle U get_help) | G idle,idle R get_help,False
4184,"if either an elevator rises or the elevator is blocked then finally, both the escalator is blocked and the escalator moves",G((elevator_is_blocked | elevator_rises) -> F(escalator_is_blocked & escalator_moves)),G((elevator_rises | elevator_is_blocked) -> F(escalator_is_blocked & escalator_moves)),True
4185,repeatedly go_to pear and at some time go_near flag,GF go_to_pear & F go_near_flag,GF(go_to_pear ) & F(go_near_flag ),True
4186,move_to house and repeatedly go_to pear,move_to_house & GF go_to_pear,G(move_to_house & GF go_to_pear),False
4187,drop pear or at any time get_near flag,drop_pear | F get_near_flag,drop_pear | F get_near_flag,True
4188,"every time either the manager handles requests, a semaphore is green or the escalator moves",G(escalator_moves | manager_handles_requests | semaphore_is_green),G(manager_handles_requests | semaphore_is_green | escalator_moves),True
4189,at some time grab orange and don't let_go pear,!let_go_pear & F grab_orange,F(grab_orange & !let_go_pear),False
4190,go through either the yellow or the green_room to get to the blue_room,F((green_room | yellow_room) & F blue_room),(! (yellow_room | green_room)) | F((yellow_room | green_room) & F(blue_room)),False
4191,"if hold apple , put_in bucket",hold_apple -> put_in_bucket,G(hold_apple -> F put_in_bucket),False
4192,Take a photograph of building_2.,F(building_2 & photo),F(photo & building_2),True
4193,in the future the elevator is open or a motorbike has stopped,F(elevator_is_open | motorbike_has_stopped),F(elevator_is_open | motorbike_has_stopped),True
4195,whenever obtain orange or at some time make_your_way flag,F obtain_orange | F make_your_way_flag,G(obtain_orange | F make_your_way_flag),False
4196,"first, it is going to happen that a train has arrived, and then, finally, the bar is closing or a table is brown",G!train_has_arrived | F(train_has_arrived & F(bar_is_closing | table_is_brown)),!train_has_arrived | F(train_has_arrived & F(bar_is_closing | table_is_brown)),False
4197,whenever a semaphore is red and the elevator falls then at some point in time the train derails,G((elevator_falls & semaphore_is_red) -> F train_derails),G((semaphore_is_red & elevator_falls) -> F(train_derails)),True
4198,Continuously visit charger 12 while repeatedly transporting box 1 from house 5 to house 23,GF charger_12 & GF(house_5 & F(p_box_1 & F(house_23 & pd))),G(charger_12 ) & G(F(p_box_1 & house_5 & F(p_box_1 & house_23 ))),False
4200,keep revisiting charger 4 as you consistently photograph area 5,GF charger_4 & GF(area_5 & photo),G((photo & area_5) -> F(charger_4)),False
4201,"Whenever record unsafe_civilian holds, eventually communicate the safe_rescuer will hold.",G(record_unsafe_civilian -> F communicate_safe_rescuer),G(record_unsafe_civilian -> F communicate_safe_rescuer),True
4202,Stay in area_2 as you keep goint to building_8 to photo,G area_2 & GF(building_8 & photo),G(area_2 U (building_8 & photo)),False
4203,every time the semaphore is green and a bridge opens then sooner or later a semaphore is broken or the bar has to be repaired,G((bridge_opens & semaphore_is_green) -> F(bar_has_to_be_repaired | semaphore_is_broken)),G((semaphore_is_green & bridge_opens) -> F(semaphore_is_broken | bar_has_to_be_repaired)),True
4204,Every idle is directly followed by picking up the mouse in the next step.,G(idle -> X pickup_mouse),G(idle -> X pickup_mouse ),True
4205,"Eventually at building_9 and remain there permanently, but do not enter building_9 until you have first reached street_6",FG building_9 & (!building_9 U street_6),F(building_9 & G building_9) & (!building_9 U street_6),True
4206,"At every step, idle equals the value of pickup the bowl in the next step.",G(idle <-> X pickup_bowl),G(idle <-> X pickup_bowl),True
4207,"eventually, either the bar has to be repaired or the table is old and, it is going to happen that the brake is pressed or the motorbike has started afterwards",G!(bar_has_to_be_repaired | table_is_old) | F((bar_has_to_be_repaired | table_is_old) & F(brake_is_pressed | motorbike_has_started)),F((bar_has_to_be_repaired | (table_is_old & F(brake_is_pressed | motorbike_has_started)))),False
4208,"Globally, it is not the case that both search the zebra and deliver the bowl to the shelf hold simultaneously.",G!(deliver_bowl_shelf & search_zebra),G(!(search_zebra & deliver_bowl_shelf)),True
4209,"sooner or later the bridge opens and, at the same time, the escalator is blocked and the train derails",F(bridge_opens & escalator_is_blocked & train_derails),F(bridge_opens & escalator_is_blocked & train_derails),True
4210,"Whenever pickup the fork holds, search the refrigerator holds exactly three steps later.",G(pickup_fork -> XXX search_refrigerator),G(pickup_fork -> X(X(X search_refrigerator))),True
4211,Continuously avoid parking lot 5 while repeatedly taking pictures of car 9,G!parking_lot_5 & GF(car_9 & photo),G(!parking_lot_5) & G(F(photo & car_9)),True
4212,whenever the bar is up or an elevator rises then all the time both the engine stops and the bridge opens,G((bar_is_up | elevator_rises) -> G(bridge_opens & engine_stops)),G((bar_is_up | elevator_rises) -> G(engine_stops & bridge_opens)),True
4213,put_in bucket and always have apple,put_in_bucket & G have_apple,G(put_in_bucket & have_apple),False
4214,"first, in the future the engine breaks or the bar is down, and then, sooner or later both a house is built and the sensor captures data",G!(bar_is_down | engine_breaks) | F((bar_is_down | engine_breaks) & F(house_is_built & sensor_captures_data)),! (engine_breaks | bar_is_down) | F ((engine_breaks | bar_is_down) & F (house_is_built & sensor_captures_data)),False
4215,"every time the elevator falls and the escalator is blocked then eventually, the escalator is blocked and the semaphore is red",G((elevator_falls & escalator_is_blocked) -> F(escalator_is_blocked & semaphore_is_red)),G((elevator_falls & escalator_is_blocked) -> F(escalator_is_blocked & semaphore_is_red)),True
4216,"first, at some point in time the escalator moves and a train stops, and then, at a certain moment a sensor gathers information",G!(escalator_moves & train_stops) | F(escalator_moves & train_stops & F sensor_gathers_information),! (escalator_moves & train_stops) | F ((escalator_moves & train_stops) & F (sensor_gathers_information)),False
4217,never drop apple or at any time walk_near flag,G!drop_apple | F walk_near_flag,G(!drop_apple) | G(walk_near_flag),False
4218,always when both the car enters and the brake is released then at a certain moment either the engine starts or the bar has to be repaired,G((brake_is_released & car_enters) -> F(bar_has_to_be_repaired | engine_starts)),G((car_enters & brake_is_released) -> F(engine_starts | bar_has_to_be_repaired)),True
4219,"This controller must Eventually, both change light_east red and photo the car on west_2nd_street hold simultaneously.",F(change_light_east_red & photo_car_west_2nd_street),F(change_light_east_red & photo_car_west_2nd_street),True
4220,"first, it will happen that the constructor creates instances and the motorbike has stopped, and then, in the future either a train is crossing or a manager collect claims",G!(constructor_creates_instances & motorbike_has_stopped) | F(constructor_creates_instances & motorbike_has_stopped & F(manager_collect_claims | train_is_crossing)),! (constructor_creates_instances & motorbike_has_stopped) | F ((constructor_creates_instances & motorbike_has_stopped) & F (train_is_crossing | manager_collect_claims)),False
4221,it is always the case that either a motorbike is driven or the train is crossing,G(motorbike_is_driven | train_is_crossing),G(motorbike_is_driven | train_is_crossing),True
4222,Look for the remote can only happen after idleing.,!search_remote U idle,!search_remote U idle,True
4223,"Switch light_west yellow should always hold, with at most a two-step grace period for recovery.",!G!(change_light_west_yellow & X change_light_west_yellow),G(change_light_west_yellow | X change_light_west_yellow | X X change_light_west_yellow),False
4224,Take a picture of arch 2 and then make sure to go to park 8 and stay there indefinitely,F(arch_2 & photo & F(park_8 & G park_8)),! (photo & arch_2) | F ((photo & arch_2) & F (G park_8)),False
4225,it is always true that a bridge opens and the escalator is blocked,G(bridge_opens & escalator_is_blocked),G(bridge_opens & escalator_is_blocked),True
4226,"finally, the bridge closes and, at some point in time the elevator falls or the bar is up afterwards",G!bridge_closes | F(bridge_closes & F(bar_is_up | elevator_falls)),F(bridge_closes & F(elevator_falls | bar_is_up)),False
4227,every time the house is built and the train derails then in any case either the manager handles requests or a motorbike has started,G((house_is_built & train_derails) -> G(manager_handles_requests | motorbike_has_started)),G((house_is_built & train_derails) -> (manager_handles_requests | motorbike_has_started)),False
4229,"if forever have apple , take_to tree",G have_apple -> take_to_tree,G(have_apple ) -> take_to_tree,True
4230,whenever the bar has to be repaired or the bar is up then all the time the bridge closes or the bridge opens,G((bar_has_to_be_repaired | bar_is_up) -> G(bridge_closes | bridge_opens)),G((bar_has_to_be_repaired | bar_is_up) -> G(bridge_closes | bridge_opens)),True
4231,repeatedly grab tree until approach trash can,GF grab_tree U approach_trash_can,G(grab_tree U approach_trash_can),False
4232,"If deliver_aid the injured_rescuer happens infinitely often, then so does record fire_source.",GF deliver_aid_injured_rescuer -> GF record_fire_source,GF deliver_aid_injured_rescuer -> GF record_fire_source,True
4233,it will happen that a semaphore is yellow after a semaphore is green and the engine starts,G((engine_starts & semaphore_is_green) -> F semaphore_is_yellow),G((semaphore_is_green & engine_starts) -> F(semaphore_is_yellow)),True
4234,"At every step, idle equals the value of pickup the cake in the next step.",G(idle <-> X pickup_cake),G(idle <-> X pickup_cake),True
4235,Record unstable_beam and photo safe_civilian will each happen at some point.,F record_unstable_beam & F photo_safe_civilian,F(record_unstable_beam ) & F(photo_safe_civilian ),True
4236,Either pickup the car or pickup the laptop happens infinitely often.,GF pickup_car | GF pickup_laptop,GF(pickup_car | pickup_laptop),True
4237,Always avoid touching letter 8,G!p_letter_8,G(!p_letter_8 ),True
4238,each time the train derails then in the future the train is crossing after the brake is pressed,G(train_derails -> G(brake_is_pressed -> F train_is_crossing)),G(train_derails -> F(brake_is_pressed -> F(train_is_crossing))),False
4239,Ensure you repeatedly capture photos of street 3,GF(photo & street_3),G(F(photo & street_3)),True
4240,Ensure you reach parking lot 3 and stay there continuously,FG parking_lot_3,F(G parking_lot_3 ),True
4241,always have_in orange or when possible snag orange,G have_in_orange | F snag_orange,G(have_in_orange | snag_orange),False
4242,Do not enter park 6 unless you have already picked up pass 4,!park_6 U p_pass_4,!park_6 U p_pass_4,True
4243,"each time the house is open then every time a sensor captures data then eventually, a sensor retrieves data",G(house_is_open -> G(sensor_captures_data -> F sensor_retrieves_data)),G(house_is_open -> G(sensor_captures_data -> F(sensor_retrieves_data))),True
4244,The system must eventually record injured_rescuer and deliver_aid the injured_hostile.,F(deliver_aid_injured_hostile & record_injured_rescuer),F(record_injured_rescuer & deliver_aid_injured_hostile),True
4245,"If deliver_aid the injured_victim holds, then in the next step get_help persists until staying away from the inactive_gas_leak holds, or else get_help holds forever.",deliver_aid_injured_victim -> X((get_help U avoid_inactive_gas_leak) | G get_help),G(deliver_aid_injured_victim -> X(get_help U avoid_inactive_gas_leak | G get_help)),False
4246,"This controller must eventually, avoid geting help.",F!get_help,F(G(!get_help )),False
4247,Find your way to park_8 and stay there permanently,FG park_8,F(park_8 & G park_8),True
4248,"if whenever set_out_to house , whenever snatch pear",F set_out_to_house -> F snatch_pear,G(set_out_to_house -> G(snatch_pear)),False
4249,always either a car enters or the brake is released implies that at no time the house is built and a motorbike has stopped,G((brake_is_released | car_enters) -> G!(house_is_built & motorbike_has_stopped)),G((car_enters | brake_is_released) -> G(!(house_is_built & motorbike_has_stopped))),True
4250,"From some point onwards, go_home never occurs again.",FG!go_home,F(G(!go_home )),True
4251,drop orange and repeatedly make_way_to house,drop_orange & GF make_way_to_house,F(drop_orange & G(make_way_to_house )),False
4252,"Pick up package 2 from store 3, take it to house 2, while avoiding mall 1 completely",F(store_3 & F(p_package_2 & F(house_2 & pd))) & G!mall_1,F(store_3 & p_package_2 & F(house_2)) & G(!mall_1),False
4253,"after the sensor captures data, eventually, either the house collapses or the escalator moves",G(sensor_captures_data -> F(escalator_moves | house_collapses)),G(sensor_captures_data -> F(house_collapses | escalator_moves)),True
4254,"the train stops implies that whenever the bar has to be repaired then eventually, the table has been moved",G(train_stops -> G(bar_has_to_be_repaired -> F table_has_been_moved)),G(train_stops -> G(bar_has_to_be_repaired -> F(table_has_been_moved))),True
4255,"at some point either the engine stops or the manager collect claims and, at a certain moment the sensor gathers information afterwards",G!(engine_stops | manager_collect_claims) | F((engine_stops | manager_collect_claims) & F sensor_gathers_information),F((engine_stops | manager_collect_claims) & F(sensor_gathers_information)),False
4256,"Whenever get_help holds, change light_east yellow holds as well.",G(get_help -> change_light_east_yellow),G(get_help -> change_light_east_yellow),True
4257,if both the bar is down and the brake is released then it is going to happen that a train has arrived,G((bar_is_down & brake_is_released) -> F train_has_arrived),G((bar_is_down & brake_is_released) -> F(train_has_arrived)),True
4258,it is going to happen that the engine starts and a motorbike falls down,F(engine_starts & motorbike_falls_down),F(engine_starts & motorbike_falls_down),True
4259,at some point a train has been launched or the table has been moved,F(table_has_been_moved | train_has_been_launched),F(train_has_been_launched | table_has_been_moved),True
4260,at any time procure pear or never drop pear,F procure_pear | G!drop_pear,G(procure_pear | G(!drop_pear)),False
4261,"Whenever neither search the cow nor get_help holds, pickup the clock eventually holds.",G(!(get_help & search_cow) -> F pickup_clock),G((!search_cow & !get_help) -> F(pickup_clock)),False
4262,"Take a picture of the person on east_8th_street must keep holding until, from some point on, photo the cyclist on southeast_8th_avenue holds infinitely often.",photo_person_east_8th_street U GF photo_cyclist_southeast_8th_avenue,photo_person_east_8th_street U (G(F photo_cyclist_southeast_8th_avenue)),True
4263,Our agent must always have either photo the jaywalker on northwest_10th_street or get_help.,G(get_help | photo_jaywalker_northwest_10th_street),G(photo_jaywalker_northwest_10th_street | get_help ),True
4265,if a bridge closes or the elevator is blocked then sooner or later the train derails,G((bridge_closes | elevator_is_blocked) -> F train_derails),G((bridge_closes | elevator_is_blocked) -> F(train_derails)),True
4266,"Take a video of safe_victim must hold until recording safe_rescuer does, or else record safe_victim holds forever.",(record_safe_victim U record_safe_rescuer) | G record_safe_victim,(record_safe_victim U record_safe_rescuer) | G record_safe_victim,True
4267,"Whenever neither pickup the snowboard nor search the dog holds, get_help eventually holds.",G(!(pickup_snowboard & search_dog) -> F get_help),G((!pickup_snowboard & !search_dog) -> F get_help),False
4268,"after the house collapses or a table is old, in any case a semaphore is yellow",G((house_collapses | table_is_old) -> G semaphore_is_yellow),G((house_collapses | table_is_old) -> F(semaphore_is_yellow)),False
4269,"it is going to happen that a train stops and an elevator is blocked and, finally, the car stops or the brake is released afterwards",G!(elevator_is_blocked & train_stops) | F(elevator_is_blocked & train_stops & F(brake_is_released | car_stops)),F((train_stops & elevator_is_blocked) & F(car_stops | brake_is_released)),False
4270,"when pick_up fruit , at any time grab orange",pick_up_fruit -> F grab_orange,G(pick_up_fruit -> G(grab_orange)),False
4271,Keep visiting charging_station_5 and keep taking package_5 from warehouse_1 to store_5,GF charging_station_5 & GF(warehouse_1 & F(p_package_5 & F(pd & store_5))),G(F charging_station_5) & G(F(warehouse_1 & F(p_package_5 & F store_5))),False
4272,whenever be_near tree or at some time grasp pear,F be_near_tree | F grasp_pear,G(be_near_tree ) | F(grasp_pear ),False
4273,Always avoid going to park_5,G!park_5,G(!park_5 ),True
4274,Stay in parking_lot_4 until you reach car_5,parking_lot_4 U car_5,parking_lot_4 U car_5,True
4275,"in the future both a house collapses and a house is open and, in the future the constructor instantiate objects and an elevator rises afterwards",G!(house_collapses & house_is_open) | F(house_collapses & house_is_open & F(constructor_instantiate_objects & elevator_rises)),F(house_collapses & house_is_open) & F(constructor_instantiate_objects & F(elevator_rises)),False
4276,whenever the brake is pressed or the escalator moves then it is going to happen that a semaphore is yellow,G((brake_is_pressed | escalator_moves) -> F semaphore_is_yellow),G((brake_is_pressed | escalator_moves) -> F(semaphore_is_yellow)),True
4277,Both record gas_leak and go_home hold at every step.,G(go_home & record_gas_leak),G(record_gas_leak & go_home),True
4278,whenever the semaphore is yellow then it will happen that the car starts and the engine stops,G(semaphore_is_yellow -> F(car_starts & engine_stops)),G(semaphore_is_yellow -> F(car_starts & engine_stops)),True
4279,"Take a photo of unsafe_rescuer and communicate the injured_hostile never coincide, yet one of them is always true.",G!(communicate_injured_hostile & photo_unsafe_rescuer) & G(communicate_injured_hostile | photo_unsafe_rescuer),G(!(photo_unsafe_rescuer & communicate_injured_hostile) & (photo_unsafe_rescuer | communicate_injured_hostile)),True
4280,"You must eventually, avoid going back to base.",F!go_home,F(G(!go_home )),False
4281,it never happens that an elevator is blocked and together the manager handles requests and a manager collect claims,G!(elevator_is_blocked & manager_collect_claims & manager_handles_requests),G(!(elevator_is_blocked & manager_handles_requests & manager_collect_claims)),True
4282,at some time touch house until never drop apple,F touch_house U G!drop_apple,F(touch_house U G(!drop_apple)),False
4283,"Take a video of gas_leak and record injured_rescuer never coincide, yet one of them is always true.",G!(record_gas_leak & record_injured_rescuer) & G(record_gas_leak | record_injured_rescuer),G(!(record_gas_leak & record_injured_rescuer) & (record_gas_leak | record_injured_rescuer)),True
4284,Either go_home or photo debris happens infinitely often.,GF go_home | GF photo_debris,GF(go_home | photo_debris),True
4285,"first, in the future a train has arrived, and then, in the future either an elevator falls or the bar is up",G!train_has_arrived | F(train_has_arrived & F(bar_is_up | elevator_falls)),!train_has_arrived | F(train_has_arrived & F(elevator_falls | bar_is_up)),False
4287,enter blue_room via the non red_room,F blue_room & G!red_room,F(blue_room & !red_room),False
4288,if both the bar is closing and an elevator is blocked then under no condition both the motorbike is driven and a house is built,G((bar_is_closing & elevator_is_blocked) -> G!(house_is_built & motorbike_is_driven)),G((bar_is_closing & elevator_is_blocked) -> G(!(motorbike_is_driven & house_is_built))),True
4289,"If get_help holds, then in the next step communicate the safe_hostile persists until returning to base holds, or else communicate the safe_hostile holds forever.",get_help -> X((communicate_safe_hostile U go_home) | G communicate_safe_hostile),G(get_help -> X(communicate_safe_hostile U go_home | G communicate_safe_hostile)),False
4290,Capture the image of monument_1 but refrain from entering monument until you have reached park_4,F(monument_1 & photo) & (!monument_1 U park_4),F(photo ) & G(!monument_1 U park_4 ),False
4291,"first, it is going to happen that the train has arrived, and then, at some point the escalator is blocked or a sensor captures data",G!train_has_arrived | F(train_has_arrived & F(escalator_is_blocked | sensor_captures_data)),!train_has_arrived | F(train_has_arrived & F(escalator_is_blocked | sensor_captures_data)),False
4292,always moving or always have_in orange,G moving | G have_in_orange,G(moving | have_in_orange),False
4293,The system must always have either photo fire_source or get_help.,G(get_help | photo_fire_source),G(photo_fire_source | get_help),True
4294,whenever have pear or repeatedly go_to apple trashcan,F have_pear | GF go_to_apple_trashcan,G(have_pear | GF go_to_apple_trashcan),False
4295,repeatedly go_to waste basket can infer that take apple,GF go_to_waste_basket -> take_apple,G(go_to_waste_basket -> F(take_apple)),False
4296,acquire orange or reach trash can,acquire_orange | reach_trash_can,F(acquire_orange | reach_trash_can),False
4297,whenever the motorbike has started and the train is crossing then under no circumstances either a train derails or a motorbike falls down,G((motorbike_has_started & train_is_crossing) -> G!(motorbike_falls_down | train_derails)),G((motorbike_has_started & train_is_crossing) -> G(!(train_derails | motorbike_falls_down))),True
4298,Stay in parking lot 4 until you capture a picture of car 5.,parking_lot_4 U (car_5 & photo),parking_lot_4 U (photo & car_5),True
4299,entering any room that isn t green will lead you to the blue_room,F blue_room & G!green_room,G(!green_room -> F blue_room),False
4300,Stay in park 5 until you arrive at bench 4 while transporting bottle 5 from store 2 to bench 4,(park_5 U bench_4) & F(store_2 & F(p_bottle_5 & F(bench_4 & pd))),G((p_bottle_5 & store_2) -> F(p_bottle_5 & bench_4)) & (park_5 U (p_bottle_5 & bench_4)),False
4301,always when either the table is old or the train has arrived then sooner or later either the escalator moves or a train has arrived,G((table_is_old | train_has_arrived) -> F(escalator_moves | train_has_arrived)),G((table_is_old | train_has_arrived) -> F(escalator_moves | train_has_arrived)),True
4302,"always both a motorbike has stopped and the car starts implies that absolutely never, both a train is crossing and the bar has to be repaired",G((car_starts & motorbike_has_stopped) -> G!(bar_has_to_be_repaired & train_is_crossing)),G((motorbike_has_stopped & car_starts) -> G(!(train_is_crossing & bar_has_to_be_repaired))),True
4303,Do not approach intersection 5 before reaching street 4 and delivering pass 4 from house 4 to office 1,(!intersection_5 U street_4) & F(house_4 & F(p_pass_4 & F(office_1 & pd))),G(!intersection_5 U (street_4 & p_pass_4 & office_1)),False
4304,"If communicate the safe_rescuer happens infinitely often, then so does get_help.",GF communicate_safe_rescuer -> GF get_help,GF communicate_safe_rescuer -> GF get_help,True
4305,Take a picture at statue 5 after going there,F(photo & statue_5),G(statue_5 -> F(photo )),False
4306,"first, sooner or later a semaphore is green or the bar is up, and then, sooner or later a sensor gathers information",G!(bar_is_up | semaphore_is_green) | F((bar_is_up | semaphore_is_green) & F sensor_gathers_information),! (semaphore_is_green | bar_is_up) | F ((semaphore_is_green | bar_is_up) & F (sensor_gathers_information)),False
4307,at no time the escalator speeds up and together the elevator rises and the table is brown,G!(elevator_rises & escalator_speeds_up & table_is_brown),G(!(escalator_speeds_up & elevator_rises & table_is_brown)),True
4308,advance_to tree or forever have_in orange,advance_to_tree | G have_in_orange,F advance_to_tree | G have_in_orange,False
4309,if a train derails then at some point in time either a table is old or the manager collect claims,G(train_derails -> F(manager_collect_claims | table_is_old)),G(train_derails -> F(table_is_old | manager_collect_claims)),True
4310,under no circumstances both a constructor creates instances and the escalator is blocked,G!(constructor_creates_instances & escalator_is_blocked),G(!(constructor_creates_instances & escalator_is_blocked)),True
4311,Stay away from street 4 until you arrive at intersection 6 and then proceed to and remain in street 4,(!street_4 U intersection_6) & FG street_4,(!street_4 U (intersection_6 & F(G street_4))),True
4312,"eventually, the sensor gathers information and, it will happen that a car enters or the bar has to be repaired afterwards",G!sensor_gathers_information | F(sensor_gathers_information & F(bar_has_to_be_repaired | car_enters)),F(sensor_gathers_information & F(car_enters | bar_has_to_be_repaired)),False
4313,"If search the skateboard ever holds, search the refrigerator must have held beforehand.",F search_skateboard -> (!search_skateboard U (search_refrigerator & !search_skateboard)),!search_skateboard | F(search_refrigerator & F(search_skateboard)),False
4314,"Stand by must hold until droping off the potted_plant to the loading_dock does, or else idle holds forever.",(idle U deliver_potted_plant_loading_dock) | G idle,(stand_by U deliver_potted_plant_loading_dock) | G idle,False
4315,when possible go_to apple and at any time approach house,F go_to_apple & F approach_house,F(go_to_apple ) & G(approach_house ),False
4316,at any time get_close tree or repeatedly make_way_to house,F get_close_tree | GF make_way_to_house,G(get_close_tree | GF make_way_to_house),False
4317,when possible venture_to house until never drop apple,F venture_to_house U G!drop_apple,G(venture_to_house U G(!drop_apple)),False
4318,reach trash can and hold_on_to pear,hold_on_to_pear & reach_trash_can,F(reach_trash_can & hold_on_to_pear),False
4319,don't pick_up anything and whenever go_visit house,!F pick_up_anything & F go_visit_house,G(!pick_up_anything) & G(go_visit_house -> go_visit_house),False
4320,This controller must always have either photo debris or go_home.,G(go_home | photo_debris),G(photo_debris | go_home),True
4321,Pick up the sink can only happen after droping off the bed to the loading_dock.,!pickup_sink U deliver_bed_loading_dock,G(!pickup_sink U deliver_bed_loading_dock),False
4322,if the escalator is blocked and a manager collect claims then at some point in time either the bridge closes or the engine stops,G((escalator_is_blocked & manager_collect_claims) -> F(bridge_closes | engine_stops)),G((escalator_is_blocked & manager_collect_claims) -> F(bridge_closes | engine_stops)),True
4323,if the brake is released or the engine starts then it will not happen that both the bar is closing and an elevator is blocked,G((brake_is_released | engine_starts) -> G!(bar_is_closing & elevator_is_blocked)),G((brake_is_released | engine_starts) -> ! (bar_is_closing & elevator_is_blocked)),False
4324,"Continuously revisit mall 5, and ensure that each time you eventually pick up crate 8 and deliver it to office 6",GF(mall_5 & F(p_crate_8 & F(office_6 & pd))),G(mall_5 -> F(p_crate_8 & F(office_6))),False
4325,"every time both a table is brown and a bridge closes then finally, a sensor captures data",G((bridge_closes & table_is_brown) -> F sensor_captures_data),G((table_is_brown & bridge_closes) -> F(sensor_captures_data)),True
4326,when possible go_to home until gather orange,F go_to_home U gather_orange,G(go_to_home U gather_orange),False
4327,"If search the bear happens infinitely often, then so does deliver the oven to the shelf.",GF search_bear -> GF deliver_oven_shelf,GF search_bear -> GF deliver_oven_shelf,True
4328,"Whenever get_help holds, go_home holds exactly three steps later.",G(get_help -> XXX go_home),G(get_help -> X(X(X go_home))),True
4329,"Pick up stack 4 from house 4, proceed to street 2, and remain there",F(house_4 & F(p_stack_4 & F(street_2 & G street_2))),F(p_stack_4 & house_4 & F(street_2 & G street_2)),False
4330,Every photo flood is directly followed by talking to the injured_victim in the next step.,G(photo_flood -> X communicate_injured_victim),G(photo_flood -> X communicate_injured_victim),True
4331,"This controller must eventually, avoid establishing communication with the injured_hostile.",F!communicate_injured_hostile,F(G(!communicate_injured_hostile )),False
4332,"Stay away from store 4 until you reach street 6, and make sure to move package 8 from office 2 to store 4",(!store_4 U street_6) & F(office_2 & F(p_package_8 & F(pd & store_4))),G(!store_4 U street_6) & F(p_package_8 & office_2 & F(p_package_8 & store_4)),False
4333,This controller must pickup the sports_ball can only happen after calling for help.,!pickup_sports_ball U get_help,G(!pickup_sports_ball U get_help),False
4334,Take bottle_3 from store 1 and put it in hospital_2,F(shop_1 & F(p_bottle_3 & F(hospital_2 & pd))),F(p_bottle_3 & shop_1 & F(p_bottle_3 & hospital_2)),False
4335,when possible bring pear or never drop apple,F bring_pear | G!drop_apple,F(bring_pear ) | G(!drop_apple ),True
4336,advance_to tree and move_to trashcan,advance_to_tree & move_to_trashcan,G(advance_to_tree & move_to_trashcan),False
4337,Either idle or pickup the cup happens infinitely often.,GF idle | GF pickup_cup,GF(idle | pickup_cup),True
4338,"Avoid going to building_3 until you reach street_6, and then transport box_8 from store_3 to house_2",(!building_3 U street_6) & F(store_3 & F(p_box_8 & F(house_2 & pd))),(!building_3 U street_6) & F(p_box_8 & store_3 & F(p_box_8 & house_2)),False
4339,at any time both the constructor creates instances and a sensor gathers information,G(constructor_creates_instances & sensor_gathers_information),G(constructor_creates_instances & sensor_gathers_information),True
4340,"If pickup the traffic_light ever holds, search the refrigerator must have held beforehand.",F pickup_traffic_light -> (!pickup_traffic_light U (!pickup_traffic_light & search_refrigerator)),!pickup_traffic_light | F(search_refrigerator & F(pickup_traffic_light)),False
4341,at some time get_hold apple or at any time get_close flag,F get_hold_apple | F get_close_flag,F get_hold_apple | F get_close_flag,True
4342,advance_to tree until advance_to tree,advance_to_tree,advance_to_tree U advance_to_tree,True
4343,"From some point onwards, change light_south green never occurs again.",FG!change_light_south_green,F(G(!change_light_south_green )),True
4344,"Whenever neither pickup the carrot nor deliver the bicycle to the shelf holds, search the bed eventually holds.",G(!(deliver_bicycle_shelf & pickup_carrot) -> F search_bed),G((!pickup_carrot & !deliver_bicycle_shelf) -> F search_bed),False
4345,"it should not happen that either the escalator speeds up, the constructor instantiate objects or the bar has to be repaired",G!(bar_has_to_be_repaired | constructor_instantiate_objects | escalator_speeds_up),G(!(escalator_speeds_up | constructor_instantiate_objects | bar_has_to_be_repaired)),True
4346,never drop apple and approach tree,approach_tree & G!drop_apple,G(!(drop_apple & approach_tree)),False
4347,"Continue staying in park_5 until you photograph monument_2, and then move to intersection_5 and remain there",park_5 U (monument_2 & photo & F(intersection_5 & G intersection_5)),(park_5 U (photo & monument_2)) & F(G intersection_5),True
4348,"first, sooner or later both the brake is released and the bar is up, and then, eventually, either a semaphore is green or the bar is closing",G!(bar_is_up & brake_is_released) | F(bar_is_up & brake_is_released & F(bar_is_closing | semaphore_is_green)),! (brake_is_released & bar_is_up) | F ((brake_is_released & bar_is_up) & F (semaphore_is_green | bar_is_closing)),False
4349,"Whenever pickup the wine_glass holds, from the next step onwards pickup the skateboard will eventually hold.",G(pickup_wine_glass -> XF pickup_skateboard),G(pickup_wine_glass -> X F pickup_skateboard),True
4350,grab_hold pear can infer that when possible start_going_to house,grab_hold_pear -> F start_going_to_house,G(grab_hold_pear -> F(start_going_to_house)),False
4351,Take a picture of statue 6 and then go to bench 4 and stay there,F(photo & statue_6 & F(bench_4 & G bench_4)),! (photo & statue_6) | F ((photo & statue_6) & F (G (bench_4))),False
4352,"absolutely never, the sensor retrieves data and the bridge closes",G!(bridge_closes & sensor_retrieves_data),G(!(sensor_retrieves_data & bridge_closes)),True
4353,Remain in locality_6 until you take package_3 from store_8 and deliver it to house_5,locality_6 U (store_8 & F(p_package_3 & F(house_5 & pd))),locality_6 U (p_package_3 & store_8 & F(p_package_3 & house_5)),False
4354,"eternally, a car starts and together an elevator is open and the constructor creates instances",G(car_starts & constructor_creates_instances & elevator_is_open),G(car_starts & elevator_is_open & constructor_creates_instances ),True
4355,"eternally, a table is old and, at the same time, an elevator falls and a motorbike is driven",G(elevator_falls & motorbike_is_driven & table_is_old),G(table_is_old & elevator_falls & motorbike_is_driven),True
4356,Get help can only happen after change light_south red.,!get_help U change_light_south_red,G(!get_help U change_light_south_red),False
4358,The system must Please go_home and then avoid the active_flood.,go_home U avoid_active_flood,!go_home | F(go_home & F(avoid_active_flood)),False
4359,"eternally, either the bar is up or the engine stops",G(bar_is_up | engine_stops),G(bar_is_up | engine_stops),True
4360,"a train derails implies that as the brake is released, at some point in time the semaphore is yellow",G(train_derails -> G(brake_is_released -> F semaphore_is_yellow)),G(train_derails -> (brake_is_released -> F semaphore_is_yellow)),False
4361,when possible contact house means that take_to tree,F contact_house -> take_to_tree,G(contact_house -> F(take_to_tree)),False
4362,at any time a table is old and the elevator rises,G(elevator_rises & table_is_old),G(table_is_old & elevator_rises),True
4363,Stay in county 4 and keep taking package 4 from office 3 to office 8,G county_4 & GF(office_3 & F(p_package_4 & F(office_8 & pd))),G(county_4 & F(p_package_4 & office_3 & F(p_package_4 & office_8))),False
4364,Our agent must always have either change light_east red or record the jaywalker on southwest_10th_street.,G(change_light_east_red | record_jaywalker_southwest_10th_street),G(change_light_east_red | record_jaywalker_southwest_10th_street),True
4365,at some time go_to house and forever go_by trash can,F go_to_house & G go_by_trash_can,F(go_to_house & G go_by_trash_can),False
4366,"every time both the sensor captures data and the motorbike falls down then forever, the semaphore is yellow",G((motorbike_falls_down & sensor_captures_data) -> G semaphore_is_yellow),G((sensor_captures_data & motorbike_falls_down) -> G(semaphore_is_yellow)),True
4367,at any time move_forward trash can and at some time go_near pear,F move_forward_trash_can & F go_near_pear,G(move_forward_trash_can ) & F(go_near_pear ),False
4368,at some time track_towards tree or whenever have pear,F track_towards_tree | F have_pear,F(track_towards_tree ) | G(have_pear -> track_towards_tree ),False
4369,Ensure you at park_8 and remain in that location forever,FG park_8,F(park_8 & G park_8),True
4370,at any time acquire pear and at any time be_near tree,F acquire_pear & F be_near_tree,G(acquire_pear & be_near_tree),False
4371,move to the green_room,F green_room,F green_room,True
4372,The system must always maintain both deliver the potted_plant to the shelf and get_help.,G(deliver_potted_plant_shelf & get_help),G(deliver_potted_plant_shelf & get_help),True
4373,whenever touch house until at some time procure orange,F touch_house U F procure_orange,G(touch_house -> F procure_orange),False
4374,Begin recording safe_rescuer and go_home will each happen at some point.,F record_safe_rescuer & F go_home,F(record_safe_rescuer) & F(go_home),True
4375,Keep visiting intersection 4 as you proceed to locality 9,GF intersection_4 & F locality_9,G(locality_9 -> (intersection_4 U locality_9)),False
4376,it is always the case that the brake is pressed or the motorbike catches fire or the car starts,G(brake_is_pressed | car_starts | motorbike_catches_fire),G(brake_is_pressed | motorbike_catches_fire | car_starts),True
4377,Ensure you go to statue 6 and capture a photo of it while you stay in park 5,F(photo & statue_6) & G park_5,G(park_5 -> F(statue_6 & photo )),False
4378,"The system must Eventually, both idle and pickup the toaster hold simultaneously.",F(idle & pickup_toaster),F (idle & pickup_toaster ),True
4379,"eventually, a sensor gathers information and, at some point in time either a car starts or a train derails afterwards",G!sensor_gathers_information | F(sensor_gathers_information & F(car_starts | train_derails)),F(sensor_gathers_information & F(car_starts | train_derails)),False
4380,"whenever both the engine starts and a semaphore is broken then finally, the constructor creates instances or the motorbike falls down",G((engine_starts & semaphore_is_broken) -> F(constructor_creates_instances | motorbike_falls_down)),G((engine_starts & semaphore_is_broken) -> F(constructor_creates_instances | motorbike_falls_down)),True
4381,every time both a semaphore is green and the engine starts then it is going to happen that a train has arrived,G((engine_starts & semaphore_is_green) -> F train_has_arrived),G((semaphore_is_green & engine_starts) -> F(train_has_arrived)),True
4382,enter the blue or red_room and proceed until the green_room,F((blue_room | red_room) & F green_room),! (blue_room | red_room) | F ((blue_room | red_room) & (blue_room | red_room) U green_room),False
4383,every time either the manager handles requests or a table is old then it is always true that both an elevator is open and a train has been launched,G((manager_handles_requests | table_is_old) -> G(elevator_is_open & train_has_been_launched)),G((manager_handles_requests | table_is_old) -> G(elevator_is_open & train_has_been_launched)),True
4384,"Take a picture of statue_6 after reaching it, and make sure you stay within park_5",F(photo & statue_6) & G park_5,G(park_5 ) & G(statue_6 -> F(photo )),False
4385,if the train derails then at some point the manager collect claims and the engine breaks,G(train_derails -> F(engine_breaks & manager_collect_claims)),G(train_derails -> F(manager_collect_claims & engine_breaks)),True
4386,"In this task, communicate the injured_victim, then record unstable_beam.",communicate_injured_victim U record_unstable_beam,!communicate_injured_victim | F(communicate_injured_victim & F(record_unstable_beam)),False
4387,"Either deliver the person to the shelf happens infinitely often, or deliver the sink to the shelf happens in the next step.",GF deliver_person_shelf | X deliver_sink_shelf,GF(deliver_person_shelf ) | X(deliver_sink_shelf ),True
4388,"it never happens that either the house collapses, the train derails or a bridge opens",G!(bridge_opens | house_collapses | train_derails),G(!(house_collapses | train_derails | bridge_opens)),True
4389,"Either record unsafe_civilian happens infinitely often, or record fire_source happens in the next step.",GF record_unsafe_civilian | X record_fire_source,GF(record_unsafe_civilian ) | X(record_fire_source ),True
4390,Call for help and idle will each happen at some point.,F get_help & F idle,F get_help & F idle,True
4391,when possible travel_to house can infer that do not let_go pear,F travel_to_house -> !let_go_pear,G(travel_to_house -> !let_go_pear),False
4392,it never happens that both the escalator speeds up and the car stops,G!(car_stops & escalator_speeds_up),G(!(escalator_speeds_up & car_stops)),True
4393,"If change light_south red holds and record the jaywalker on northeast_9th_street holds next, then change light_north red holds in the step after that.",G((change_light_south_red & X record_jaywalker_northeast_9th_street) -> XX change_light_north_red),G((change_light_south_red & X record_jaywalker_northeast_9th_street) -> X X change_light_north_red),True
4394,Go to park 8 and stay there,FG park_8,F(park_8 & G park_8),True
4395,Stay in locality 9,G locality_9,G(locality_9 ),True
4396,it should not happen that the brake is released or the train has been launched after both the table is old and the house is built,G((house_is_built & table_is_old) -> G!(brake_is_released | train_has_been_launched)),G((table_is_old & house_is_built) -> G(!(brake_is_released | train_has_been_launched))),True
4397,Take a video of the collision on north_3rd_avenue can only happen after change light_west yellow.,!record_collision_north_3rd_avenue U change_light_west_yellow,G(!record_collision_north_3rd_avenue U change_light_west_yellow),False
4398,gather apple means that at some time visit house,gather_apple -> F visit_house,G(gather_apple -> F visit_house),False
4399,"in the future the brake is pressed, the bar is down and the motorbike is driven",F(bar_is_down & brake_is_pressed & motorbike_is_driven),F(brake_is_pressed & bar_is_down & motorbike_is_driven),True
4400,"every time an elevator is open or the bar is closing then absolutely never, both an elevator rises and a train has arrived",G((bar_is_closing | elevator_is_open) -> G!(elevator_rises & train_has_arrived)),G((elevator_is_open | bar_is_closing) -> G(!(elevator_rises & train_has_arrived))),True
4401,"it will happen that a sensor gathers information and, it will happen that both the house is open and the elevator rises afterwards",G!sensor_gathers_information | F(sensor_gathers_information & F(elevator_rises & house_is_open)),F(sensor_gathers_information ) & F(house_is_open & F(elevator_rises )),False
4402,at some point either the brake is pressed or the escalator speeds up,F(brake_is_pressed | escalator_speeds_up),F(brake_is_pressed | escalator_speeds_up),True
4403,Reach intersection 4 and remain there indefinitely,FG intersection_4,F(intersection_4 & G intersection_4),True
4404,when possible venture_to house means that venture_towards house,F venture_to_house -> venture_towards_house,G(venture_to_house -> venture_towards_house),False
4405,The system must Please deliver_aid the injured_rescuer and then record injured_victim.,deliver_aid_injured_rescuer U record_injured_victim,!deliver_aid_injured_rescuer | F(deliver_aid_injured_rescuer & F(record_injured_victim)),False
4406,forever move_around until when possible travel house,G move_around U F travel_house,G(move_around U travel_house),False
4407,"From some point onwards, get_help never occurs again.",FG!get_help,F(G(!get_help )),True
4409,"Whenever record injured_person and avoid the nearest_flood are equal, avoid the nearest_flood and go_home are equal as well.",G((avoid_nearest_flood <-> record_injured_person) -> (avoid_nearest_flood <-> go_home)),G((record_injured_person <-> avoid_nearest_flood) -> (avoid_nearest_flood <-> go_home)),True
4410,never drop pear and when possible be_near tree,G!drop_pear & F be_near_tree,G(!drop_pear) & G(be_near_tree),False
4411,"From some point onwards, change light_west green never occurs again.",FG!change_light_west_green,F(G(!change_light_west_green )),True
4412,Stay in parking_lot_4 until you capture a picture of car_5.,parking_lot_4 U (car_5 & photo),parking_lot_4 U (photo & car_5),True
4413,This controller must Please avoid the probable_fire_source and then deliver_aid the injured_hostile.,avoid_probable_fire_source U deliver_aid_injured_hostile,!avoid_probable_fire_source | F(avoid_probable_fire_source & F(deliver_aid_injured_hostile)),False
4414,always when the escalator is blocked and the escalator moves then at some point in time the train derails,G((escalator_is_blocked & escalator_moves) -> F train_derails),G((escalator_is_blocked & escalator_moves) -> F(train_derails)),True
4415,keep apple or travel_to apple,keep_apple | travel_to_apple,G(keep_apple | travel_to_apple),False
4416,"always when the sensor retrieves data or a semaphore is yellow then eventually, the table has been moved and an elevator is blocked",G((semaphore_is_yellow | sensor_retrieves_data) -> F(elevator_is_blocked & table_has_been_moved)),G((sensor_retrieves_data | semaphore_is_yellow) -> F(table_has_been_moved & elevator_is_blocked)),True
4417,whenever bring pear can infer that never drop apple,F bring_pear -> G!drop_apple,G(bring_pear -> G(!drop_apple)),False
4418,whenever both a train stops and a sensor gathers information then all the time either a manager collect claims or a sensor gathers information,G((sensor_gathers_information & train_stops) -> G(manager_collect_claims | sensor_gathers_information)),G((train_stops & sensor_gathers_information) -> G(manager_collect_claims | sensor_gathers_information)),True
4419,"when at some time withold apple , forever go_by trash can",F withold_apple -> G go_by_trash_can,G(withold_apple -> G(go_by_trash_can)),False
4420,"Deliver the vase to the shelf and pickup the broccoli never coincide, yet one of them is always true.",G!(deliver_vase_shelf & pickup_broccoli) & G(deliver_vase_shelf | pickup_broccoli),G(!(deliver_vase_shelf & pickup_broccoli) & (deliver_vase_shelf | pickup_broccoli)),True
4421,"Either idle happens infinitely often, or get_help happens in the next step.",GF idle | X get_help,GF idle | X get_help,True
4422,"When deliver_aid the injured_rescuer happens, go_home must hold now or in the next step.",G(deliver_aid_injured_rescuer -> (go_home | X go_home)),G(deliver_aid_injured_rescuer -> (go_home | X go_home)),True
4423,"at some point the bridge closes and, at some point both the car enters and the engine stops afterwards",G!bridge_closes | F(bridge_closes & F(car_enters & engine_stops)),F(bridge_closes) & F(car_enters & F(engine_stops)),False
4424,"at some point the constructor creates instances and a motorbike has stopped and, in the future the sensor retrieves data or a train has been launched afterwards",G!(constructor_creates_instances & motorbike_has_stopped) | F(constructor_creates_instances & motorbike_has_stopped & F(sensor_retrieves_data | train_has_been_launched)),F((constructor_creates_instances & motorbike_has_stopped) & F(sensor_retrieves_data | F train_has_been_launched)),False
4425,"This controller must pickup the boat should always hold, with at most a two-step grace period for recovery.",!G!(pickup_boat & X pickup_boat),G(pickup_boat | X pickup_boat | X X pickup_boat),False
4426,"You must Eventually, both get_help and idle hold simultaneously.",F(get_help & idle),F (get_help & idle ),True
4427,always both the car stops and the elevator is blocked implies that it should not happen that an elevator is blocked and the car starts,G((car_stops & elevator_is_blocked) -> G!(car_starts & elevator_is_blocked)),G((car_stops & elevator_is_blocked) -> G(!(elevator_is_blocked & car_starts))),True
4428,"it never happens that either the bar is down, the motorbike has started or the sensor captures data",G!(bar_is_down | motorbike_has_started | sensor_captures_data),G(!(bar_is_down | motorbike_has_started | sensor_captures_data)),True
4429,venture_towards house and never drop apple,venture_towards_house & G!drop_apple,G(venture_towards_house & !drop_apple),False
4430,Ensure that you never pick up box 3,G!p_box_3,G(!p_box_3 ),True
4431,"first, at a certain moment the sensor retrieves data and the train is crossing, and then, finally, a bridge closes or the semaphore is broken",G!(sensor_retrieves_data & train_is_crossing) | F(sensor_retrieves_data & train_is_crossing & F(bridge_closes | semaphore_is_broken)),! (sensor_retrieves_data & train_is_crossing) | F ((sensor_retrieves_data & train_is_crossing) & F (bridge_closes | semaphore_is_broken)),False
4432,"sooner or later the escalator speeds up and, at the same time, the train has arrived and the bar is up",F(bar_is_up & escalator_speeds_up & train_has_arrived),F(escalator_speeds_up & train_has_arrived & bar_is_up),True
4433,"as the train derails, it is going to happen that the semaphore is yellow or a motorbike has stopped",G(train_derails -> F(motorbike_has_stopped | semaphore_is_yellow)),G(train_derails -> F(semaphore_is_yellow | motorbike_has_stopped)),True
4434,Reach park 7 and photograph monument 4,F(park_7 & F(monument_4 & photo)),F(park_7 & F(photo & monument_4)),True
4435,This controller must eventually idle or pickup the potted_plant.,F(idle | pickup_potted_plant),F (idle | pickup_potted_plant ),True
4436,Ensure you never go into house 4 at any time,G!house_4,G(!house_4 ),True
4437,at any time grab flag or repeatedly grab tree,F grab_flag | GF grab_tree,G(grab_flag | GF grab_tree),False
4438,"when venture_to trash can , when possible go_to trash can",venture_to_trash_can -> F go_to_trash_can,G(venture_to_trash_can -> F(go_to_trash_can)),False
4439,"If avoid the inactive_gas_leak ever holds, communicate the injured_hostile must have held beforehand.",F avoid_inactive_gas_leak -> (!avoid_inactive_gas_leak U (!avoid_inactive_gas_leak & communicate_injured_hostile)),G(avoid_inactive_gas_leak -> (F(communicate_injured_hostile) R avoid_inactive_gas_leak)),False
4440,"Go to post office 1, collect letter 2, and put it down in building 3",F(post_office_1 & F(p_lettter_2 & F(building_3 & pd))),F(post_office_1 & F(p_lettter_2 & F(pd & building_3))),True
4441,"after both the bar is up and a motorbike has started, it will happen that both the escalator is blocked and the escalator moves",G((bar_is_up & motorbike_has_started) -> F(escalator_is_blocked & escalator_moves)),G((bar_is_up & motorbike_has_started) -> F(escalator_is_blocked & escalator_moves)),True
4442,"if either the engine stops or the train is crossing then absolutely never, a sensor retrieves data and the sensor captures data",G((engine_stops | train_is_crossing) -> G!(sensor_captures_data & sensor_retrieves_data)),G((engine_stops | train_is_crossing) -> G(!(sensor_retrieves_data & sensor_captures_data))),True
4443,"first, in the future either a train stops or the motorbike has stopped, and then, at a certain moment a house is open and the elevator rises",G!(motorbike_has_stopped | train_stops) | F((motorbike_has_stopped | train_stops) & F(elevator_rises & house_is_open)),! (train_stops | motorbike_has_stopped) | F ((train_stops | motorbike_has_stopped) & F (house_is_open & elevator_rises)),False
4444,"Take a photo of the cyclist on northeast_5th_avenue and change light_west yellow never coincide, yet one of them is always true.",G!(change_light_west_yellow & photo_cyclist_northeast_5th_avenue) & G(change_light_west_yellow | photo_cyclist_northeast_5th_avenue),G(!(photo_cyclist_northeast_5th_avenue & change_light_west_yellow) & (photo_cyclist_northeast_5th_avenue | change_light_west_yellow)),True
4445,Take trash_can_4 from house_1 to garbage_dump_3,F(house_1 & F(p_trash_can_4 & F(garbage_dump_3 & pd))),F(pd & house_1 & p_trash_can_4 & F(pd & garbage_dump_3 & p_trash_can_4)),False
4446,Keep visiting charger 4 as you keep taking a picture of area 5,GF charger_4 & GF(area_5 & photo),G((photo & area_5) -> charger_4),False
4447,at the yellow_room or the red_room and head straight away to the green_room avoiding the yellow_room,F((red_room | yellow_room) & F green_room),(yellow_room | red_room) & F(green_room) & G(!yellow_room U green_room),False
4448,Always stay in locality 7 as you take letter 1 from office 4 to house 1,G locality_7 & F(office_4 & F(p_letter_1 & F(house_1 & pd))),G((p_letter_1 & office_4 & F house_1) -> locality_7),False
4449,Retrieve the fork holds at all times.,G pickup_fork,G(pickup_fork ),True
4450,Stay in parking lot 9 until a picture of car 2 was taken,parking_lot_9 U (car_2 & photo),parking_lot_9 U (photo & car_2),True
4451,"first, sooner or later a table is old or the bar has to be repaired, and then, it will happen that a sensor retrieves data or the manager collect claims",G!(bar_has_to_be_repaired | table_is_old) | F((bar_has_to_be_repaired | table_is_old) & F(manager_collect_claims | sensor_retrieves_data)),! (table_is_old | bar_has_to_be_repaired) | F ((table_is_old | bar_has_to_be_repaired) & F (sensor_retrieves_data | manager_collect_claims)),False
4452,Go to parking lot 5 and stay there,FG parking_lot_5,F(parking_lot_5 & G parking_lot_5),True
4453,"sooner or later the car starts and the bar is down and, at some point a train has arrived afterwards",G!(bar_is_down & car_starts) | F(bar_is_down & car_starts & F train_has_arrived),F((car_starts & bar_is_down) & F(train_has_arrived)),False
4454,put_in apple bucket until at any time proceed_to flag,put_in_apple_bucket U F proceed_to_flag,put_in_apple_bucket U proceed_to_flag,False
4455,put_in bucket means that capture orange,put_in_bucket -> capture_orange,G(put_in_bucket -> capture_orange),False
4456,"after either the engine starts or the sensor captures data, it will happen that either the bridge closes or the escalator moves",G((engine_starts | sensor_captures_data) -> F(bridge_closes | escalator_moves)),G((engine_starts | sensor_captures_data) -> F(bridge_closes | escalator_moves)),True
4457,Do not touch letter_8 under any circumstances,G!p_letter_8,G(!p_letter_8 ),True
4458,at some time journey_by house can infer that go_to bucket,F journey_by_house -> go_to_bucket,F(journey_by_house -> F go_to_bucket),False
4459,in the future an elevator rises and a bridge opens after the semaphore is yellow,G(semaphore_is_yellow -> F(bridge_opens & elevator_rises)),F(semaphore_is_yellow -> F(elevator_rises & bridge_opens)),False
4461,"Once deliver the bird to the loading_dock has occurred, search the car will never occur again.",G(deliver_bird_loading_dock -> XG!search_car),G(deliver_bird_loading_dock -> G(!search_car)),False
4462,Always avoid going to building 2 while ensuring you pick up letter 5 from office 6,G!building_2 & F(office_6 & p_letter_5),G(!building_2) & F(office_6 & p_letter_5),True
4463,You must always have either communicate the injured_rescuer or record gas_leak.,G(communicate_injured_rescuer | record_gas_leak),G(communicate_injured_rescuer | record_gas_leak),True
4464,"From some point onwards, get_help never occurs again.",FG!get_help,F(G(!get_help )),True
4465,pass through either the blue or yellow_room to reach the green_room,F((blue_room | yellow_room) & F green_room),! (blue_room | yellow_room) | F ((blue_room | yellow_room) & F green_room),False
4466,always moving can infer that at some time spend_time_at tree,G moving -> F spend_time_at_tree,G(moving -> F spend_time_at_tree),False
4467,"after a manager handles requests and a train derails, sooner or later both the bar is down and the car starts",G((manager_handles_requests & train_derails) -> F(bar_is_down & car_starts)),G((manager_handles_requests & train_derails) -> F(bar_is_down & car_starts)),True
4468,Go to house 2 and pick up trash can 2,F(house_2 & p_trash_can_2),F(house_2 & F(p_trash_can_2)),False
4469,always a train has been launched and the semaphore is green implies that at no time both a motorbike has stopped and a sensor gathers information,G((semaphore_is_green & train_has_been_launched) -> G!(motorbike_has_stopped & sensor_gathers_information)),G((train_has_been_launched & semaphore_is_green) -> G(!(motorbike_has_stopped & sensor_gathers_information))),True
4470,"always when both the brake is pressed and a house is built then finally, either the sensor retrieves data or a train is crossing",G((brake_is_pressed & house_is_built) -> F(sensor_retrieves_data | train_is_crossing)),G((brake_is_pressed & house_is_built) -> F(sensor_retrieves_data | train_is_crossing)),True
4471,when possible go_to transh can and when possible clutch orange,F go_to_transh_can & F clutch_orange,G(F go_to_transh_can & F clutch_orange),False
4472,"eventually, a train is crossing or the elevator rises and, at some point in time both the car starts and the semaphore is broken afterwards",G!(elevator_rises | train_is_crossing) | F((elevator_rises | train_is_crossing) & F(car_starts & semaphore_is_broken)),F((train_is_crossing | elevator_rises) & F(car_starts & F(semaphore_is_broken))),False
4473,if both the escalator is blocked and the house is open then it never happens that the bar has to be repaired or a train has arrived,G((escalator_is_blocked & house_is_open) -> G!(bar_has_to_be_repaired | train_has_arrived)),G((escalator_is_blocked & house_is_open) -> G(!(bar_has_to_be_repaired | train_has_arrived))),True
4474,"Begin recording debris must hold until going back to base does, or else record debris holds forever.",(record_debris U go_home) | G record_debris,(record_debris U go_home) | G record_debris,True
4475,repeatedly make_way_to house and at some time go_near pear,GF make_way_to_house & F go_near_pear,GF(make_way_to_house ) & F(go_near_pear ),True
4476,"Either deliver the traffic_light to the shelf happens infinitely often, or deliver the snowboard to the shelf happens in the next step.",GF deliver_traffic_light_shelf | X deliver_snowboard_shelf,GF(deliver_traffic_light_shelf ) | X(deliver_snowboard_shelf ),True
4477,"Whenever photo injured_rescuer holds, photo unstable_beam holds exactly three steps later.",G(photo_injured_rescuer -> XXX photo_unstable_beam),G(photo_injured_rescuer -> X(X(X(photo_unstable_beam)))),True
4478,Ensure you stay in locality 2 while transferring document 5 from office 4 to office 9,G locality_2 & F(office_4 & F(p_document_5 & F(office_9 & pd))),G(p_document_5 & office_4 U (p_document_5 & office_9)) & G(locality_2 ),False
4479,Visit statue_7 and capture an image,F(photo & statue_7),F(statue_7 & F photo),False
4480,all the time a bridge opens and together the brake is released and the motorbike has started,G(brake_is_released & bridge_opens & motorbike_has_started),G(bridge_opens & brake_is_released & motorbike_has_started),True
4481,"Refrain from entering landmark 5 until you reach park 5, and then ensure you take a picture of landmark 5 at some point",(!landmark_5 U park_5) & F(landmark_5 & photo),(!landmark_5 U park_5) & G(park_5 -> F(photo)),False
4482,at any time a semaphore is red or an elevator rises or the semaphore is broken,G(elevator_rises | semaphore_is_broken | semaphore_is_red),G(semaphore_is_red | elevator_rises | semaphore_is_broken),True
4483,Always eventually return to charging station 9 while regularly taking crate 4 from warehouse 5 to mall 4,GF charging_station_9 & GF(warehouse_5 & F(p_crate_4 & F(mall_4 & pd))),G(F charging_station_9) & G(F(p_crate_4 & warehouse_5 & F(p_crate_4 & mall_4))),False
4484,Our agent must always have either photo the cyclist on north_7th_avenue or photo the pedestrian on south_4th_avenue.,G(photo_cyclist_north_7th_avenue | photo_pedestrian_south_4th_avenue),G(photo_cyclist_north_7th_avenue | photo_pedestrian_south_4th_avenue),True
4485,"If every get_help is eventually followed by change light_west green, then change light_east green must occur infinitely often.",G(get_help -> F change_light_west_green) -> GF change_light_east_green,(G(get_help -> F change_light_west_green)) -> GF change_light_east_green,True
4486,if a train derails then in the future a sensor captures data and a motorbike has started,G(train_derails -> F(motorbike_has_started & sensor_captures_data)),G(train_derails -> F(sensor_captures_data & motorbike_has_started)),True
4487,if the engine breaks and the car starts then in the future the manager handles requests and the semaphore is broken,G((car_starts & engine_breaks) -> F(manager_handles_requests & semaphore_is_broken)),G((engine_breaks & car_starts) -> F(manager_handles_requests & semaphore_is_broken)),True
4488,it will happen that either a train stops or the bar has to be repaired,F(bar_has_to_be_repaired | train_stops),F(train_stops | bar_has_to_be_repaired),True
4489,reach trash can can infer that whenever go_visit house,reach_trash_can -> F go_visit_house,G(reach_trash_can -> G(go_visit_house)),False
4490,"whenever both a semaphore is broken and the house is built then eternally, both the semaphore is red and the brake is released",G((house_is_built & semaphore_is_broken) -> G(brake_is_released & semaphore_is_red)),G((semaphore_is_broken & house_is_built) -> G(semaphore_is_red & brake_is_released)),True
4491,"first, it will happen that a train has arrived, and then, in the future the train has arrived and an elevator falls",G!train_has_arrived | F(train_has_arrived & F(elevator_falls & train_has_arrived)),!train_has_arrived | F(train_has_arrived & F(train_has_arrived & elevator_falls)),False
4492,"Whenever go_home holds, deliver_aid the safe_rescuer holds exactly three steps later.",G(go_home -> XXX deliver_aid_safe_rescuer),G(go_home -> X(X(X deliver_aid_safe_rescuer))),True
4493,"first, in the future either the elevator is blocked or a house is open, and then, in the future a table is brown or a motorbike has started",G!(elevator_is_blocked | house_is_open) | F((elevator_is_blocked | house_is_open) & F(motorbike_has_started | table_is_brown)),!((elevator_is_blocked | house_is_open)) | F((elevator_is_blocked | house_is_open) & F(table_is_brown | motorbike_has_started)),False
4494,"after both a semaphore is broken and the house is built, forever, the bar has to be repaired and the bar is down",G((house_is_built & semaphore_is_broken) -> G(bar_has_to_be_repaired & bar_is_down)),G((semaphore_is_broken & house_is_built) -> G(bar_has_to_be_repaired & bar_is_down)),True
4495,"if at any time venture flag , whenever visit trash bin",F venture_flag -> F visit_trash_bin,G(venture_flag -> G(visit_trash_bin)),False
4496,Stand by can only happen after geting help.,!idle U get_help,G(!idle U get_help),False
4497,if the bar has to be repaired and the engine stops then it should not happen that either the train derails or a motorbike falls down,G((bar_has_to_be_repaired & engine_stops) -> G!(motorbike_falls_down | train_derails)),G((bar_has_to_be_repaired & engine_stops) -> ! (train_derails | motorbike_falls_down)),False
4498,at a certain moment the bar is up or a train has been launched or a car enters,F(bar_is_up | car_enters | train_has_been_launched),F(bar_is_up | train_has_been_launched | car_enters),True
4499,pick_up fruit until whenever pass_by trash bin,pick_up_fruit U F pass_by_trash_bin,pick_up_fruit U pass_by_trash_bin,False
4500,keep apple until drop pear,keep_apple U drop_pear,keep_apple U drop_pear,True
4501,never drop apple and at any time reach flag,G!drop_apple & F reach_flag,G(!drop_apple ) & F(reach_flag ),True
4502,"Either get_help happens infinitely often, or record the person on south_1st_street happens in the next step.",GF get_help | X record_person_south_1st_street,GF get_help | X record_person_south_1st_street,True
4503,"If record the motorcycle on southeast_2nd_avenue holds, then in the next step photo the jaywalker on southeast_10th_avenue persists until change light_east red holds, or else photo the jaywalker on southeast_10th_avenue holds forever.",record_motorcycle_southeast_2nd_avenue -> X((photo_jaywalker_southeast_10th_avenue U change_light_east_red) | G photo_jaywalker_southeast_10th_avenue),G(record_motorcycle_southeast_2nd_avenue -> X(photo_jaywalker_southeast_10th_avenue U (change_light_east_red | G photo_jaywalker_southeast_10th_avenue))),False
4504,"Whenever neither record unsafe_civilian nor avoid the nearest_fire_source holds, go_home eventually holds.",G(!(avoid_nearest_fire_source & record_unsafe_civilian) -> F go_home),G((!record_unsafe_civilian & !avoid_nearest_fire_source) -> F go_home),False
4505,acquire orange until whenever proceed_to tree,acquire_orange U F proceed_to_tree,acquire_orange U proceed_to_tree,False
4506,"Go to mall 5, collect box 4, and subsequently take it to house 1",F(mall_5 & F(p_box_4 & F(house_1 & pd))),F(mall_5 & F(p_box_4 & F(house_1))),False
4507,stop_by flag or never drop orange,stop_by_flag | G!drop_orange,stop_by_flag | G(!drop_orange),True
4508,the motorbike has stopped implies that whenever the engine starts then it is going to happen that a semaphore is green,G(motorbike_has_stopped -> G(engine_starts -> F semaphore_is_green)),G(motorbike_has_stopped -> G(engine_starts -> F(semaphore_is_green))),True
4509,"eventually, the bridge closes and, sooner or later both the house collapses and the house is open afterwards",G!bridge_closes | F(bridge_closes & F(house_collapses & house_is_open)),F(bridge_closes & F(house_collapses & F(house_is_open))),False
4510,Continuously at house_2 and pickup trash_can_4,GF(house_2 & p_trash_can_4),G(house_2 & p_trash_can_4),False
4511,"first, it is going to happen that the bar has to be repaired or the table is old, and then, it is going to happen that a sensor gathers information",G!(bar_has_to_be_repaired | table_is_old) | F((bar_has_to_be_repaired | table_is_old) & F sensor_gathers_information),!((bar_has_to_be_repaired | table_is_old)) | F((bar_has_to_be_repaired | table_is_old) & F(sensor_gathers_information)),False
4512,Ensure you never go into house 1,G!house_1,G(!house_1 ),True
4513,The system must eventually communicate the safe_victim or go_home.,F(communicate_safe_victim | go_home),F(communicate_safe_victim | go_home),True
4514,"While never entering park 3, Pick up cone 2 from police station 1 and place it in intersection 2.",G!park_3 & F(p_cone_2 & police_station_1 & F(intersection_2 & pd)),G(!park_3 ) & F(p_cone_2 & police_station_1 & F(pd & intersection_2 )),True
4515,Do not enter park 9 until you go to gate 7 and take a picture,!park_9 U (gate_7 & photo),!park_9 U (gate_7 & photo),True
4516,"first, sooner or later the sensor gathers information, and then, finally, both a house collapses and a house is open",G!sensor_gathers_information | F(sensor_gathers_information & F(house_collapses & house_is_open)),!sensor_gathers_information | F(sensor_gathers_information & F(house_collapses & house_is_open)),False
4517,Pick up cone 5 from parking lot 2 and deliver it to street 1,F(parking_lot_2 & F(p_cone_5 & F(pd & street_1))),F(p_cone_5 & parking_lot_2 & F(pd & street_1)),False
4518,"Whenever deliver the toilet to the loading_dock holds, search the dining_table holds exactly three steps later.",G(deliver_toilet_loading_dock -> XXX search_dining_table),G(deliver_toilet_loading_dock -> X(X(X search_dining_table))),True
4519,put_in bin or never drop apple,put_in_bin | G!drop_apple,put_in_bin | G(!drop_apple ),True
4520,"Stay away from parking lot 4 until you reach street 5, after which you must enter and stay in parking lot 4 continuously",(!parking_lot_4 U street_5) & F(parking_lot_4 & G parking_lot_4),(!parking_lot_4 U street_5) & G(street_5 -> F(G parking_lot_4)),True
4521,snatch_up pear until get_to tree,snatch_up_pear U get_to_tree,snatch_up_pear U get_to_tree,True
4522,"Put down your current item and proceed to park_4, stay there indefinitely",F(pd & F(park_4 & G park_4)),F(pd & F(G park_4)),True
4523,"at some point the train has arrived and, finally, a table has been moved and the train derails afterwards",G!train_has_arrived | F(train_has_arrived & F(table_has_been_moved & train_derails)),F(train_has_arrived & F(table_has_been_moved & F(train_derails))),False
4524,if both a sensor captures data and a car stops then at some point in time the brake is pressed and the house is built,G((car_stops & sensor_captures_data) -> F(brake_is_pressed & house_is_built)),G((sensor_captures_data & car_stops) -> F(brake_is_pressed & house_is_built)),True
4525,secure apple and venture_towards house,secure_apple & venture_towards_house,G(secure_apple & venture_towards_house),False
4527,Refrain from entering building_8 unless you have already reached parking_lot_8,!building_8 U parking_lot_8,!building_8 U parking_lot_8,True
4528,do not let_go orange or reach house,!let_go_orange | reach_house,G(!(let_go_orange | reach_house)),False
4529,"always, either the bar is down, the table has been moved or the car starts",G(bar_is_down | car_starts | table_has_been_moved),G(bar_is_down | table_has_been_moved | car_starts),True
4530,at the green_room without passing through the red_room,F green_room & G!red_room,(!red_room ) U (green_room ),False
4531,Either pickup the baseball_bat or deliver the parking_meter to the loading_dock happens infinitely often.,GF pickup_baseball_bat | GF deliver_parking_meter_loading_dock,GF(pickup_baseball_bat | deliver_parking_meter_loading_dock),True
4532,move_to trash can and put_in bucket,move_to_trash_can & put_in_bucket,F(move_to_trash_can & F(put_in_bucket)),False
4534,"first, at some point in time both the train has arrived and the brake is pressed, and then, it is going to happen that both a table is brown and the bar is up",G!(brake_is_pressed & train_has_arrived) | F(brake_is_pressed & train_has_arrived & F(bar_is_up & table_is_brown)),! (train_has_arrived & brake_is_pressed) | F ((train_has_arrived & brake_is_pressed) & F (table_is_brown & bar_is_up)),False
4535,You stay at park 8 until you take a photo of monument 2 and then reach bench 5 and stay there forever,park_8 U (monument_2 & photo & F(bench_5 & G bench_5)),(park_8 U (photo & monument_2)) & F(G bench_5),True
4536,if the bar is down and an elevator rises then it will happen that the constructor creates instances and the escalator moves,G((bar_is_down & elevator_rises) -> F(constructor_creates_instances & escalator_moves)),G((bar_is_down & elevator_rises) -> F(constructor_creates_instances & escalator_moves)),True
4537,sooner or later both a motorbike has stopped and the elevator is blocked,F(elevator_is_blocked & motorbike_has_stopped),F(motorbike_has_stopped & elevator_is_blocked),True
4538,never drop pear or pick_up orange,pick_up_orange | G!drop_pear,G(!(drop_pear | pick_up_orange)),False
4539,"When record injured_person happens, deliver_aid the safe_victim must hold now or in the next step.",G(record_injured_person -> (deliver_aid_safe_victim | X deliver_aid_safe_victim)),G(record_injured_person -> (deliver_aid_safe_victim | X deliver_aid_safe_victim)),True
4540,"The system must eventually, avoid changeing light_south yellow.",F!change_light_south_yellow,F(G(!change_light_south_yellow )),False
4541,"first, finally, the bridge closes, and then, it will happen that both the escalator moves and the car starts",G!bridge_closes | F(bridge_closes & F(car_starts & escalator_moves)),!bridge_closes | F(bridge_closes & F(escalator_moves & car_starts)),False
4542,Either deliver the baseball_glove to the shelf or search the tie happens infinitely often.,GF deliver_baseball_glove_shelf | GF search_tie,GF(deliver_baseball_glove_shelf | search_tie),True
4543,"Continuously photographing car 1, ensuring you never go to parking lot 9",GF(car_1 & photo) & G!parking_lot_9,G(photo & car_1) & G(!parking_lot_9),False
4544,always have_in orange or come_to tree,come_to_tree | G have_in_orange,G(have_in_orange | come_to_tree),False
4545,"At every step, communicate the injured_victim equals the value of avoid the probable_unstable_beam in the next step.",G(communicate_injured_victim <-> X avoid_probable_unstable_beam),G(communicate_injured_victim <-> X avoid_probable_unstable_beam),True
4546,"when at some time present_at flag , at any time withhold apple",F present_at_flag -> F withhold_apple,G(present_at_flag -> G(withhold_apple)),False
4547,in the future the escalator speeds up,F escalator_speeds_up,F escalator_speeds_up,True
4548,"when never let_go apple , whenever grab pear",G!let_go_apple -> F grab_pear,G(!let_go_apple -> G(grab_pear)),False
4549,"At every step, photo the pedestrian on northeast_9th_avenue equals the value of change light_west red in the next step.",G(photo_pedestrian_northeast_9th_avenue <-> X change_light_west_red),G(photo_pedestrian_northeast_9th_avenue <-> X change_light_west_red),True
4550,whenever go_to home until reach trash can,F go_to_home U reach_trash_can,G(go_to_home U reach_trash_can),False
4551,sooner or later either the semaphore is broken or a constructor instantiate objects,F(constructor_instantiate_objects | semaphore_is_broken),F(semaphore_is_broken | constructor_instantiate_objects),True
4552,sooner or later a semaphore is yellow after either the escalator moves or a train has arrived,G((escalator_moves | train_has_arrived) -> F semaphore_is_yellow),G((escalator_moves | train_has_arrived) -> F(semaphore_is_yellow)),True
4553,Retrieve bottle_3 from bedroom_2 and place it in kitchen_4,F(bedroom_2 & F(p_bottle_3 & F(kitchen_4 & pd))),F(pd & bedroom_2 & p_bottle_3 & F(pd & kitchen_4 & p_bottle_3)),False
4554,every time a sensor captures data then it is going to happen that the engine starts or the bar has to be repaired,G(sensor_captures_data -> F(bar_has_to_be_repaired | engine_starts)),G(sensor_captures_data -> F(engine_starts | bar_has_to_be_repaired)),True
4555,"as the bar is closing or the elevator falls, sooner or later a semaphore is yellow",G((bar_is_closing | elevator_falls) -> F semaphore_is_yellow),G((bar_is_closing | elevator_falls) -> F(semaphore_is_yellow)),True
4556,Collect package_2 from store_3 and take it to house_2 without entering mall_1,F(store_3 & F(p_package_2 & F(house_2 & pd))) & G!mall_1,G(!mall_1) & F(store_3 & p_package_2 & F(house_2)),False
4557,This controller must always maintain both record the pedestrian on southeast_10th_street and photo the motorcycle on west_3rd_avenue.,G(photo_motorcycle_west_3rd_avenue & record_pedestrian_southeast_10th_street),G(record_pedestrian_southeast_10th_street & photo_motorcycle_west_3rd_avenue),True
4558,"If every get_help is eventually followed by looking for the cell_phone, then idle must occur infinitely often.",G(get_help -> F search_cell_phone) -> GF idle,G(get_help -> F search_cell_phone) -> GF idle,True
4559,put_in bin and always have apple,put_in_bin & G have_apple,put_in_bin & G have_apple,True
4560,at some time go_to peach can infer that at any time go_to trash receptacle,F go_to_peach -> F go_to_trash_receptacle,F(go_to_peach ) -> G(go_to_trash_receptacle ),False
4561,"If every photo unsafe_person is eventually followed by taking a photo of safe_person, then deliver_aid the injured_victim must occur infinitely often.",G(photo_unsafe_person -> F photo_safe_person) -> GF deliver_aid_injured_victim,G(photo_unsafe_person -> F photo_safe_person) -> GF deliver_aid_injured_victim,True
4562,"Our agent must eventually, avoid pickuping the refrigerator.",F!pickup_refrigerator,F(G(!pickup_refrigerator )),False
4563,move to the red_room,F red_room,F red_room,True
4564,Continuously revisit warehouse_4 and each time ensure you pickup crate_3 and deliver it to mall_3,GF(warehouse_4 & F(p_crate_3 & F(mall_3 & pd))),G(warehouse_4 -> F(p_crate_3 & F(mall_3))),False
4565,The robot must eventually get_help or idle.,F(get_help | idle),F (get_help | idle ),True
4566,"Eventually (pick up crate 4, and after that, go to park 1, deliver the crate, and remain in park 1 indefinitely)",F(p_crate_4 & F(park_1 & pd & G park_1)),F(p_crate_4 & F(park_1 & F(pd & G(park_1)))),True
4567,always go_by trash can and when possible capture pear,G go_by_trash_can & F capture_pear,G(go_by_trash_can & F(capture_pear)),False
4568,"first, it will happen that the bridge closes, and then, it is going to happen that a train has been launched and the escalator is blocked",G!bridge_closes | F(bridge_closes & F(escalator_is_blocked & train_has_been_launched)),!bridge_closes | F(bridge_closes & F(train_has_been_launched & escalator_is_blocked)),False
4569,Avoid entering street_4 until you reach intersection_2 while going to house_13 to pickup trash_13,(!street_4 U intersection_2) & F(house_13 & p_trash_13),G(!street_4 U intersection_2),False
4570,Our agent must eventually communicate the safe_hostile or go_home.,F(communicate_safe_hostile | go_home),F(communicate_safe_hostile | go_home),True
4571,"If change light_east red holds, then in the next step get_help persists until begining recording the cyclist on southwest_5th_street holds, or else get_help holds forever.",change_light_east_red -> X((get_help U record_cyclist_southwest_5th_street) | G get_help),G(change_light_east_red -> X(get_help U record_cyclist_southwest_5th_street | G get_help)),False
4572,whenever both a car stops and the engine stops then under no condition a house is built and a motorbike has stopped,G((car_stops & engine_stops) -> G!(house_is_built & motorbike_has_stopped)),G((car_stops & engine_stops) -> G(!(house_is_built & motorbike_has_stopped))),True
4573,move to the large red_room while avoiding the small blue_room,F red_room & G!blue_room,F(red_room ) & G(!blue_room ),True
4574,Keep returning to building_5 periodically,GF building_5,G(F building_5 ),True
4575,"if whenever visit trash bin , get_to tree",F visit_trash_bin -> get_to_tree,G(visit_trash_bin -> F get_to_tree),False
4576,"it will happen that either a manager handles requests, the constructor instantiate objects or the bar is up",F(bar_is_up | constructor_instantiate_objects | manager_handles_requests),F(manager_handles_requests | constructor_instantiate_objects | bar_is_up),True
4578,travel_to apple or snatch_up pear,snatch_up_pear | travel_to_apple,travel_to_apple | snatch_up_pear,True
4579,"eternally, either the engine breaks or a motorbike is driven",G(engine_breaks | motorbike_is_driven),G(engine_breaks | motorbike_is_driven),True
4580,"first, at some point a constructor instantiate objects and an elevator rises, and then, finally, a bridge closes",G!(constructor_instantiate_objects & elevator_rises) | F(constructor_instantiate_objects & elevator_rises & F bridge_closes),! (constructor_instantiate_objects & elevator_rises) | F ((constructor_instantiate_objects & elevator_rises) & F (bridge_closes)),False
4581,"when whenever move_past trash can , whenever get_hold_of orange",F move_past_trash_can -> F get_hold_of_orange,G(move_past_trash_can -> F(get_hold_of_orange)),False
4582,come_to tree or go_to orange bin,come_to_tree | go_to_orange_bin,come_to_tree | go_to_orange_bin,True
4583,Ensure luggage_2 is picked up and delivered to room_402,F(p_luggage_2 & F(pd & room_402)),F(p_luggage_2 & F(pd & room_402)),True
4584,"Establish communication with the injured_rescuer must keep holding until, from some point on, avoid the inactive_flood holds infinitely often.",communicate_injured_rescuer U GF avoid_inactive_flood,communicate_injured_rescuer U (G (F avoid_inactive_flood)),True
4585,forever stay and keep apple,keep_apple & G stay,G(stay & keep_apple),False
4586,move until you are one square into the blue_room,F blue_room,move U blue_room,False
4587,"after either the bridge closes or the table has been moved, it never happens that the engine starts or the engine stops",G((bridge_closes | table_has_been_moved) -> G!(engine_starts | engine_stops)),G((bridge_closes | table_has_been_moved) -> G(!(engine_starts | engine_stops))),True
4588,"Whenever get_help holds, deliver the cup to the shelf holds as well.",G(get_help -> deliver_cup_shelf),G(get_help -> deliver_cup_shelf),True
4589,Visit statue 5 and take a picture of it,F(photo & statue_5),F(statue_5 & F photo ),False
4590,Ensure you collect brochure_5 from table_2 and place it in street_5,F(table_2 & F(p_brochure_5 & F(pd & street_5))),F(p_brochure_5 & table_2 & F(p_brochure_5 & street_5)),False
4591,"If every idle is eventually followed by picking up the spoon, then get_help must occur infinitely often.",G(idle -> F pickup_spoon) -> GF get_help,G(idle -> F pickup_spoon) -> GF get_help,True
4592,Both record the jaywalker on west_10th_street and change light_north yellow hold at every step.,G(change_light_north_yellow & record_jaywalker_west_10th_street),G(record_jaywalker_west_10th_street & change_light_north_yellow),True
4593,sooner or later both the train has been launched and the brake is released,F(brake_is_released & train_has_been_launched),F(train_has_been_launched & brake_is_released),True
4594,do not let_go pear or drop pear,drop_pear | !let_go_pear,G(!let_go_pear & !drop_pear),False
4595,Ensure you repeatedly visit area 5 over time,GF area_5,G(F area_5 ),True
4596,"as either a sensor retrieves data or the train is crossing, it is going to happen that a table is old or the constructor instantiate objects",G((sensor_retrieves_data | train_is_crossing) -> F(constructor_instantiate_objects | table_is_old)),G((sensor_retrieves_data | train_is_crossing) -> F(table_is_old | constructor_instantiate_objects)),True
4598,"first, at some point a semaphore is yellow or the bar is up, and then, sooner or later either a motorbike falls down or the manager collect claims",G!(bar_is_up | semaphore_is_yellow) | F((bar_is_up | semaphore_is_yellow) & F(manager_collect_claims | motorbike_falls_down)),!((semaphore_is_yellow | bar_is_up)) | F((semaphore_is_yellow | bar_is_up) & F(motorbike_falls_down | manager_collect_claims)),False
4599,all the time a manager handles requests and the table has been moved,G(manager_handles_requests & table_has_been_moved),G(manager_handles_requests & table_has_been_moved),True
4600,move into the blue_room but only via the green_room,F(green_room & F blue_room),(!blue_room ) U (green_room ),False
4601,at the yellow,F yellow_room,G(yellow_room ),False
4602,move_towards trash can can infer that put_in bucket,move_towards_trash_can -> put_in_bucket,G(move_towards_trash_can -> F(put_in_bucket)),False
4603,forever go_by trash can and when possible come home,G go_by_trash_can & F come_home,G(go_by_trash_can) & GF(come_home),False
4604,"Whenever get_help holds, go_home holds as well.",G(get_help -> go_home),G(get_help -> go_home),True
4605,"Whenever deliver the toothbrush to the shelf holds, from the next step onwards search the motorbike will eventually hold.",G(deliver_toothbrush_shelf -> XF search_motorbike),G(deliver_toothbrush_shelf -> X(F search_motorbike)),True
4606,Get help holds at all times.,G get_help,G(get_help ),True
4607,grasp orange or never drop orange,grasp_orange | G!drop_orange,grasp_orange | G(!drop_orange ),True
4608,Our agent must eventually get_help and pickup the mouse.,F(get_help & pickup_mouse),F(get_help & pickup_mouse),True
4609,Make sure to reach street 2 and remain there continuously,FG street_2,F(G street_2 ),True
4610,Keep photographing street 3 at regular intervals,GF(photo & street_3),G(F(photo & street_3)),True
4611,it never happens that either the train stops or the motorbike catches fire,G!(motorbike_catches_fire | train_stops),G(!(train_stops | motorbike_catches_fire)),True
4612,"first, finally, both a house is built and a sensor captures data, and then, at some point both an elevator is open and a train is crossing",G!(house_is_built & sensor_captures_data) | F(house_is_built & sensor_captures_data & F(elevator_is_open & train_is_crossing)),! (house_is_built & sensor_captures_data) | F ((house_is_built & sensor_captures_data) & F (elevator_is_open & train_is_crossing)),False
4614,follow the path through the blue_room to get to the green_room,F(blue_room & F green_room),!blue_room | F(blue_room & F(green_room)),False
4616,Ensure that you keep visiting charger_9 and keep moving crate_2 from warehouse_8 to store_2,GF charger_9 & GF(warehouse_8 & F(p_crate_2 & F(pd & store_2))),G(F charger_9) & G(F(p_crate_2 & warehouse_8 & F(p_crate_2 & store_2))),False
4617,forever go_by trash can and at some time go home,G go_by_trash_can & F go_home,G(go_by_trash_can ) & F(go_home ),True
4618,Stay away from room 4 until you reach building 4,!room_4 U building_4,!room_4 U building_4,True
4619,"Transport the truck to the shelf should always hold, with at most a two-step grace period for recovery.",!G!(deliver_truck_shelf & X deliver_truck_shelf),G(deliver_truck_shelf | X deliver_truck_shelf | X X deliver_truck_shelf),False
4620,"at a certain moment a semaphore is broken and, at the same time, the engine starts and the brake is released",F(brake_is_released & engine_starts & semaphore_is_broken),F(semaphore_is_broken & engine_starts & brake_is_released),True
4621,Deliver pass 2 from house 3 to office 2 but do not enter street 5 until you pick up pass 2,F(house_3 & F(p_pass_2 & F(office_2 & pd))) & (!street_5 U p_pass_2),F(pd & office_2) & (!street_5 U p_pass_2),False
4622,"in the future either the engine breaks or the semaphore is yellow and, in the future either the bar is down or a motorbike is driven afterwards",G!(engine_breaks | semaphore_is_yellow) | F((engine_breaks | semaphore_is_yellow) & F(bar_is_down | motorbike_is_driven)),F(engine_breaks | semaphore_is_yellow) & F(bar_is_down | F motorbike_is_driven),False
4623,seize apple or grasp orange,grasp_orange | seize_apple,seize_apple | grasp_orange,True
4624,in any case an elevator is open and together the train stops and the engine breaks,G(elevator_is_open & engine_breaks & train_stops),G(elevator_is_open & train_stops & engine_breaks),True
4625,every time either the motorbike catches fire or the escalator speeds up then every time the semaphore is yellow,G((escalator_speeds_up | motorbike_catches_fire) -> G semaphore_is_yellow),G((motorbike_catches_fire | escalator_speeds_up) -> G(semaphore_is_yellow)),True
4626,never drop apple or at any time go_by waste basket,G!drop_apple | F go_by_waste_basket,G(!drop_apple) | G(go_by_waste_basket),False
4627,at some time spend_time_at tree until forever hold_on pear,F spend_time_at_tree U G hold_on_pear,F(spend_time_at_tree U G hold_on_pear),False
4628,Eventually go to warehouse 3 and pick up package 2 and then go to house 1 to deliver the package and take a picture there.,F(warehouse_3 & F(p_package_2 & F(house_1 & pd & photo))),F(warehouse_3 & p_package_2 & F(house_1 & pd & photo)),False
4629,Ensure you do to intersection 4 before picking up cone 2,!p_cone_2 U intersection_4,!p_cone_2 U intersection_4,True
4630,"it never happens that the brake is released, the escalator speeds up and the train derails",G!(brake_is_released & escalator_speeds_up & train_derails),G(!(brake_is_released & escalator_speeds_up & train_derails)),True
4631,"Take a video of injured_rescuer and get_help never coincide, yet one of them is always true.",G!(get_help & record_injured_rescuer) & G(get_help | record_injured_rescuer),G(!(record_injured_rescuer & get_help) & (record_injured_rescuer | get_help)),True
4632,whenever withold apple until at some time visit house,F withold_apple U F visit_house,G(withold_apple U visit_house),False
4633,whenever the engine breaks or the semaphore is yellow then all the time the semaphore is yellow or the engine breaks,G((engine_breaks | semaphore_is_yellow) -> G(engine_breaks | semaphore_is_yellow)),G((engine_breaks | semaphore_is_yellow) -> G(semaphore_is_yellow | engine_breaks)),True
4634,"Take a picture of the person on north_1st_street must hold until geting help does, or else photo the person on north_1st_street holds forever.",(photo_person_north_1st_street U get_help) | G photo_person_north_1st_street,(photo_person_north_1st_street U get_help) | G(photo_person_north_1st_street),True
4635,"at a certain moment the bar is down and, at the same time, the semaphore is green and the motorbike has stopped",F(bar_is_down & motorbike_has_stopped & semaphore_is_green),F(bar_is_down & semaphore_is_green & motorbike_has_stopped),True
4636,"whenever the semaphore is yellow then eternally, both the engine stops and a bridge opens",G(semaphore_is_yellow -> G(bridge_opens & engine_stops)),G(semaphore_is_yellow -> G(engine_stops & bridge_opens)),True
4637,it will not happen that both the table is old and a semaphore is green,G!(semaphore_is_green & table_is_old),G(!(table_is_old & semaphore_is_green)),True
4638,Go to parking lot 3 and stay there,FG parking_lot_3,F(parking_lot_3 & G parking_lot_3),True
4639,Keep revisiting area_2 and capturing a photo,GF(area_2 & photo),G(F(area_2 & F(photo))),False
4640,repeatedly go_to waste basket or at some time contact flag,GF go_to_waste_basket | F contact_flag,GF(go_to_waste_basket ) | F(contact_flag ),True
4641,when possible make_contact_with house or at some time reach tree,F make_contact_with_house | F reach_tree,F(make_contact_with_house | reach_tree),True
4642,Remain in street 6 before getting to intersection 8,street_6 U intersection_8,street_6 U intersection_8,True
4643,"if at some time walk_to flag , repeatedly go_to pear",F walk_to_flag -> GF go_to_pear,G(walk_to_flag -> G(go_to_pear)),False
4644,"If deliver the tennis_racket to the shelf happens infinitely often, then so does get_help.",GF deliver_tennis_racket_shelf -> GF get_help,GF deliver_tennis_racket_shelf -> GF get_help,True
4645,"If every change light_east yellow is eventually followed by change light_north yellow, then change light_south red must occur infinitely often.",G(change_light_east_yellow -> F change_light_north_yellow) -> GF change_light_south_red,(G(change_light_east_yellow -> F change_light_north_yellow)) -> GF change_light_south_red,True
4646,Place bottle_3 in kitchen_4 after getting it from bedroom_2,F(bedroom_2 & F(p_bottle_3 & F(kitchen_4 & pd))),G((pd & p_bottle_3 & bedroom_2) -> F(pd & p_bottle_3 & kitchen_4)),False
4647,"as a semaphore is yellow, finally, both the sensor retrieves data and a sensor captures data",G(semaphore_is_yellow -> F(sensor_captures_data & sensor_retrieves_data)),G(semaphore_is_yellow -> F(sensor_retrieves_data & sensor_captures_data)),True
4648,whenever an elevator falls or the motorbike catches fire then it is going to happen that either the car stops or the escalator is blocked,G((elevator_falls | motorbike_catches_fire) -> F(car_stops | escalator_is_blocked)),G((elevator_falls | motorbike_catches_fire) -> F(car_stops | escalator_is_blocked)),True
4649,"Whenever deliver the banana to the shelf holds, search the tie holds as well.",G(deliver_banana_shelf -> search_tie),G(deliver_banana_shelf -> search_tie),True
4650,under no condition the house collapses and together the semaphore is broken and the house is built,G!(house_collapses & house_is_built & semaphore_is_broken),G(!(house_collapses & semaphore_is_broken & house_is_built)),True
4651,"sooner or later either the sensor retrieves data or a manager collect claims and, it will happen that the train has arrived afterwards",G!(manager_collect_claims | sensor_retrieves_data) | F((manager_collect_claims | sensor_retrieves_data) & F train_has_arrived),F((sensor_retrieves_data | manager_collect_claims) & F(train_has_arrived)),False
4652,don't let_go orange or at any time migrate_to tree,!let_go_orange | F migrate_to_tree,G(!let_go_orange | G(!migrate_to_tree)),False
4653,if both the table has been moved and a motorbike has stopped then every time the semaphore is red and the brake is released,G((motorbike_has_stopped & table_has_been_moved) -> G(brake_is_released & semaphore_is_red)),G((table_has_been_moved & motorbike_has_stopped) -> G(semaphore_is_red & brake_is_released)),True
4654,at some time travel_to house until when possible shift_to flag,F travel_to_house U F shift_to_flag,F(travel_to_house U shift_to_flag),True
4655,"Eventually, at bench_4, photo of it, and remain there",F(bench_4 & photo & G bench_4),F(bench_4 & photo & G(bench_4)),True
4656,if the bar has to be repaired or the engine breaks then at some point in time both the bar is down and an elevator is open,G((bar_has_to_be_repaired | engine_breaks) -> F(bar_is_down & elevator_is_open)),G((bar_has_to_be_repaired | engine_breaks) -> F(bar_is_down & elevator_is_open)),True
4657,"when never drop orange , venture_to trash can",G!drop_orange -> venture_to_trash_can,G(!drop_orange -> F venture_to_trash_can),False
4658,"eternally, the table is brown, a table has been moved and the house collapses",G(house_collapses & table_has_been_moved & table_is_brown),G(table_is_brown & table_has_been_moved & house_collapses),True
4659,"in the future the escalator is blocked or a table is old and, at some point the bar has to be repaired and a car stops afterwards",G!(escalator_is_blocked | table_is_old) | F((escalator_is_blocked | table_is_old) & F(bar_has_to_be_repaired & car_stops)),F((escalator_is_blocked | table_is_old) & F(bar_has_to_be_repaired & F(car_stops))),False
4661,Ensure you eventually go to section 3 while avoiding hall 5 at all times,F section_3 & G!hall_5,F section_3 & G(! hall_5),True
4662,"Eventually (pickup crate 4, and after that, at park_1, deliver the crate, and remain in park_1 indefinitely)","F(""p_crate_4 "" & F(""park_1 "" & pd & G park_1))","F(""p_crate_4 "" & F(park_1 & pd & G park_1 ))",False
4663,Stay in parking_lot_9 until a picture of car_2 was taken,parking_lot_9 U (car_2 & photo),parking_lot_9 U (photo & car_2),True
4664,You must always have either photo the vehicle on south_1st_avenue or record the collision on south_6th_street.,G(photo_vehicle_south_1st_avenue | record_collision_south_6th_street),G(photo_vehicle_south_1st_avenue | record_collision_south_6th_street),True
4665,"Whenever deliver_aid the injured_rescuer and go_home are equal, go_home and deliver_aid the safe_hostile are equal as well.",G((deliver_aid_injured_rescuer <-> go_home) -> (deliver_aid_safe_hostile <-> go_home)),G(deliver_aid_injured_rescuer <-> go_home -> (go_home <-> deliver_aid_safe_hostile)),False
4666,"Find the microwave and search the sheep never coincide, yet one of them is always true.",G!(search_microwave & search_sheep) & G(search_microwave | search_sheep),G(!(search_microwave & search_sheep) & (search_microwave | search_sheep)),True
4667,at any time pass_by waste receptacle and repeatedly go_to waste basket,F pass_by_waste_receptacle & GF go_to_waste_basket,G(pass_by_waste_receptacle -> GF go_to_waste_basket),False
4668,when possible seize pear or pick_up orange,pick_up_orange | F seize_pear,G(seize_pear | pick_up_orange),False
4669,in the future a motorbike catches fire and the brake is pressed,F(brake_is_pressed & motorbike_catches_fire),F(motorbike_catches_fire & brake_is_pressed),True
4670,every time the sensor captures data then at some point in time either the bar has to be repaired or the escalator speeds up,G(sensor_captures_data -> F(bar_has_to_be_repaired | escalator_speeds_up)),G(sensor_captures_data -> F(bar_has_to_be_repaired | escalator_speeds_up)),True
4671,"If photo unsafe_person ever holds, avoid the active_gas_leak must have held beforehand.",F photo_unsafe_person -> (!photo_unsafe_person U (avoid_active_gas_leak & !photo_unsafe_person)),!photo_unsafe_person | F(avoid_active_gas_leak & F(photo_unsafe_person)),False
4672,"When pickup the boat happens, deliver the bear to the shelf must hold now or in the next step.",G(pickup_boat -> (deliver_bear_shelf | X deliver_bear_shelf)),G(pickup_boat -> (deliver_bear_shelf | X deliver_bear_shelf)),True
4673,every time either an elevator is open or the manager handles requests then it should not happen that the engine stops or a train stops,G((elevator_is_open | manager_handles_requests) -> G!(engine_stops | train_stops)),G((elevator_is_open | manager_handles_requests) -> ! (engine_stops | train_stops)),False
4674,at some time go_near house and do not let_go pear,!let_go_pear & F go_near_house,F(go_near_house & !let_go_pear),False
4675,"first, at some point a constructor creates instances or a table is old, and then, finally, a sensor gathers information",G!(constructor_creates_instances | table_is_old) | F((constructor_creates_instances | table_is_old) & F sensor_gathers_information),! (constructor_creates_instances | table_is_old) | F ((constructor_creates_instances | table_is_old) & F (sensor_gathers_information)),False
4676,at a certain moment either the brake is pressed or a semaphore is red,F(brake_is_pressed | semaphore_is_red),F(brake_is_pressed | semaphore_is_red),True
4677,"In this task, deliver_aid the injured_victim, then photo safe_person.",deliver_aid_injured_victim U photo_safe_person,!deliver_aid_injured_victim | F(deliver_aid_injured_victim & F(photo_safe_person)),False
4678,do not let_go orange or at some time visit trash bin,!let_go_orange | F visit_trash_bin,G(!let_go_orange) | F(visit_trash_bin),False
4679,if a train derails then at some point in time either a bridge closes or the bar has to be repaired,G(train_derails -> F(bar_has_to_be_repaired | bridge_closes)),G(train_derails -> F(bridge_closes | bar_has_to_be_repaired)),True
4680,"When deliver_aid the safe_hostile happens, get_help must hold now or in the next step.",G(deliver_aid_safe_hostile -> (get_help | X get_help)),G(deliver_aid_safe_hostile -> (get_help | X get_help)),True
4681,"absolutely never, either a bridge closes, the bar has to be repaired or the constructor instantiate objects",G!(bar_has_to_be_repaired | bridge_closes | constructor_instantiate_objects),G(!(bridge_closes | bar_has_to_be_repaired | constructor_instantiate_objects)),True
4682,"Globally, it is not the case that both get_help and photo the motorcycle on northwest_4th_avenue hold simultaneously.",G!(get_help & photo_motorcycle_northwest_4th_avenue),G(!(get_help & photo_motorcycle_northwest_4th_avenue)),True
4683,"Establish communication with the injured_rescuer should always hold, with at most a two-step grace period for recovery.",!G!(communicate_injured_rescuer & X communicate_injured_rescuer),G(communicate_injured_rescuer | X communicate_injured_rescuer | X X communicate_injured_rescuer),False
4684,"it is always true that the sensor gathers information and, at the same time, a sensor retrieves data and the house collapses",G(house_collapses & sensor_gathers_information & sensor_retrieves_data),G(sensor_gathers_information & sensor_retrieves_data & house_collapses),True
4685,"Collect the horse must hold until calling for help does, or else pickup the horse holds forever.",(pickup_horse U get_help) | G pickup_horse,(pickup_horse U get_help) | G(pickup_horse),True
4686,The robot must always avoid geting help.,G!get_help,G(!get_help ),True
4687,go through red_room to get to green_room,F(red_room & F green_room),!red_room | F(red_room & F(green_room)),False
4688,at the red_room,F red_room,G(red_room ),False
4689,never drop apple or whenever present_at flag,G!drop_apple | F present_at_flag,G(!drop_apple) | G(present_at_flag -> drop_apple),False
4690,"Globally, if get_help occurs then finally record the jaywalker on south_8th_street happens.",G(get_help -> F record_jaywalker_south_8th_street),G(get_help -> F record_jaywalker_south_8th_street),True
4692,"at some point in time the car stops or the brake is released and, sooner or later a sensor gathers information afterwards",G!(brake_is_released | car_stops) | F((brake_is_released | car_stops) & F sensor_gathers_information),F((car_stops | brake_is_released) & F(sensor_gathers_information)),False
4693,"If pickup the cell_phone ever holds, get_help must have held beforehand.",F pickup_cell_phone -> (!pickup_cell_phone U (get_help & !pickup_cell_phone)),!pickup_cell_phone | F(get_help & F(pickup_cell_phone)),False
4694,Persistently stay within street 5 while regularly photographing parking lot 4,G street_5 & GF(parking_lot_4 & photo),G(street_5 ) & G(F(photo & parking_lot_4 )),True
4695,always hold_onto orange or put_in apple bucket,put_in_apple_bucket | G hold_onto_orange,G(hold_onto_orange | put_in_apple_bucket),False
4696,whenever go_to flag until don't pick_up anything,F go_to_flag U !F pick_up_anything,G(go_to_flag -> (!pick_up_anything U !pick_up_anything)),False
4697,"Once change light_north yellow has occurred, photo the collision on northeast_4th_street will never occur again.",G(change_light_north_yellow -> XG!photo_collision_northeast_4th_street),G(change_light_north_yellow -> G(!photo_collision_northeast_4th_street)),False
4698,it is always the case that both a semaphore is broken and the bar has to be repaired,G(bar_has_to_be_repaired & semaphore_is_broken),G(semaphore_is_broken & bar_has_to_be_repaired),True
4699,when possible secure pear can infer that go_to orange,F secure_pear -> go_to_orange,G(secure_pear -> F(go_to_orange)),False
4700,"always when either a house is open or the constructor instantiate objects then finally, both the escalator speeds up and the bar is up",G((constructor_instantiate_objects | house_is_open) -> F(bar_is_up & escalator_speeds_up)),G((house_is_open | constructor_instantiate_objects) -> F(escalator_speeds_up & bar_is_up)),True
4701,"Whenever get_help holds, record the vehicle on south_4th_avenue holds as well.",G(get_help -> record_vehicle_south_4th_avenue),G(get_help -> record_vehicle_south_4th_avenue),True
4702,"From some point onwards, get_help never occurs again.",FG!get_help,F(G(!get_help )),True
4703,"Globally, if search the tie occurs then finally deliver the parking_meter to the shelf happens.",G(search_tie -> F deliver_parking_meter_shelf),G(search_tie -> F deliver_parking_meter_shelf),True
4704,under no condition either the sensor gathers information or a motorbike has started,G!(motorbike_has_started | sensor_gathers_information),G(!(sensor_gathers_information | motorbike_has_started)),True
4705,Take a picture  of intersection 7 and stay there,F(intersection_7 & photo & G intersection_7),G(photo & intersection_7),False
4706,"Whenever neither record the jaywalker on southeast_2nd_street nor photo the collision on northeast_10th_street holds, photo the cyclist on east_10th_avenue eventually holds.",G(!(photo_collision_northeast_10th_street & record_jaywalker_southeast_2nd_street) -> F photo_cyclist_east_10th_avenue),G((!record_jaywalker_southeast_2nd_street & !photo_collision_northeast_10th_street) -> F(photo_cyclist_east_10th_avenue)),False
4707,Always stay away from parking lot 5 while ensuring you take a picture of car 3,G!parking_lot_5 & F(car_3 & photo),G(!parking_lot_5) & F(photo & car_3),True
4708,"Whenever neither get_help nor search the cake holds, search the kite eventually holds.",G(!(get_help & search_cake) -> F search_kite),G((!get_help & !search_cake) -> F(search_kite)),False
4709,"Whenever get_help holds, eventually deliver_aid the safe_rescuer will hold.",G(get_help -> F deliver_aid_safe_rescuer),G(get_help -> F(deliver_aid_safe_rescuer)),True
4710,"at some point either the brake is released, the brake is pressed or the constructor creates instances",F(brake_is_pressed | brake_is_released | constructor_creates_instances),F(brake_is_released | brake_is_pressed | constructor_creates_instances),True
4711,Go to parking_lot_3 and stay there,FG parking_lot_3,F(G parking_lot_3 ),True
4712,"as a semaphore is yellow, it is going to happen that the engine breaks and a semaphore is yellow",G(semaphore_is_yellow -> F(engine_breaks & semaphore_is_yellow)),G(semaphore_is_yellow -> F(engine_breaks & semaphore_is_yellow)),True
4713,at a certain moment the engine starts or the bar has to be repaired after a semaphore is yellow,G(semaphore_is_yellow -> F(bar_has_to_be_repaired | engine_starts)),F(engine_starts | (semaphore_is_yellow -> F(bar_has_to_be_repaired))),False
4714,"in the future a constructor instantiate objects, the bar is closing and the motorbike has started",F(bar_is_closing & constructor_instantiate_objects & motorbike_has_started),F(constructor_instantiate_objects & bar_is_closing & motorbike_has_started),True
4715,"If every get_help is eventually followed by changeing light_west yellow, then record the jaywalker on southwest_7th_street must occur infinitely often.",G(get_help -> F change_light_west_yellow) -> GF record_jaywalker_southwest_7th_street,G(get_help -> F change_light_west_yellow) -> GF record_jaywalker_southwest_7th_street,True
4716,never let_go or whenever go_to peach,G!let_go | F go_to_peach,G(!let_go) | G(go_to_peach -> go_to_peach),False
4717,take_to trashcan and take_to trashcan,take_to_trashcan,take_to_trashcan & take_to_trashcan,True
4718,Our agent must always avoid begining recording fire_source.,G!record_fire_source,G(!record_fire_source ),True
4719,when possible go home until at any time move_to flag,F go_home U F move_to_flag,G(go_home U move_to_flag),False
4720,when possible get_hold orange means that take_to tree,F get_hold_orange -> take_to_tree,G(get_hold_orange -> F(take_to_tree)),False
4721,"Photograph the cyclist on west_6th_street must keep holding until, from some point on, change light_east red holds infinitely often.",photo_cyclist_west_6th_street U GF change_light_east_red,(photo_cyclist_west_6th_street ) U (G F (change_light_east_red )),True
4722,don't let_go pear until at any time snatch pear,!let_go_pear U F snatch_pear,(!let_go_pear U snatch_pear),False
4723,"first, it is going to happen that the table is brown and the motorbike is driven, and then, sooner or later both a train derails and a house is built",G!(motorbike_is_driven & table_is_brown) | F(motorbike_is_driven & table_is_brown & F(house_is_built & train_derails)),! (table_is_brown & motorbike_is_driven) | F ((table_is_brown & motorbike_is_driven) & F (train_derails & house_is_built)),False
4724,The robot must always avoid geting help.,G!get_help,G(!get_help ),True
4725,Keep taking a picture of building 5 while you also keep visiting charger 4,GF(building_5 & photo) & GF charger_4,G(photo & building_5 & charger_4),False
4726,at some time go_to trash receptacle until take_to trash can,F go_to_trash_receptacle U take_to_trash_can,F(go_to_trash_receptacle U take_to_trash_can),False
4727,Always avoid picking up package 5,G!p_package_5,G(!p_package_5 ),True
4728,under no circumstances the escalator is blocked or an elevator rises,G!(elevator_rises | escalator_is_blocked),G(!(escalator_is_blocked | elevator_rises)),True
4729,always an elevator is open or the manager handles requests implies that it will not happen that a train stops or the semaphore is red,G((elevator_is_open | manager_handles_requests) -> G!(semaphore_is_red | train_stops)),G((elevator_is_open | manager_handles_requests) -> G(!(train_stops | semaphore_is_red))),True
4730,at any time snatch pear and always touch flag,F snatch_pear & G touch_flag,G(snatch_pear & G touch_flag),False
4731,Take a photo of unsafe_civilian and go_home will each happen at some point.,F photo_unsafe_civilian & F go_home,F(photo_unsafe_civilian) & F(go_home),True
4732,go through the red or the blue_room to get to the green_room,F((blue_room | red_room) & F green_room),! (red_room | blue_room) | F ((red_room | blue_room) & F green_room),False
4733,"when when possible visit flag , collect pear",F visit_flag -> collect_pear,G(visit_flag -> F collect_pear),False
4734,Remain in parking lot 5 until you capture a photo of car 5,parking_lot_5 U (car_5 & photo),parking_lot_5 U (photo & car_5),True
4735,Both deliver_aid the safe_victim and go_home hold at every step.,G(deliver_aid_safe_victim & go_home),G(deliver_aid_safe_victim & go_home),True
4736,it is always the case that a table is old or the sensor retrieves data,G(sensor_retrieves_data | table_is_old),G(table_is_old | sensor_retrieves_data),True
4737,Never go to house 4 to pick up bottle 2,G!(house_4 & p_bottle_2),G(!(house_4 & p_bottle_2)),True
4738,Refrain from entering park_5 throughout,G!park_5,G(!park_5 ),True
4739,"after both the brake is pressed and the bar is down, all the time either the semaphore is broken or the train has arrived",G((bar_is_down & brake_is_pressed) -> G(semaphore_is_broken | train_has_arrived)),G((brake_is_pressed & bar_is_down) -> G(semaphore_is_broken | train_has_arrived)),True
4741,at any time make_way_for tree or always touch flag,F make_way_for_tree | G touch_flag,G(make_way_for_tree | touch_flag),False
4742,"Either photo injured_victim happens infinitely often, or photo unsafe_rescuer happens in the next step.",GF photo_injured_victim | X photo_unsafe_rescuer,GF(photo_injured_victim ) | X(photo_unsafe_rescuer ),True
4743,"eventually, an elevator is blocked and the semaphore is red",F(elevator_is_blocked & semaphore_is_red),F(elevator_is_blocked & semaphore_is_red),True
4744,"Eventually go to building 3 and remain there permanently, but avoid entering building 3 until you have first reached garage 3",FG building_3 & (!building_3 U garage_3),F(building_3 & G building_3) & (!building_3 U garage_3),True
4745,at some time go_to apple until when possible yield pear,F go_to_apple U F yield_pear,F(go_to_apple U yield_pear),True
4746,move_to trashcan or repeatedly go_to apple trashcan,move_to_trashcan | GF go_to_apple_trashcan,move_to_trashcan | GF go_to_apple_trashcan,True
4747,avoid the yellow_rooms on your way into the green_rooms,F green_room & G!yellow_room,!yellow_room U green_room,False
4748,every time both a manager handles requests and the motorbike catches fire,G(manager_handles_requests & motorbike_catches_fire),G(manager_handles_requests & motorbike_catches_fire),True
4749,Keep making visits to street_5 repeatedly.,GF street_5,GF street_5,True
4750,every time the car starts and the house is open then at a certain moment the train has arrived,G((car_starts & house_is_open) -> F train_has_arrived),G((car_starts & house_is_open) -> F(train_has_arrived)),True
4751,repeatedly go_to apple trashcan or whenever visit trash bin,GF go_to_apple_trashcan | F visit_trash_bin,GF(go_to_apple_trashcan ) | G(visit_trash_bin -> F(go_to_apple_trashcan )),False
4752,"every time the table has been moved or a house is built then eventually, the sensor captures data",G((house_is_built | table_has_been_moved) -> F sensor_captures_data),G((table_has_been_moved | house_is_built) -> F(sensor_captures_data)),True
4753,"first, at a certain moment the constructor creates instances or an elevator is blocked, and then, sooner or later the train has arrived",G!(constructor_creates_instances | elevator_is_blocked) | F((constructor_creates_instances | elevator_is_blocked) & F train_has_arrived),! (constructor_creates_instances | elevator_is_blocked) | F ((constructor_creates_instances | elevator_is_blocked) & F train_has_arrived),False
4754,visit tree and at any time be_at house,visit_tree & F be_at_house,F(visit_tree ) & G(be_at_house ),False
4755,Avoid entering street 3 at all times,G!street_3,G(!street_3 ),True
4756,"You must eventually, avoid delivering the bear to the shelf.",F!deliver_bear_shelf,F(!deliver_bear_shelf ),True
4757,This controller must always have either record the collision on west_10th_street or get_help.,G(get_help | record_collision_west_10th_street),G(record_collision_west_10th_street | get_help ),True
4758,"at some point the engine breaks, the engine stops and the motorbike has stopped",F(engine_breaks & engine_stops & motorbike_has_stopped),F(engine_breaks & engine_stops & motorbike_has_stopped),True
4759,Collect the traffic_light holds at all times.,G pickup_traffic_light,G(pickup_traffic_light ),True
4760,Persistently take crate 4 from warehouse 3 to store 9 while consistently visiting charger 3,GF(warehouse_3 & F(p_crate_4 & F(pd & store_9))) & GF charger_3,G(p_crate_4 & warehouse_3 & F(store_9) & charger_3),False
4761,"Whenever get_help holds, eventually search the book will hold.",G(get_help -> F search_book),G(get_help -> F search_book),True
4762,Every go_home is directly followed by doing not go near the active_debris in the next step.,G(go_home -> X avoid_active_debris),G(go_home -> X avoid_active_debris),True
4763,it should not happen that an elevator falls and a house is built,G!(elevator_falls & house_is_built),G(!(elevator_falls & house_is_built)),True
4764,every time the motorbike is driven or the escalator speeds up then it will not happen that the train derails or the motorbike falls down,G((escalator_speeds_up | motorbike_is_driven) -> G!(motorbike_falls_down | train_derails)),G((motorbike_is_driven | escalator_speeds_up) -> ! (train_derails | motorbike_falls_down)),False
4765,never drop pear until whenever travel_to house,G!drop_pear U F travel_to_house,!drop_pear U travel_to_house,False
4766,"if a semaphore is yellow then always, either the manager collect claims or the escalator speeds up",G(semaphore_is_yellow -> G(escalator_speeds_up | manager_collect_claims)),G(semaphore_is_yellow -> G(manager_collect_claims | escalator_speeds_up)),True
4767,Either deliver the motorbike to the shelf or search the horse happens infinitely often.,GF deliver_motorbike_shelf | GF search_horse,GF(deliver_motorbike_shelf | search_horse),True
4768,every time either a motorbike is driven or a house is built then it is going to happen that the house is open and the bar is closing,G((house_is_built | motorbike_is_driven) -> F(bar_is_closing & house_is_open)),G((motorbike_is_driven | house_is_built) -> F(house_is_open & bar_is_closing)),True
4769,"If get_help holds, then in the next step change light_west green persists until change light_north red holds, or else change light_west green holds forever.",get_help -> X((change_light_west_green U change_light_north_red) | G change_light_west_green),G(get_help -> (X(change_light_west_green U change_light_north_red) | G(change_light_west_green))),False
4770,"eventually, the bar is down or the constructor instantiate objects after a train has arrived",G(train_has_arrived -> F(bar_is_down | constructor_instantiate_objects)),F(bar_is_down | (train_has_arrived -> F(constructor_instantiate_objects))),False
4771,"Whenever get_help and communicate the safe_rescuer are equal, communicate the safe_rescuer and avoid the nearest_unstable_beam are equal as well.",G((communicate_safe_rescuer <-> get_help) -> (avoid_nearest_unstable_beam <-> communicate_safe_rescuer)),G((get_help & communicate_safe_rescuer) -> (communicate_safe_rescuer & avoid_nearest_unstable_beam)),False
4772,whenever the semaphore is yellow then every time a bridge opens or a motorbike has started,G(semaphore_is_yellow -> G(bridge_opens | motorbike_has_started)),G(semaphore_is_yellow -> G(bridge_opens | motorbike_has_started)),True
4773,This controller must always avoid requesting assistance.,G!get_help,G(!get_help ),True
4774,"Globally, if change light_east red occurs then finally change light_west yellow happens.",G(change_light_east_red -> F change_light_west_yellow),G(change_light_east_red -> F change_light_west_yellow),True
4775,at some time go_by waste basket or secure apple,secure_apple | F go_by_waste_basket,F(go_by_waste_basket | secure_apple),False
4777,"Whenever neither search the baseball_glove nor deliver the spoon to the shelf holds, get_help eventually holds.",G(!(deliver_spoon_shelf & search_baseball_glove) -> F get_help),G((!search_baseball_glove & !deliver_spoon_shelf) -> F get_help),False
4778,"first, at some point the bridge closes, and then, it is going to happen that either the manager collect claims or the constructor creates instances",G!bridge_closes | F(bridge_closes & F(constructor_creates_instances | manager_collect_claims)),!bridge_closes | F(bridge_closes & F(manager_collect_claims | constructor_creates_instances)),False
4779,repeatedly grab tree or at some time get_near flag,GF grab_tree | F get_near_flag,GF(grab_tree ) | F(get_near_flag ),True
4780,"first, finally, a bridge closes, and then, it is going to happen that either the bar is closing or the brake is pressed",G!bridge_closes | F(bridge_closes & F(bar_is_closing | brake_is_pressed)),!bridge_closes | F(bridge_closes & F(bar_is_closing | brake_is_pressed)),False
4781,travel_to tree and when possible grab apple,travel_to_tree & F grab_apple,G(travel_to_tree & F grab_apple),False
4782,grab_hold pear or repeatedly go_to apple trashcan,grab_hold_pear | GF go_to_apple_trashcan,grab_hold_pear | G(F go_to_apple_trashcan),True
4783,Both photo the car on north_3rd_avenue and record the vehicle on east_9th_street hold at every step.,G(photo_car_north_3rd_avenue & record_vehicle_east_9th_street),G(photo_car_north_3rd_avenue & record_vehicle_east_9th_street),True
4784,when possible journey_by house or always go_by trash can,F journey_by_house | G go_by_trash_can,G(journey_by_house | go_by_trash_can),False
4785,Every search the cell_phone is directly followed by droping off the skis to the shelf in the next step.,G(search_cell_phone -> X deliver_skis_shelf),G(search_cell_phone -> X deliver_skis_shelf),True
4786,"finally, either a sensor retrieves data or the escalator speeds up",F(escalator_speeds_up | sensor_retrieves_data),F (sensor_retrieves_data | escalator_speeds_up),True
4787,if either a constructor instantiate objects or the train has been launched then it is going to happen that the train derails,G((constructor_instantiate_objects | train_has_been_launched) -> F train_derails),G((constructor_instantiate_objects | train_has_been_launched) -> F(train_derails)),True
4788,Every search the laptop is directly followed by looking for the suitcase in the next step.,G(search_laptop -> X search_suitcase),G(search_laptop -> X search_suitcase),True
4789,never let_go and at some time proceed_to tree,G!let_go & F proceed_to_tree,G(!let_go) & F(proceed_to_tree),True
4790,enter red_room through green_room,F(green_room & F red_room),!green_room | F(green_room & F(red_room)),False
4791,always go_by trash can or when possible grab apple,G go_by_trash_can | F grab_apple,G(go_by_trash_can | F grab_apple),False
4792,under no condition a constructor creates instances or the table is old or the brake is pressed,G!(brake_is_pressed | constructor_creates_instances | table_is_old),G(!(constructor_creates_instances | table_is_old | brake_is_pressed)),True
4793,"Whenever record the jaywalker on northwest_3rd_street and change light_north green are equal, change light_north green and change light_west red are equal as well.",G((change_light_north_green <-> record_jaywalker_northwest_3rd_street) -> (change_light_north_green <-> change_light_west_red)),G((record_jaywalker_northwest_3rd_street & change_light_north_green) -> (change_light_north_green & change_light_west_red)),False
4794,"Visit landmark 9, take a picture, and remain there indefinitely",F(landmark_9 & photo & G landmark_9),F(landmark_9 & F(photo & G(landmark_9))),True
4795,Remain in parking lot 5 until you capture a picture of car 5,parking_lot_5 U (car_5 & photo),parking_lot_5 U (photo & car_5),True
4796,"first, at a certain moment either the engine breaks or the manager handles requests, and then, sooner or later both the escalator speeds up and the bridge opens",G!(engine_breaks | manager_handles_requests) | F((engine_breaks | manager_handles_requests) & F(bridge_opens & escalator_speeds_up)),!((engine_breaks | manager_handles_requests)) | F((engine_breaks | manager_handles_requests) & F(escalator_speeds_up & bridge_opens)),False
4797,"first, eventually, both a table is old and the bar has to be repaired, and then, sooner or later a bridge closes",G!(bar_has_to_be_repaired & table_is_old) | F(bar_has_to_be_repaired & table_is_old & F bridge_closes),! (table_is_old & bar_has_to_be_repaired) | F ((table_is_old & bar_has_to_be_repaired) & F (bridge_closes)),False
4798,Stay out of both street 3 and street 4 permanently,G!(street_3 | street_4),G(!street_3 & !street_4),True
4799,Retrieve luggage 2 and deliver it to room 402,F(p_luggage_2 & F(pd & room_402)),F(p_luggage_2 & F(room_402)),False
4800,"never, a manager handles requests and, at the same time, the house is built and a train has arrived",G!(house_is_built & manager_handles_requests & train_has_arrived),G(!(manager_handles_requests & house_is_built & train_has_arrived)),True
4801,This controller must eventually get_help or photo the vehicle on north_2nd_avenue.,F(get_help | photo_vehicle_north_2nd_avenue),F(get_help | photo_vehicle_north_2nd_avenue),True
4802,if either the bridge closes or the bridge opens then at any time a constructor creates instances or a house is built,G((bridge_closes | bridge_opens) -> G(constructor_creates_instances | house_is_built)),G((bridge_closes | bridge_opens) -> G(constructor_creates_instances | house_is_built)),True
4803,whenever the elevator is open or the bar is closing then it will not happen that both the motorbike catches fire and a bridge opens,G((bar_is_closing | elevator_is_open) -> G!(bridge_opens & motorbike_catches_fire)),G((elevator_is_open | bar_is_closing) -> !(motorbike_catches_fire & bridge_opens)),False
4804,"Return to base must hold until get_help does, or else go_home holds forever.",(go_home U get_help) | G go_home,(return_to_base U get_help) | G go_home,False
4805,"While staying out of street 4, pickup package 8 from store 7 and deliver it to house 2",G!street_4 & F(store_7 & F(p_package_8 & F(house_2 & pd))),(!street_4 ) U (p_package_8 & store_7 & F(pd & house_2 )),False
4806,grip apple until whenever venture flag,grip_apple U F venture_flag,grip_apple U venture_flag,False
4807,"after the semaphore is yellow, it is always true that the manager collect claims and the escalator is blocked",G(semaphore_is_yellow -> G(escalator_is_blocked & manager_collect_claims)),G(semaphore_is_yellow -> G(manager_collect_claims & escalator_is_blocked)),True
4808,Never approach building_2 while ensuring you retrieve letter_5 from office_6,G!building_2 & F(office_6 & p_letter_5),G(!building_2) & F(office_6 & p_letter_5),True
4809,when possible advance_to house until repeatedly go_to waste basket,F advance_to_house U GF go_to_waste_basket,G(advance_to_house U go_to_waste_basket),False
4810,whenever going_to house until when possible tax apple,F going_to_house U F tax_apple,G(going_to_house U tax_apple),False
4811,Idle holds at all times.,G idle,G (idle ),True
4812,at any time come home or never drop apple,F come_home | G!drop_apple,G(come_home | G(!drop_apple)),False
4813,every time both the bridge opens and the constructor creates instances then it is always true that the bar is down or a sensor retrieves data,G((bridge_opens & constructor_creates_instances) -> G(bar_is_down | sensor_retrieves_data)),G((bridge_opens & constructor_creates_instances) -> G(bar_is_down | sensor_retrieves_data)),True
4814,never drop apple or when possible get apple,G!drop_apple | F get_apple,G(!drop_apple) | G(F get_apple),False
4815,never let_go and when possible set_out_to house,G!let_go & F set_out_to_house,G(!let_go) & G(F set_out_to_house),False
4816,Ensure you never go to street 3 while traveling to building 4,G!street_3 & F building_4,G(!street_3 | !building_4),False
4817,at no time the bar is up or the bridge opens,G!(bar_is_up | bridge_opens),G(!(bar_is_up | bridge_opens)),True
4818,Always avoid going to building_2 while ensuring you pickup letter_5 from office_6,G!building_2 & F(office_6 & p_letter_5),G(!building_2) & F(office_6 & p_letter_5),True
4819,gather orange or at some time venture_to flag,gather_orange | F venture_to_flag,gather_orange | F venture_to_flag,True
4820,if either a bridge closes or an elevator is blocked then at a certain moment both the engine starts and the semaphore is broken,G((bridge_closes | elevator_is_blocked) -> F(engine_starts & semaphore_is_broken)),G((bridge_closes | elevator_is_blocked) -> F(engine_starts & semaphore_is_broken)),True
4821,hold orange or when possible grab pear,hold_orange | F grab_pear,G(hold_orange | F grab_pear),False
4822,Stay in building 4 while transportin gfolder 3 from room 43 to room 12,building_4 U (room_43 & F(p_folder_3 & F(pd & room_12))),G(p_folder_3 & room_43 U (p_folder_3 & room_12)) & G(building_4 ),False
4823,at any time venture_to waste basket and repeatedly make_way_to house,F venture_to_waste_basket & GF make_way_to_house,G(venture_to_waste_basket -> F(make_way_to_house)),False
4824,when possible go_to home until hold orange,F go_to_home U hold_orange,G(go_to_home U hold_orange),False
4825,The system must always avoid picking up the sink.,G!pickup_sink,G(!pickup_sink ),True
4826,at any time lay_hold_of apple or when possible clutch orange,F lay_hold_of_apple | F clutch_orange,G(lay_hold_of_apple | F clutch_orange),False
4827,go green to red or yellow to red,F((green_room | yellow_room) & F red_room),G((green_room -> F red_room) | (yellow_room -> F red_room)),False
4828,at any time the train derails or the manager handles requests,G(manager_handles_requests | train_derails),G(train_derails | manager_handles_requests),True
4829,every time both a motorbike falls down and the escalator is blocked after a semaphore is yellow,G(semaphore_is_yellow -> G(escalator_is_blocked & motorbike_falls_down)),G((semaphore_is_yellow & F(motorbike_falls_down & escalator_is_blocked))),False
4830,secure apple or venture_towards house,secure_apple | venture_towards_house,secure_apple | venture_towards_house,True
4831,The system must eventually search the tennis_racket or pickup the cow.,F(pickup_cow | search_tennis_racket),F (search_tennis_racket | pickup_cow),True
4832,if the escalator speeds up or the semaphore is broken then at a certain moment the semaphore is yellow,G((escalator_speeds_up | semaphore_is_broken) -> F semaphore_is_yellow),G((escalator_speeds_up | semaphore_is_broken) -> F(semaphore_is_yellow)),True
4833,"Take a photo of the motorcycle on east_8th_street should always hold, with at most a two-step grace period for recovery.",!G!(photo_motorcycle_east_8th_street & X photo_motorcycle_east_8th_street),G(photo_motorcycle_east_8th_street | X photo_motorcycle_east_8th_street | X X photo_motorcycle_east_8th_street),False
4834,"first, at some point in time the elevator is open or a train derails, and then, at some point in time a sensor gathers information",G!(elevator_is_open | train_derails) | F((elevator_is_open | train_derails) & F sensor_gathers_information),! (elevator_is_open | train_derails) | F ((elevator_is_open | train_derails) & F (sensor_gathers_information)),False
4835,Our agent must eventually change light_south red or change light_west red.,F(change_light_south_red | change_light_west_red),F(change_light_south_red | change_light_west_red),True
4836,in any case the sensor captures data or the brake is released after either a constructor creates instances or the escalator is blocked,G((constructor_creates_instances | escalator_is_blocked) -> G(brake_is_released | sensor_captures_data)),G((constructor_creates_instances | escalator_is_blocked) -> F(sensor_captures_data | brake_is_released)),False
4837,"forever, either the house is built, a sensor gathers information or the car starts",G(car_starts | house_is_built | sensor_gathers_information),G(house_is_built | sensor_gathers_information | car_starts),True
4839,whenever seize orange and whenever capture pear,F seize_orange & F capture_pear,G(seize_orange) & G(capture_pear),False
4840,You must pickup the microwave and deliver the sink to the loading_dock will each happen at some point.,F pickup_microwave & F deliver_sink_loading_dock,F(pickup_microwave ) & F(deliver_sink_loading_dock ),True
4841,"if drop pear , when possible grab flag",drop_pear -> F grab_flag,G(drop_pear -> F(grab_flag)),False
4842,it is never the case that the table is brown or the bar is down,G!(bar_is_down | table_is_brown),G(!(table_is_brown | bar_is_down)),True
4843,at any time make_way waste basket until at some time spend_time_at tree,F make_way_waste_basket U F spend_time_at_tree,G(make_way_waste_basket U spend_time_at_tree),False
4844,at the yellow_room but do not pass through the red_room on your way,F yellow_room & G!red_room,F(yellow_room) & (!red_room U yellow_room),False
4845,Retrieve the baseball_glove can only happen after idle.,!pickup_baseball_glove U idle,G(!pickup_baseball_glove U idle),False
4846,at any time the semaphore is green or the constructor instantiate objects or the elevator falls,G(constructor_instantiate_objects | elevator_falls | semaphore_is_green),G(semaphore_is_green | constructor_instantiate_objects | elevator_falls),True
4847,whenever get_to cup or at some time seize orange,F get_to_cup | F seize_orange,G(get_to_cup ) | F(seize_orange ),False
4848,all the time the escalator speeds up and a manager handles requests,G(escalator_speeds_up & manager_handles_requests),G(escalator_speeds_up & manager_handles_requests),True
4849,"first, eventually, both the escalator moves and a car starts, and then, sooner or later a train has arrived",G!(car_starts & escalator_moves) | F(car_starts & escalator_moves & F train_has_arrived),! (escalator_moves & car_starts) | F ((escalator_moves & car_starts) & F (train_has_arrived)),False
4850,"Whenever neither get_help nor avoid the probable_debris holds, go_home eventually holds.",G(!(avoid_probable_debris & get_help) -> F go_home),G((!get_help & !avoid_probable_debris) -> F(go_home)),False
4851,whenever pass_by house until gather apple,F pass_by_house U gather_apple,G(pass_by_house U gather_apple),False
4853,never drop pear and whenever journey_to flag,G!drop_pear & F journey_to_flag,G(!drop_pear) & G(journey_to_flag -> journey_to_flag),False
4854,when possible go_by flag can infer that when possible pass_by trash bin,F go_by_flag -> F pass_by_trash_bin,G(go_by_flag -> F(pass_by_trash_bin)),False
4855,"If photo the cyclist on southeast_2nd_street ever holds, photo the vehicle on south_5th_avenue must have held beforehand.",F photo_cyclist_southeast_2nd_street -> (!photo_cyclist_southeast_2nd_street U (!photo_cyclist_southeast_2nd_street & photo_vehicle_south_5th_avenue)),!photo_cyclist_southeast_2nd_street | F(photo_vehicle_south_5th_avenue & F(photo_cyclist_southeast_2nd_street)),False
4856,every time the semaphore is yellow or the brake is released then under no condition the bar is up or the sensor retrieves data,G((brake_is_released | semaphore_is_yellow) -> G!(bar_is_up | sensor_retrieves_data)),G((semaphore_is_yellow | brake_is_released) -> G(!(bar_is_up | sensor_retrieves_data))),True
4857,Take letter 2 from post_office_1 and place it in building_3 afterward,F(post_office_1 & F(p_lettter_2 & F(building_3 & pd))),F(pd & post_office_1 & p_lettter_2 & F(pd & building_3 & p_lettter_2)),False
4858,"Collect the aeroplane must keep holding until, from some point on, pickup the skateboard holds infinitely often.",pickup_aeroplane U GF pickup_skateboard,pickup_aeroplane U (G(F pickup_skateboard)),True
4859,This controller must always avoid change light_east red.,G!change_light_east_red,G(!change_light_east_red ),True
4860,"Pick up box_1 from store_6, deliver it to house_9, and then head to intersection_5 and stay there",F(store_6 & F(p_box_1 & F(house_9 & pd))) & F(intersection_5 & G intersection_5),F(p_box_1 & store_6 & F(pd & house_9 & F(G intersection_5))),False
4861,"Whenever change light_north yellow holds, get_help holds as well.",G(change_light_north_yellow -> get_help),G(change_light_north_yellow -> get_help),True
4862,"Whenever search the sheep and idle are equal, idle and search the oven are equal as well.",G((idle <-> search_sheep) -> (idle <-> search_oven)),G((search_sheep & idle) -> (idle & search_oven)),False
4863,Continuously revisit warehouse 4 and each time ensure you pick up crate 3 and deliver it to mall 3,GF(warehouse_4 & F(p_crate_3 & F(mall_3 & pd))),G(warehouse_4 -> F(p_crate_3 & F(mall_3))),False
4864,Eventually visit section 3 while refraining from entering hall 5 at any time,F section_3 & G!hall_5,F(section_3 ) & G(!hall_5 ),True
4865,Retrieve dish 2 by going to parking lot 2,F(p_dish_2 & parking_lot_2),F(parking_lot_2 & F p_dish_2),False
4866,Avoid entering park 3 while completing the task of taking a picture of monument 3,G!park_3 & F(monument_3 & photo),G(!(park_3 & (photo & monument_3))),False
4867,"if a manager handles requests and a house collapses then forever, either a car stops or the bar has to be repaired",G((house_collapses & manager_handles_requests) -> G(bar_has_to_be_repaired | car_stops)),G((manager_handles_requests & house_collapses) -> G(car_stops | bar_has_to_be_repaired)),True
4868,gather orange until when possible proceed_to tree,gather_orange U F proceed_to_tree,gather_orange U proceed_to_tree,False
4869,if both the train stops and a sensor gathers information then at any time both a motorbike falls down and the table has been moved,G((sensor_gathers_information & train_stops) -> G(motorbike_falls_down & table_has_been_moved)),G((train_stops & sensor_gathers_information) -> G(motorbike_falls_down & table_has_been_moved)),True
4870,"it is going to happen that the engine breaks or a car enters and, at a certain moment either the constructor creates instances or a table is old afterwards",G!(car_enters | engine_breaks) | F((car_enters | engine_breaks) & F(constructor_creates_instances | table_is_old)),F((engine_breaks | car_enters) & F(constructor_creates_instances | table_is_old)),False
4871,approach tree can infer that when possible visit waste basket,approach_tree -> F visit_waste_basket,G(approach_tree -> F(visit_waste_basket)),False
4872,at green area by avoiding blue area,F green_room & G!blue_room,F(green_room ) & G(!blue_room ),True
4873,"If deliver the knife to the loading_dock ever holds, idle must have held beforehand.",F deliver_knife_loading_dock -> (!deliver_knife_loading_dock U (!deliver_knife_loading_dock & idle)),!deliver_knife_loading_dock | F(idle & F(deliver_knife_loading_dock)),False
4874,at the red_room and then the yellow_room,F(red_room & F yellow_room),F(red_room & F yellow_room ),True
4875,"as both a train has arrived and the motorbike falls down, at some point either the house is open or the bridge closes",G((motorbike_falls_down & train_has_arrived) -> F(bridge_closes | house_is_open)),G((train_has_arrived & motorbike_falls_down) -> F(house_is_open | bridge_closes)),True
4876,"If pickup the teddy-bear holds, then in the next step get_help persists until idle holds, or else get_help holds forever.",pickup_teddy_bear -> X((get_help U idle) | G get_help),G(pickup_teddy_bear -> X(get_help U idle | G get_help)),False
4877,never let_go apple or when possible move_forward trash can,G!let_go_apple | F move_forward_trash_can,G(!let_go_apple) | G(move_forward_trash_can),False
4878,go through the yellow or red_room to reach the blue_room,F((red_room | yellow_room) & F blue_room),! (yellow_room | red_room) | F ((yellow_room | red_room) & F blue_room),False
4879,Go to office 3 to pick up document 1 and move to street 2 to remain there indefinitely,F(office_3 & F(p_document_1 & F(street_2 & G street_2))),F(office_3 & p_document_1 & F(G street_2)),False
4880,at any time contact house or never drop orange,F contact_house | G!drop_orange,G(contact_house | G(!drop_orange)),False
4881,never drop orange and when possible start_going_to tree,G!drop_orange & F start_going_to_tree,G(!drop_orange) & G(F start_going_to_tree),False
4882,Do not at locality_5 before collecting pass_5 from house_2 and delivering it to office_3,!locality_5 U (house_2 & F(p_pass_5 & F(office_3 & pd))),G(!locality_5 U (p_pass_5 & house_2 & F(p_pass_5 & office_3))),False
4883,when the train is crossing then if a table is brown then at a certain moment the motorbike has stopped afterwards,G(train_is_crossing -> G(table_is_brown -> F motorbike_has_stopped)),G((train_is_crossing & table_is_brown) -> F(motorbike_has_stopped)),False
4884,gather apple until when possible move_past trash can,gather_apple U F move_past_trash_can,gather_apple U move_past_trash_can,False
4885,"first, it will happen that both the manager collect claims and a semaphore is broken, and then, eventually, either the sensor retrieves data or a train has been launched",G!(manager_collect_claims & semaphore_is_broken) | F(manager_collect_claims & semaphore_is_broken & F(sensor_retrieves_data | train_has_been_launched)),! (manager_collect_claims & semaphore_is_broken) | F ((manager_collect_claims & semaphore_is_broken) & F (sensor_retrieves_data | train_has_been_launched)),False
4886,"If photo the vehicle on southeast_1st_avenue ever holds, record the jaywalker on east_7th_avenue must have held beforehand.",F photo_vehicle_southeast_1st_avenue -> (!photo_vehicle_southeast_1st_avenue U (!photo_vehicle_southeast_1st_avenue & record_jaywalker_east_7th_avenue)),!photo_vehicle_southeast_1st_avenue | F(record_jaywalker_east_7th_avenue & F(photo_vehicle_southeast_1st_avenue)),False
4887,every time either the table is brown or an elevator rises then at a certain moment either the bridge closes or the semaphore is broken,G((elevator_rises | table_is_brown) -> F(bridge_closes | semaphore_is_broken)),G((table_is_brown | elevator_rises) -> F(bridge_closes | semaphore_is_broken)),True
4888,"always, the bar is down or the sensor retrieves data after either a manager handles requests or a motorbike has started",G((manager_handles_requests | motorbike_has_started) -> G(bar_is_down | sensor_retrieves_data)),G((manager_handles_requests | motorbike_has_started) -> F(bar_is_down | sensor_retrieves_data)),False
4889,don't pick_up anything or when possible withold apple,!F pick_up_anything | F withold_apple,G(!pick_up_anything | withold_apple),False
4890,forever hold_on pear and drop pear,drop_pear & G hold_on_pear,G(hold_on_pear & drop_pear),False
4891,"eventually, either a motorbike has stopped or the engine stops after either a motorbike is driven or an elevator is open",G((elevator_is_open | motorbike_is_driven) -> F(engine_stops | motorbike_has_stopped)),F(motorbike_has_stopped | ((motorbike_is_driven | elevator_is_open) -> F(engine_stops))),False
4892,Stay within area 5 until you collect package 8 from store 2 and transport it to house 9,area_5 U (store_2 & F(p_package_8 & F(house_9 & pd))),area_5 U (p_package_8 & store_2 & F(p_package_8 & house_9)),False
4893,it will happen that the escalator speeds up and the table has been moved,F(escalator_speeds_up & table_has_been_moved),F(escalator_speeds_up & table_has_been_moved),True
4894,"first, eventually, the sensor retrieves data and the house collapses, and then, finally, a car starts and the semaphore is broken",G!(house_collapses & sensor_retrieves_data) | F(house_collapses & sensor_retrieves_data & F(car_starts & semaphore_is_broken)),! (sensor_retrieves_data & house_collapses) | F ((sensor_retrieves_data & house_collapses) & F (car_starts & semaphore_is_broken)),False
4895,whenever obtain pear or never drop orange,F obtain_pear | G!drop_orange,G((obtain_pear | G(!drop_orange))),False
4896,"Get help and search the elephant never coincide, yet one of them is always true.",G!(get_help & search_elephant) & G(get_help | search_elephant),G(!(get_help & search_elephant) & (get_help | search_elephant)),True
4897,Every deliver_aid the injured_victim is directly followed by deliver_aid the safe_hostile in the next step.,G(deliver_aid_injured_victim -> X deliver_aid_safe_hostile),G(deliver_aid_injured_victim -> X deliver_aid_safe_hostile),True
4898,at a certain moment both a train stops and a semaphore is green,F(semaphore_is_green & train_stops),F(train_stops & semaphore_is_green),True
4899,at the yellow_room,F yellow_room,G(yellow_room ),False
4900,forever hold_onto orange and whenever get_close flag,G hold_onto_orange & F get_close_flag,G(hold_onto_orange & (get_close_flag -> get_close_flag)),False
4901,"if both a car stops and an elevator falls then absolutely never, both a constructor instantiate objects and a house is open",G((car_stops & elevator_falls) -> G!(constructor_instantiate_objects & house_is_open)),G((car_stops & elevator_falls) -> G(!(constructor_instantiate_objects & house_is_open))),True
4902,"From some point onwards, communicate the safe_rescuer never occurs again.",FG!communicate_safe_rescuer,F(G(!communicate_safe_rescuer )),True
4903,at the green_room,F green_room,G(green_room ),False
4904,"every time either a car stops or the house collapses then absolutely never, a train has been launched or the train has arrived",G((car_stops | house_collapses) -> G!(train_has_arrived | train_has_been_launched)),G((car_stops | house_collapses) -> G(!(train_has_been_launched | train_has_arrived))),True
4905,Do not enter house_1 under any circumstances,G!house_1,G(!house_1 ),True
4906,"at some point in time both the train has been launched and the escalator is blocked and, at some point in time a train has arrived afterwards",G!(escalator_is_blocked & train_has_been_launched) | F(escalator_is_blocked & train_has_been_launched & F train_has_arrived),F((train_has_been_launched & escalator_is_blocked) & F(train_has_arrived)),False
4907,sooner or later the motorbike has started or a sensor gathers information or the bar is up,F(bar_is_up | motorbike_has_started | sensor_gathers_information),F(motorbike_has_started | sensor_gathers_information | bar_is_up),True
4908,"If get_help holds and change light_east red holds next, then record the cyclist on north_7th_street holds in the step after that.",G((get_help & X change_light_east_red) -> XX record_cyclist_north_7th_street),G((get_help & X change_light_east_red) -> XX record_cyclist_north_7th_street),True
4909,all the time either the sensor retrieves data or a house is open,G(house_is_open | sensor_retrieves_data),G(sensor_retrieves_data | house_is_open),True
4910,The system must eventually idle and get_help.,F(get_help & idle),F(idle & get_help ),True
4911,take_to tree until never drop apple,take_to_tree U G!drop_apple,take_to_tree U G(!drop_apple),True
4913,Our agent must always avoid photoing the motorcycle on north_5th_street.,G!photo_motorcycle_north_5th_street,G(!photo_motorcycle_north_5th_street ),True
4914,go_by waste bin or never drop apple,go_by_waste_bin | G!drop_apple,go_by_waste_bin | G(!drop_apple ),True
4915,keep apple until when possible have pear,keep_apple U F have_pear,keep_apple U have_pear,False
4916,"Call for help should always hold, with at most a two-step grace period for recovery.",!G!(get_help & X get_help),G(get_help | X get_help | X X get_help),False
4917,"Request assistance must keep holding until, from some point on, communicate the injured_victim holds infinitely often.",get_help U GF communicate_injured_victim,(get_help ) U (G(F(communicate_injured_victim ))),True
4918,at some time present_at flag or never drop apple,F present_at_flag | G!drop_apple,F present_at_flag | G ! drop_apple,True
4919,"at any time the semaphore is broken, the elevator is blocked and a bridge closes",G(bridge_closes & elevator_is_blocked & semaphore_is_broken),G(semaphore_is_broken -> (elevator_is_blocked & bridge_closes)),False
4920,in the future both the train derails and the escalator moves after a train has arrived,G(train_has_arrived -> F(escalator_moves & train_derails)),G(train_has_arrived -> F(train_derails & escalator_moves)),True
4921,never let_go orange or when possible go_to peach,G!let_go_orange | F go_to_peach,G(!let_go_orange | F go_to_peach),False
4922,advance_to tree until whenever got_to house,advance_to_tree U F got_to_house,advance_to_tree U got_to_house,False
4923,"eventually, a sensor gathers information and, sooner or later a train has arrived afterwards",G!sensor_gathers_information | F(sensor_gathers_information & F train_has_arrived),F(sensor_gathers_information & F(train_has_arrived)),False
4924,move_to trashcan or come_to tree,come_to_tree | move_to_trashcan,move_to_trashcan | come_to_tree,True
4925,forever move_around or at any time get pear,G move_around | F get_pear,G(move_around ) | F(get_pear ),True
4926,"If record the person on north_10th_avenue ever holds, change light_west green must have held beforehand.",F record_person_north_10th_avenue -> (!record_person_north_10th_avenue U (change_light_west_green & !record_person_north_10th_avenue)),!record_person_north_10th_avenue | F(record_person_north_10th_avenue & F(change_light_west_green)),False
4927,"Our agent must eventually, avoid requesting assistance.",F!get_help,F(G(!get_help )),False
4928,"it never happens that a house is built, the sensor gathers information and the bar has to be repaired",G!(bar_has_to_be_repaired & house_is_built & sensor_gathers_information),G(!(house_is_built & sensor_gathers_information & bar_has_to_be_repaired)),True
4929,snatch_up pear and grip apple,grip_apple & snatch_up_pear,G(snatch_up_pear & grip_apple),False
4930,"first, at some point in time either the engine breaks or the car enters, and then, at some point either an elevator is blocked or a house is open",G!(car_enters | engine_breaks) | F((car_enters | engine_breaks) & F(elevator_is_blocked | house_is_open)),!((engine_breaks | car_enters)) | F((engine_breaks | car_enters) & F(elevator_is_blocked | house_is_open)),False
4931,"as the elevator rises or an elevator is blocked, sooner or later the train has arrived",G((elevator_is_blocked | elevator_rises) -> F train_has_arrived),G((elevator_rises | elevator_is_blocked) -> F(train_has_arrived)),True
4932,"Pick up box 1 from store 6, deliver it to house 9, and then head to intersection 5 and stay there",F(store_6 & F(p_box_1 & F(house_9 & pd))) & F(intersection_5 & G intersection_5),F(p_box_1 & store_6 & F(pd & house_9 & F(G intersection_5))),False
4933,Stay away from street_4 until you arrive at intersection_6 and then proceed to and remain in street_4,(!street_4 U intersection_6) & FG street_4,(!street_4 U (intersection_6 & F(G street_4))),True
4934,"first, at some point in time the brake is pressed and the motorbike has stopped, and then, it is going to happen that the sensor gathers information",G!(brake_is_pressed & motorbike_has_stopped) | F(brake_is_pressed & motorbike_has_stopped & F sensor_gathers_information),! (brake_is_pressed & motorbike_has_stopped) | F ((brake_is_pressed & motorbike_has_stopped) & F (sensor_gathers_information)),False
4935,repeatedly go_to waste basket until at any time go_by flag,GF go_to_waste_basket U F go_by_flag,(go_to_waste_basket ) U (go_by_flag ),False
4936,move_to tree and put_in bin,move_to_tree & put_in_bin,F(move_to_tree & F put_in_bin),False
4937,Ensure you continuously stay in street 8,G street_8,G(street_8 ),True
4938,"Get help must keep holding until, from some point on, search the boat holds infinitely often.",get_help U GF search_boat,get_help U (G(F search_boat )),True
4939,"as a motorbike has stopped and the escalator moves, eventually, the brake is released or the engine breaks",G((escalator_moves & motorbike_has_stopped) -> F(brake_is_released | engine_breaks)),G((motorbike_has_stopped & escalator_moves) -> F(brake_is_released | engine_breaks)),True
4940,every time both the motorbike falls down and the escalator is blocked then every time either the car enters or the train has arrived,G((escalator_is_blocked & motorbike_falls_down) -> G(car_enters | train_has_arrived)),G((motorbike_falls_down & escalator_is_blocked) -> G(car_enters | train_has_arrived)),True
4941,Always stay in locality_7 as you take letter_1 from office_4 to house_1,G locality_7 & F(office_4 & F(p_letter_1 & F(house_1 & pd))),G((p_letter_1 & office_4) -> (locality_7 U house_1)),False
4942,"At every step, record the pedestrian on west_3rd_avenue equals the value of photo the pedestrian on west_4th_street in the next step.",G(record_pedestrian_west_3rd_avenue <-> X photo_pedestrian_west_4th_street),G(record_pedestrian_west_3rd_avenue <-> X photo_pedestrian_west_4th_street),True
4943,Every search the giraffe is directly followed by remaining still in the next step.,G(search_giraffe -> X idle),G(search_giraffe -> X idle),True
4944,Ensure you reach statue_7 and photo,F(photo & statue_7),F(statue_7 & photo),True
4945,only go through yellow_rooms to get to blue_rooms,F(yellow_room & F blue_room),(!blue_room ) U (yellow_room ),False
4946,"If search the toothbrush happens infinitely often, then so does idle.",GF search_toothbrush -> GF idle,GF search_toothbrush -> GF idle,True
4947,it will not happen that the sensor captures data or a constructor creates instances,G!(constructor_creates_instances | sensor_captures_data),G(!(sensor_captures_data | constructor_creates_instances)),True
4948,"always, either the bar has to be repaired or an elevator falls",G(bar_has_to_be_repaired | elevator_falls),G(bar_has_to_be_repaired | elevator_falls),True
4949,every time either the house is open or a bridge closes then sooner or later the escalator speeds up or the bar has to be repaired,G((bridge_closes | house_is_open) -> F(bar_has_to_be_repaired | escalator_speeds_up)),G((house_is_open | bridge_closes) -> F(escalator_speeds_up | bar_has_to_be_repaired)),True
4950,"If get_help holds, then in the next step record the collision on north_3rd_avenue persists until recording the motorcycle on east_3rd_avenue holds, or else record the collision on north_3rd_avenue holds forever.",get_help -> X((record_collision_north_3rd_avenue U record_motorcycle_east_3rd_avenue) | G record_collision_north_3rd_avenue),G(get_help -> X(record_collision_north_3rd_avenue U record_motorcycle_east_3rd_avenue | G record_collision_north_3rd_avenue)),False
4951,Go to street 5 and then go to house 4,F(street_5 & F house_4),!street_5 | F(street_5 & F(house_4)),False
4952,at no time the train has been launched and a table is brown,G!(table_is_brown & train_has_been_launched),G(!(train_has_been_launched & table_is_brown)),True
4953,"Whenever get_help holds, photo the collision on west_6th_street holds exactly three steps later.",G(get_help -> XXX photo_collision_west_6th_street),G(get_help -> X(X(X(photo_collision_west_6th_street)))),True
4954,when possible move_near tree and drop pear,drop_pear & F move_near_tree,G(move_near_tree -> F(drop_pear)),False
4955,every time a motorbike is driven or a semaphore is broken or the table is old,G(motorbike_is_driven | semaphore_is_broken | table_is_old),G(motorbike_is_driven | semaphore_is_broken | table_is_old),True
4956,Every pickup the bottle is directly followed by search the sheep in the next step.,G(pickup_bottle -> X search_sheep),G(pickup_bottle -> X search_sheep),True
4957,at some time got_to house or never drop orange,F got_to_house | G!drop_orange,F got_to_house | G ! drop_orange,True
4959,"Once deliver the bottle to the shelf has occurred, search the handbag will never occur again.",G(deliver_bottle_shelf -> XG!search_handbag),G(deliver_bottle_shelf -> G(!search_handbag)),False
4960,"after both the train has been launched and the bar is closing, every time the brake is pressed and the bar is down",G((bar_is_closing & train_has_been_launched) -> G(bar_is_down & brake_is_pressed)),G((train_has_been_launched & bar_is_closing) -> G((brake_is_pressed & bar_is_down))),True
4961,Ensure you photograph monument_3 and afterward proceed to pathway_8 and stay there,F(monument_3 & photo & F(pathway_8 & G pathway_8)),! (photo & monument_3) | F ((photo & monument_3) & F (G (pathway_8))),False
4962,secure apple or venture_towards house,secure_apple | venture_towards_house,secure_apple | venture_towards_house,True
4963,repeatedly make_way_to house and at some time visit flag,GF make_way_to_house & F visit_flag,GF(make_way_to_house ) & F(visit_flag ),True
4964,"You must Eventually, both get_help and record the jaywalker on east_6th_street hold simultaneously.",F(get_help & record_jaywalker_east_6th_street),F(get_help & record_jaywalker_east_6th_street),True
4965,"if the sensor captures data or a train has been launched then eternally, both a table is brown and a car starts",G((sensor_captures_data | train_has_been_launched) -> G(car_starts & table_is_brown)),G((sensor_captures_data | train_has_been_launched) -> G(table_is_brown & car_starts)),True
4966,"eternally, both the brake is pressed and the bar is down after either a car starts or the bar is closing",G((bar_is_closing | car_starts) -> G(bar_is_down & brake_is_pressed)),G((car_starts | bar_is_closing) -> F(brake_is_pressed & bar_is_down)),False
4967,Ensure you do to intersection_4 before picking up cone_2,!p_cone_2 U intersection_4,!p_cone_2 U intersection_4,True
4968,Call for help holds at all times.,G get_help,G(get_help ),True
4969,whenever the semaphore is yellow then it is always the case that the bar has to be repaired or the escalator moves,G(semaphore_is_yellow -> G(bar_has_to_be_repaired | escalator_moves)),G(semaphore_is_yellow -> G(bar_has_to_be_repaired | escalator_moves)),True
4970,if both a constructor instantiate objects and the escalator speeds up then at no time both the constructor creates instances and the car enters,G((constructor_instantiate_objects & escalator_speeds_up) -> G!(car_enters & constructor_creates_instances)),G((constructor_instantiate_objects & escalator_speeds_up) -> G(!(constructor_creates_instances & car_enters))),True
4971,never drop orange or at any time track_towards tree,G!drop_orange | F track_towards_tree,G(!drop_orange) | G(track_towards_tree),False
4972,always both the house is built and the motorbike has stopped implies that under no circumstances the bar has to be repaired or the train has arrived,G((house_is_built & motorbike_has_stopped) -> G!(bar_has_to_be_repaired | train_has_arrived)),G((house_is_built & motorbike_has_stopped) -> G(!(bar_has_to_be_repaired | train_has_arrived))),True
4973,when possible go_by tree or don't let_go pear,!let_go_pear | F go_by_tree,G(possible -> (go_by_tree | !let_go_pear)),False
4974,Never enter house_4,G!house_4,G(!house_4 ),True
4975,never drop apple until whenever reach flag,G!drop_apple U F reach_flag,!drop_apple U reach_flag,False
4976,"This controller must avoid the nearest_unstable_beam should always hold, with at most a two-step grace period for recovery.",!G!(avoid_nearest_unstable_beam & X avoid_nearest_unstable_beam),G(avoid_nearest_unstable_beam | X avoid_nearest_unstable_beam | X X avoid_nearest_unstable_beam),False
4977,"Remain still must keep holding until, from some point on, deliver the toothbrush to the loading_dock holds infinitely often.",idle U GF deliver_toothbrush_loading_dock,(idle U G(F deliver_toothbrush_loading_dock)),True
4978,when possible migrate_to tree can infer that whenever go_to transh can,F migrate_to_tree -> F go_to_transh_can,G(go_to_transh_can -> F(migrate_to_tree)),False
4979,when possible get apple until hold orange,F get_apple U hold_orange,G(get_apple U hold_orange),False
4980,Either record unstable_beam or avoid the active_gas_leak happens infinitely often.,GF record_unstable_beam | GF avoid_active_gas_leak,GF(record_unstable_beam | avoid_active_gas_leak),True
4981,"in the future the elevator is blocked or the escalator speeds up and, at some point either the manager handles requests or a motorbike has started afterwards",G!(elevator_is_blocked | escalator_speeds_up) | F((elevator_is_blocked | escalator_speeds_up) & F(manager_handles_requests | motorbike_has_started)),F(elevator_is_blocked | escalator_speeds_up) & F(manager_handles_requests | F(motorbike_has_started)),False
4982,"Update light_south red must hold until change light_north red does, or else change light_south red holds forever.",(change_light_south_red U change_light_north_red) | G change_light_south_red,(update_light_south_red U change_light_north_red) | G change_light_south_red,False
4983,"after either the table is brown or a house collapses, it is always the case that both a house is open and the motorbike has started",G((house_collapses | table_is_brown) -> G(house_is_open & motorbike_has_started)),G((table_is_brown | house_collapses) -> G(house_is_open & motorbike_has_started)),True
4984,"after both a train stops and a sensor gathers information, at any time the semaphore is yellow",G((sensor_gathers_information & train_stops) -> G semaphore_is_yellow),G((train_stops & sensor_gathers_information) -> G(semaphore_is_yellow)),True
4985,Stay within street_8 at all times,G street_8,G(street_8 ),True
4986,when possible go_near house and don't let_go orange,!let_go_orange & F go_near_house,G(go_near_house & !let_go_orange),False
4987,never drop orange means that when possible proceed_to tree,G!drop_orange -> F proceed_to_tree,G(!drop_orange -> proceed_to_tree),False
4988,"At every step, photo the person on west_1st_street equals the value of photo the collision on north_6th_avenue in the next step.",G(photo_person_west_1st_street <-> X photo_collision_north_6th_avenue),G(photo_person_west_1st_street <-> X photo_collision_north_6th_avenue),True
4989,forever move_around or when possible touch tree,G move_around | F touch_tree,G(move_around | F touch_tree),False
4990,"after both the engine starts and a semaphore is broken, it should not happen that a table is brown or the car stops",G((engine_starts & semaphore_is_broken) -> G!(car_stops | table_is_brown)),G((engine_starts & semaphore_is_broken) -> G(!(table_is_brown | car_stops))),True
4991,You must Please idle and then search the laptop.,idle U search_laptop,!idle | F(idle & F(search_laptop)),False
4992,Provide assistance to the safe_rescuer and get_help are mutually exclusive at all times.,G!(deliver_aid_safe_rescuer & get_help),G(!(deliver_aid_safe_rescuer & get_help)),True
4993,"Whenever idle holds, from the next step onwards deliver the sandwich to the loading_dock will eventually hold.",G(idle -> XF deliver_sandwich_loading_dock),G(idle -> X F deliver_sandwich_loading_dock),True
4994,"Until you reach building 4, avoid room 4",!room_4 U building_4,(!room_4 ) U (building_4 ),True
4995,"Whenever record safe_rescuer holds, avoid the impending_gas_leak holds as well.",G(record_safe_rescuer -> avoid_impending_gas_leak),G(record_safe_rescuer -> avoid_impending_gas_leak),True
4996,This controller must always maintain both go_home and communicate the injured_rescuer.,G(communicate_injured_rescuer & go_home),G(go_home & communicate_injured_rescuer),True
4997,"While staying out of street_4, pickup package_8 from store_7 and deliver it to house_2",G!street_4 & F(store_7 & F(p_package_8 & F(house_2 & pd))),G(!street_4 ) & F(p_package_8 & store_7 & F(pd & house_2 )),False
4998,"Once communicate the safe_victim has occurred, communicate the injured_victim will never occur again.",G(communicate_safe_victim -> XG!communicate_injured_victim),G(communicate_safe_victim -> G(!communicate_injured_victim)),False
4999,"first, at some point the table has been moved and the engine stops, and then, in the future both a motorbike has started and a semaphore is yellow",G!(engine_stops & table_has_been_moved) | F(engine_stops & table_has_been_moved & F(motorbike_has_started & semaphore_is_yellow)),! (table_has_been_moved & engine_stops ) | F (( table_has_been_moved & engine_stops ) & F ( motorbike_has_started & semaphore_is_yellow )),False
5000,Locate the clock and idle are mutually exclusive at all times.,G!(idle & search_clock),G(!(search_clock & idle)),True
5001,always when the bar is closing or a bridge closes then in the future both a sensor retrieves data and a motorbike has started,G((bar_is_closing | bridge_closes) -> F(motorbike_has_started & sensor_retrieves_data)),G((bar_is_closing | bridge_closes) -> F(sensor_retrieves_data & motorbike_has_started)),True
5002,at no time the bar has to be repaired and together the table has been moved and the bar is up,G!(bar_has_to_be_repaired & bar_is_up & table_has_been_moved),G(!(bar_has_to_be_repaired & table_has_been_moved & bar_is_up)),True
5003,if a sensor captures data or a train is crossing then at no time both a train is crossing and the manager collect claims,G((sensor_captures_data | train_is_crossing) -> G!(manager_collect_claims & train_is_crossing)),G((sensor_captures_data | train_is_crossing) -> G(!(train_is_crossing & manager_collect_claims))),True
5004,Stay in house 4 until you reach room 2,house_4 U room_2,house_4 U room_2,True
5005,at some time visit house and take orange,take_orange & F visit_house,F(visit_house & take_orange),False
5006,it is never the case that the semaphore is broken or the engine starts or the escalator moves,G!(engine_starts | escalator_moves | semaphore_is_broken),G(!(semaphore_is_broken | engine_starts | escalator_moves)),True
5008,"first, it is going to happen that a manager collect claims and the sensor captures data, and then, at some point in time the semaphore is green or a car starts",G!(manager_collect_claims & sensor_captures_data) | F(manager_collect_claims & sensor_captures_data & F(car_starts | semaphore_is_green)),! (manager_collect_claims & sensor_captures_data) | F ((manager_collect_claims & sensor_captures_data) & F (semaphore_is_green | car_starts)),False
5009,always when the train has arrived then it is going to happen that an elevator rises and the escalator moves,G(train_has_arrived -> F(elevator_rises & escalator_moves)),G(train_has_arrived -> F(elevator_rises & escalator_moves)),True
5010,at a certain moment either a semaphore is green or the train derails,F(semaphore_is_green | train_derails),F(semaphore_is_green | train_derails),True
5011,"Once photo the person on south_9th_avenue has occurred, get_help will never occur again.",G(photo_person_south_9th_avenue -> XG!get_help),G(photo_person_south_9th_avenue -> G(!get_help)),False
5012,"under no circumstances the train stops, a manager collect claims and the constructor instantiate objects",G!(constructor_instantiate_objects & manager_collect_claims & train_stops),G(!(train_stops & manager_collect_claims & constructor_instantiate_objects)),True
5013,when possible lay_hold_of apple can infer that grab_hold pear,F lay_hold_of_apple -> grab_hold_pear,G(lay_hold_of_apple -> grab_hold_pear),False
5014,"whenever either the bar has to be repaired or the bar is up then forever, either the manager handles requests or the table is old",G((bar_has_to_be_repaired | bar_is_up) -> G(manager_handles_requests | table_is_old)),G((bar_has_to_be_repaired | bar_is_up) -> G(manager_handles_requests | table_is_old)),True
5015,every time the sensor captures data and the semaphore is yellow then at some point in time either a table has been moved or the engine stops,G((semaphore_is_yellow & sensor_captures_data) -> F(engine_stops | table_has_been_moved)),G((sensor_captures_data & semaphore_is_yellow) -> F(table_has_been_moved | engine_stops)),True
5016,"If every pickup the potted_plant is eventually followed by geting help, then pickup the bowl must occur infinitely often.",G(pickup_potted_plant -> F get_help) -> GF pickup_bowl,(G(pickup_potted_plant -> F get_help)) -> GF pickup_bowl,True
5017,every time the escalator is blocked or the motorbike has started then under no circumstances either the bar is down or the house is open,G((escalator_is_blocked | motorbike_has_started) -> G!(bar_is_down | house_is_open)),G((escalator_is_blocked | motorbike_has_started) -> G(!(bar_is_down | house_is_open))),True
5018,forever stay or whenever venture flag,G stay | F venture_flag,G(stay | (venture_flag -> stay)),False
5019,move into green_room,F green_room,F green_room,True
5020,venture_towards house or never drop apple,venture_towards_house | G!drop_apple,venture_towards_house | G(!drop_apple ),True
5021,Collect takeout 2 from restaurant 9 and take it to house 1,F(restaurant_9 & F(takeout_2 & F(house_1 & pd))),F(restaurant_9 & takeout_2 & F(house_1 & pd)),False
5022,when possible withdraw pear or do not let_go pear,!let_go_pear | F withdraw_pear,G(withdraw_pear | !let_go_pear),False
5023,"forever, a house is open and the train is crossing",G(house_is_open & train_is_crossing),G(house_is_open & train_is_crossing),True
5024,Ensure you always stay within parking_lot_9,G parking_lot_9,G(parking_lot_9 ),True
5025,it will not happen that either a semaphore is yellow or the elevator is blocked,G!(elevator_is_blocked | semaphore_is_yellow),G(!(semaphore_is_yellow | elevator_is_blocked)),True
5026,Remain still and deliver the snowboard to the loading_dock will each happen at some point.,F idle & F deliver_snowboard_loading_dock,F(idle ) & F(deliver_snowboard_loading_dock ),True
5027,"after the escalator is blocked and the semaphore is yellow, absolutely never, either the escalator is blocked or a motorbike has started",G((escalator_is_blocked & semaphore_is_yellow) -> G!(escalator_is_blocked | motorbike_has_started)),G((escalator_is_blocked & semaphore_is_yellow) -> G(!(escalator_is_blocked | motorbike_has_started))),True
5028,"If get_help ever holds, photo fire_source must have held beforehand.",F get_help -> (!get_help U (!get_help & photo_fire_source)),!get_help | F(photo_fire_source & F(get_help)),False
5029,"Whenever change light_west red holds, from the next step onwards change light_south yellow will eventually hold.",G(change_light_west_red -> XF change_light_south_yellow),G(change_light_west_red -> X(F change_light_south_yellow)),True
5030,hold pear or repeatedly make_way_to house,hold_pear | GF make_way_to_house,hold_pear | GF make_way_to_house,True
5031,"whenever both the bar has to be repaired and a bridge opens then forever, either the car starts or the bar is closing",G((bar_has_to_be_repaired & bridge_opens) -> G(bar_is_closing | car_starts)),G((bar_has_to_be_repaired & bridge_opens) -> G(car_starts | bar_is_closing)),True
5032,"If photo gas_leak happens infinitely often, then so does record flood.",GF photo_gas_leak -> GF record_flood,GF photo_gas_leak -> GF record_flood,True
5034,"after a semaphore is green or the sensor retrieves data, every time the manager handles requests or the table is old",G((semaphore_is_green | sensor_retrieves_data) -> G(manager_handles_requests | table_is_old)),G((semaphore_is_green | sensor_retrieves_data) -> G(manager_handles_requests | table_is_old)),True
5035,"Deliver the skateboard to the loading_dock must keep holding until, from some point on, deliver the bird to the shelf holds infinitely often.",deliver_skateboard_loading_dock U GF deliver_bird_shelf,(deliver_skateboard_loading_dock ) U (G(F(deliver_bird_shelf ))),True
5036,"Go to hospital 3 and grab water bottle 4, as you ensure you never enter pharmacy 2",F(hospital_3 & p_bottle_4) & G!pharmacy_2,F(hospital_3 & p_bottle_4) & G(!pharmacy_2),True
5037,"Whenever deliver the traffic_light to the loading_dock holds, deliver the fire_hydrant to the shelf holds exactly three steps later.",G(deliver_traffic_light_loading_dock -> XXX deliver_fire_hydrant_shelf),G(deliver_traffic_light_loading_dock -> X(X(X(deliver_fire_hydrant_shelf)))),True
5038,always have apple or whenever get_hold orange,G have_apple | F get_hold_orange,G(have_apple | (get_hold_orange -> have_apple)),False
5039,"Once avoid the impending_fire_source has occurred, deliver_aid the injured_victim will never occur again.",G(avoid_impending_fire_source -> XG!deliver_aid_injured_victim),G(avoid_impending_fire_source -> G(!deliver_aid_injured_victim)),False
5040,travel_to apple and snatch_up pear,snatch_up_pear & travel_to_apple,travel_to_apple & snatch_up_pear,True
5041,it should not happen that the motorbike has stopped and a sensor gathers information after either an elevator is open or the bar is closing,G((bar_is_closing | elevator_is_open) -> G!(motorbike_has_stopped & sensor_gathers_information)),G((elevator_is_open | bar_is_closing) -> G(!(motorbike_has_stopped & sensor_gathers_information))),True
5042,whenever visit flag and hold_on_to pear,hold_on_to_pear & F visit_flag,G(visit_flag & hold_on_to_pear),False
5043,Take a picture of monument 1 but do not go to monument 1 until you reach park 4,F(monument_1 & photo) & (!monument_1 U park_4),F(photo ) & (!monument_1 U park_4 ),False
5044,"If record unstable_beam holds and go_home holds next, then record injured_civilian holds in the step after that.",G((record_unstable_beam & X go_home) -> XX record_injured_civilian),G((record_unstable_beam & X go_home) -> X X record_injured_civilian),True
5045,Avoid entering street 5 until you reach store 1 while delivering package 4 from store 1,(!street_5 U store_1) & F(p_package_4 & store_1),G(p_package_4 -> (!street_5 U store_1)),False
5046,"every time either the sensor captures data or the engine breaks then eternally, both an elevator is open and a train has been launched",G((engine_breaks | sensor_captures_data) -> G(elevator_is_open & train_has_been_launched)),G((sensor_captures_data | engine_breaks) -> G(elevator_is_open & train_has_been_launched)),True
5047,"first, at a certain moment a train stops and the elevator is blocked, and then, it will happen that both the sensor gathers information and the motorbike catches fire",G!(elevator_is_blocked & train_stops) | F(elevator_is_blocked & train_stops & F(motorbike_catches_fire & sensor_gathers_information)),! (train_stops & elevator_is_blocked) | F ((train_stops & elevator_is_blocked) & F (sensor_gathers_information & motorbike_catches_fire)),False
5048,"eventually, both the train has arrived and the manager handles requests and, in the future a constructor instantiate objects and the elevator rises afterwards",G!(manager_handles_requests & train_has_arrived) | F(manager_handles_requests & train_has_arrived & F(constructor_instantiate_objects & elevator_rises)),F((train_has_arrived & manager_handles_requests) & F(constructor_instantiate_objects & F(elevator_rises))),False
5049,whenever either the car starts or the elevator falls then in any case both the escalator moves and the bar is closing,G((car_starts | elevator_falls) -> G(bar_is_closing & escalator_moves)),G((car_starts | elevator_falls) -> (escalator_moves & bar_is_closing)),False
5050,"In this task, record the vehicle on south_7th_street, then photo the collision on west_9th_avenue.",record_vehicle_south_7th_street U photo_collision_west_9th_avenue,!record_vehicle_south_7th_street | F(record_vehicle_south_7th_street & F(photo_collision_west_9th_avenue)),False
5051,Stay within house 4 and do not leave until you reach room 2,house_4 U room_2,G(house_4 U room_2),False
5052,"always either the engine starts or the engine stops implies that absolutely never, either the semaphore is yellow or the brake is released",G((engine_starts | engine_stops) -> G!(brake_is_released | semaphore_is_yellow)),G((engine_starts | engine_stops) -> G(!(semaphore_is_yellow | brake_is_released))),True
5053,"When get_help happens, photo the jaywalker on northeast_7th_avenue must hold now or in the next step.",G(get_help -> (photo_jaywalker_northeast_7th_avenue | X photo_jaywalker_northeast_7th_avenue)),G(get_help -> (photo_jaywalker_northeast_7th_avenue | X photo_jaywalker_northeast_7th_avenue)),True
5054,Ensure you keep returning to street 4 periodically,GF street_4,G(F street_4 ),True
5055,"From some point onwards, photo debris never occurs again.",FG!photo_debris,F(G(!photo_debris )),True
5056,Update light_south red and change light_south yellow will each happen at some point.,F change_light_south_red & F change_light_south_yellow,F(change_light_south_red) & F(change_light_south_yellow),True
5057,move_to trashcan and do not let_go orange,!let_go_orange & move_to_trashcan,G(move_to_trashcan & !let_go_orange),False
5058,"If get_help ever holds, photo the collision on north_8th_street must have held beforehand.",F get_help -> (!get_help U (!get_help & photo_collision_north_8th_street)),!get_help | F(photo_collision_north_8th_street & F(get_help)),False
5059,Stand by holds at all times.,G idle,G (idle ),True
5060,at any time the bar is down or the house collapses or a semaphore is yellow,G(bar_is_down | house_collapses | semaphore_is_yellow),G(bar_is_down | house_collapses | semaphore_is_yellow),True
5061,"If idle ever holds, search the stop_sign must have held beforehand.",F idle -> (!idle U (!idle & search_stop_sign)),!idle | F(search_stop_sign & F(idle)),False
5063,"Take a picture of safe_person and record unstable_beam never coincide, yet one of them is always true.",G!(photo_safe_person & record_unstable_beam) & G(photo_safe_person | record_unstable_beam),G(!(photo_safe_person & record_unstable_beam) & (photo_safe_person | record_unstable_beam)),True
5064,Return home and photo safe_civilian are mutually exclusive at all times.,G!(go_home & photo_safe_civilian),G(!(go_home & photo_safe_civilian)),True
5065,Capture a photo of monument_3 and then at pathway_8 and staying there continuously,F(monument_3 & photo & F(pathway_8 & G pathway_8)),F((photo & monument_3) & F(G pathway_8)),True
5066,"If pickup the cake happens infinitely often, then so does get_help.",GF pickup_cake -> GF get_help,GF(pickup_cake ) -> GF(get_help ),True
5067,Either photo the collision on south_3rd_street or record the jaywalker on south_9th_avenue happens infinitely often.,GF photo_collision_south_3rd_street | GF record_jaywalker_south_9th_avenue,GF(photo_collision_south_3rd_street | record_jaywalker_south_9th_avenue),True
5068,"if repeatedly grab tree , whenever have pear",GF grab_tree -> F have_pear,G(GF grab_tree -> G have_pear),False
5069,"first, eventually, both the bar has to be repaired and a car stops, and then, eventually, the train has arrived",G!(bar_has_to_be_repaired & car_stops) | F(bar_has_to_be_repaired & car_stops & F train_has_arrived),! (bar_has_to_be_repaired & car_stops) | F ((bar_has_to_be_repaired & car_stops) & F (train_has_arrived)),False
5070,"never, a house is built and a motorbike has stopped after the semaphore is green or a motorbike falls down",G((motorbike_falls_down | semaphore_is_green) -> G!(house_is_built & motorbike_has_stopped)),G((semaphore_is_green | motorbike_falls_down) -> G(!(house_is_built & motorbike_has_stopped))),True
5071,every time both a manager collect claims and the escalator is blocked after both the brake is released and the bar has to be repaired,G((bar_has_to_be_repaired & brake_is_released) -> G(escalator_is_blocked & manager_collect_claims)),G((manager_collect_claims & escalator_is_blocked) -> F(brake_is_released & bar_has_to_be_repaired)),False
5072,"If record the cyclist on west_3rd_avenue ever holds, get_help must have held beforehand.",F record_cyclist_west_3rd_avenue -> (!record_cyclist_west_3rd_avenue U (get_help & !record_cyclist_west_3rd_avenue)),!record_cyclist_west_3rd_avenue | F(get_help & F(record_cyclist_west_3rd_avenue)),False
5073,keep revisiting charger_4 as you consistently photograph area_5,GF charger_4 & GF(area_5 & photo),G((photo & area_5) -> F(charger_4)),False
5074,"always when both the brake is pressed and the elevator is open then finally, a bridge closes and the engine starts",G((brake_is_pressed & elevator_is_open) -> F(bridge_closes & engine_starts)),G((brake_is_pressed & elevator_is_open) -> F(bridge_closes & engine_starts)),True
5075,"Whenever record safe_person holds, from the next step onwards deliver_aid the safe_rescuer will eventually hold.",G(record_safe_person -> XF deliver_aid_safe_rescuer),G(record_safe_person -> X F deliver_aid_safe_rescuer),True
5076,under no condition both a motorbike has started and the semaphore is red,G!(motorbike_has_started & semaphore_is_red),G(!(motorbike_has_started & semaphore_is_red)),True
5077,at any time go_by house until at any time seize pear,F go_by_house U F seize_pear,G(go_by_house U seize_pear),False
5078,it will not happen that the escalator moves or the house is built or a manager handles requests,G!(escalator_moves | house_is_built | manager_handles_requests),G(!(escalator_moves | house_is_built | manager_handles_requests)),True
5079,Stay in locality_6 until you transport package_3 from store_8 to house_5,locality_6 U (store_8 & F(p_package_3 & F(house_5 & pd))),locality_6 U (p_package_3 & store_8 & house_5),False
5080,"it will happen that either the sensor retrieves data, a house collapses or a car starts",F(car_starts | house_collapses | sensor_retrieves_data),F(sensor_retrieves_data | house_collapses | car_starts),True
5081,it will happen that the brake is released or the house is open or a table is brown,F(brake_is_released | house_is_open | table_is_brown),F(brake_is_released | house_is_open | table_is_brown),True
5082,Ensure that you never visit building_6,G!building_6,G(!building_6 ),True
5083,"first, it will happen that both a train has arrived and an elevator falls, and then, it will happen that the elevator is blocked or the house is open",G!(elevator_falls & train_has_arrived) | F(elevator_falls & train_has_arrived & F(elevator_is_blocked | house_is_open)),! (train_has_arrived & elevator_falls) | F ((train_has_arrived & elevator_falls) & F (elevator_is_blocked | house_is_open)),False
5084,gather apple or when possible go home,gather_apple | F go_home,gather_apple | F go_home,True
5085,"Do not go into park 5 before reaching intersection 5, and ensure you capture a photo of monument 3",(!park_5 U intersection_5) & F(monument_3 & photo),G(!park_5 U intersection_5) & F(photo & monument_3),False
5086,Change light_east yellow holds at all times.,G change_light_east_yellow,G(change_light_east_yellow ),True
5087,if both the bar is down and the semaphore is red then it is always true that a train has been launched and the bar is closing,G((bar_is_down & semaphore_is_red) -> G(bar_is_closing & train_has_been_launched)),G((bar_is_down & semaphore_is_red) -> G(train_has_been_launched & bar_is_closing)),True
5088,"Take a photo of arch_4 at some point, but avoid entering park_2 at all times",F(arch_4 & photo) & G!park_2,F(photo & arch_4) & G(!park_2),True
10815,"Make sure that (prop_1) is equivalent to (prop_2), and also make sure (prop_3) is always true .",(prop_1 <-> prop_2) & G prop_3,G((prop_1 <-> prop_2) & prop_3),False
10816,( prop_1 ) or at some time ( prop_2 ),prop_1 | F prop_2,prop_1 | F prop_2,True
10817,( prop_1 ) and at any time ( prop_2 ),prop_1 & F prop_2,prop_1 & G(prop_2 ),False
10818,at some time ( prop_1 ) and at any time ( prop_2 ),F(prop_1 & F prop_2),F(prop_1 ) & G(prop_2 ),False
10819,( prop_1 ) and repeatedly ( prop_2 ),prop_1 & GF prop_2,prop_1 & GF prop_2,True
10820,On condition that the transition action that ( prop_1 ) is detected then the event that ( prop_2 ) wo n't get observed or at the same moment the transition action that ( prop_3 ) should be observed .,G(prop_1 -> (prop_2 | prop_3)),G(prop_1 -> (!prop_2 | prop_3)),False
10821,"Globally , whenever ( prop_2 ) , or ( prop_1 ) then all of the following conditions are true : for each moment in the future before the end of the execution ( prop_3 ) .",G((prop_1 | prop_2) -> GF prop_3),G((prop_2 | prop_1) -> G(prop_3)),False
10822,at any time ( prop_1 ) or repeatedly ( prop_2 ),F(prop_1 | GF prop_2),G(prop_1 | prop_2),False
10823,"If the condition that (prop_1) leads to (prop_3) is met, then eventually (prop_2) should happen.",(prop_1 -> prop_3) -> F prop_2,G((prop_1 -> F prop_3) -> F prop_2),False
10824,"While ( prop_1 ) , then ( prop_2 ) .",G(prop_1 -> prop_2),G(prop_1 -> prop_2),True
10825,(prop_2) or (prop_1). (prop_3) until (prop_4).,(prop_1 | prop_2) & (prop_3 U prop_4),G((prop_2 | prop_1) & (prop_3 U prop_4)),False
10826,"It is required that at some point ( prop_1 ) or ( prop_2 ) happens , and at the same time ( prop_3 ) does not happen .",!prop_3 & (prop_1 | prop_2),F((prop_1 | prop_2) & !prop_3),False
10827,"If ( prop_1 ) then ( prop_4 ) , is equivalent to ( prop_3 ) , and also ( prop_2 ) .",prop_2 & (prop_3 <-> (prop_1 -> prop_4)),G(((prop_1 -> prop_4) <-> prop_3) & prop_2),False
10828,"if ( prop_1 ) , at any time ( prop_2 )",prop_1 -> F prop_2,G(prop_1 -> G prop_2),False
10829,repeatedly ( prop_1 ) and never ( prop_2 ),G(F prop_1 & G!prop_2),(GF prop_1) & (G ! prop_2),True
10830,always ( prop_1 ) and when possible ( prop_2 ),G(prop_1 & F prop_2),G(prop_1 & F prop_2),True
10831,"When ( prop_2 ) , and ( prop_1 ) , then in response in no time ( prop_4 ) and ( prop_3 ) .",G((prop_1 & prop_2) -> (prop_3 & prop_4)),G((prop_2 & prop_1) -> F(prop_4 & prop_3)),False
10832,"If ( prop_2 ) does not happen , then ( prop_1 ) , and also ( prop_3 ) .",prop_3 & (!prop_2 -> prop_1),G(!prop_2 -> (prop_1 & prop_3)),False
10833,at some time ( prop_1 ) until ( prop_2 ),F(prop_1 U prop_2),F(prop_1 U prop_2),True
10834,"when at any time ( prop_1 ) , ( prop_2 )",F prop_1 -> prop_2,G(prop_1 -> prop_2),False
10835,"Globally , whenever ( prop_2 ) , or ( prop_3 ) , then all of the following conditions are true : ( prop_1 ) .",G((prop_2 | prop_3) -> F prop_1),G((prop_2 | prop_3) -> prop_1),False
10836,"For all time (prop_3), is equivalent to the scenario in which if (prop_2) then (prop_1) .",(prop_2 -> prop_1) <-> G prop_3,G (prop_3 ) <-> G (prop_2 -> prop_1 ),False
10837,"First (prop_2) unless (prop_3) happens, then make sure to (prop_1) after you have witnessed (prop_4).",(prop_2 U prop_3) -> (prop_1 -> prop_4),(prop_2 U prop_3) & G(prop_4 -> F(prop_1)),False
10838,If at some point ( prop_3 ) or ( prop_2 ) or ( prop_1 ) then ( prop_4 ) .,(prop_1 | prop_2 | prop_3) -> prop_4,F(prop_3 | prop_2 | prop_1) -> prop_4,False
10839,"If (prop_1), (prop_2) and (prop_3) as well.",prop_1 -> (prop_2 & prop_3),G(prop_1 -> (prop_2 & prop_3)),False
10840,"If (prop_1) or (prop_2), then keep (prop_4) until (prop_3) .",(prop_1 | prop_2) -> (prop_4 U prop_3),G((prop_1 | prop_2) -> (prop_4 U prop_3)),False
10841,"Globally , when ( prop_3 ) or ( prop_2 ) then in response ( prop_1 ) and then consecutively this condition will have to sustain until ( prop_4 ) .",G((prop_2 | prop_3) -> (prop_1 U prop_4)),G((prop_3 | prop_2) -> F(prop_1 & (prop_1 U prop_4))),False
10842,whenever ( prop_1 ) or whenever ( prop_2 ),F(prop_1 | F prop_2),G(prop_1 | prop_2),False
10843,Either (prop_2) doesn't happen or (prop_1) is equivalent to (prop_3) .,!prop_2 | (prop_1 <-> prop_3),G(!prop_2 | (prop_1 <-> prop_3)),False
10844,at any time ( prop_1 ) or forever ( prop_2 ),F(prop_1 | G prop_2),F(prop_1 ) | G(prop_2 ),False
10845,"If ( prop_1 ) or ( prop_4 ) , then the above scenario is equivalent to ( prop_2 ) , or else ( prop_3 ) .",prop_3 | (prop_2 <-> (prop_1 | prop_4)),G(((prop_1 | prop_4) -> prop_2) & (! (prop_1 | prop_4) -> prop_3)),False
10846,"Either keep (prop_3) finally, or if (prop_2), then make sure (prop_1) .",(prop_2 -> prop_1) | F prop_3,F prop_3 | G(prop_2 -> prop_1),False
10847,( prop_1 ) or ( prop_2 ),prop_1 | prop_2,( prop_1 ) | ( prop_2 ),True
10848,"(prop_1). Once (prop_3), (prop_2)",prop_1 & (prop_3 -> prop_2),G(prop_1) & G(prop_3 -> F prop_2),False
10849,"Globally , if ( prop_1 ) then in response there ought to exist a time in the future before the simulation ends eventually , after which consecutively ( prop_2 ) .",G(prop_1 -> FG prop_2),G(prop_1 -> F(prop_2)),False
10850,when possible ( prop_1 ) and ( prop_2 ),F(prop_1 & prop_2),G(prop_1 & prop_2),False
10851,"If ( prop_2 ) then ( prop_3 ) , and also ( prop_4 ) , or else ( prop_1 ) .",prop_1 | (prop_4 & (prop_2 -> prop_3)),G((prop_2 -> (prop_3 & prop_4)) | prop_1),False
10852,"If (prop_1) and (prop_2) occur, then ensure that (prop_3) always happens afterwards .",(prop_1 & prop_2) -> G prop_3,G((prop_1 & prop_2) -> G(prop_3)),False
10853,"If (prop_2) eventually happens, then (prop_3) should be equivalent to (prop_1) .",F prop_2 -> (prop_1 <-> prop_3),F(prop_2 ) -> (prop_3 <-> prop_1 ),True
10854,"( prop_4 ) is equivalent to ( prop_1 ) will lead to ( prop_2 ) , or else ( prop_3 ) .",prop_3 | ((prop_1 <-> prop_4) -> prop_2),G(prop_4 <-> ((prop_1 -> F prop_2) | prop_3)),False
10855,never ( prop_1 ) and at some time ( prop_2 ),G(!prop_1 & F prop_2),G(!prop_1 ) & F(prop_2 ),False
10856,If ( prop_4 ) and ( prop_3 ) is equivalent to ( prop_2 ) then this scenario will hold until ( prop_1 ) .,(prop_2 <-> (prop_3 & prop_4)) U prop_1,((prop_4 & prop_3) <-> prop_2) U prop_1,True
10857,If the scenario that ( prop_2 ) is observed then in response in no time ( prop_3 ) and ( prop_1 ) .,G(prop_2 -> (prop_1 & prop_3)),G(prop_2 -> (prop_3 & prop_1)),True
10858,"It is always the case that while ( prop_1 ) and ( prop_3 ) , then there shall eventually exist sometime in the future before the simulation ends , at which ( prop_2 ) .",G((prop_1 & prop_3) -> F prop_2),G((prop_1 & prop_3) -> F(prop_2)),True
10859,at some time ( prop_1 ) means that repeatedly ( prop_2 ),F prop_1 -> GF prop_2,F(prop_1 -> GF prop_2),False
10860,never ( prop_1 ) or when possible ( prop_2 ),G(!prop_1 | F prop_2),G(!prop_1 ) | G(prop_2 ),False
10861,"Globally , when the event that ( prop_3 ) does n't get observed and ( prop_1 ) then the following condition holds : for each moment in the future until the end of the simulation , at a certain time point in the future , ultimately ( prop_2 ) .",G((prop_1 & prop_3) -> GF prop_2),G((! prop_3 & prop_1) -> G(F prop_2)),False
10862,when possible ( prop_1 ) until whenever ( prop_2 ),F(prop_1 U F prop_2),prop_1 U prop_2,False
10863,"If ( prop_4 ) and ( prop_3 ) , or else ( prop_2 ) , or else ( prop_1 ) .",prop_1 | prop_2 | (prop_3 & prop_4),G((prop_4 & prop_3) | prop_2 | prop_1),False
10864,If ( prop_2 ) and ( prop_3 ) and the scenario that ( prop_4 ) is detected or in case that ( prop_1 ) is true .,prop_1 | (prop_2 & prop_3 & prop_4),G(((prop_2 & prop_3 & prop_4) | prop_1)),False
10865,"While (prop_3) is always true, make sure (prop_1) and (prop_2) are both true .",G prop_3 -> (prop_1 & prop_2),G(prop_3 -> (prop_1 & prop_2)),False
10866,"Until (prop_1) is equivalent to (prop_2), do not do (prop_3) .",!prop_1 U (prop_2 <-> prop_3),(!prop_3 ) U (prop_1 <-> prop_2 ),False
10867,"Until either (prop_1) or (prop_3) happens, (prop_2) should not have happened .",!prop_1 U (prop_2 | prop_3),(!prop_2 ) U (prop_1 | prop_3 ),False
10868,"On the way to achieve (prop_4), if (prop_1) occurs, then do (prop_3), but don't (prop_2) no matter what happens.",!prop_2 & prop_4 & (prop_1 -> prop_3),G(!prop_4 -> (prop_1 -> F prop_3)) & G(!prop_2),False
10869,"If you do not do (prop_2), then make sure that (prop_3) is equivalent to (prop_1) .",!prop_2 -> (prop_1 <-> prop_3),G(!prop_2 -> (prop_3 <-> prop_1)),False
10870,repeatedly ( prop_1 ) and whenever ( prop_2 ),G(F prop_1 & F prop_2),GF(prop_1 ) & G(prop_2 -> prop_2 ),False
10871,"If you do either (prop_2) or (prop_1), then you should do both (prop_4) and (prop_3), and vice versa .",(prop_1 | prop_2) <-> (prop_3 & prop_4),G((prop_2 | prop_1) <-> (prop_4 & prop_3)),False
10872,Detect (prop_4) or (prop_3) and continue until both (prop_2) and (prop_1) are detected .,(prop_3 | prop_4) U (prop_1 & prop_2),(prop_4 | prop_3) U (prop_2 & prop_1),True
10873,"( prop_4 ) or ( prop_3 ) should happen , or else ( prop_2 ) or ( prop_1 ) should happen .",prop_1 | prop_2 | prop_3 | prop_4,(prop_4 | prop_3) | (prop_2 | prop_1),True
10874,"The scenario that ( prop_2 ) happens until the scenario that ( prop_3 ) , or the scenario that ( prop_1 ) , or the scenario that ( prop_4 ) should happen .",prop_1 | prop_4 | (prop_2 U prop_3),(prop_2 U (prop_3 | prop_1 | prop_4)),False
10875,The scenario in which (prop_4) implies (prop_2) is equivalent to the scenario in which (prop_1) and (prop_3) both happen .,(prop_4 -> prop_2) <-> (prop_1 & prop_3),(prop_4 -> prop_2) <-> (prop_1 & prop_3),True
10876,It is required that ( prop_2 ) is equivalent to ( prop_3 ) until at some point ( prop_1 ) does not hold .,(prop_2 <-> prop_3) U !prop_1,(prop_2 <-> prop_3) U (!prop_1 ),True
10877,"Globally , everytime when the event that ( prop_1 ) gets detected , and ( prop_2 ) then ( prop_3 ) .",G((prop_1 & prop_2) -> prop_3),G((prop_1 & prop_2) -> prop_3),True
10878,"Either the scenario in which ( prop_3 ) is equivalent to the scenario in which ( prop_2 ) happens, or ( prop_1 ) or ( prop_4 ) should happen.",prop_1 | prop_4 | (prop_2 <-> prop_3),(prop_3 <-> prop_2) | F(prop_1 | prop_4),False
10879,"Do any of the following: (prop_3) or (prop_2), or make sure that (prop_1) happens soon .",prop_2 | prop_3 | F prop_1,(prop_3 | prop_2) | F prop_1,True
10880,"If it is not the case that ( prop_3 ) and also ( prop_1 ) , then ( prop_2 ) .",!(prop_1 & prop_3) -> prop_2,G(!(prop_3 & prop_1) -> prop_2),False
10881,"(prop_2), then (prop_1).",prop_2 U prop_1,G(prop_2 -> F(prop_1)),False
10882,"Do not do (prop_1), or you should do either (prop_3) or (prop_2) .",!prop_1 | prop_2 | prop_3,G(prop_1 -> F(prop_3 | prop_2)),False
10883,"If (prop_4), then do (prop_1), but keep doing (prop_2) until (prop_3) .",(prop_4 -> prop_1) & (prop_2 U prop_3),G(prop_4 -> (prop_1 & (prop_2 U prop_3))),False
10884,"Globally , when the event that ( prop_4 ) takes place and ( prop_1 ) , then the following condition is true : simultaneously ( prop_2 ) or without any delay ( prop_3 ) .",G((prop_1 & prop_4) -> (prop_2 | prop_3)),G((prop_4 & prop_1) -> (prop_2 | X prop_3)),False
10885,"If (prop_2) and (prop_3), then do not do (prop_1) .",(prop_2 & prop_3) -> !prop_1,G((prop_2 & prop_3) -> !prop_1),False
10886,"It is always the case that everytime when the transition action that ( prop_1 ) and ( prop_3 ) , then all of the following conditions hold : ( prop_2 ) .",G((prop_1 & prop_3) -> G prop_2),G((prop_1 & prop_3) -> prop_2),False
10887,"The scenario that ( prop_4 ) or the scenario that ( prop_2 ) should always be true until ( prop_1 ) happens at some point in the future , and also ( prop_3 ) should be true .",prop_3 & ((prop_2 | prop_4) U prop_1),((prop_4 | prop_2) U prop_1) & prop_3,True
10888,"(prop_3) or (prop_2), and always keep doing (prop_1) .",(prop_2 | prop_3) & G prop_1,(prop_3 | prop_2) & G(prop_1),True
10889,"It is always the case that in case that ( prop_3 ) , or ( prop_2 ) , then in response the transition action that ( prop_1 ) is promptly detected , or at the same moment ( prop_4 ) .",G((prop_2 | prop_3) -> (prop_1 | prop_4)),G((prop_3 | prop_2) -> (prop_1 | prop_4)),True
10890,"Either (prop_1) and (prop_3) happen at the same time, or else (prop_2) always happens .",(prop_1 & prop_3) | G prop_2,F(prop_1 & prop_3) | G(prop_2),False
10891,( prop_1 ) or never ( prop_2 ),prop_1 | G!prop_2,prop_1 | G(!prop_2 ),True
10892,"If (prop_1) happens and continues until (prop_2), then (prop_3) should not happen .",(prop_1 U prop_2) -> !prop_3,G((prop_1 U prop_2) -> !prop_3),False
10893,Either (prop_3) happens until (prop_1) or not (prop_2) .,!prop_2 | (prop_3 U prop_1),(prop_3 U prop_1) | !prop_2,True
10894,"If ( prop_1 ) then ( prop_3 ) , or else ( prop_2 ) , or else ( prop_4 ) .",prop_2 | prop_4 | (prop_1 -> prop_3),G((prop_1 -> prop_3) | (!prop_1 & prop_2) | (!prop_1 & !prop_2 & prop_4)),False
10895,"Until (prop_1) is equivalent to (prop_2), if (prop_3) happens then (prop_4) should also happen .",(prop_1 -> prop_2) U (prop_3 <-> prop_4),(! (prop_1 <-> prop_2)) U ((prop_3 -> prop_4) & (prop_1 <-> prop_2)),False
10896,"If (prop_2) then (prop_3), and then not (prop_1) .",(prop_2 -> prop_3) -> !prop_1,G((prop_2 -> prop_3) -> F(!prop_1)),False
10897,"if always ( prop_1 ) , at some time ( prop_2 )",G prop_1 -> F prop_2,G(prop_1 ) -> F(prop_2 ),True
10898,It is always the case that in case that ( prop_2 ) or ( prop_3 ) then all of the following conditions hold : ( prop_1 ) .,G((prop_2 | prop_3) -> prop_1),G((prop_2 | prop_3) -> prop_1),True
10899,"It is required that at some future time instant the scenario that ( prop_1 ) is equivalent to the scenario that ( prop_2 ) , and that ( prop_3 ) .",prop_3 & F(prop_1 <-> prop_2),F((prop_1 <-> prop_2) & prop_3 ),False
10900,"Until the scenario in which ( prop_3 ) implies ( prop_2 ) occurs, ( prop_1 ) should be equivalent to ( prop_4 ).",(prop_1 <-> prop_4) U (prop_3 -> prop_2),(prop_1 <-> prop_4) U (prop_3 -> prop_2),True
10901,"Either (prop_3), (prop_1), or not (prop_2) .",prop_1 | !prop_2 | prop_3,G(prop_3 | prop_1 | ! prop_2),False
10902,"(prop_3) doesn't happen, or make sure (prop_1) and (prop_2) both happen .",!prop_3 | (prop_1 & prop_2),G(!prop_3 ) | F(prop_1 & prop_2 ),False
10903,"Ensure that (prop_1) is always true, and if (prop_2), then make sure (prop_3) happens .",(prop_2 -> prop_3) & G prop_1,G(prop_1 ) & G(prop_2 -> F(prop_3 )),False
10904,"If it is not the case that ( prop_3 ) is equivalent to ( prop_1 ) , then ( prop_2 ) .",!(prop_1 <-> prop_3) -> prop_2,G(!(prop_3 <-> prop_1) -> prop_2),False
10905,"If (prop_1), (prop_3) until (prop_2).",prop_1 -> (prop_3 U prop_2),G(prop_1 -> (prop_3 U prop_2)),False
10906,It is not the case that ( prop_2 ) and ( prop_1 ) is detected and this scenario will hold until ( prop_3 ) .,!(prop_1 & prop_2) U prop_3,!(!(prop_2 & prop_1) U prop_3),False
10907,"( prop_3 ) does not happen and also ( prop_1 ) , and ( prop_2 ) .",prop_1 & prop_2 & !prop_3,G(!prop_3 & prop_1 & prop_2),False
10908,"Either (prop_1) is equivalent to (prop_2), or else eventually (prop_3) .",(prop_1 <-> prop_2) | F prop_3,(prop_1 <-> prop_2) | F prop_3,True
10909,( prop_1 ) until whenever ( prop_2 ),prop_1 U F prop_2,prop_1 U prop_2,False
10910,"The scenario in which (prop_1) is equivalent to the scenario in which (prop_3) happens, and the scenario in which (prop_2) is equivalent to the scenario in which (prop_4) happens .",(prop_1 <-> prop_3) & (prop_2 <-> prop_4),G((prop_1 <-> prop_3) & (prop_2 <-> prop_4)),False
10911,If ( prop_1 ) then ( prop_2 ) and this condition will consecutively remain in the future until the end of the execution .,G(prop_1 -> G prop_2),G(prop_1 -> G(prop_2)),True
10912,at some time ( prop_1 ) or never ( prop_2 ),F(prop_1 | G!prop_2),F prop_1 | G ! prop_2,False
10913,when possible ( prop_1 ) or ( prop_2 ),F(prop_1 | prop_2),F(prop_1 | prop_2),True
10914,"Eventually, (prop_1)",F prop_1,F prop_1,True
10915,"Before you begin (prop_2), you must first make sure you (prop_1).",prop_2 -> G prop_1,!prop_2 U prop_1,False
10916,"(prop_2) is not true, and (prop_1) should happen until (prop_3) is true .",!prop_2 & (prop_1 U prop_3),!prop_2 & (prop_1 U prop_3),True
10917,"It is required that at some point in the future , either ( prop_3 ) or ( prop_2 ) should be detected , then as a response ( prop_1 ) .",F(prop_2 | prop_3) -> prop_1,F((prop_3 | prop_2) & F(prop_1)),False
10918,( prop_1 ) or always ( prop_2 ),prop_1 | G prop_2,prop_1 | G prop_2,True
10919,"Either do (prop_4) and (prop_3) at the same time, or else if you do (prop_2), then you should also do (prop_1) .",(prop_2 -> prop_1) | (prop_3 & prop_4),(prop_4 & prop_3) | G(prop_2 -> prop_1),False
10920,If ( prop_1 ) and ( prop_3 ) and the scenario that ( prop_2 ) is detected then it should be the case that ( prop_4 ) .,(prop_1 & prop_2 & prop_3) -> prop_4,G((prop_1 & prop_3 & prop_2) -> prop_4),False
10921,When ( prop_3 ) or the transition action that ( prop_1 ) gets detected then all of the following conditions hold : ( prop_2 ) .,G((prop_1 | prop_3) -> G prop_2),G((prop_3 | prop_1) -> prop_2),False
10922,"(prop_2) and (prop_4), then (prop_3) and (prop_1), until (prop_5).",(prop_2 & prop_4) -> ((prop_1 & prop_3) U prop_5),G((prop_2 & prop_4) -> ((prop_3 & prop_1) U prop_5)),False
10923,"(prop_3) is equivalent to (prop_1), and you do (prop_4), then you should do (prop_2) .",(prop_1 <-> prop_3) & (prop_4 -> prop_2),G((prop_3 <-> prop_1) & (prop_4 -> F prop_2)),False
10924,"If (prop_1), then (prop_2), and eventually do (prop_3) .",(prop_1 -> prop_2) & F prop_3,G(prop_1 -> (prop_2 & F prop_3)),False
10925,when possible ( prop_1 ) can infer that whenever ( prop_2 ),F prop_1 -> F prop_2,G(prop_1 -> G(prop_2)),False
10926,never ( prop_1 ) or ( prop_2 ),G(!prop_1 | prop_2),G(!(prop_1 | prop_2)),False
10927,"If (prop_3) is always true, then whenever (prop_1), (prop_2) should also be true .",G prop_3 -> (prop_1 -> prop_2),G prop_3 -> G(prop_1 -> prop_2),False
10928,Always avoid (prop_1),G!prop_1,G(!prop_1 ),True
10929,"As long as you keep seeing (prop_2), then you should either do (prop_1) or (prop_3) .",G prop_2 -> (prop_1 | prop_3),G(prop_2 -> (prop_1 | prop_3)),False
10930,"Globally , if the transition action that ( prop_1 ) takes place or ( prop_2 ) , then in response right away ( prop_4 ) and promptly ( prop_3 ) .",G((prop_1 | prop_2) -> (prop_3 & prop_4)),G((prop_1 | prop_2) -> (prop_4 & prop_3)),True
10931,"If (prop_2) is not the case, then (prop_3) and (prop_1) are equivalent, and vice versa .",!prop_2 <-> (prop_1 <-> prop_3),G(!prop_2 <-> (prop_3 <-> prop_1)),False
10932,In case that at some point ( prop_2 ) or ( prop_3 ) or ( prop_1 ) is detected and continued until then at some other point ( prop_4 ) should be detected as well .,(prop_1 | prop_2 | prop_3) U prop_4,F((prop_2 | prop_3 | prop_1) & F(prop_4)),False
10933,at some time ( prop_1 ) and don't ( prop_2 ),F(prop_1 & !F prop_2),F(prop_1 & ! prop_2),False
10934,( prop_1 ) can infer that never ( prop_2 ),prop_1 -> G!prop_2,G(prop_1 -> G(!prop_2)),False
10935,"Globally , while ( prop_1 ) or ( prop_3 ) then there needs to exist a time in the future before the execution ends finally , after which ( prop_2 ) .",G((prop_1 | prop_3) -> FG prop_2),G((prop_1 | prop_3) -> F(prop_2)),False
10936,"when at some time ( prop_1 ) , never ( prop_2 )",F prop_1 -> G!prop_2,G(prop_1 -> G(!prop_2)),False
10937,"Either ( prop_2 ) or ( prop_3 ) should happen, and ( prop_4 ) occurs if and only if ( prop_1 ) is true.",(prop_1 <-> prop_4) & (prop_2 | prop_3),(F (prop_2 | prop_3)) & G (prop_4 <-> prop_1),False
10938,( prop_1 ) and ( prop_2 ),prop_1 & prop_2,prop_1 & prop_2,True
10939,"If ( prop_2 ) and ( prop_3 ) happens and continues to happen until at some other point ( prop_4 ) is detected , then the scenario is equivalent to ( prop_1 ) .",prop_1 <-> ((prop_2 & prop_3) U prop_4),G(((prop_2 & prop_3) U prop_4) <-> prop_1),False
10940,"Globally , in case that the scenario that ( prop_1 ) is observed , then the following condition holds : ( prop_2 ) then this condition should last uninterruptedly until the event that ( prop_3 ) is observed ultimately at a certain time instant in the future before the execution ends .",G(prop_1 -> (prop_2 U prop_3)),G(prop_1 -> (prop_2 U prop_3)),True
10941,Do not (prop_1) until (prop_2).,!prop_1 U prop_2,!prop_1 U prop_2,True
10942,"If (prop_1), then (prop_2), or else keep trying (prop_4) until (prop_3) .",(prop_1 -> prop_2) | (prop_4 U prop_3),G(prop_1 -> (prop_2 | (prop_4 U prop_3))),False
10943,"The scenario in which ( prop_3 ) and ( prop_2 ) or ( prop_1 ) , is equivalent to the scenario in which ( prop_4 ) .",prop_4 <-> (prop_1 | (prop_2 & prop_3)),G((prop_3 & (prop_2 | prop_1)) <-> prop_4),False
10944,repeatedly ( prop_1 ) or at any time ( prop_2 ),G(F prop_1 | F prop_2),GF(prop_1 ) | GF(prop_2 ),True
10945,The scenario in which (prop_1) and (prop_2) are both true is equivalent to the scenario in which (prop_3) is not true .,!prop_3 <-> (prop_1 & prop_2),G((prop_1 & prop_2) <-> !prop_3),False
10946,The scenario in which (prop_3) happens until (prop_1) occurs is equivalent to the scenario in which either (prop_4) or (prop_2) occurs .,(prop_2 | prop_4) <-> (prop_3 U prop_1),(prop_3 U prop_1) <-> (prop_4 | prop_2),True
10947,"In case that ( prop_2 ) and ( prop_3 ) happens and continues to happen until ( prop_4 ) is detected , or else ( prop_1 ) .",prop_1 | ((prop_2 & prop_3) U prop_4),((prop_2 & prop_3) U prop_4) | prop_1,True
10948,"It should be the case that if you either do (prop_3) or (prop_2), then it is equavalent to the case that you should not do (prop_1) .",!prop_1 <-> (prop_2 | prop_3),G((prop_3 | prop_2) <-> !prop_1),False
10949,"Achieve (prop_3), but only if (prop_1) and (prop_2) are currently happening .",prop_1 & prop_2 & F prop_3,G((prop_1 & prop_2) -> F prop_3),False
10950,( prop_1 ) and always ( prop_2 ),prop_1 & G prop_2,prop_1 & G prop_2,True
10951,( prop_1 ) or repeatedly ( prop_2 ),prop_1 | GF prop_2,prop_1 | GF prop_2,True
10952,"If not (prop_3) happening implies that (prop_1) happens, then this scenario is equivalent to a point in the future where (prop_2) happens.",(!prop_3 -> prop_1) <-> F prop_2,(!prop_3 -> prop_1) <-> F prop_2,True
10953,"Once (prop_1), (prop_2).",prop_1 -> prop_2,G(prop_1 -> F(prop_2)),False
10954,"If (prop_2), then (prop_3), and (prop_1) should not happen .",!prop_1 & (prop_2 -> prop_3),G(prop_2 -> (prop_3 & !prop_1)),False
10955,"( prop_3 ) or ( prop_1 ) is equivalent to always having ( prop_2 ), which means if ( prop_3 ) or ( prop_1 ) is true, then ( prop_2 ) is always true and if ( prop_3 ) or ( prop_1 ) is false, then ( prop_2 ) is never true.",(prop_1 | prop_3) <-> G prop_2,((prop_3 | prop_1) <-> G prop_2) & ((prop_3 | prop_1) -> G prop_2) & (!(prop_3 | prop_1) -> G(!prop_2)),False
10956,"If ( prop_4 ) and ( prop_1 ) are equivalent to ( prop_2 ) , and also ( prop_3 ) .",prop_3 & (prop_2 <-> (prop_1 & prop_4)),G(((prop_4 & prop_1) <-> prop_2) & prop_3),False
10957,don't ( prop_1 ) means that ( prop_2 ),!prop_1 -> prop_2,G(!prop_1 -> prop_2),False
10958,"Either do not let (prop_2) happen, or if (prop_3) occurs, then make sure to do (prop_1).",!prop_2 | (prop_3 -> prop_1),G(!prop_2) | G(prop_3 -> F prop_1),False
10959,( prop_2 ) implies ( prop_3 ) happening and this scenario will hold until ( prop_1 ) is false .,(prop_2 -> prop_3) U !prop_1,(prop_2 -> prop_3) U (!prop_1),True
10960,"Try not to have (prop_3), and keep this state until (prop_1) and (prop_2) both happen .",!prop_3 U (prop_1 & prop_2),G(!prop_3 U (prop_1 & prop_2)),False
10961,"It is either the case that if ( prop_3 ) is not detected then ( prop_1 ) , or else ( prop_2 ) .",prop_2 | (!prop_3 -> prop_1),(!prop_3 -> prop_1) | prop_2,True
10962,"It is not the case that ( prop_2 ) until ( prop_1 ) happens some time in the future, which is equal to ( prop_3 ) .",prop_3 <-> !(prop_2 U prop_1),!(!prop_2 U prop_1) <-> prop_3,False
10963,"For all time (prop_2), or else either (prop_1) or (prop_3) .",prop_1 | prop_3 | G prop_2,G(prop_2 | (prop_1 | prop_3)),False
10964,"If ( prop_4 ) or ( prop_1 ) and ( prop_2 ) , or ( prop_3 ) .",prop_3 | (prop_2 & (prop_1 | prop_4)),G(prop_4 | (prop_1 & prop_2) | prop_3),False
10965,"If ( prop_3 ) is equivalent to ( prop_4 ) and also ( prop_2 ) , then the scenario in which ( prop_1 ) .",(prop_2 & (prop_3 <-> prop_4)) -> prop_1,G(((prop_3 <-> prop_4) & prop_2) -> prop_1),False
10966,when possible ( prop_1 ) can infer that don't ( prop_2 ),F prop_1 -> !F prop_2,G(prop_1 -> !prop_2),False
10967,Keep doing (prop_2) after doing (prop_1),F(prop_2 -> G prop_1),G(prop_1 -> G(prop_2)),False
10968,It is not the case that ( prop_2 ) or ( prop_3 ) is detected and this will continue until ( prop_1 ) is detected .,!(prop_2 | prop_3) U prop_1,(!(prop_2 | prop_3)) U prop_1,True
10969,"( prop_2 ) is not equivalent to ( prop_1 ) , and ( prop_3 ) .",prop_3 & !(prop_1 <-> prop_2),G(!(prop_2 <-> prop_1) & prop_3),False
10970,"In case that ( prop_4 ) , and ( prop_3 ) , then all of the following conditions are true : ( prop_2 ) and then this condition always keeps till there will exist a certain moment in the future before the execution ends , at which ( prop_1 ) .",G((prop_3 & prop_4) -> (prop_2 U prop_1)),G((prop_4 & prop_3) -> (prop_2 U prop_1)),True
10971,"( prop_1 ) is not true if and only if  ( prop_3 ) , and also ( prop_2 ) should be true .",prop_2 & (!prop_1 <-> prop_3),G((!prop_1 <-> prop_3) & prop_2),False
10972,don't ( prop_1 ) or at some time ( prop_2 ),!(F prop_1 | F prop_2),G(!prop_1 ) | F(prop_2 ),False
10973,"While not (prop_2), and make sure that (prop_1) is equivalent to (prop_3) .",!prop_2 & (prop_1 <-> prop_3),G(!prop_2 & (prop_1 <-> prop_3)),False
10974,If (prop_3) then (prop_1) if and only if (prop_2) is equivalent to (prop_4) .,(prop_3 -> prop_1) -> (prop_2 <-> prop_4),G(prop_3 -> ((prop_1 <-> prop_2) <-> prop_4)),False
10975,"If (prop_1) is done until (prop_3), then it is equivalent to (prop_2) being done and (prop_4) being done .",(prop_2 & prop_4) <-> (prop_1 U prop_3),(prop_1 U prop_3) <-> (prop_2 & prop_4),True
10976,"if repeatedly ( prop_1 ) , ( prop_2 )",GF prop_1 -> prop_2,GF(prop_1 ) -> GF(prop_2 ),False
10977,"If (prop_4) is observed, then do (prop_1), keep this state until (prop_2) or (prop_3) is observed .",(prop_4 -> prop_1) U (prop_2 | prop_3),G(prop_4 -> (prop_1 U (prop_2 | prop_3))),False
10978,"If at some point ( prop_3 ) or ( prop_2 ) then the scenario is equivalent to ( prop_1 ) , it should be followed by ( prop_4 ) .",(prop_1 <-> (prop_2 | prop_3)) -> prop_4,G(((prop_3 | prop_2) & (prop_1 <-> prop_1)) -> F(prop_4)),False
10979,( prop_1 ) until repeatedly ( prop_2 ),prop_1 U GF prop_2,prop_1 U GF prop_2,True
10980,"If eventually (prop_2) happens, then either (prop_1) or (prop_3) should happen.",F prop_2 -> (prop_1 | prop_3),F(prop_2 ) -> F(prop_1 | prop_3 ),False
10981,always ( prop_1 ) and ( prop_2 ),G(prop_1 & prop_2),G (prop_1 & prop_2),True
10982,at any time ( prop_1 ) and repeatedly ( prop_2 ),F(prop_1 & GF prop_2),G(prop_1 & G(prop_2)),False
10983,"If ( prop_4 ) would imply ( prop_2 ) then this would further imply ( prop_3 ) , then it would have to be the case that ( prop_1 ) .",((prop_4 -> prop_2) -> prop_3) -> prop_1,G(((prop_4 -> prop_2) -> prop_3) -> prop_1),False
10984,"It is not the case that ( prop_2 ) and ( prop_3 ) happen at the same time , and instead ( prop_1 ) .",prop_1 & !(prop_2 & prop_3),G(!(prop_2 & prop_3) & prop_1),False
10985,"During the interval that ( prop_2 ) , and ( prop_3 ) then the condition that ( prop_1 ) ought n't to be true .",G((prop_2 & prop_3) -> !F prop_1),G((prop_2 & prop_3) -> !prop_1),False
10986,always ( prop_1 ) or ( prop_2 ),G(prop_1 | prop_2),G(prop_1 | prop_2),True
10987,"It is not the case that ( prop_3 ) happens and continues to happen until ( prop_2 ) , or else ( prop_1 ) .",prop_1 | !(prop_3 U prop_2),!((prop_3 U prop_2) | prop_1),False
10988,"If not (prop_1), then both (prop_3) and (prop_2) .",!prop_1 -> (prop_2 & prop_3),G(!prop_1 -> (prop_3 & prop_2)),False
10989,"If it is not the case that ( prop_3 ) happens and continues to happen until ( prop_1 ) is detected , then ( prop_2 ) .",!(prop_3 U prop_1) -> prop_2,! (prop_3 U prop_1) -> prop_2,True
10990,The scenario in which (prop_1) happens and continues until (prop_2) happens is equivalent to the scenario in which (prop_3) does not happen .,!prop_3 <-> (prop_1 U prop_2),(prop_1 U prop_2) <-> G(!prop_3),False
10991,"If at some point ( prop_3 ) is equivalent to ( prop_2 ) and this scenario continues until ( prop_1 ) is detected , then ( prop_4 ) .",((prop_2 <-> prop_3) U prop_1) -> prop_4,F((prop_3 <-> prop_2) U prop_1) -> prop_4,False
10992,"Either (prop_3) or (prop_4) happens, and at the same time, either (prop_1) or (prop_2) happens .",(prop_3 | prop_4) & (prop_1 | prop_2),F((prop_3 | prop_4) & (prop_1 | prop_2)),False
10993,"If (prop_4) is equivalent to (prop_3), then (prop_1) should be equivalent to (prop_2) .",(prop_3 <-> prop_4) -> (prop_1 <-> prop_2),G((prop_4 <-> prop_3) -> (prop_1 <-> prop_2)),False
10994,"If ( prop_1 ) implies ( prop_4 ), then this scenario is equivalent to the one where ( prop_2 ) happens until ( prop_3 ) happens.",(prop_1 -> prop_4) <-> (prop_2 U prop_3),(prop_1 -> prop_4) <-> (prop_2 U prop_3),True
10995,"( prop_3 ) should not happen if ( prop_1 ) does not happen , and ( prop_2 ) should also be true all the time . ",(!prop_3 -> !prop_1) & G prop_2,(G(!prop_1 -> G(!prop_3))) & G(prop_2 ),False
10996,"If either (prop_1) or (prop_2) happens, then either (prop_3) or (prop_4) should happen as well.",(prop_1 | prop_2) -> (prop_3 | prop_4),G((prop_1 | prop_2) -> F(prop_3 | prop_4)),False
10997,"( prop_1 ) and ( prop_3 ) should happen at the same time , and in the same time ( prop_2 ) does not happen .",prop_1 & !prop_2 & prop_3,F(prop_1 & prop_3 & !prop_2),False
10998,"If it is not the case that (prop_1), then either (prop_3) or (prop_2) should happen .",!prop_1 -> (prop_2 | prop_3),G(!prop_1 -> F(prop_3 | prop_2)),False
10999,"It is always the case that while ( prop_2 ) and ( prop_3 ) , then the following condition holds : at a time in the future before the execution ends , without interruption ( prop_1 ) .",G((prop_2 & prop_3) -> FG prop_1),G((prop_2 & prop_3) -> F(prop_1)),False
11000,"If (prop_3) holds until (prop_1), then make sure (prop_2) and (prop_4) both happen .",(prop_3 U prop_1) -> (prop_2 & prop_4),(prop_3 U prop_1) -> F(prop_2 & prop_4),False
11001,( prop_1 ) and never ( prop_2 ),prop_1 & G!prop_2,prop_1 & G(!prop_2 ),True
11002,"If ( prop_4 ) is equivalent to ( prop_3 ) and also ( prop_1 ) happens, or else ( prop_2 ) .",prop_2 | (prop_1 & (prop_3 <-> prop_4)),G(((prop_4 <-> prop_3) & prop_1) | prop_2),False
11003,If ( prop_1 ) and ( prop_4 ) are detected then implies ( prop_2 ) should happen or else if ( prop_3 ) is detected .,prop_3 | ((prop_1 & prop_4) -> prop_2),G((prop_1 & prop_4) -> F(prop_2 | prop_3)),False
11004,"If (prop_3) and (prop_2) are equivalent, then (prop_1) is always true .",(prop_2 <-> prop_3) -> G prop_1,G((prop_3 <-> prop_2) -> G(prop_1 )),False
11005,at any time ( prop_1 ) until never ( prop_2 ),F(prop_1 U G!prop_2),prop_1 U G(!prop_2),False
11006,"If ( prop_1 ) is equivalent to ( prop_4 ) or else ( prop_2 ) , then ( prop_3 ) .",(prop_2 | (prop_1 <-> prop_4)) -> prop_3,G(((prop_1 <-> prop_4) | prop_2) -> prop_3),False
11007,"If (prop_2) implies (prop_3), then it should always be the case that (prop_1) is true .",(prop_2 -> prop_3) -> G prop_1,G((prop_2 -> prop_3) -> prop_1),False
11008,forever ( prop_1 ) or whenever ( prop_2 ),G(prop_1 | F prop_2),G(prop_1 ) | G(prop_2 -> prop_2 ),False
11009,"For all time (prop_1) is true, or if (prop_3), then (prop_2) .",(prop_3 -> prop_2) | G prop_1,G(prop_1 | (prop_3 -> prop_2)),False
11010,"( prop_3 ) should not happen if ( prop_2 ) does happen , and ( prop_1 ) should also be true all the time . ",(prop_3 -> !prop_2) & G prop_1,G(prop_2 -> !prop_3) & G(prop_1),False
11011,"If (prop_3) is equivalent to (prop_2), then at some point (prop_1) should happen .",(prop_2 <-> prop_3) -> F prop_1,(prop_3 <-> prop_2) -> F prop_1,True
11012,If (prop_2) then (prop_3) if and only if (prop_1) then (prop_4) .,(prop_2 -> prop_3) <-> (prop_1 -> prop_4),(prop_2 -> prop_3) <-> (prop_1 -> prop_4),True
11013,"( prop_3 ) and ( prop_2 ) should happen at the same time , and this scenario should continue until ( prop_1 ) does not happen .",(prop_2 & prop_3) U !prop_1,(prop_3 & prop_2) U (!prop_1),True
11014,Either keep (prop_4) until (prop_3) or make sure that (prop_2) is equivalent to (prop_1) .,(prop_1 <-> prop_2) | (prop_4 U prop_3),(prop_4 U prop_3) | G(prop_2 <-> prop_1),False
11015,"( prop_1 ) is equivalent to ( prop_2 ) , and also ( prop_3 ) .",prop_3 & (prop_1 <-> prop_2),G((prop_1 <-> prop_2) & prop_3),False
11016,It is not the case that if ( prop_1 ) then ( prop_2 ) happens and this scenario will hold until ( prop_3 ) is detected .,!((prop_1 -> prop_2) U prop_3),!((prop_1 ) -> (prop_2 ) U (prop_3 )),False
11017,"It is not the case that ( prop_3 ) happens and continues to happen until ( prop_1 ) is detected , if and only if ( prop_2 ) .",!(prop_2 <-> (prop_3 U prop_1)),! (prop_3 U prop_1) <-> prop_2,True
11018,at any time ( prop_1 ) and never ( prop_2 ),F(prop_1 & G!prop_2),G(prop_1 & !prop_2),False
11019,If it is not the case that ( prop_2 ) or else ( prop_3 ) is detected then as a response ( prop_1 ) should be observed .,(!prop_2 | prop_3) -> prop_1,G(!(prop_2 | prop_3) -> F(prop_1)),False
11020,"If ( prop_4 ) is equivalent to ( prop_1 ) then ( prop_2 ) , and also ( prop_3 ) .",prop_3 & ((prop_1 <-> prop_4) -> prop_2),G((prop_4 <-> prop_1) -> (prop_2 & prop_3)),False
11021,whenever ( prop_1 ) can infer that forever ( prop_2 ),F prop_1 -> G prop_2,G(prop_1 -> G prop_2),False
11022,Eventually do prop_1 but never do prop_2,F prop_1 & G!prop_2,F prop_1 & G(! prop_2),True
11023,"If both (prop_1) and (prop_2) happen at some point, then keep them until (prop_3) and (prop_4) both happen .",(prop_1 & prop_2) U (prop_3 & prop_4),G((prop_1 & prop_2) -> ((prop_1 & prop_2) U (prop_3 & prop_4))),False
11024,"If both (prop_1) and (prop_2) happen, then eventually (prop_3) should happen as well.",(prop_1 & prop_2) -> F prop_3,G((prop_1 & prop_2) -> F(prop_3)),False
11025,"It is equivalent to have a scenario in which ( prop_2 ) is not the case and ( prop_1 ) is , or to have ( prop_3 ) .",prop_3 <-> (prop_1 & !prop_2),(!prop_2 & prop_1) <-> prop_3,True
11026,The scenario in which if at some point ( prop_1 ) or ( prop_4 ) then ( prop_3 ) is equivalent to the scenario in which ( prop_2 ) .,prop_2 <-> ((prop_1 | prop_4) -> prop_3),(F((prop_1 | prop_4) -> prop_3)) <-> prop_2,False
11027,"Globally , everytime when ( prop_3 ) until ( prop_1 ) , then the following condition holds : there will have to be eventually a certain time point in the future , after which ( prop_2 ) .",G((prop_3 U prop_1) -> FG prop_2),G((prop_3 U prop_1) -> F(F prop_2)),False
11028,"If at some point ( prop_1 ) happens and continues to happen until ( prop_3 ) , and also ( prop_4 ) , or else ( prop_2 ) .",prop_2 | (prop_4 & (prop_1 U prop_3)),F((prop_1 U prop_3) & prop_4) | prop_2,False
11029,Always ensure that ( prop_2 ) is true if and only if both ( prop_3 ) and ( prop_1 ) are true.,(prop_1 & prop_3) <-> G prop_2,G(prop_2 <-> (prop_3 & prop_1)),False
11030,do not ( prop_1 ) and at some time ( prop_2 ),!(prop_1 & F prop_2),G(!prop_1 ) & F(prop_2 ),False
11031,"When ( prop_3 ) , or ( prop_1 ) then in response the subsequent condition ought n't to be true : ( prop_2 ) .",G((prop_1 | prop_3) -> !F prop_2),G((prop_3 | prop_1) -> G(!prop_2)),True
11032,always ( prop_1 ) until ( prop_2 ),G(prop_1 U prop_2),G(prop_1 U prop_2),True
11033,"If at a certain moment in the future before the end of the simulation ( prop_1 ) , then the following condition is true : ( prop_2 ) and this scenario will have to sustain uninterruptedly till the transition action that ( prop_3 ) is detected eventually at sometime in the future before the execution ends .",G(F prop_1 -> (prop_2 U prop_3)),G(prop_1 -> (prop_2 U prop_3)),False
11034,"If (prop_1) then (prop_2) if and only if, (prop_3) if and only if (prop_4) .",(prop_1 -> prop_2) <-> (prop_3 <-> prop_4),G(prop_1 -> ((prop_2 <-> prop_3) <-> prop_4)),False
11035,do prop_1 right now,prop_1,prop_1,True
11036,"Eventually do prop_1, and also either do prop_3 or prop_2.",(prop_2 | prop_3) & F prop_1,F(prop_1 & (prop_3 | prop_2)),False
11037,never ( prop_1 ) and ( prop_2 ),G(!prop_1 & prop_2),G(!(prop_1 & prop_2)),False
11038,at some time ( prop_1 ) and do not ( prop_2 ),F(prop_1 & !prop_2),F(prop_1 & ! prop_2),True
11039,"(prop_2) doesn't happen, or if (prop_3) is always true, then (prop_1) .",!prop_2 | (G prop_3 -> prop_1),G(!prop_2 ) | (G(prop_3 ) -> prop_1 ),False
11040,If ( prop_2 ) then ( prop_1 ) and also ( prop_3 ) and ( prop_4 ) .,prop_3 & prop_4 & (prop_2 -> prop_1),G(prop_2 -> (prop_1 & prop_3 & prop_4)),False
11041,"If (prop_3) is equivalent to (prop_2), then you should not do (prop_1) .",(prop_2 <-> prop_3) -> !prop_1,G((prop_3 <-> prop_2) -> !prop_1 ),False
11042,"Do both ( prop_1 ) and ( prop_2 ), and keep doing ( prop_3 ) until ( prop_4 ) happens.",prop_1 & prop_2 & (prop_3 U prop_4),(prop_1 & prop_2) & (prop_3 U prop_4),True
11043,"The scenario in which ( prop_2 ) is equivalent to ( prop_3 ) should always be true , and in addition ( prop_1 ) .",prop_1 & G(prop_2 <-> prop_3),G((prop_2 <-> prop_3) & prop_1),False
11044,at any time ( prop_1 ) and forever ( prop_2 ),F(prop_1 & G prop_2),G(prop_1 & G prop_2),False
11045,"It is not the case that ( prop_2 ) or ( prop_3 ) happens , and ( prop_1 ) .",prop_1 & !(prop_2 | prop_3),! (prop_2 | prop_3) & prop_1,True
11046,"(prop_1) doesn't happen, and make sure (prop_2) and (prop_3) both happen .",!prop_1 & prop_2 & prop_3,G(!prop_1 ) & F(prop_2 ) & F(prop_3 ),False
11047,"Start by (prop_1). Then, (prop_3). Lastly, (prop_2).",(prop_1 U prop_3) U prop_2,!prop_1 | F(prop_1 & F(prop_3 & F(prop_2))),False
11048,repeatedly ( prop_1 ) until ( prop_2 ),G(F prop_1 U prop_2),prop_1 U prop_2,False
11049,"For each time instant if ( prop_3 ) is true , then ( prop_1 ) is equivalent to ( prop_2 ) .",G prop_3 -> (prop_1 <-> prop_2),G(prop_3 -> (prop_1 <-> prop_2)),False
11050,"If ( prop_1 ) then ( prop_2 ) happens , or else ( prop_3 ) is equivalent to the case ( prop_4 ) .",(prop_1 -> prop_2) | (prop_3 <-> prop_4),G((prop_1 -> F prop_2) | (prop_3 <-> prop_4)),False
11051,"If it is not the case that ( prop_3 ) or ( prop_1 ), then ( prop_2 ) .",!(prop_1 | prop_3) -> prop_2,G(!(prop_3 | prop_1) -> prop_2),False
11052,It is required that the scenario in which ( prop_3 ) and ( prop_1 ) happens is equivalent to the scenario in which ( prop_2 ) finally happens .,(prop_1 & prop_3) <-> F prop_2,(prop_3 & prop_1) <-> F prop_2,True
11053,"If (prop_1) is equivalent to (prop_2), or (prop_4) and (prop_3) .",(prop_1 <-> prop_2) | (prop_3 & prop_4),G((prop_1 <-> prop_2) | (prop_4 & prop_3)),False
11054,"(prop_1). Once (prop_2), (prop_3)",prop_1 & (prop_2 U prop_3),G(prop_1) & G(prop_2 -> F(prop_3)),False
11055,"The scenario in which  either ( prop_1 ) or ( prop_2 ) keeps being detected , and ( prop_4 ) keeps being observed , until  ( prop_3 ) .",(prop_4 & (prop_1 | prop_2)) U prop_3,((prop_1 | prop_2) & prop_4) U prop_3,True
11056,"If at some point ( prop_2 ) happens and continues to happen until ( prop_4 ) , or ( prop_1 ) , and ( prop_3 ) .",prop_3 & (prop_1 | (prop_2 U prop_4)),F((prop_2 U prop_4) | (prop_1 & prop_3)),False
11057,never ( prop_1 ) and never ( prop_2 ),G(!prop_1 & G!prop_2),G(!prop_1 ) & G(!prop_2 ),True
11058,never ( prop_1 ) or never ( prop_2 ),G(!prop_1 | G!prop_2),G(!prop_1 ) | G(!prop_2 ),False
11059,"The scenario in which ( prop_3 ) implies ( prop_4 ) and this scenario continues until ( prop_1 ) , the above scenario is equivalent to ( prop_2 ) .",prop_2 <-> ((prop_3 -> prop_4) U prop_1),((prop_3 -> prop_4) U prop_1) <-> prop_2,True
11060,"If at some point ( prop_2 ) and ( prop_1 ) is detected and this scenario continues until ( prop_3 ) is detected , then ( prop_4 ) .",((prop_1 & prop_2) U prop_3) -> prop_4,F((prop_2 & prop_1) U prop_3) -> prop_4,False
11061,do not ( prop_1 ) or whenever ( prop_2 ),!(prop_1 | F prop_2),G(!prop_1) | G(prop_2 -> prop_2),False
11062,"Always make sure ( prop_1 ) happens, or else have ( prop_2 ) be equivalent to ( prop_3 ).",(prop_2 <-> prop_3) | G prop_1,G(prop_1 | (prop_2 <-> prop_3)),False
11063,( prop_2 ) does not happen is equivalent to the case that if ( prop_1 ) then ( prop_3 ) happens .,!prop_2 <-> (prop_1 -> prop_3),G(!prop_2 ) <-> G(prop_1 -> F(prop_3 )),False
11064,"If (prop_1) is going to happen eventually, then if (prop_2) happens then (prop_3) should also happen .",F prop_1 -> (prop_2 -> prop_3),F(prop_1 ) -> G(prop_2 -> prop_3 ),False
11065,"If (prop_1), then (prop_4), and if (prop_3), then (prop_2) .",(prop_1 -> prop_4) & (prop_3 -> prop_2),G((prop_1 -> prop_4) & (prop_3 -> prop_2)),False
11066,"(prop_4) and (prop_1) happen, and at the same time, (prop_3) is equivalent to (prop_2).",prop_1 & prop_4 & (prop_2 <-> prop_3),G((prop_4 & prop_1) & (prop_3 <-> prop_2)),False
11067,If it is not the case that for the scenario in which ( prop_3 ) if and only if ( prop_2 ) then ( prop_4 ) then ( prop_1 ) .,((prop_2 <-> prop_3) -> prop_4) -> prop_1,!((prop_3 <-> prop_2) -> prop_4) -> prop_1,False
11068,do not ( prop_1 ) until at some time ( prop_2 ),!(prop_1 U F prop_2),!prop_1 U prop_2,False
11069,"If at some point ( prop_3 ) or ( prop_4 ) then ( prop_1 ) happens, and ( prop_2 ) .",prop_2 & ((prop_3 | prop_4) -> prop_1),F((prop_3 | prop_4) -> (prop_1 & prop_2)),False
11070,"If ( prop_1 ) then ( prop_2 ) and also ( prop_4 ) is true, then the scenario is equivalent to ( prop_3 ) .",prop_3 <-> (prop_4 & (prop_1 -> prop_2)),G((prop_1 & prop_2 & prop_4) <-> prop_3),False
11071,"if never ( prop_1 ) , at some time ( prop_2 )",G!prop_1 -> F prop_2,G(!prop_1 ) -> F(prop_2 ),True
11072,"It is not the case that ( prop_3 ) then ( prop_2 ) , or else ( prop_1 ) .",prop_1 | !(prop_3 -> prop_2),!(prop_3 -> F(prop_2)) | prop_1,False
11073,"It is always the case that ( prop_1 ) should not happen or else ( prop_2 ) should happen, and in the meantime with the above condition ( prop_3 ) should happen .",prop_3 & (prop_2 | G!prop_1),G((!prop_1 | prop_2) & prop_3),False
11074,"At some point ( prop_2 ) should happen and then ( prop_1 ) , or else ( prop_3 ) .",prop_3 | F(prop_2 -> prop_1),F(prop_2 & F(prop_1)) | prop_3,False
11075,"For each time instant ( prop_3 ) and ( prop_1 ) should be detected , or else ( prop_2 ) .",prop_2 | G(prop_1 & prop_3),G(prop_3 -> (prop_1 | prop_2)),False
11076,"If (prop_1) doesn't happen, then make sure (prop_2) happens until (prop_3) .",!prop_1 -> (prop_2 U prop_3),G(!prop_1 -> (prop_2 U prop_3)),False
11077,( prop_1 ) or don't ( prop_2 ),prop_1 | !prop_2,( prop_1 ) | ! ( prop_2 ),True
11078,never ( prop_1 ) or always ( prop_2 ),G(!prop_1 | G prop_2),G(!prop_1 ) | G(prop_2 ),False
11079,"If at some point ( prop_4 ) is equivalent to ( prop_3 ) and this scenario continues until ( prop_1 ) is detected , or else ( prop_2 ) .",prop_2 | ((prop_3 <-> prop_4) U prop_1),F((prop_4 <-> prop_3) U prop_1) | prop_2,False
11080,"when always ( prop_1 ) , ( prop_2 )",G prop_1 -> prop_2,G(prop_1 -> prop_2),False
11081,repeatedly ( prop_1 ) can infer that at any time ( prop_2 ),GF prop_1 -> F prop_2,G(prop_1 ) -> G(prop_2 ),False
11082,"While ( prop_1 ) , ( prop_2 ) .",G(prop_1 -> F prop_2),G(prop_1 -> prop_2),False
11083,"If it is true that ( prop_1 ) happens and continues until ( prop_2 ) is detected then as a response ( prop_4 ) should be detected , then ( prop_3 ) should be detected .",((prop_1 U prop_2) -> prop_4) -> prop_3,G((prop_1 U prop_2) -> F(prop_4 & F prop_3)),False
11084,"It is required that at a certain point ( prop_3 ) and ( prop_2 ) , or else ( prop_1 ) .",prop_1 | F(prop_2 & prop_3),F(prop_3 & prop_2) | prop_1,True
11085,"Globally , everytime when ( prop_3 ) , and ( prop_1 ) , then the condition that uninterruptedly ( prop_2 ) ought n't to be true .",G((prop_1 & prop_3) -> !G prop_2),G((prop_3 & prop_1) -> !G(prop_2)),True
11086,at some time ( prop_1 ) until always ( prop_2 ),F(prop_1 U G prop_2),F(prop_1 U G prop_2),True
11087,"when never ( prop_1 ) , ( prop_2 )",G!prop_1 -> prop_2,G(!prop_1 ) -> prop_2,True
11088,"It is required that (prop_2) is equivalent to (prop_1), and before the end (prop_3) should happen .",(prop_1 <-> prop_2) & F prop_3,G(prop_2 <-> prop_1) & F(prop_3),False
11089,The scenario in which either (prop_3) or (prop_1) happens is equivalent to the scenario in which (prop_2) happens at the end .,(prop_1 | prop_3) <-> F prop_2,(prop_3 | prop_1) <-> F prop_2,True
11090,"If ( prop_3 ) then ( prop_4 ) , or else ( prop_2 ) , and also ( prop_1 ) .",prop_1 & (prop_2 | (prop_3 -> prop_4)),G(((prop_3 -> prop_4) | prop_2) & prop_1),False
11091,"If either (prop_4) or (prop_3) happens, then wait until (prop_1) is equivalent to (prop_2) .",(prop_3 | prop_4) U (prop_1 <-> prop_2),G((prop_4 | prop_3) -> ( ! (prop_1 <-> prop_2) U (prop_1 <-> prop_2) )),False
11092,"For all time, (prop_2) is true if and only if (prop_3) is not true and (prop_1) is true.",(prop_1 & !prop_3) <-> G prop_2,G(prop_2 <-> (!prop_3 & prop_1)),False
11093,"(prop_2) is equivalent to (prop_1), or (prop_3) is equivalent to (prop_4) .",(prop_1 <-> prop_2) | (prop_3 <-> prop_4),G((prop_2 <-> prop_1) | (prop_3 <-> prop_4)),False
11094,"If ( prop_2 ) and ( prop_1 ) , then ( prop_3 ) .",(prop_1 & prop_2) -> prop_3,G((prop_2 & prop_1) -> prop_3),False
11095,"when ( prop_1 ) , repeatedly ( prop_2 )",prop_1 -> GF prop_2,G(prop_1 -> G(F prop_2)),False
11096,"Either (prop_4) or (prop_2), and (prop_3) implies (prop_1) .",(prop_3 -> prop_1) & (prop_2 | prop_4),((prop_4 | prop_2) & prop_3) -> prop_1,False
11097,"If (prop_3) and (prop_2) occur, then keep them occurring until (prop_1) happens, at which point you should ensure that (prop_4) occurs .",(prop_2 & prop_3) U (prop_1 -> prop_4),G((prop_3 & prop_2) -> ((prop_3 & prop_2) U (prop_1 & F prop_4))),False
11098,"For all time (prop_2) is true, is equivalent to the scenario in which (prop_1) is equivalent to (prop_3) .",(prop_1 <-> prop_3) <-> G prop_2,(G prop_2 ) <-> (G (prop_1 <-> prop_3 )),False
11099,"If it is not the case that ( prop_3 ) or ( prop_2 ) then ( prop_1 ) should be true , and vice versa .",prop_1 <-> !(prop_2 | prop_3),G(!(prop_3 | prop_2) <-> prop_1),False
11100,"If (prop_3) is equivalent to (prop_1), then keep (prop_2) until (prop_4) happens .",(prop_1 <-> prop_3) -> (prop_2 U prop_4),G((prop_3 <-> prop_1) -> (prop_2 U prop_4)),False
11101,"If it is the case that ( prop_1 ) or ( prop_2 ) then ( prop_3 ) should happen , or else ( prop_4 ) .",prop_4 | ((prop_1 | prop_2) -> prop_3),G((prop_1 | prop_2) -> (F prop_3 | prop_4)),False
11102,"If (prop_3) or (prop_1), which is the same as saying that if (prop_2), then (prop_4) .",(prop_2 -> prop_4) <-> (prop_1 | prop_3),((prop_3 | prop_1) <-> (prop_2 -> prop_4)),True
11103,"If you do (prop_1) and observe (prop_2), and you should keep doing (prop_3) .",prop_1 & prop_2 & G prop_3,G((prop_1 & prop_2) -> G(prop_3)),False
11104,Guarantee to (prop_1),G prop_1,G(prop_1 ),True
11105,( prop_1 ) until never ( prop_2 ),prop_1 U G!prop_2,prop_1 U G(!prop_2 ),True
11106,"If either (prop_1) or (prop_2) happens, then keep (prop_3) for all time afterward .",(prop_1 | prop_2) -> G prop_3,G((prop_1 | prop_2) -> G(prop_3)),False
11107,do not ( prop_1 ) and forever ( prop_2 ),!(prop_1 & G prop_2),!prop_1 & G prop_2,False
11108,do not ( prop_1 ) and when possible ( prop_2 ),!(F prop_1 & F prop_2),G(!prop_1) & GF(prop_2),False
11109,"If ( prop_1 ) then ( prop_4 ) , or else ( prop_2 ) , the above scenario is equivalent to ( prop_3 ) .",prop_3 <-> (prop_2 | (prop_1 -> prop_4)),G(((prop_1 -> prop_4) | (!prop_1 -> prop_2)) <-> prop_3),False
11110,"If either (prop_3) or (prop_2) happens, then keep this condition until either (prop_1) or (prop_4) happens .",(prop_2 | prop_3) U (prop_1 | prop_4),G((prop_3 | prop_2) -> ((prop_3 | prop_2) U (prop_1 | prop_4))),False
11111,"It is not the case that ( prop_1 ) and ( prop_2 ), which is equal to the case that ( prop_3 ) is observed .",prop_3 <-> !(prop_1 & prop_2),G(!(prop_1 & prop_2) <-> prop_3),False
11112,"Until you see that (prop_4) implies (prop_3), keep doing (prop_2) or (prop_1) .",(prop_3 | prop_4) U (prop_2 -> prop_1),(prop_2 | prop_1) U (prop_4 -> prop_3),False
11113,"It is not the case that ( prop_1 ) is equivalent to ( prop_2 ), or ( prop_3 ) .",prop_3 | !(prop_1 <-> prop_2),! (prop_1 <-> prop_2) | prop_3,True
11114,"when do not ( prop_1 ) , when possible ( prop_2 )",!prop_1 -> F prop_2,G(!prop_1 -> F prop_2),False
11115,"Either (prop_2) and (prop_3) happen at the same time, or make sure (prop_1) happens in the end .",(prop_2 & prop_3) | F prop_1,F(prop_2 & prop_3) | F(prop_1),False
11116,"When ( prop_3 ) , or the scenario that ( prop_1 ) gets detected then in response the condition that uninterruptedly ( prop_2 ) should not be true .",G((prop_1 | prop_3) -> !G prop_2),G((prop_3 | prop_1) -> G(!prop_2)),False
11117,In case that at some point ( prop_1 ) or ( prop_4 ) is equivalent to ( prop_3 ) and this scenario is continued until ( prop_2 ) .,(prop_3 <-> (prop_1 | prop_4)) U prop_2,F((prop_1 | prop_4) <-> prop_3) U prop_2,False
11118,"First, (prop_1) until (prop_3), and make sure that (prop_4) is equivalent to (prop_2) .",(prop_2 <-> prop_4) & (prop_1 U prop_3),(prop_1 U prop_3) & G(prop_4 <-> prop_2),False
11119,"Always ensure that (prop_3) holds true, or make sure that (prop_1) does not happen while (prop_2) happens.",(!prop_1 & prop_2) | G prop_3,G(prop_3 | !(prop_1 & prop_2)),False
11120,don't ( prop_1 ) or don't ( prop_2 ),!(prop_1 | !prop_2),!prop_1 | !prop_2,False
11121,"If (prop_1) or (prop_2) happens, then keep it until (prop_3) doesn't happen .",(prop_1 | prop_2) U !prop_3,G((prop_1 | prop_2) -> ((prop_1 | prop_2) U !prop_3)),False
11122,"The scenario that ( prop_3 ) or ( prop_1 ) should always be detected, or the scenario that ( prop_2 ) should be detected .",prop_2 | G(prop_1 | prop_3),G(prop_3 | prop_1) | F(prop_2),False
11123,"If you do (prop_2) and observe (prop_3), then this is the same as if you had done (prop_1) or (prop_4) .",(prop_2 & prop_3) <-> (prop_1 | prop_4),G((prop_2 & prop_3) <-> (prop_1 | prop_4)),False
11124,If at some point ( prop_3 ) or ( prop_2 ) and also ( prop_4 ) then ( prop_1 ) .,(prop_4 & (prop_2 | prop_3)) -> prop_1,F((prop_3 | (prop_2 & prop_4)) -> prop_1),False
11125,Do prop_1 but not do prop_2,prop_1 & !prop_2,G(prop_1 & !prop_2),False
11126,"If (prop_4) occurs and continues until (prop_2), then either (prop_3) or (prop_1) should also occur .",(prop_4 U prop_2) -> (prop_1 | prop_3),G((prop_4 U prop_2) -> F(prop_3 | prop_1)),False
11127,when possible ( prop_1 ) can infer that do not ( prop_2 ),F prop_1 -> !prop_2,G(prop_1 -> !prop_2),False
11128,"If ( prop_2 ) or ( prop_3 ) happens , then ( prop_1 ) does not happen .",(prop_2 | prop_3) -> !prop_1,G((prop_2 | prop_3) -> !prop_1),False
11129,repeatedly ( prop_1 ) until at some time ( prop_2 ),G(F prop_1 U F prop_2),prop_1 U prop_2,False
11130,"If you detect (prop_2) and (prop_3), then you should do (prop_4) and (prop_1) .",(prop_2 & prop_3) -> (prop_1 & prop_4),G((prop_2 & prop_3) -> F(prop_4 & prop_1)),False
11131,"Until (prop_3) and (prop_1) happen at the same time, if (prop_4) happens then (prop_2) should also happen .",(prop_3 -> prop_1) U (prop_2 & prop_4),(! (prop_3 & prop_1)) U (prop_4 -> prop_2),False
11132,"The scenario in which ( prop_2 ) happens and then ( prop_1 ) , is equivalent to ( prop_3 ) .",prop_3 <-> (prop_2 -> prop_1),(F(prop_2 & F prop_1)) <-> prop_3,False
11133,"It is required that finally that if ( prop_2 ) then ( prop_3 ) happens , the above scenario is equivalent to ( prop_1 ) .",prop_1 <-> F(prop_2 -> prop_3),F(prop_2 -> prop_3) <-> prop_1,True
11134,"Either both (prop_3) and (prop_2) happen, or both (prop_1) and (prop_4) happen.",(prop_2 & prop_3) | (prop_1 & prop_4),(prop_3 & prop_2) | (prop_1 & prop_4),True
11135,The scenario where ( prop_1 ) and ( prop_2 ) both happen is equivalent to the scenario where ( prop_4 ) and ( prop_3 ) both happen.,(prop_1 & prop_2) <-> (prop_3 & prop_4),G((prop_1 & prop_2) <-> (prop_4 & prop_3)),False
11136,"For each time instant ( prop_3 ) is equivalent to ( prop_1 ) , or else ( prop_2 ) .",prop_2 | G(prop_1 <-> prop_3),G((prop_3 <-> prop_1) | prop_2),False
11137,forever ( prop_1 ) until at any time ( prop_2 ),G(prop_1 U F prop_2),prop_1 U F prop_2,False
11138,forever ( prop_1 ) and never ( prop_2 ),G(prop_1 & G!prop_2),G(prop_1) & G(!prop_2),True
11139,"If at some point ( prop_2 ) or ( prop_4 ) is detected and this scenario continues until at some other point ( prop_1 ) is detected , then ( prop_3 ) .",((prop_2 | prop_4) U prop_1) -> prop_3,G(((prop_2 | prop_4) U prop_1) -> prop_3),False
11140,"If ( prop_2 ) happens and continues to happen until ( prop_1 ) , or ( prop_4 ) , then the above condition  is equivalent to ( prop_3 ) .",prop_3 <-> (prop_4 | (prop_2 U prop_1)),G(((prop_2 U prop_1) | prop_4) <-> prop_3),False
11141,It is required that at a certain point the scenario in which ( prop_3 ) is equivalent to the scenario in which ( prop_1 ) is equivalent to the scenario in which ( prop_2 ) .,(prop_1 <-> prop_2) <-> F prop_3,F(prop_3 <-> (prop_1 <-> prop_2 )),False
11142,"If at some point ( prop_2 ) is not detected and this continues until ( prop_3 ) , or else ( prop_1 ) .",prop_1 | (!prop_2 U prop_3),F(!prop_2 U prop_3) | prop_1,False
11143,The scenario in which (prop_2) happens and then (prop_3) happens is equivalent to the scenario in which finally (prop_1) happens .,(prop_2 -> prop_3) <-> F prop_1,F(prop_2 & F(prop_3)) <-> F(prop_1 ),False
11144,"If it is not the case that ( prop_1 ) then ( prop_2 ) , then ( prop_3 ) .",!(prop_1 -> prop_2) -> prop_3,G((!prop_1 -> prop_2) -> prop_3),False
11145,never ( prop_1 ) until at some time ( prop_2 ),G(!prop_1 U F prop_2),(!prop_1 ) U ( prop_2 ),False
11146,"If ( prop_3 ) leads to ( prop_2 ), then when ( prop_4 ) happens, it should also lead to ( prop_1 ).",(prop_3 -> prop_2) -> (prop_4 -> prop_1),G(prop_3 -> F(prop_2)) -> G(prop_4 -> F(prop_1)),False
11147,"If (prop_1) and (prop_2) happen at the same time, then wait until (prop_3) or (prop_4) happens .",(prop_1 & prop_2) U (prop_3 | prop_4),G((prop_1 & prop_2) -> (! (prop_3 | prop_4) U (prop_3 | prop_4))),False
11148,"If at some point ( prop_4 ) happens and continues to happen until ( prop_2 ) is detected , then the scenario is equivalent to ( prop_3 ) , and ( prop_1 ) .",prop_1 & (prop_3 <-> (prop_4 U prop_2)),F(prop_4 U prop_2) -> (prop_3 & prop_1),False
11149,( prop_3 ) if and only if ( prop_1 ) then this implies ( prop_2 ) .,(prop_1 <-> prop_3) -> prop_2,(prop_3 <-> prop_1) -> prop_2,True
11150,"Either (prop_1) is the same as (prop_2), or else if (prop_3), then make sure (prop_4) .",(prop_1 <-> prop_2) | (prop_3 -> prop_4),(prop_1 <-> prop_2) | G(prop_3 -> F(prop_4)),False
11151,"If (prop_2) and (prop_3), then if (prop_4), then (prop_1) .",(prop_2 & prop_3) -> (prop_4 -> prop_1),G((prop_2 & prop_3) -> (prop_4 -> prop_1)),False
11152,"The scenario that ( prop_3 ) , and the scenario that ( prop_1 ) , and the scenario that ( prop_4 ) , and the scenario that ( prop_2 ) .",prop_1 & prop_2 & prop_3 & prop_4,G(prop_3 & prop_1 & prop_4 & prop_2),False
11153,"If (prop_3) and (prop_1), then either do (prop_2) or (prop_4) .",(prop_1 & prop_3) -> (prop_2 | prop_4),G((prop_3 & prop_1) -> (prop_2 | prop_4)),False
11154,"At some point ( prop_2 ) or ( prop_1 ) , and ( prop_3 ) .",prop_3 & (prop_1 | prop_2),F((prop_2 | prop_1) & prop_3 ),False
11155,"Ensure that (prop_2) happens soon, but do not let (prop_3) occur until after (prop_1).",F prop_2 & (!prop_3 U prop_1),F prop_2 & (!prop_3 U prop_1),True
11156,"If at some point ( prop_2 ) then ( prop_3 ) happens and this scenario will hold until ( prop_4 ) is detected , and ( prop_1 ) .",prop_1 & ((prop_2 -> prop_3) U prop_4),G(prop_2 -> (prop_3 U prop_4)) & G(prop_1),False
11157,"If ( prop_1 ) and ( prop_2 ), then ( prop_5 ) until ( prop_6 ) does not happen , and ( prop_4 ) until ( prop_3 ) does not happen .",((prop_1 & prop_2) -> (prop_5 U !prop_6)) & (prop_4 U !prop_3),G((prop_1 & prop_2) -> (!(prop_5 U prop_6) & !(prop_4 U prop_3))),False
11158,"It is not the case that ( prop_2 ) and ( prop_3 ) , or ( prop_1 ) .",prop_1 | !(prop_2 & prop_3),! ( prop_2 & prop_3 ) | prop_1,True
11159,"If it is eventually the case that (prop_3), then it must be the case that both (prop_2) and (prop_1) .",F prop_3 -> (prop_1 & prop_2),F(prop_3 ) -> (prop_2 & prop_1 ),True
11161,Keep (prop_4) and (prop_3) happening until the point when (prop_1) becomes equivalent to (prop_2).,(prop_3 & prop_4) U (prop_1 <-> prop_2),(prop_4 & prop_3) U (prop_1 <-> prop_2),True
11162,at any time ( prop_1 ) or do not ( prop_2 ),F(prop_1 | !prop_2),G(prop_1 | ! prop_2),False
11163,"All of ( prop_3 ) , ( prop_2 ) , and ( prop_1 ) should be detected .",prop_1 & prop_2 & prop_3,F(prop_1 & prop_2 & prop_3),False
11164,"Either do ( prop_1 ) or ( prop_2 ), or do not do ( prop_3 ).",prop_1 | prop_2 | !prop_3,G(prop_1 | prop_2 | !prop_3),False
11165,If ( prop_1 ) then ( prop_2 ) and ( prop_4 ) then ( prop_3 ) .,(prop_4 & (prop_1 -> prop_2)) -> prop_3,G((prop_1 & prop_2 & prop_4) -> F(prop_3)),False
11166,"If ( prop_2 ) then ( prop_3 ) happens , and ( prop_4 ) is equivalent to ( prop_1 ) .",(prop_2 -> prop_3) & (prop_1 <-> prop_4),G((prop_2 -> F prop_3) & (prop_4 <-> prop_1)),False
11167,"If at some point ( prop_4 ) is equivalent to ( prop_3 ) and this scenario continues until ( prop_1 ) is detected , and ( prop_2 ) .",prop_2 & ((prop_3 <-> prop_4) U prop_1),F(((prop_4 <-> prop_3) U prop_1) & prop_2),False
11168,It is not the case that ( prop_3 ) happens and continues to happen until ( prop_1 ) is detected and also ( prop_2 ) .,!(prop_2 & (prop_3 U prop_1)),!(prop_3 U (prop_1 & prop_2)),False
11169,The scenario that ( prop_2 ) holds until the scenario ( prop_3 ) happens is equivalent to the scenario that ( prop_1 ) .,prop_1 <-> (prop_2 U prop_3),(prop_2 U prop_3) <-> prop_1,True
11170,"If (prop_1) and (prop_4), then keep (prop_2) until (prop_3) happens .",(prop_1 & prop_4) -> (prop_2 U prop_3),G((prop_1 & prop_4) -> (prop_2 U prop_3)),False
11171,It is not the case that either ( prop_3 ) happens and continues to happen until ( prop_2 ) or else ( prop_1 ) .,!(prop_1 | (prop_3 U prop_2)),!((prop_3 U prop_2) | prop_1),True
11172,"It is globally the case that if ( prop_2 ) and ( prop_3 ) then ( prop_1 ) should be true , and vice versa .",prop_1 <-> G(prop_2 & prop_3),G((prop_2 & prop_3) <-> prop_1 ),False
11173,"If (prop_1) or (prop_2), then if (prop_3) then (prop_4) .",(prop_1 | prop_2) -> (prop_3 -> prop_4),G((prop_1 | prop_2) -> (prop_3 -> prop_4)),False
11174,"If (prop_4) implies (prop_1), then either (prop_3) or (prop_2) should happen.",(prop_4 -> prop_1) -> (prop_2 | prop_3),G((prop_4 -> prop_1) -> F(prop_3 | prop_2)),False
11175,don't ( prop_1 ) and ( prop_2 ),!(prop_1 & prop_2),G(!(prop_1 & prop_2)),False
11176,"If (prop_2) is observed and (prop_1) occurs, then (prop_4) should be equivalent to (prop_3) .",(prop_1 & prop_2) -> (prop_3 <-> prop_4),G((prop_2 & prop_1) -> (prop_4 <-> prop_3)),False
11177,"If you do not do (prop_3) and observe (prop_1), then you should do (prop_2) all the time from now on .",(prop_1 & !prop_3) -> G prop_2,G((!prop_3 & prop_1) -> G(prop_2)),False
11178,"For each time instant if ( prop_2 ) does not happen then ( prop_3 ) , and ( prop_1 ) .",prop_1 & G(!prop_2 -> prop_3),G(!prop_2 -> (prop_3 & prop_1)),False
11179,"If ( prop_3 ) happens until the scenario that ( prop_2 ) is detected , and ( prop_4 ) is observed , then it should be followed by ( prop_1 ) .",(prop_4 & (prop_3 U prop_2)) -> prop_1,G(((prop_3 U prop_2) & prop_4) -> F(prop_1 )),False
11180,never ( prop_1 ) until ( prop_2 ),G(!prop_1 U prop_2),!prop_1 U prop_2,False
11181,at some time ( prop_1 ) or don't ( prop_2 ),F(prop_1 | !F prop_2),F(prop_1 | !prop_2),False
11182,"If either (prop_3) or (prop_1) occurs, then (prop_4) and (prop_2) should both be true .",(prop_1 | prop_3) -> (prop_2 & prop_4),G((prop_3 | prop_1) -> (prop_4 & prop_2)),False
11183,"If it is the case that ( prop_1 ) leads to ( prop_2 ) is equivalent to ( prop_3 ) , then ( prop_4 ) .",(prop_3 <-> (prop_1 -> prop_2)) -> prop_4,((prop_1 -> F prop_2) <-> prop_3) -> prop_4,False
11184,"It is not the case that ( prop_2 ) happens and continues to happen until ( prop_3 ) is detected , and ( prop_1 ) .",prop_1 & !(prop_2 U prop_3),!((prop_2 U prop_3) & prop_1),False
11185,"If (prop_3) and (prop_1), or else if (prop_4) then do (prop_2) .",(prop_1 & prop_3) | (prop_4 U prop_2),G(((prop_3 & prop_1) | prop_4) -> prop_2),False
11186,"If ( prop_2 ) is equivalent to ( prop_4 ) and also ( prop_1 ) , then the above scenario is equivalent to ( prop_3 ) .",prop_3 <-> (prop_1 & (prop_2 <-> prop_4)),G(((prop_2 <-> prop_4) & prop_1) -> prop_3),False
11187,"The scenarios that ( prop_3 ) and ( prop_2 ) should be detected at the same time , until ( prop_1 ) .",(prop_2 & prop_3) U prop_1,(prop_3 & prop_2) U prop_1,True
11188,"If it is not the case that (prop_3), then if (prop_1) then (prop_2) .",!prop_3 -> (prop_1 -> prop_2),G(!prop_3 -> (prop_1 -> prop_2)),False
11189,"If (prop_2) or (prop_1), then at some point (prop_3) .",(prop_1 | prop_2) -> F prop_3,G((prop_2 | prop_1) -> F(prop_3 )),False
11190,don't ( prop_1 ) or ( prop_2 ),!(prop_1 | prop_2),G(!(prop_1 | prop_2)),False
11191,"If ( prop_6 ) and ( prop_5 ), then ( prop_1 ) until ( prop_3 ) happens , and ( prop_4 ) until ( prop_2 ) does not happen .",((prop_5 & prop_6) -> (prop_1 U prop_3)) & (prop_4 U !prop_2),G((prop_6 & prop_5) -> ((prop_1 U prop_3) & (prop_4 U !prop_2))),False
11192,"You should do (prop_4) and observe (prop_2), and you should also do (prop_1) or (prop_3) .",prop_2 & prop_4 & (prop_1 | prop_3),G((prop_4 & prop_2) & (prop_1 | prop_3)),False
11193,"In case that the scenario that ( prop_1 ) is detected then in response at a certain time point the scenario that ( prop_4 ) should happen , the above scenario will continue until ( prop_3 ) , or ( prop_2 ) .",prop_2 | ((prop_1 -> prop_4) U prop_3),G(prop_1 -> F(prop_4 U (prop_3 | prop_2))),False
11194,when possible ( prop_1 ) until repeatedly ( prop_2 ),F(prop_1 U GF prop_2),( prop_1 ) U G ( prop_2 ),False
11195,"While ( prop_4 ) or ( prop_2 ) or ( prop_1 ), and ( prop_3 ) has to be detected .",prop_3 & (prop_1 | prop_2 | prop_4),G((prop_4 | prop_2 | prop_1) -> prop_3),False
11196,"If either (prop_2) or (prop_4) happens, then (prop_1) should be equivalent to (prop_3) .",(prop_2 | prop_4) -> (prop_1 <-> prop_3),G((prop_2 | prop_4) -> (prop_1 <-> prop_3)),False
11197,"( prop_4 ) keeps happening until the scenario that ( prop_1 ) happens at some point in the future , then ( prop_2 ) should be observed , or else ( prop_3 ) .",prop_3 | ((prop_4 U prop_1) -> prop_2),(prop_4 U (prop_1 & F(prop_2 | prop_3))),False
11198,"The sentence will be true if ( prop_4 ) implies ( prop_3 ) and then implies ( prop_2 ), or ( prop_1 ) is true .",prop_1 | ((prop_4 -> prop_3) -> prop_2),((prop_4 -> prop_3) & (prop_3 -> prop_2)) | prop_1,False
11199,"If ( prop_2 ) does not happen and also ( prop_3 ) happens , then ( prop_1 ) .",(!prop_2 & prop_3) -> prop_1,G((!prop_2 & prop_3) -> prop_1),False
11200,If it is equivalent to have ( prop_4 ) and ( prop_3 ) or to have ( prop_2 ) then ( prop_1 ) .,(prop_2 <-> (prop_3 & prop_4)) -> prop_1,G(((prop_4 & prop_3) | prop_2) -> prop_1),False
11201,"If ( prop_2 ) happens and continues to happen until ( prop_1 ) , then ( prop_4 ) , as well as ( prop_3 ) .",prop_3 & ((prop_2 U prop_1) -> prop_4),G((prop_2 U prop_1) -> (prop_4 & prop_3)),False
11202,"Until (prop_3) happens and (prop_2) is true as a result, if (prop_1) happens, then (prop_4) should also be true.",(prop_3 -> prop_2) U (prop_1 -> prop_4),(prop_3 & prop_2) U (prop_1 -> prop_4),False
