Ground Truth,Response
( F photo_person_north_7th_avenue ) -> ( ! photo_person_north_7th_avenue U ( photo_car_southeast_10th_street & ! photo_person_north_7th_avenue ) ),G(photo_person_north_7th_avenue -> photo_car_southeast_10th_street)
( G prop_2 & ( prop_1 <-> prop_3 ) ),G(prop_2) & G((prop_1 <-> prop_3))
( prop_1 | F prop_2 ),prop_1 | prop_2
secure_apple & G ( ! ( drop_apple ) ),G(secure_apple & G(!drop_apple))
( prop_1 & F prop_2 ),(prop_1) & G(prop_2)
<>(restaurant_9&&<>(takeout_2&&<>(house_1&&pd))),G((takeout_2 & restaurant_9) -> F(house_1))
F ( prop_1 & F prop_2 ),F(prop_1 ) & F(prop_2 )
( prop_1 & G ( F prop_2 ) ),prop_1 & G(prop_2)
[]<>(area_2&&photo),G(F(area_2 ) & F(photo ))
F ( go_to_peach ) -> F ( go_by_house ),G(go_to_peach -> F(go_by_house))
G(( bar_has_to_be_repaired | sensor_retrieves_data ) -> F( engine_breaks & semaphore_is_yellow )),F((bar_has_to_be_repaired | sensor_retrieves_data) & F(engine_breaks & semaphore_is_yellow))
F ( prop_1 | G ( F prop_2 ) ),G((prop_1 ) | (prop_2 ))
F ( office_3 & F ( p_document_1 & F ( street_2 & G street_2 ) ) ),G((p_document_1 & office_3) -> F(street_2 & G(street_2)))
( ( prop_1 -> prop_2 ) -> F prop_3 ),G(prop_1 -> (prop_2 & F(prop_3)))
( ( prop_1 | prop_3 ) & ! prop_2 ),G((prop_1 | prop_3) & !prop_2)
( ( ( prop_2 -> prop_4 ) <-> prop_3 ) & prop_1 ),G((prop_2 -> F(prop_4)) <-> prop_3) & prop_1
( prop_1 -> F prop_2 ),F(prop_2 )
F ( snag_orange ) & F ( lay_hold_of_apple ),G(snag_orange -> F(lay_hold_of_apple))
( F ( prop_1 <-> prop_2 ) <-> prop_3 ),G((prop_1 <-> prop_2) -> (prop_3 <-> prop_3))
G ( F prop_1 & prop_2 ),G(F(prop_1 ) & F(prop_2 ))
F ( landmark_9 & photo & G landmark_9 ),F(photo & G(photo & landmark_9))
( F ( blue_room ) & G ( ! yellow_room ) ),G(blue_room -> G(!yellow_room))
F ( house_3 & F ( p_box_8 & F ( office_2 & pd ) ) ),G((pd & house_3) -> F(p_box_8 & office_2))
G ( search_bottle -> X G ! idle ),G(search_bottle -> G(!idle))
( ( ! prop_3 -> prop_1 ) & prop_2 ),G(!prop_3 -> (prop_1 & prop_2))
F ( prop_1 U prop_2 ),prop_1 U prop_2
F ( prop_1 | G ( F prop_2 ) ),G(prop_1 -> prop_2)
( F prop_1 -> prop_2 ),G(prop_1 -> prop_2)
!intersection_4 U street_5,G(!(intersection_4) U street_5)
( F record_gas_leak ) -> ( ! record_gas_leak U ( go_home & ! record_gas_leak ) ),G(record_gas_leak -> !go_home)
G ( ( prop_2 | prop_1 ) -> F prop_3 ),G((prop_2 | prop_1) -> prop_3)
( G prop_2 <-> ( prop_1 -> prop_3 ) ),G(prop_2 ) <-> (prop_1  & F(prop_3 ))
G(( constructor_instantiate_objects ) -> G(( motorbike_catches_fire ) -> F( table_is_old ))),G((motorbike_catches_fire) -> F(table_is_old))
! p_cone_2 U intersection_4,G(!p_cone_2 U intersection_4)
( ( prop_1 <-> prop_2 ) -> G prop_3 ),G((prop_1 <-> prop_2) -> prop_3)
! office_4 U p_pass_6 & F ( house_5 & F ( p_pass_6 & F ( office_4 & pd ) ) ),G((!p_pass_6) U (p_pass_6 & F(pd & office_4)))
G ( F ( make_way_to_house ) ) | F ( advance_to_house ),G(F(make_way_to_house) | F(advance_to_house))
( ( prop_4 U prop_3 ) -> ( prop_2 -> prop_1 ) ),G((prop_4 R prop_3) -> (prop_2 -> prop_1))
F ( bring_pear ) U secure_apple,bring_pear U secure_apple
G ( get_help->_pickup_book | X pickup_book ),G(get_help -> (pickup_book | X(pickup_book)))
F ( venture_to_house ) | G ( ! ( drop_apple ) ),G(venture_to_house | G(!drop_apple))
F prop_1,G(prop_1)
! G ( ! ( go_home & X go_home ) ),G(go_home | X(go_home) | X(X(go_home)))
G ( prop_1 U prop_2 ),prop_1 U prop_2
!room_2 U (kitchen_1&&<>(p_bottle_4&&<>(table_4&&pd))),G((!room_2) U (kitchen_1 & p_bottle_4 & F(table_4 & pd)))
( G ( prop_2 -> prop_1 ) | prop_3 ),G((prop_2) -> (prop_1 | prop_3))
( ( ! prop_1 & prop_2 ) -> prop_3 ),G((!(prop_1 & prop_2)) -> prop_3)
G ( ( prop_3 | prop_4 ) -> ( prop_1 U prop_2 ) ),G((prop_3 | prop_4) -> (!prop_2 U prop_1))
G ( ( get_help <-> photo_pedestrian_northeast_8th_avenue ) -> ( photo_pedestrian_northeast_8th_avenue <-> photo_pedestrian_northeast_2nd_street ) ),G((get_help & photo_pedestrian_northeast_8th_avenue) -> (photo_pedestrian_northeast_8th_avenue <-> photo_pedestrian_northeast_2nd_street))
( ( G ( prop_1 ) & prop_2 ) & ! prop_3 ),G(prop_1 ) & F(prop_2 ) & G(!prop_3 )
F ( prop_1 | F prop_2 ),G(prop_1 -> prop_2)
( ! prop_3 | ( prop_2 <-> prop_1 ) ),G(!prop_3) | (prop_2 <-> prop_1)
( ( prop_1 | prop_2 ) | prop_3 ),G((prop_1 ) | (prop_2 ) | (prop_3 ))
[]!street_5&&<>(house_2&&p_box_4),G((house_2 & p_box_4) -> G(!street_5))
G F ( area_51 & photo ) & G F charger_4,G((photo & charger_4) -> X(photo & charger_4))
F ( prop_1 | F prop_2 ),G(prop_1 ) | prop_2
F ( go_home ) | G ( have_apple ),G((go_home | have_apple))
G ( search_bed -> X G ! idle ),G(search_bed -> G(!idle))
( F prop_3 | ( prop_2 -> prop_1 ) ),F(prop_3) | G(prop_2 -> prop_1)
G(!( elevator_is_open | engine_stops )) | F(( elevator_is_open | engine_stops ) & F( elevator_is_open & train_has_arrived )),F((elevator_is_open | engine_stops) & F((elevator_is_open & train_has_arrived)))
G(!( sensor_retrieves_data & house_collapses )) | F(( sensor_retrieves_data & house_collapses ) & F( car_starts & semaphore_is_red )),F(sensor_retrieves_data & house_collapses & F(car_starts & semaphore_is_red))
! park_5 U intersection_5 & F ( monument_3 & photo ),G(!park_5 U intersection_5) & G(intersection_5 -> F(photo & monument_3))
G ( ! ( drop_apple ) ) & F ( move_to_flag ),G(!drop_apple) & G(move_to_flag)
( ( prop_1 -> prop_2 ) & prop_3 ),G(prop_1 -> (prop_2 & prop_3))
G ( prop_1 -> F ( G prop_2 ) ),G(prop_1 -> F(prop_2))
( prop_1 | G ( F prop_2 ) ),G(prop_1 | prop_2)
F ( prop_1 | G prop_2 ),F(prop_1 ) | G(prop_2 )
! ( F prop_1 | F prop_2 ),G(!prop_1) | G(prop_2)
G F ( warehouse_4 & F ( p_crate_3 & F ( mall_3 & pd ) ) ),G(p_crate_3 -> F(mall_3))
( ( prop_3 & prop_2 ) -> G prop_1 ),G((prop_3 & prop_2) -> G(prop_1))
G ( record_collision_southeast_6th_avenue <-> X photo_car_northeast_6th_street ),G (record_collision_southeast_6th_avenue -> X (photo_car_northeast_6th_street))
( F prop_1 -> ( prop_3 <-> prop_2 ) ),G(prop_1 -> (prop_3 <-> prop_2))
( F search_suitcase ) -> ( ! search_suitcase U ( idle & ! search_suitcase ) ),G(search_suitcase -> F(idle))
( ( ( prop_2 <-> prop_1 ) -> prop_4 ) | prop_3 ),G((prop_2 <-> prop_1) -> prop_4) | G(!(prop_2 <-> prop_1) -> prop_3)
G ( ! prop_1 & F prop_2 ),G(!prop_1 ) & F(prop_2 )
G ( prop_2 -> ( prop_3 & prop_1 ) ),G((prop_2 ) -> (G(! (prop_3 )) & (prop_1 )))
G(!( train_stops | motorbike_has_stopped )) | F(( train_stops | motorbike_has_stopped ) & F( table_is_brown & escalator_moves )),F((train_stops | motorbike_has_stopped) & F(table_is_brown & escalator_moves))
G ( ! prop_1 & F prop_2 ),G(!prop_1) & G(prop_2)
( ( ( prop_3 | prop_1 ) <-> prop_4 ) & prop_2 ),G(((prop_3 | prop_1) <-> prop_4) & prop_2)
G ( ! ( drop_apple ) ) | venture_towards_house,G(!(drop_apple | venture_towards_house))
F ( prop_1 U F prop_2 ),G((prop_1 ) U (prop_2 ))
( ( ( prop_4 & prop_1 ) & prop_3 ) | prop_2 ),G(((prop_4 & prop_1 & prop_3) | prop_2))
( G prop_1 -> ( prop_3 & prop_2 ) ),G(prop_1 ) -> G(prop_3 & prop_2 )
( ! prop_1 U ( prop_2 <-> prop_3 ) ),G((!prop_2) U prop_1) <-> prop_3
( G prop_3 -> ( prop_1 & prop_2 ) ),G(prop_3 -> (prop_1 & prop_2))
( ( prop_1 & prop_2 ) & ( prop_3 & prop_4 ) ),G((prop_1 & prop_2) -> G(prop_3 & prop_4))
( prop_4 & ( prop_3 -> prop_2 ) & ! prop_1 ),G((prop_3 ) -> (prop_2 )) & G(!prop_1 )
G ( get_help->_search_carrot | X search_carrot ),G(get_help -> (search_carrot | X(search_carrot)))
( ( ( prop_3 U prop_1 ) -> prop_2 ) | prop_4 ),G((prop_3 -> (prop_3 U prop_1)) -> (prop_2 | prop_4))
( prop_1 & F prop_2 ),G(prop_1 & prop_2)
! ( F ( pick_up_anything ) ) | travel_to_tree,G(!(pick_up_anything | travel_to_tree))
( G prop_1 U F prop_2 ),G(prop_2 -> !prop_1)
( ( prop_1 | prop_4 ) | ( prop_2 | prop_3 ) ),G((!(prop_1 | prop_4)) -> F(prop_2 | prop_3))
F ( proceed_to_flag ) & F ( walk_to_flag ),F(proceed_to_flag & G(walk_to_flag))
( ( prop_2 <-> prop_3 ) -> F prop_1 ),G((prop_2 <-> prop_3) -> F(prop_1))
G ( ( photo_collision_southeast_5th_avenue <-> record_car_west_4th_street ) -> ( record_car_west_4th_street <-> record_cyclist_northeast_9th_avenue ) ),G((photo_collision_southeast_5th_avenue & record_car_west_4th_street) -> record_cyclist_northeast_9th_avenue)
G ( F ( make_way_to_house ) ) & G ( ! ( drop_apple ) ),G(make_way_to_house) & G(!drop_apple)
F ( yellow_room & F blue_room ),G(blue_room -> F(yellow_room))
! record_motorcycle_southwest_3rd_street U record_person_southwest_1st_avenue,G(record_motorcycle_southwest_3rd_street -> F(record_person_southwest_1st_avenue))
G ( get_help -> record_vehicle_northwest_5th_street ),G(record_vehicle_northwest_5th_street -> get_help)
( ( prop_2 <-> prop_3 ) & ( prop_1 | prop_4 ) ),G((prop_2 <-> prop_3) & (prop_1 | prop_4))
F ( journey_to_tree ) & F ( advance_to_house ),F(journey_to_tree & G(advance_to_house))
( prop_1 | F prop_2 ),prop_1 | G(prop_2)
G(( brake_is_released & bar_has_to_be_repaired ) -> G( bar_has_to_be_repaired | bar_is_up )),G((brake_is_released & bar_has_to_be_repaired) -> (bar_has_to_be_repaired | bar_is_up))
<>(office_5&&<>(p_letter_4&&<>(house_2&&pd))),G((office_5 & p_letter_4) -> F(house_2 & pd))
( ( prop_3 -> prop_4 ) <-> ( prop_2 & prop_1 ) ),G((prop_3 ) -> (prop_4 <-> (prop_2 & prop_1 )))
G(( semaphore_is_broken | train_has_arrived ) -> G( sensor_captures_data & motorbike_falls_down )),G((semaphore_is_broken | train_has_arrived) -> (sensor_captures_data & motorbike_falls_down))
G(( car_starts | bar_is_closing ) -> G( semaphore_is_yellow )),G((car_starts | bar_is_closing) -> semaphore_is_yellow)
F ( house_4 & F ( p_package_2 & F ( warehouse_5 & pd ) ) ),G((house_4 & p_package_2) -> F(warehouse_5 & pd))
F ( go_by_tree ) -> acquire_apple,G(go_by_tree -> acquire_apple)
( F prop_3 | ( prop_1 | prop_2 ) ),F(prop_3 ) | F(prop_1 ) | F(prop_2 )
G ( ! prop_1 | F prop_2 ),G(!prop_1 ) | F(prop_2 )
( ! ( prop_3 & prop_1 ) -> prop_2 ),G((!(prop_3) & !(prop_1)) -> prop_2)
F ( prop_1 U F prop_2 ),prop_1 U prop_2
F ( prop_2 & prop_1 ),G(prop_2 & prop_1)
( prop_2 U prop_1 ),prop_2 -> F(prop_1)
( ( prop_3 | prop_2 ) | ! prop_1 ),(prop_3 | prop_2) | G(!prop_1)
( ( prop_4 U prop_1 ) & ( prop_3 -> prop_2 ) ),(prop_4 U prop_1) & G((prop_3) -> F(prop_2))
( ( prop_1 & prop_3 ) -> ! prop_2 ),G((prop_1 & prop_3) -> !prop_2)
!store_4 U street_6&&<>(office_2&&<>(p_package_8&&<>(store_4&&pd))),G((!store_4) U street_6) & G((office_2 -> F(p_package_8 & F(store_4))))
G ( ( prop_3 & prop_1 ) -> G prop_2 ),G((prop_3 & prop_1) -> G(!prop_2))
( ( ( prop_3 | prop_4 ) U prop_1 ) & prop_2 ),G(((prop_3 | prop_4) -> ((prop_3 | prop_4) U prop_1)) & prop_2)
F ( pass_by_house ) & G ( touch_flag ),G((touch_flag) -> (pass_by_house))
<>(street_5&&<>(building_2&&[]building_2)),street_5 -> F(building_2 & G(building_2))
F ( move_near_tree ) | F ( spend_time_at_tree ),G(move_near_tree -> spend_time_at_tree)
G F ( warehouse_4 & F ( p_crate_8 & F ( store_8 & pd ) ) ) & G F charger_2,G((p_crate_8 & warehouse_4) -> F(store_8)) & G(F(charger_2))
( ( prop_3 U prop_1 ) -> ! prop_2 ),G((prop_3 U prop_1) -> G(!prop_2))
( pickup_donut U search_truck ),pickup_donut -> F(search_truck)
( ( prop_2 | prop_1 ) | ( prop_4 & prop_3 ) ),G((prop_2 | prop_1) -> F(prop_2 | prop_1)) | G((!(prop_2 | prop_1)) -> F(prop_4 & prop_3))
G ( ( prop_3 & prop_2 ) -> G ( F prop_1 ) ),G((prop_2 & !prop_3) -> G(F(prop_1)))
( ( prop_1 U prop_3 ) | ! prop_2 ),(prop_1 U prop_3) | G(!prop_2)
( ( ( prop_2 -> prop_1 ) | prop_4 ) | prop_3 ),G(prop_2 -> (prop_1 | prop_4 | prop_3))
( ( prop_3 -> prop_2 ) U ( prop_1 <-> prop_4 ) ),G((prop_3) -> (prop_2 U (prop_1 <-> prop_4)))
! idle U get_help,G(idle -> F(get_help))
( ( prop_2 -> prop_1 ) -> ! prop_3 ),G((prop_2) -> (prop_1)) & G((prop_1) -> G(!(prop_3)))
( G prop_1 -> F prop_2 ),G(prop_1 -> F(prop_2))
G F communicate_safe_hostile -> G F get_help,G(F(communicate_safe_hostile) -> F(get_help))
G ( moving ) | come_to_tree,G(moving | come_to_tree)
( G prop_3 & ( prop_2 <-> prop_1 ) ),G(prop_3) & G(prop_2 <-> prop_1)
G ( ( prop_1 | prop_3 ) -> prop_2 ),G((!prop_1 | prop_3) -> prop_2)
( ( prop_3 & prop_2 ) -> ! prop_1 ),G((prop_3 & prop_2) -> G(!prop_1))
( G ( prop_1 | prop_2 ) & prop_3 ),G((prop_1 | prop_2) -> prop_3)
change_light_south_yellow -> X ( ( change_light_north_green U get_help ) | G change_light_north_green ),G(change_light_south_yellow -> X(change_light_north_green R get_help))
( ( ( prop_3 <-> prop_1 ) | prop_4 ) & prop_2 ),G((prop_3 <-> prop_1) | (prop_4 & prop_2))
( ( prop_1 <-> prop_2 ) & G prop_3 ),G(prop_1 <-> (prop_2 & G(prop_3)))
G ( hold_on_pear ) | F ( migrate_to_tree ),G(hold_on_pear | migrate_to_tree)
G(!( semaphore_is_green | bar_is_up )) | F(( semaphore_is_green | bar_is_up ) & F( bar_has_to_be_repaired & sensor_retrieves_data )),F(semaphore_is_green | bar_is_up) & F(bar_has_to_be_repaired & sensor_retrieves_data)
( ( prop_3 | prop_1 ) & ! prop_2 ),((prop_3 | prop_1) & G(!prop_2))
( ( prop_4 <-> prop_2 ) U ( prop_1 -> prop_3 ) ),G((prop_4 -> prop_2) -> (prop_1 <-> prop_3))
F ( go_to_peach ) | G ( F ( make_way_to_house ) ),G(go_to_peach | make_way_to_house)
( ( prop_4 & prop_2 ) | ( prop_1 -> prop_3 ) ),G(((prop_4 & prop_2) | prop_1) -> prop_3)
( ( prop_3 <-> prop_2 ) | G prop_1 ),(G(prop_3 <-> prop_2) | G(prop_1))
G ( ( prop_1 | prop_3 ) -> ( prop_4 U prop_2 ) ),G((prop_1 | prop_3) -> (prop_4 R prop_2))
G(( brake_is_pressed & bar_is_down ) -> G( motorbike_catches_fire & engine_breaks )),G((brake_is_pressed & bar_is_down) -> (motorbike_catches_fire & engine_breaks))
( ( prop_3 -> prop_1 ) & G prop_2 ),G((prop_3) -> (prop_1)) & G(prop_2)
( pickup_person U get_help ) | G pickup_person,pickup_person R get_help
G(!( car_starts & sensor_captures_data )) | F(( car_starts & sensor_captures_data ) & F( elevator_falls | engine_breaks )),!(car_starts & sensor_captures_data) | F((car_starts & sensor_captures_data) & F(elevator_falls | engine_breaks))
G ( F ( make_way_to_house ) ) & F ( go_visit_house ),G(make_way_to_house) & G(go_visit_house)
G ( F ( make_way_to_house ) ) & take_to_trash_can,G(F(make_way_to_house) & F(take_to_trash_can))
( prop_2 -> ( prop_1 U prop_3 ) ),G((prop_2) -> (prop_1 U prop_3))
( ! ( prop_2 & prop_3 ) U prop_1 ),G((prop_1 ) -> G(!(prop_2 ) & !(prop_3 )))
! ( let_go_orange ) & F ( grab_flag ),F(grab_flag & F(let_go_orange))
reach_house -> snatch_up_pear,reach_house -> F(snatch_up_pear)
F ( prop_1 U prop_2 ),G((prop_2 ) -> (prop_1 ))
[]<>(warehouse_3&&<>(p_crate_4&&<>(store_9&&pd)))&&[]<>charger_3,G((p_crate_4 & warehouse_3) -> F(store_9)) & G(F(charger_3))
F ( get_apple ) | F ( grab_pear ),G(get_apple | grab_pear)
G(!( sensor_gathers_information )) | F(( sensor_gathers_information ) & F( sensor_retrieves_data | train_has_been_launched )),F(sensor_gathers_information & F(sensor_retrieves_data | train_has_been_launched))
( G prop_2 & ( prop_3 <-> prop_1 ) ),G(prop_2) & G(prop_3 <-> prop_1)
( ( prop_1 & prop_2 ) & ! prop_3 ),G((prop_1 & prop_2) & !prop_3)
( prop_1 U F prop_2 ),prop_1 U prop_2
[]<>(storage_4&&<>(p_crate_1&&<>(office_2&&pd))),G(F(p_crate_1 & storage_4 & X(office_2)))
[]<>charger_5&&[]<>(region_4 && photo),G(photo -> charger_5)
( ( prop_1 -> prop_2 ) -> F prop_3 ),G((prop_1 -> prop_2) -> F(prop_3))
F ( prop_1 | G ( ! prop_2 ) ),F(prop_1 ) | G(!prop_2 )
G area_2 & G F ( building_8 & photo ),G((photo) -> (area_2 & building_8))
F ( prop_1 | prop_2 ),prop_1 | prop_2
( prop_1 -> G prop_2 ),G(prop_1 -> prop_2)
( ( prop_1 U prop_3 ) & ! prop_2 ),G((prop_1 -> (!prop_2 U prop_3)))
G ( prop_1 | ! prop_2 ),G(prop_1 ) | G(!prop_2 )
G ( prop_1 & F prop_2 ),G(prop_1 ) & G(prop_2 )
F G building_9 & ! building_9 U street_6,G(building_9) & (!building_9 U street_6)
( ( prop_4 & prop_3 ) | ( prop_2 -> prop_1 ) ),G(((prop_4 & prop_3) | prop_2) -> prop_1)
( ( ( prop_3 & prop_4 ) & prop_1 ) -> prop_2 ),G((prop_3 & prop_4 & prop_1) -> prop_2)
G(!( bar_is_down | motorbike_falls_down )) | F(( bar_is_down | motorbike_falls_down ) & F( engine_starts | elevator_is_open )),F((bar_is_down | motorbike_falls_down) & F(engine_starts | elevator_is_open))
( G prop_1 <-> ( prop_2 -> prop_3 ) ),G(prop_1 <-> (prop_2 -> prop_3))
F ( prop_1 | G ( ! prop_2 ) ),G(prop_1 ) | G(!prop_2 )
( F prop_2 -> ( prop_1 -> prop_3 ) ),G((prop_2) -> G((prop_1) -> (prop_3)))
G ( go_by_trash_can ) & put_in_apple_bucket,G(go_by_trash_can & put_in_apple_bucket)
G ( ( prop_2 & prop_1 ) -> G prop_3 ),G((prop_2 & prop_1) -> G(!prop_3))
G ( ( prop_4 | prop_1 ) -> ( prop_3 U prop_2 ) ),G((prop_4 | prop_1) -> (prop_2 U prop_3))
G ( ( prop_3 | prop_1 ) -> prop_2 ),G((prop_3 | prop_1) -> G(!prop_2))
( ( prop_2 <-> prop_3 ) & ( prop_1 -> prop_4 ) ),G((prop_2 <-> prop_3) & prop_1 -> prop_4)
( ( prop_3 -> prop_2 ) & F prop_1 ),G(prop_3 -> (prop_2 & F(prop_1)))
G(!( escalator_moves | brake_is_pressed )) | F(( escalator_moves | brake_is_pressed ) & F( manager_collect_claims & sensor_captures_data )),!(escalator_moves & brake_is_pressed) | F((escalator_moves | brake_is_pressed) & F(manager_collect_claims & sensor_captures_data))
( F prop_1 -> F prop_2 ),F(prop_1 ) -> prop_2
( F prop_1 -> F prop_2 ),G(prop_2 -> prop_1)
G(!( table_is_brown & bar_is_up )) | F(( table_is_brown & bar_is_up ) & F( bridge_closes )),F(table_is_brown & bar_is_up & F(bridge_closes))
G ( ! ( drop_orange ) ) | F ( reach_tree ),G(!(drop_orange )) | reach_tree
( G prop_3 -> ( prop_2 -> prop_1 ) ),G(prop_3 -> G(prop_2 -> prop_1))
F ( prop_1 | prop_2 ),G((prop_1 | prop_2))
( G prop_3 -> ( prop_1 | prop_2 ) ),G(prop_3 -> F(prop_1 | prop_2))
( prop_1 U prop_2 ),prop_1 -> F(prop_2)
G(!( train_has_arrived & bar_is_down )) | F(( train_has_arrived & bar_is_down ) & F( car_starts | semaphore_is_broken )),F((train_has_arrived & bar_is_down) & F(car_starts | semaphore_is_broken))
! get_help U deliver_snowboard_loading_dock,G(get_help -> F(deliver_snowboard_loading_dock))
! G ( ! ( change_light_south_yellow & X change_light_south_yellow ) ),G(change_light_south_yellow | X(change_light_south_yellow) | X(X(change_light_south_yellow)))
<>(statue_6&&photo&&<>(bench_4&&[]bench_4)),photo & statue_6 -> F(bench_4)
( ! prop_3 <-> ( prop_2 <-> prop_1 ) ),G((!prop_3) <-> (prop_1 <-> prop_2))
( ( ( prop_2 | prop_1 ) | prop_4 ) U prop_3 ),G((prop_2 | prop_1 | prop_4) -> (prop_3))
F ( prop_1 & ! ( F prop_2 ) ),G((prop_1 ) -> !(prop_2 ))
( prop_1 -> G ( ! prop_2 ) ),G(prop_1 -> G(!prop_2))
G(!( bridge_closes )) | F(( bridge_closes ) & F( engine_stops | train_is_crossing )),F(bridge_closes & F(engine_stops | train_is_crossing))
G ( ( prop_1 & prop_3 ) -> ( prop_4 | prop_2 ) ),G((prop_1 & prop_3) -> G(!(prop_4 | prop_2)))
G ( ( prop_1 | prop_2 ) -> F ( G prop_3 ) ),G((prop_1 | prop_2) -> F(prop_3))
G ( ! prop_1 | F prop_2 ),G(!prop_1 ) | G(prop_2 )
G ( ( prop_4 & prop_3 ) -> ( prop_2 | prop_1 ) ),G((prop_4 & prop_3) -> G(!(prop_2 | prop_1)))
( F prop_1 -> G ( ! prop_2 ) ),G(prop_1 -> G(!prop_2))
G ( F ( go_to_pear ) ) U reach_trash_can,go_to_pear U reach_trash_can
G F change_light_east_yellow -> G F get_help,G(F(change_light_east_yellow ) -> G(F(get_help )))
( ( prop_2 U prop_1 ) | ! prop_3 ),G(prop_2 -> (!prop_3 U prop_1))
( ( ( prop_3 & prop_2 ) U prop_4 ) <-> prop_1 ),G(((prop_3 & prop_2) U prop_4) -> prop_1)
F ( prop_1 & prop_2 ),G((prop_1 & prop_2))
G ( prop_2 -> ( prop_1 U prop_3 ) ),G((prop_2 ) -> (prop_1 ) R (prop_3 ))
( F prop_1 -> F prop_2 ),G(prop_1 -> F(prop_2))
G(( house_is_open ) -> G(( semaphore_is_red ) -> F( bar_has_to_be_repaired ))),house_is_open -> F(semaphore_is_red -> F(bar_has_to_be_repaired))
( ( ! prop_2 ) U prop_1 ),prop_1 R !prop_2
[]<>(intersection_4&&photo),G(photo -> F(photo & intersection_4))
( ( prop_3 U prop_1 ) | ( prop_2 -> prop_4 ) ),G((prop_3) -> (prop_3 R prop_1)) & G((prop_2) -> (prop_4))
<>[]intersection_5,G(intersection_5)
( prop_1 & F prop_2 ),F (prop_1 & F (prop_2 ))
( ( ( prop_2 & prop_3 ) | prop_4 ) <-> prop_1 ),G(((prop_2 & prop_3) | prop_4) -> prop_1)
G ( hold_on_pear ) | F ( make_way_waste_basket ),G(hold_on_pear | make_way_waste_basket)
G(( car_enters ) -> G(( bar_has_to_be_repaired ) -> F( engine_starts ))),G(car_enters -> F(bar_has_to_be_repaired & F(engine_starts)))
G ( F prop_1 | F prop_2 ),G(prop_2 -> F(prop_1))
avoid_active_fire_source -> X ( ( record_gas_leak U go_home ) | G record_gas_leak ),G(avoid_active_fire_source -> X((record_gas_leak U go_home) | G(record_gas_leak)))
( ! prop_2 <-> ( prop_3 & prop_1 ) ),G((! prop_2 ) <-> (prop_3 & prop_1 ))
F G intersection_4,F(intersection_4) & G(intersection_4)
F ( obtain_apple ) -> F ( arrive_at_tree ),G(obtain_apple -> F(arrive_at_tree))
( ( prop_4 U prop_2 ) <-> ( prop_1 | prop_3 ) ),G((prop_4 U prop_2) <-> (prop_1 | prop_3))
F G ! avoid_nearest_debris,G(!avoid_nearest_debris)
( G prop_1 -> prop_2 ),G(prop_1 -> prop_2 )
G ( F ( grab_tree ) ) & take_to_trashcan,G((grab_tree) -> F(take_to_trashcan))
<>(store_3&&<>(p_package_2&&<>(house_2&&pd)))&&[]!mall_1,G((store_3 -> F(p_package_2 & F(house_2 & pd))) & !mall_1)
G(( train_derails ) -> F( constructor_instantiate_objects | bar_is_up )),F(train_derails & F(constructor_instantiate_objects | bar_is_up))
G(( train_is_crossing ) -> G(( table_is_old ) -> F( brake_is_pressed ))),G(train_is_crossing -> (table_is_old -> F(brake_is_pressed)))
( ( prop_1 & prop_2 ) & F prop_3 ),!prop_1 | F(prop_1 & F(prop_2 & F(prop_3)))
G(!( sensor_retrieves_data | table_is_brown )) | F(( sensor_retrieves_data | table_is_brown ) & F( train_has_arrived )),F (sensor_retrieves_data | (table_is_brown & F (train_has_arrived)))
G ( avoid_active_gas_leak -> deliver_aid_safe_rescuer ),G(deliver_aid_safe_rescuer -> avoid_active_gas_leak)
( ( F prop_1 & prop_3 ) <-> ! prop_2 ),F(prop_1 & prop_3) <-> G(!prop_2)
( ( ( prop_3 <-> prop_2 ) & prop_4 ) U prop_1 ),(prop_3 <-> prop_2) R prop_4
( ( ! prop_2 & prop_3 ) -> G prop_1 ),G((!(prop_2) & prop_3) -> prop_1)
( ( ( prop_2 | prop_1 ) | prop_3 ) <-> prop_4 ),G((prop_2 | prop_1 | prop_3) -> prop_4)
( ( prop_2 -> prop_3 ) & ! prop_1 ),G(prop_2 -> (prop_3 & !prop_1))
( G prop_2 <-> ( prop_1 | prop_3 ) ),G((prop_2 ) <-> (prop_1  | prop_3 ))
( G prop_2 & ( prop_1 -> prop_3 ) ),G(prop_2 ) & G(prop_1 -> prop_3 )
G ( ! ( communicate_safe_rescuer & photo_injured_civilian ) -> F go_home ),G((!(communicate_safe_rescuer | photo_injured_civilian)) -> F(go_home))
record_cyclist_west_8th_avenue U ( G ( F photo_pedestrian_east_2nd_avenue ) ),record_cyclist_west_8th_avenue U G(photo_pedestrian_east_2nd_avenue)
F ( make_to_flag ) U come_to_tree,make_to_flag U come_to_tree
( ! prop_2 ) U prop_1,G(!(prop_2) U prop_1)
G(( bar_has_to_be_repaired | escalator_speeds_up ) -> F( sensor_captures_data )),F((bar_has_to_be_repaired | escalator_speeds_up) & F(sensor_captures_data))
( deliver_aid_injured_hostile U photo_gas_leak ) | G deliver_aid_injured_hostile,deliver_aid_injured_hostile R photo_gas_leak
G ( ! ( get_help & photo_motorcycle_northwest_6th_avenue ) -> F record_vehicle_north_4th_street ),G((!(get_help | photo_motorcycle_northwest_6th_avenue)) -> F(record_vehicle_north_4th_street))
G(!( constructor_instantiate_objects & elevator_rises )) | F(( constructor_instantiate_objects & elevator_rises ) & F( manager_handles_requests | motorbike_has_started )),F((constructor_instantiate_objects & elevator_rises) & F(manager_handles_requests | motorbike_has_started))
pick_up_orange -> F ( venture_house ),G(pick_up_orange -> venture_house)
( ! prop_1 -> prop_2 ),G((!prop_1) -> prop_2)
G F charging_station_9 & G F ( warehouse_5 & F ( p_crate_4 & F ( mall_4 & pd ) ) ),G((p_crate_4 & warehouse_5) -> F(charging_station_9 & F(mall_4)))
G ( ! prop_1 | F prop_2 ),G(!prop_1 ) | prop_2
[]<>(statue_4&&photo)&&[]<>charger_4,G(charger_4 -> F(photo & F(charger_4)))
( ( prop_3 -> prop_2 ) <-> G prop_1 ),(F(prop_3 & F(prop_2))) <-> G(prop_1)
G(!( table_is_brown & bar_is_down )) | F(( table_is_brown & bar_is_down ) & F( manager_collect_claims & semaphore_is_broken )),F(table_is_brown & bar_is_down & F(manager_collect_claims & semaphore_is_broken))
idle -> X ( ( pickup_oven U get_help ) | G pickup_oven ),G(idle -> X((pickup_oven U get_help) | G(pickup_oven)))
G ( avoid_nearest_unstable_beam -> X G ! avoid_impending_debris ),G(avoid_nearest_unstable_beam -> G(!avoid_impending_debris))
G ( F prop_1 | F prop_2 ),G(F(prop_1 )) | F(prop_2 )
( ( prop_2 -> prop_1 ) U ! prop_3 ),G((prop_2 -> (prop_1 U !prop_3)))
( ( ( prop_3 & prop_1 ) U prop_2 ) & prop_4 ),G((prop_2 -> G((prop_3 & prop_1))) & prop_4)
( ! prop_2 U ( prop_1 & prop_3 ) ),!(prop_1 & prop_3) U (prop_1 & prop_3)
( ( ! prop_1 -> prop_2 ) | prop_3 ),(!prop_1 | F(prop_2)) | prop_3
F ( go_to_transh_can ) U G ( ! ( drop_orange ) ),G(!(drop_orange))
F ( prop_1 & F prop_2 ),G(prop_1 ) & prop_2
F ( prop_1 & G ( F prop_2 ) ),G(prop_1 ) & G(prop_2 )
G(!( train_has_arrived )) | F(( train_has_arrived ) & F( car_stops | motorbike_has_started )),F(train_has_arrived & F(car_stops | motorbike_has_started))
take_to_trash_can & F ( capture_pear ),take_to_trash_can & capture_pear
( F ( green_room ) & G ( ! red_room ) ),G(!(green_room) -> !red_room)
get_help -> X ( ( pickup_book U search_cake ) | G pickup_book ),G(get_help -> X((pickup_book U search_cake) | G(pickup_book)))
( ( prop_1 & prop_2 ) & ( prop_4 <-> prop_3 ) ),G((prop_1 & prop_2) & (prop_4 <-> prop_3))
G(!( sensor_gathers_information )) | F(( sensor_gathers_information ) & F( engine_stops | train_is_crossing )),F(sensor_gathers_information & F(engine_stops | train_is_crossing))
( F prop_3 -> ( prop_2 <-> prop_1 ) ),G(prop_3 -> (prop_2 <-> prop_1))
( G ( ! prop_1 ) -> F prop_2 ),G(prop_1 -> G(!prop_2))
G ( deliver_toilet_loading_dock -> F get_help ) -> G F search_fire_hydrant,G((deliver_toilet_loading_dock -> F(get_help)) -> G(F(search_fire_hydrant)))
( ( ( prop_3 | prop_2 ) U prop_1 ) | prop_4 ),F((prop_3 | prop_2) & ((prop_3 | prop_2) U prop_1)) | prop_4
( ( ( prop_1 | prop_4 ) & prop_3 ) | prop_2 ),G(((prop_1 | prop_4) & prop_3) | prop_2)
G ( ( prop_3 | prop_2 ) -> G prop_1 ),G((prop_3 | prop_2) -> prop_1)
park_2 U (monument_13&&photo),park_2 U photo
( ( ( prop_1 <-> prop_2 ) & prop_4 ) -> prop_3 ),G(((prop_1 <-> prop_2) & prop_4) -> prop_3)
( ! prop_2 | ( F prop_3 <-> prop_1 ) ),G(!prop_2 ) | F(prop_3 <-> prop_1 )
( F ( yellow_room ) & G ( ! blue_room ) ),!blue_room & F(yellow_room)
G(( bar_has_to_be_repaired | sensor_retrieves_data ) -> F( semaphore_is_yellow )),(bar_has_to_be_repaired | sensor_retrieves_data) -> F(semaphore_is_yellow)
park_5 U bench_4&&<>(store_2&&<>(p_bottle_5&&<>(bench_4&&pd))),G(park_5 U bench_4) & F(store_2 & F(p_bottle_5 & F(bench_4)))
!park_4 U street_3&&<>(store_7&&<>(p_takeout_2&&<>(bench_3&&pd))),G((!street_3) -> (!park_4)) & G(street_3 -> F(p_takeout_2 & F(bench_3)))
G F photo_injured_civilian -> G F communicate_safe_hostile,G(F(photo_injured_civilian ) -> F(communicate_safe_hostile ))
G ( record_unsafe_civilian -> record_injured_victim ),G(record_injured_victim -> record_unsafe_civilian)
G(!( engine_stops | manager_collect_claims )) | F(( engine_stops | manager_collect_claims ) & F( train_has_arrived )),!(engine_stops & manager_collect_claims) | F((engine_stops | manager_collect_claims) & F(train_has_arrived))
G ( ( prop_2 | prop_1 ) -> F ( G prop_3 ) ),G((prop_2 | prop_1) -> F(prop_3))
G ( move ) | pick_up_orange,G(move | pick_up_orange)
( ( ! prop_1 <-> prop_2 ) & prop_3 ),G((! (prop_1 )) -> ((prop_2 ) <-> (prop_3 )))
!intersection_5 U street_4&&<>(house_4&&<>(p_pass_4&&<>(office_1&&pd))),G((p_pass_4 & house_4) -> (!intersection_5 U street_4))
( ( ! prop_2 & prop_3 ) & prop_1 ),G((!prop_2 & prop_3) -> prop_1)
!street_4 U intersection_6&&<>[]street_4,(!street_4 U intersection_6) & G((intersection_6) -> G(street_4))
G(!( train_has_arrived )) | F(( train_has_arrived ) & F( engine_breaks | car_enters )),F(train_has_arrived & F(engine_breaks | car_enters))
( F search_fire_hydrant ) -> ( ! search_fire_hydrant U ( pickup_donut & ! search_fire_hydrant ) ),G(search_fire_hydrant -> pickup_donut)
G ( F prop_1 & F prop_2 ),G(prop_2 -> prop_1)
( ! prop_3 & ( prop_2 <-> prop_1 ) ),G(!prop_3) & G(prop_2 <-> prop_1)
( go_home U photo_unstable_beam ) | G go_home,go_home R photo_unstable_beam
( ( prop_2 -> prop_1 ) & G prop_3 ),G(prop_3 ) & G(prop_2  -> prop_1 )
F ( get_hold_orange ) & F ( have_possession_of_apple ),G(get_hold_orange -> G(have_possession_of_apple))
F ( venture_house ) | G ( F ( go_to_pear ) ),F(venture_house | G(go_to_pear))
G ( ! prop_1 & F prop_2 ),G(!prop_1 ) & G(prop_2 )
G ( prop_1 -> ( prop_3 U prop_2 ) ),G(prop_1 -> (prop_3 R prop_2))
F ( yield_pear ) U G ( ! ( drop_orange ) ),G((yield_pear) -> G(!(drop_orange)))
( G prop_3 <-> ( prop_1 | prop_2 ) ),G (prop_3 <-> (prop_1 | prop_2))
hold_orange & put_in_apple_bucket,G(hold_orange & put_in_apple_bucket)
F ( green_room & F red_room ),green_room -> F(red_room)
( ( prop_3 -> prop_1 ) U ( prop_4 | prop_2 ) ),G((prop_3 ) -> (prop_1  U (prop_4  | prop_2 )))
! record_unstable_beam U get_help,!get_help | F(record_unstable_beam)
[]<>(mall_5&&<>(p_crate_8&&<>(office_6&&pd))),G((p_crate_8 & mall_5) -> F(office_6))
( ( ( prop_4 | prop_3 ) <-> prop_2 ) -> prop_1 ),G((prop_2 <-> (prop_4 | prop_3)) -> prop_1)
F ( come_home ) U pick_up_flag,come_home U pick_up_flag
G ( prop_1 -> G ( F prop_2 ) ),G(prop_1 -> F(prop_2))
( prop_1 U G ( F prop_2 ) ),prop_1 U prop_2
( F prop_2 -> ( prop_1 | prop_3 ) ),F(prop_2 & F(prop_1 | prop_3))
G ( avoid_probable_fire_source -> X ( X ( X communicate_injured_hostile ) ) ),G((communicate_injured_hostile) -> X X X (avoid_probable_fire_source))
( prop_1 | F prop_2 ),G(prop_1 | prop_2)
<>(table_2&&<>(p_brochure_9&&<>(park_4&&[]park_4))),F(p_brochure_9 & F(park_4 & G(park_4)))
!park_4 U street_3&&<>(store_7&&<>(p_takeout_2&&<>(bench_3&&pd))),G((!street_3) -> (!park_4)) & G((street_3) -> F(p_takeout_2 & F(bench_3)))
! photo_cyclist_south_2nd_avenue U record_car_east_8th_avenue,!record_car_east_8th_avenue | F(photo_cyclist_south_2nd_avenue)
( ( ( prop_4 -> prop_3 ) -> prop_2 ) -> prop_1 ),G((prop_4 -> (prop_3 -> prop_2)) -> prop_1)
F ( mall_5 & F ( p_box_4 & F ( house_1 & pd ) ) ),mall_5 & F(p_box_4 & F(house_1))
F ( proceed_to_tree ) | G ( ! ( drop_orange ) ),G((proceed_to_tree) -> (drop_orange)) & G(!drop_orange)
G ( ! ( drop_orange ) ) & F ( visit_waste_basket ),G(!drop_orange) & G(visit_waste_basket)
G ( F prop_1 | F prop_2 ),G(prop_1 ) | G(prop_2 )
( ! ( prop_1 & prop_3 ) & prop_2 ),!(prop_1 & prop_3 & prop_2)
G ( prop_3 -> ( prop_2 U prop_1 ) ),G(prop_3 -> (prop_2 R prop_1))
G ( prop_1 & F prop_2 ),G(prop_1 ) & F(prop_2 )
( F change_light_east_green ) -> ( ! change_light_east_green U ( record_cyclist_south_7th_avenue & ! change_light_east_green ) ),G(change_light_east_green -> F(record_cyclist_south_7th_avenue))
G ( ( prop_3 | prop_2 ) -> G ( F prop_1 ) ),G((prop_3 | prop_2) -> prop_1 )
G ( ! ( deliver_laptop_shelf & deliver_horse_loading_dock ) -> F search_microwave ),G((!(deliver_laptop_shelf | deliver_horse_loading_dock)) -> search_microwave)
G ( ( prop_1 & prop_3 ) -> ! ( F prop_2 ) ),G((prop_1 & prop_3) -> F(prop_2))
( ! prop_3 | ( prop_2 -> prop_1 ) ),G(!prop_3 ) & G(prop_2  -> prop_1 )
G ( ! ( drop_apple ) ) & hold_on_to_pear,G(!(drop_apple & hold_on_to_pear))
G ( ( prop_4 | prop_3 ) -> ( prop_1 U prop_2 ) ),G((prop_4 | prop_3) -> (F(prop_1 & F(prop_2))))
G ( ( prop_3 & prop_1 ) -> G prop_2 ),G((prop_3 & prop_1) -> prop_2)
( G prop_3 -> ( prop_1 -> prop_2 ) ),G(prop_3 -> (prop_1 -> prop_2))
G(!( brake_is_released & car_starts )) | F(( brake_is_released & car_starts ) & F( brake_is_pressed | bridge_closes )),F(brake_is_released & car_starts & F(brake_is_pressed | bridge_closes))
F ( prop_1 & F prop_2 ),G(prop_1 -> F(prop_2))
move_to_trash_can -> F ( get_pear ),G(get_pear -> move_to_trash_can)
<>(building_4&&photo&&<>(parking_lot_2&&[]parking_lot_2)),photo & F(parking_lot_2 & G(parking_lot_2))
go_by_waste_bin -> venture_towards_house,G(go_by_waste_bin -> venture_towards_house)
( ! prop_2 -> ( prop_1 & prop_3 ) ),G(!prop_2 -> (prop_1 & prop_3))
! ( ( prop_3 & prop_1 ) <-> prop_2 ),G((prop_2 ) <-> !(prop_3  & prop_1 ))
G( house_is_built & train_stops & table_is_old ),G((house_is_built & train_stops) -> table_is_old)
! get_help U change_light_east_yellow,change_light_east_yellow -> F(get_help)
G ( ( prop_3 & prop_4 ) -> ( prop_2 & prop_1 ) ),G((prop_3 & prop_4) -> (prop_2 & G(!prop_1)))
( ( prop_2 U prop_1 ) <-> ! prop_3 ),((prop_2 U prop_1) <-> G(!prop_3))
( ( ( prop_4 <-> prop_1 ) U prop_3 ) -> prop_2 ),G(((prop_4 <-> prop_1) U prop_3) -> prop_2)
[]<>(area_4&&photo)&&[]<>(area_3&&photo),G(photo & area_4 & area_3)
( idle U get_help ),idle -> F(get_help)
G ( ( prop_3 | prop_1 ) -> ! ( G prop_2 ) ),G((prop_3 | prop_1) -> G(!prop_2))
( ! prop_1 & ( prop_2 <-> prop_3 ) ),G(!prop_1 ) & G(prop_2 <-> prop_3 )
G ( moving ) | G ( ! ( drop_orange ) ),G(moving | !drop_orange)
( ( prop_2 | prop_3 ) & ( prop_1 | prop_4 ) ),G((prop_2 | prop_3) -> (prop_1 | prop_4))
( ( prop_4 <-> prop_2 ) -> ( prop_3 <-> prop_1 ) ),G((prop_4 <-> prop_2) -> (prop_3 <-> prop_1))
G(( engine_starts ) -> G(( motorbike_has_stopped ) -> F( elevator_falls ))),G(engine_starts -> F(motorbike_has_stopped -> F(elevator_falls)))
take_orange | G ( F ( go_to_waste_basket ) ),take_orange | G(go_to_waste_basket )
F ( grab_orange ) -> move_to_trash_can,G(grab_orange -> move_to_trash_can)
[]county_4&&[]<>(office_3&&<>(p_package_4&&<>(office_8&&pd))),G(county_4 & G(p_package_4 -> (office_3 & X(office_8))))
F ( collect_apple ) & G ( go_by_trash_can ),F(collect_apple & G(go_by_trash_can))
G(( semaphore_is_green & elevator_falls ) -> G( semaphore_is_yellow )),G((semaphore_is_green & elevator_falls) -> semaphore_is_yellow)
F ( go_to_trashcan ) & F ( track_towards_tree ),G((track_towards_tree) -> (go_to_trashcan))
F ( arrive_at_tree ) | F ( get_close_tree ),G(arrive_at_tree | F(get_close_tree))
( ( prop_3 | prop_4 ) -> ( prop_2 | prop_1 ) ),G((prop_3 | prop_4) -> (prop_2 | prop_1))
F G house_5,F(house_5) & G(house_5)
F ( pick_up_peach ) & F ( journey_by_house ),F(pick_up_peach & F(journey_by_house))
F blue_room,G(blue_room )
( ! prop_2 U ( prop_3 & prop_1 ) ),G(!(prop_1) U (prop_2 & prop_3))
F ( grasp_apple ) U F ( journey_to_flag ),grasp_apple U journey_to_flag
( ! prop_3 -> ( prop_1 | prop_2 ) ),G((!prop_3) -> (prop_1 | prop_2))
[]<>intersection_4&&<>locality_9,G(intersection_4 -> F(locality_9))
( ( prop_2 U prop_3 ) -> ( prop_1 & prop_4 ) ),G((prop_2 U prop_3) -> F(prop_1 & prop_4))
( G prop_3 & ( prop_2 | prop_1 ) ),G(prop_3 & (prop_2 | prop_1))
( G ( prop_1 & prop_3 ) | prop_2 ),G((prop_1 & prop_3) | prop_2)
G ( ( prop_3 | prop_1 ) -> G prop_2 ),G((!prop_3 | !prop_1) -> G(prop_2))
G(!( train_has_arrived )) | F(( train_has_arrived ) & F( elevator_is_blocked | house_is_open )),F(train_has_arrived & F(elevator_is_blocked | house_is_open))
F prop_1,G(prop_1 )
( F prop_1 -> prop_2 ),G(prop_2 -> prop_1)
( ! prop_1 U ( prop_3 | prop_2 ) ),G(!(prop_1 ) U (prop_3  | prop_2 ))
F ( ( green_room | yellow_room ) & F red_room ),(yellow_room | green_room) -> F(red_room)
<>(park_5&&<>(statue_2&&photo)),G(photo -> park_5)
( prop_1 & G ( ! prop_2 ) ),G(prop_1 & G(!prop_2))
( deliver_aid_safe_hostile U photo_flood ),deliver_aid_safe_hostile -> F(photo_flood)
( ( prop_1 -> prop_2 ) & G prop_3 ),G(prop_3 -> (prop_1 -> F(prop_2)))
G ( prop_3 -> ( prop_1 U prop_2 ) ),G(prop_3 -> F(prop_2 & F(prop_1)))
F ( clutch_orange ) -> ! ( let_go_pear ),G(clutch_orange -> !let_go_pear)
G ( ! prop_1 | F prop_2 ),G(!prop_1) | G(prop_2)
( ( ( prop_2 U prop_1 ) <-> prop_3 ) -> prop_4 ),G(((prop_2 U prop_1) <-> prop_3) -> prop_4)
( ( prop_2 & prop_3 ) -> G prop_1 ),G((prop_2 & prop_3) -> G(prop_1))
( F prop_3 <-> ( prop_2 | prop_1 ) ),F (prop_3 <-> (prop_2 | prop_1))
( ( prop_3 <-> prop_1 ) -> G prop_2 ),G((prop_3 <-> prop_1) -> prop_2)
( G prop_2 | ( prop_1 & prop_3 ) ),G(prop_2 ) | F(prop_1  & prop_3 )
grasp_orange -> F ( make_contact_flag ),G(grasp_orange -> make_contact_flag)
( ( ( prop_1 <-> prop_4 ) & prop_3 ) -> prop_2 ),G(((prop_1 <-> prop_4) & prop_3) -> prop_2)
G(!( bridge_closes )) | F(( bridge_closes ) & F( constructor_creates_instances & motorbike_has_stopped )),F(bridge_closes & F(constructor_creates_instances & F(motorbike_has_stopped)))
<>[]mall_5,F(mall_5 ) & G(mall_5 )
F ( acquire_pear ) -> collect_pear,G(acquire_pear -> collect_pear)
( record_person_west_5th_avenue U change_light_west_green ),record_person_west_5th_avenue -> F(change_light_west_green)
G ( prop_3 -> ( prop_2 | prop_1 ) ),G(prop_3 -> (prop_2 | X(prop_1)))
F ( prop_1 U G ( ! prop_2 ) ),prop_1 U G(!prop_2)
venture_towards_house | F ( bring_pear ),venture_towards_house | G(bring_pear)
( ( ( prop_1 <-> prop_4 ) | prop_2 ) -> prop_3 ),G(((prop_1 <-> prop_4) | prop_2) -> prop_3)
G ( ! ( let_go ) ) & F ( collect_orange ),G(!let_go) & G(collect_orange -> let_go)
F G ! go_home,G(!go_home )
parking_lot_5 U ( car_5 & photo ),parking_lot_5 U photo
( ( prop_1 -> prop_3 ) -> G prop_2 ),G((prop_1 -> prop_3) -> G(prop_2))
( avoid_nearest_fire_source U get_help ),avoid_nearest_fire_source -> F(get_help)
G ( prop_1 | F prop_2 ),G(prop_1 ) | G(prop_2 )
( G prop_2 | ( prop_3 -> prop_1 ) ),G(prop_2) | G(prop_3 -> prop_1)
( search_skateboard U search_sheep ) | G search_skateboard,(search_skateboard R search_sheep) | G(search_skateboard)
( ( prop_3 <-> prop_1 ) -> F prop_2 ),G((prop_3 <-> prop_1) -> F(prop_2))
G(!( manager_collect_claims | constructor_creates_instances )) | F(( manager_collect_claims | constructor_creates_instances ) & F( bridge_closes )),!(manager_collect_claims & constructor_creates_instances) | F((manager_collect_claims | constructor_creates_instances) & F(bridge_closes))
G(( motorbike_catches_fire & engine_breaks ) -> G( brake_is_released | escalator_is_blocked )),G((motorbike_catches_fire & engine_breaks) -> F(brake_is_released | escalator_is_blocked))
( ( prop_4 -> prop_1 ) <-> ( prop_3 -> prop_2 ) ),((G(prop_4 -> prop_1)) <-> (G(prop_3 -> prop_2)))
( prop_1 & F prop_2 ),prop_1 & prop_2
G(!( train_has_arrived )) | F(( train_has_arrived ) & F( car_starts & semaphore_is_broken )),F(train_has_arrived & F(car_starts & semaphore_is_broken))
( ! prop_3 | ( prop_1 & prop_2 ) ),G(!prop_3) | F(prop_1 & prop_2)
G ( ( prop_3 | prop_1 ) -> G ( F prop_2 ) ),G((!prop_3 | prop_1) -> G(F(prop_2)))
! G ( ! ( deliver_chair_shelf & X deliver_chair_shelf ) ),G(deliver_chair_shelf | X(deliver_chair_shelf) | X(X(deliver_chair_shelf)))
( ( prop_2 & prop_1 ) U ! prop_3 ),G((prop_2 & prop_1) -> ((prop_2 & prop_1) U !prop_3))
( ( prop_3 -> prop_1 ) | G prop_2 ),G(prop_3 -> prop_1) | G(prop_2)
G ( ! ( drop_apple ) ) & secure_apple,G(!(drop_apple)) & G(secure_apple)
G ( ( prop_4 & prop_2 ) -> ( prop_3 U prop_1 ) ),G((prop_4 & prop_2) -> (prop_1 U prop_3))
G ( prop_1 | F prop_2 ),G(prop_1 ) | F(prop_2 )
( ( prop_3 <-> prop_4 ) & ( prop_1 -> prop_2 ) ),G((prop_3 <-> prop_4) & (prop_1 -> F(prop_2)))
( ! prop_1 & prop_2 ),G(!prop_1 -> prop_2)
( ( prop_3 <-> prop_2 ) & prop_1 ),G((prop_3 <-> prop_2) & prop_1)
( ( ! prop_1 U prop_2 ) & prop_3 ),(prop_2 -> (!prop_1 U prop_2)) & G(prop_3)
( ( ( prop_1 -> prop_3 ) U prop_4 ) & prop_2 ),G((prop_1 ) -> ((prop_3 ) U (prop_4 ))) & prop_2
F ( prop_1 & G ( ! prop_2 ) ),F(prop_1 ) & G(!prop_2 )
( ( prop_1 | prop_3 ) | ! prop_2 ),(prop_1 | prop_3) | G(!prop_2)
( ( ( prop_4 <-> prop_2 ) -> prop_1 ) & prop_3 ),G((prop_4 <-> prop_2) -> (prop_1 & prop_3))
( ! ( prop_2 U prop_1 ) -> prop_3 ),G((!(prop_2 ) U prop_1 ) -> prop_3 )
F ( acquire_pear ) | G ( F ( go_to_pear ) ),G((acquire_pear | go_to_pear))
gather_apple -> F ( scoop_up_apple ),G(gather_apple -> F(scoop_up_apple))
( F get_help ) -> ( ! get_help U ( go_home & ! get_help ) ),G(get_help -> F(go_home))
<>(table_2&&<>(p_brochure_5&&<>(street_5&&pd))),G((table_2 & p_brochure_5) -> F(street_5 & p_brochure_5))
G(!( brake_is_pressed | bridge_closes )) | F(( brake_is_pressed | bridge_closes ) & F( table_is_brown & house_is_built )),F(brake_is_pressed | bridge_closes) & F(table_is_brown & F(house_is_built))
F ( plant_8 & F ( p_box_5 & F ( store_6 & pd ) ) ),F(p_box_5 & F(store_6))
[]<>charger_3&&[]<>(area_3&&photo),G(photo -> F(charger_3))
( G prop_3 | ( prop_2 | prop_1 ) ),G(prop_3) | F(prop_2 | prop_1)
F ( ( red_room | blue_room ) & F green_room ),G((blue_room | red_room) -> F(green_room))
( G prop_1 -> ( prop_2 & prop_3 ) ),G(prop_1 -> (prop_2 & prop_3))
( F prop_1 -> G prop_2 ),G(prop_1 -> G(prop_2 ))
( ( prop_2 -> prop_1 ) | G prop_3 ),(G(prop_2 -> prop_1) | G(prop_3))
( ( ( prop_1 | prop_3 ) U prop_2 ) -> prop_4 ),G(((prop_1 | prop_3) U prop_2) -> F(prop_4))
[]locality_5&&<>(office_3&&<>(p_package_5&&<>(office_6&&pd))),G((p_package_5 & office_3) -> (locality_5 U office_6))
G(!( escalator_speeds_up | house_collapses )) | F(( escalator_speeds_up | house_collapses ) & F( escalator_is_blocked | sensor_captures_data )),F(escalator_speeds_up | house_collapses) & F(escalator_is_blocked | sensor_captures_data)
G ( ( prop_3 & prop_2 ) -> F ( G prop_1 ) ),G((prop_3 & prop_2) -> F(prop_1))
<>[]intersection_4,G(intersection_4 )
G ( F prop_1 | prop_2 ),G(F(prop_1 ) | F(prop_2 ))
G(!( escalator_moves & train_stops )) | F(( escalator_moves & train_stops ) & F( bridge_closes )),F(escalator_moves & train_stops & F(bridge_closes))
travel_to_apple U F ( make_to_flag ),travel_to_apple U make_to_flag
G ( ( prop_2 | prop_1 ) -> G prop_3 ),G((prop_2 | prop_1) -> prop_3)
get_hold_of_pear -> hold_pear,G(get_hold_of_pear -> hold_pear)
[]<>(monument_8&&photo)&&!monument_8 U park_4,G(photo) & (!park_4 U park_4) & G((!park_4) -> !monument_8)
F ( go_to_peach ) -> move_to_trash_can,G(go_to_peach -> F(move_to_trash_can))
G(( semaphore_is_yellow ) -> F( bar_has_to_be_repaired & sensor_gathers_information )),G((bar_has_to_be_repaired & sensor_gathers_information) -> semaphore_is_yellow)
G ( communicate_safe_victim -> X G ! get_help ),G(communicate_safe_victim -> G(!get_help))
( F ( prop_3 <-> prop_2 ) & prop_1 ),G(prop_1 ) & F(prop_3 <-> prop_2 )
( ( prop_2 & prop_3 ) -> F prop_1 ),G((prop_2 & prop_3) -> F(prop_1))
( G prop_1 <-> ( prop_3 | prop_2 ) ),G(prop_1 <-> (prop_3 | prop_2))
( F prop_2 -> ( prop_1 & prop_3 ) ),prop_2 -> (prop_1 & prop_3)
( ( prop_1 & prop_3 ) | G prop_2 ),F (prop_1 & prop_3 ) | G (prop_2 )
( ( ( prop_4 | prop_2 ) -> prop_1 ) <-> prop_3 ),G(((prop_4 ) | (prop_2 )) -> ((prop_1 ) <-> (prop_3 )))
G ( ( prop_3 U prop_1 ) -> F ( G prop_2 ) ),G((F(prop_3 ) & (prop_1  U prop_3 )) -> F(F(prop_2 )))
G ( hold_onto_orange ) -> F ( make_contact_flag ),G(hold_onto_orange -> F(make_contact_flag))
G ( F prop_1 & prop_2 ),G(prop_1 & prop_2)
( ( F prop_1 & prop_2 ) & prop_3 ),F(prop_1 ) & F(prop_2 ) & F(prop_3 )
( ( ( prop_3 U prop_2 ) & prop_1 ) | prop_4 ),G((prop_3 -> (prop_3 U prop_2)) & (prop_1 | prop_4))
( ( prop_2 & prop_3 ) <-> G prop_1 ),G((prop_2 & prop_3) -> prop_1)
( F prop_1 -> F prop_2 ),G(prop_1 -> prop_2)
G(( elevator_rises & bar_is_closing ) -> F( semaphore_is_red | car_starts )),F(semaphore_is_red | ((elevator_rises & bar_is_closing) -> F(car_starts)))
F ( going_to_house ) & F ( gather_pear ),F(going_to_house) & G(gather_pear)
G(!( sensor_retrieves_data | bridge_closes )) | F(( sensor_retrieves_data | bridge_closes ) & F( table_is_brown & bar_is_closing )),F(sensor_retrieves_data | bridge_closes) & F(table_is_brown & F(bar_is_closing))
( G ( prop_1 -> prop_3 ) & prop_2 ),G((prop_1) -> (prop_3 & prop_2))
F ( prop_1 | G prop_2 ),G(prop_1 ) | G(prop_2 )
G ( ! prop_1 U G ( ! prop_2 ) ),G(!(prop_2 )) U G(!(prop_1 ))
G ( F prop_1 -> ( prop_3 U prop_2 ) ),G((F(prop_1 )) -> (prop_3  R prop_2 ))
( idle U search_elephant ) | G idle,search_elephant R idle
G F car_3 & F building_2,G(car_3) & F(building_2)
( ( prop_2 | prop_3 ) -> G prop_1 ),G((prop_2 | prop_3) -> G(prop_1 ))
! ( prop_1 | prop_2 ),G(!(prop_1) | !(prop_2))
! ( prop_1 | F prop_2 ),G(!prop_1 ) & G(prop_2 )
( F prop_2 | ( prop_3 -> prop_1 ) ),F(prop_2) | G(prop_3 -> F(prop_1))
prop_1,G(prop_1 )
( ( prop_3 <-> prop_1 ) -> prop_2 ),G((prop_3 <-> prop_1) -> prop_2)
( F prop_1 | ( prop_3 -> prop_2 ) ),G(prop_1) & G(prop_3 -> prop_2)
!street_4 U intersection_2&&<>(house_13&&p_trash_13),(!intersection_2) U (!street_4 & house_13 & p_trash_13)
[]<>charger_9&&[]<>(warehouse_8&&<>(p_crate_2&&<>(store_2&&pd))),G((warehouse_8 & p_crate_2 & store_2) -> F(charger_9 ))
( ! prop_1 U ( prop_3 | prop_2 ) ),(!prop_1 & !prop_3) U prop_2
( ( prop_2 | prop_3 ) & F prop_1 ),F(prop_1 ) & (F(prop_2 ) | F(prop_3 ))
( ( prop_2 <-> prop_1 ) -> G prop_3 ),G((prop_2 <-> prop_1) -> prop_3 )
( ( prop_1 U prop_2 ) <-> ! prop_3 ),((prop_1 U prop_2) <-> G(!prop_3))
G ( search_broccoli -> F search_zebra ) -> G F pickup_donut,G((search_broccoli -> F(search_zebra)) -> G(F(pickup_donut)))
G(( train_has_arrived ) -> F( table_is_old & sensor_retrieves_data )),G(train_has_arrived -> (table_is_old & sensor_retrieves_data))
F ( prop_1 & ! prop_2 ),G(prop_1 -> !prop_2)
going_to_tree -> F ( go_to_trash_bin ),G(go_to_trash_bin -> going_to_tree)
( ( prop_2 <-> prop_3 ) | F prop_1 ),G((prop_2 <-> prop_3) | F(prop_1))
( ( G prop_1 -> prop_3 ) | ! prop_2 ),G(prop_1 -> prop_3) | G(!prop_2)
( ( prop_2 & prop_3 ) & ( prop_4 -> prop_1 ) ),G(((prop_2 & prop_3) & prop_4) -> prop_1)
( ( prop_1 | prop_2 ) | F prop_3 ),F (prop_1 | prop_2 ) | F (prop_3 )
G(!( train_has_arrived )) | F(( train_has_arrived ) & F( train_has_arrived & bridge_closes )),F(train_has_arrived & F(bridge_closes))
( ( ( prop_2 | prop_3 ) -> prop_4 ) <-> prop_1 ),(F(prop_2 | prop_3 -> prop_4) <-> G(prop_1))
( G prop_1 -> ( prop_2 | prop_3 ) ),G(prop_1 -> (prop_2 | prop_3))
G ( ( prop_1 | prop_3 ) -> F ( G prop_2 ) ),G((prop_1 | prop_3) -> F(prop_2))
G(!( constructor_creates_instances | elevator_is_blocked )) | F(( constructor_creates_instances | elevator_is_blocked ) & F( car_stops | motorbike_has_started )),!(constructor_creates_instances & elevator_is_blocked) | F((constructor_creates_instances | elevator_is_blocked) & F(car_stops | motorbike_has_started))
F ( prop_1 | G ( F prop_2 ) ),G(prop_1 ) | G(prop_2 )
F ( pass_by_trash_bin ) -> F ( procure_pear ),G((procure_pear) -> (pass_by_trash_bin))
( ( prop_1 <-> prop_3 ) -> ! prop_2 ),G((prop_1 <-> prop_3) -> !prop_2)
! idle U deliver_backpack_shelf,G(idle -> deliver_backpack_shelf)
F ( prop_1 & prop_2 ),prop_1 & prop_2
( prop_1 -> prop_2 ),prop_1 & X(prop_2)
( ( ( prop_2 U prop_1 ) & prop_3 ) & prop_4 ),G((prop_2 U prop_1) & prop_3 & prop_4)
drop_orange U F ( move_forward_trash_can ),drop_orange U move_forward_trash_can
G ( ! prop_1 & prop_2 ),G(!prop_1) & prop_2
( prop_1 & prop_2 ),G(prop_1 & prop_2)
G ( ! ( drop_pear ) ) & F ( go_to_trash_receptacle ),G(!(drop_pear)) & G(go_to_trash_receptacle)
F ( prop_1 & G prop_2 ),F(prop_1 ) & G(prop_2 )
search_skis -> X ( ( search_apple U get_help ) | G search_apple ),G(search_skis -> (X(search_apple U get_help) | G(search_apple)))
G ( ! ( change_light_south_yellow & photo_jaywalker_west_9th_street ) -> F change_light_south_red ),G((!(change_light_south_yellow) & !(photo_jaywalker_west_9th_street)) -> F(change_light_south_red))
( ! ( prop_1 | prop_3 ) & prop_2 ),G(!(prop_1 | prop_3) & prop_2)
( ( prop_2 | prop_1 ) & ! prop_3 ),F((prop_2 | prop_1) & !prop_3)
( ( prop_2 <-> prop_1 ) -> ! prop_3 ),G((prop_2 <-> prop_1) -> G(!prop_3))
take_to_tree U F ( travel_to_house ),take_to_tree U travel_to_house
<>(store_5&&<>(p_box_8&&<>(house_1&&pd))),F(p_box_8 & F(pd & house_1))
G(( elevator_is_blocked ) -> G(( house_is_open ) -> F( table_is_old ))),G(house_is_open -> F(table_is_old)) & G(elevator_is_blocked)
G(!( train_has_arrived )) | F(( train_has_arrived ) & F( train_is_crossing & house_collapses )),!train_has_arrived | F(train_has_arrived & F(train_is_crossing & house_collapses))
park_5 U ( monument_2 & photo & F ( intersection_5 & G intersection_5 ) ),(park_5 U photo) & G(photo -> X(intersection_5 & G(intersection_5)))
G F ( landmark_21 & photo ),G(photo -> F(photo))
( ( prop_1 -> prop_2 ) U ! prop_3 ),G((!prop_1) -> (prop_2 -> prop_3))
G(!( engine_stops | constructor_instantiate_objects )) | F(( engine_stops | constructor_instantiate_objects ) & F( train_has_arrived )),F(engine_stops | constructor_instantiate_objects) & F(train_has_arrived)
G ( F prop_1 U prop_2 ),prop_1 U prop_2
( G prop_3 -> ( prop_1 <-> prop_2 ) ),G(prop_3 -> (prop_1 <-> prop_2))
( ( prop_1 U prop_2 ) -> prop_3 ),G((prop_1) -> (prop_2 U prop_3))
( ! prop_2 <-> ( prop_3 -> prop_1 ) ),G(!prop_2 ) <-> (prop_3 -> F(prop_1 ))
G ( prop_1 | G prop_2 ),G(prop_1 ) | G(prop_2 )
( ! ( prop_3 | prop_1 ) -> prop_2 ),G((!(prop_3 ) | prop_1 ) -> prop_2 )
G ( ( prop_1 | prop_2 ) -> ( prop_4 U prop_3 ) ),G((prop_1 | prop_2) -> (prop_4 & G(prop_4 U prop_3 )))
( ( ! prop_3 | prop_2 ) U prop_1 ),((!prop_3 | prop_2) -> (prop_1 U ((!prop_3 | prop_2) & prop_1)))
G ( ( prop_3 & prop_1 ) -> F ( G prop_2 ) ),G((prop_3 & prop_1) -> F(prop_2))
( ( prop_2 | prop_1 ) -> ( prop_3 -> prop_4 ) ),G((prop_1 | prop_2) -> (prop_3 -> F(prop_4)))
( ( ( prop_3 U prop_2 ) | prop_4 ) | prop_1 ),G((prop_3 -> (prop_3 U prop_2)) | prop_4 | prop_1)
<>(house_4&&<>(p_trash_4&&<>(garbage_dump_1&&pd))),G((pd & house_4 & p_trash_4) -> F(garbage_dump_1))
( ! prop_1 -> ( prop_2 | prop_3 ) ),G(!prop_1 -> (prop_2 | prop_3))
( ! prop_3 & ( prop_2 <-> prop_1 ) ),G(!(prop_3 )) & G(prop_2 <-> prop_1 )
G ( record_pedestrian_north_6th_avenue -> X ( X ( X change_light_south_green ) ) ),G((change_light_south_green & X(X(X(!change_light_south_green)))) -> record_pedestrian_north_6th_avenue)
walk-> F_travel_to_trash_can,G(walk -> F(travel_to_trash_can))
( ( ( prop_3 U prop_1 ) | prop_4 ) & prop_2 ),G((prop_3 ) U (prop_1  | prop_4 )) & prop_2
( ( prop_1 <-> prop_2 ) -> ! prop_3 ),G((prop_1 <-> prop_2) -> G(!prop_3))
( ( prop_2 -> prop_1 ) <-> ( prop_3 U prop_4 ) ),G(prop_2 -> prop_1) & G(prop_1 -> (prop_3 R prop_4))
G(!( train_has_arrived )) | F(( train_has_arrived ) & F( bar_has_to_be_repaired & sensor_retrieves_data )),F(train_has_arrived & F(bar_has_to_be_repaired & sensor_retrieves_data))
G(( house_is_open & escalator_speeds_up ) -> F( motorbike_has_started & bar_is_down )),!(house_is_open & escalator_speeds_up) | F((house_is_open & escalator_speeds_up) & F(motorbike_has_started & bar_is_down))
move_to_tree & take_to_trash_can,F(move_to_tree & F(take_to_trash_can))
F G table_4,F(table_4) & G(table_4)
( ( ( prop_1 -> prop_3 ) | prop_2 ) | prop_4 ),G(prop_1 -> prop_3) & G(!prop_1 -> (prop_2 | prop_4))
( ! ( prop_3 & prop_1 ) <-> prop_2 ),(!(prop_3 ) & !(prop_1 )) <-> (prop_2 )
! ( let_go_orange ) | take_to_trashcan,G(!(let_go_orange | take_to_trashcan))
( ( ( prop_2 & prop_3 ) U prop_4 ) -> prop_1 ),G((prop_2 & prop_3 U prop_4) -> prop_1)
G ( ! prop_1 | prop_2 ),G(!(prop_1 )) | prop_2
G(!( train_derails & train_is_crossing )) | F(( train_derails & train_is_crossing ) & F( car_enters & engine_stops )),F(train_derails & train_is_crossing & F(car_enters & engine_stops))
( ( prop_2 <-> prop_1 ) & prop_3 ),G((prop_2 <-> prop_1) -> prop_3)
park_5 U (monument_2&&photo&&<>(intersection_5&&[]intersection_5)),park_5 U (photo & X(intersection_5 & G(intersection_5)))
secure_apple | G ( ! ( drop_apple ) ),G(secure_apple | G(!drop_apple))
G ( get_help->_record_unsafe_person | X record_unsafe_person ),G(get_help -> (record_unsafe_person | X(record_unsafe_person)))
G(!( train_has_arrived )) | F(( train_has_arrived ) & F( constructor_instantiate_objects & elevator_rises )),!train_has_arrived | F(train_has_arrived & F(constructor_instantiate_objects & elevator_rises))
[]<>(car_1&&photo)&&[]!parking_lot_9,G(photo & car_1) & G(!parking_lot_9)
take_to_trashcan | G ( hold_on_pear ),G(take_to_trashcan | hold_on_pear)
( G prop_2 | ( prop_1 <-> prop_3 ) ),G (prop_2 | (prop_1 <-> prop_3))
( prop_1 | G ( ! prop_2 ) ),G(!(prop_1 )) | G(!(prop_2 ))
F ( scoop_up_pear ) -> F ( touch_tree ),G(touch_tree -> scoop_up_pear)
G ( ! ( drop_apple ) ) -> F ( get_close_flag ),G(!drop_apple) & F(get_close_flag)
( ! prop_2 <-> ( prop_3 <-> prop_1 ) ),G((!prop_2) <-> (prop_3 <-> prop_1))
( ( ( prop_2 -> prop_4 ) & prop_1 ) & prop_3 ),G(prop_2 -> (prop_4 & prop_1 & prop_3))
F ( make_way_waste_basket ) U get_to_tree,G((make_way_waste_basket) -> (make_way_waste_basket U get_to_tree))
G(( house_is_open | train_derails ) -> F( train_derails )),(house_is_open | train_derails) -> F(train_derails)
( ( prop_3 -> prop_2 ) <-> ! prop_1 ),(G(prop_3 -> prop_2) <-> G(!prop_1))
( ( prop_2 <-> prop_4 ) & ( prop_3 -> prop_1 ) ),G((prop_3 ) -> (prop_1 )) & G((prop_2 ) <-> (prop_4 ))
F ( table_2 & F ( p_brochure_5 & F ( street_5 & pd ) ) ),table_2 -> F (p_brochure_5 & F (street_5))
F ( store_3 & F ( p_package_2 & F ( house_2 & pd ) ) ) & G ! mall_1,G(!mall_1) & store_3 & F(p_package_2 & F(house_2))
( ( prop_4 -> prop_2 ) & ( prop_1 -> prop_3 ) ),G(prop_4 -> prop_2) & G(prop_1 -> prop_3)
G ( communicate_safe_victim -> F record_injured_rescuer ) -> G F record_injured_person,G((communicate_safe_victim -> F(record_injured_rescuer)) -> G(F(record_injured_person)))
! G ( ! ( get_help & X get_help ) ),G(get_help | X(get_help) | X(X(get_help)))
G ( move ) & move_to_house,G(move & move_to_house )
F ( proceed_to_house ) -> F ( venture_house ),G(proceed_to_house -> F(venture_house))
G ( ( prop_3 | prop_1 ) -> prop_2 ),G((!prop_3 | prop_1) -> prop_2)
( F prop_1 | ( prop_3 -> prop_2 ) ),F(prop_1 ) | G(prop_3  -> prop_2 )
( G prop_1 & ( prop_3 | prop_2 ) ),G(prop_1 ) & G(prop_3 | prop_2 )
G ( communicate_safe_rescuer -> F record_safe_person ) -> G F communicate_safe_hostile,G((communicate_safe_rescuer -> F(record_safe_person)) -> G(F(communicate_safe_hostile)))
( G prop_3 <-> ( prop_2 | prop_1 ) ),G((prop_3 ) <-> (prop_2  | prop_1 ))
( G prop_3 | ( prop_1 | prop_2 ) ),G(prop_3 ) | F(prop_1 ) | F(prop_2 )
! ( ( prop_3 & prop_1 ) | prop_2 ),G(!(prop_3 ) & !(prop_1 )) | prop_2
G F ( storage_4 & F ( p_crate_1 & F ( office_2 & pd ) ) ),G(F(storage_4 & X(office_2 & X(storage_4 & X(office_2)))))
( ( ( prop_3 <-> prop_2 ) -> prop_1 ) -> prop_4 ),G((prop_3 <-> prop_2) -> (prop_1 -> prop_4))
! ( prop_1 U F prop_2 ),G(!(prop_2 ) -> !prop_1 )
( ( prop_3 <-> prop_1 ) | F prop_2 ),G((prop_3 <-> prop_1) | F(prop_2))
G ( go_by_trash_can ) & F ( walk_near_flag ),G(go_by_trash_can) & G(walk_near_flag)
G(!( bridge_closes )) | F(( bridge_closes ) & F( motorbike_catches_fire & car_enters )),F(bridge_closes & F(motorbike_catches_fire & F(car_enters)))
! photo U park_5 & F ( landmark_4 & photo ),G(!(photo) U park_5) & F(landmark_4 & photo)
communicate_injured_hostile -> X ( ( record_flood U avoid_impending_debris ) | G record_flood ),G(communicate_injured_hostile -> X(record_flood U avoid_impending_debris))
( F ( yellow_room ) & G ( ! blue_room ) ),G(!blue_room -> F(yellow_room))
( ( ( prop_2 | prop_4 ) -> prop_3 ) & prop_1 ),G(((prop_2 ) | (prop_4 )) -> ((prop_3 ) & (prop_1 )))
F ( start_going_to_house ) -> grip_apple,G(start_going_to_house -> grip_apple)
( ( ( prop_4 -> prop_2 ) & prop_3 ) <-> prop_1 ),G((prop_4 ) -> ((prop_2 ) & (prop_3 ) <-> (prop_1 )))
( G ( ! prop_1 ) -> F prop_2 ),G(prop_2 -> G(!prop_1))
G ( prop_3 -> ( prop_2 U prop_1 ) ),G((prop_3 ) -> (prop_1  U prop_2 ))
G ( F ( go_to_apple_trashcan ) ) | F ( track_towards_tree ),G(F(go_to_apple_trashcan ) | track_towards_tree )
( ! ( prop_3 -> prop_1 ) | prop_2 ),G(!(prop_3 -> F(prop_1)) | prop_2)
G ( ( prop_1 & prop_3 ) -> ! ( F prop_2 ) ),G((prop_1 & prop_3) -> !prop_2)
F ( go_by_house ) -> F ( visit_house ),G(go_by_house -> F(visit_house))
F ( park_7 & F ( monument_4 & photo ) ),F(park_7 & photo & monument_4)
photo_gas_leak U ( G ( F avoid_active_flood ) ),G(photo_gas_leak -> (photo_gas_leak U G(F(avoid_active_flood))))
G ( stay ) & come_to_tree,G(stay )
F yellow_room,G(yellow_room)
G(( house_is_open | manager_collect_claims ) -> G(!( train_has_been_launched | train_has_arrived ))),G(house_is_open | (manager_collect_claims -> G(!(train_has_been_launched | train_has_arrived))))
G ( get_help -> record_jaywalker_south_5th_avenue ),G((record_jaywalker_south_5th_avenue) -> (get_help))
( ( ( prop_4 -> prop_2 ) U prop_1 ) | prop_3 ),G(prop_4 -> (prop_2 U prop_1)) | prop_3
F ( house_4 & F ( p_package_2 & F ( warehouse_5 & pd ) ) ),F(house_4 & F(p_package_2 & F(warehouse_5)))
!street_5 U store_1&&<>(store_1&&p_package_4),(!street_5 U store_1) & F(store_1) & F(p_package_4)
G ( photo_debris -> F go_home ) -> G F get_help,G((photo_debris -> F(go_home)) -> G(F(get_help)))
( F ( prop_1 -> prop_2 ) | prop_3 ),F(prop_1 & F(prop_2 | prop_3))
( G ( prop_2 <-> prop_3 ) & prop_1 ),G((prop_2 <-> prop_3) & prop_1)
( ( ( prop_3 -> prop_2 ) & prop_1 ) | prop_4 ),G((prop_3) -> ((prop_2) & (prop_1) | prop_4))
( ( G prop_1 <-> prop_3 ) | ! prop_2 ),G(prop_1 -> (prop_3 <-> !prop_2))
! ( prop_1 & F prop_2 ),G(!(prop_1 )) & G(prop_2 )
( ! prop_1 -> ( prop_2 U prop_3 ) ),G(!prop_1 -> (prop_2 U prop_3))
G ( ! prop_1 | G prop_2 ),G(!prop_1 ) | G(prop_2 )
<>(house_4&&<>(p_trash_4&&<>(garbage_dump_1&&pd))),G((pd & house_4) -> F(p_trash_4 & F(garbage_dump_1)))
( prop_2 | prop_3 ) & ( prop_4 U prop_1 ),(prop_2 | prop_3) U prop_1
( ! prop_1 & ( prop_3 U prop_2 ) ),G(!prop_1 ) & (prop_3  U prop_2 )
G(!( train_derails | house_collapses )) | F(( train_derails | house_collapses ) & F( car_enters | motorbike_falls_down )),!(train_derails | house_collapses) | F((train_derails | house_collapses) & F(car_enters | motorbike_falls_down))
F ( red_room & F blue_room ),red_room -> F(blue_room)
move_to_house -> pick_up_pear,G(move_to_house -> pick_up_pear)
( ( ( prop_4 <-> prop_2 ) U prop_3 ) | prop_1 ),((prop_2 R prop_3) <-> prop_4) | prop_1
( prop_1 & G ( F prop_2 ) ),G(prop_1 & G(F(prop_2)))
( ( prop_1 -> prop_3 ) U ( prop_4 <-> prop_2 ) ),G((prop_1 ) -> (prop_3  U prop_2 ))
G ( ( prop_1 & prop_2 ) -> F ( G prop_3 ) ),G((prop_1 & prop_2) -> F(prop_3))
<>(table_4&&<>(p_tin_can_4&&<>(trash_can_5&&pd)))&&[]!hallway_2,G((table_4 & p_tin_can_4) -> F(trash_can_5)) & G(!hallway_2)
( G ( F prop_1 ) -> F prop_2 ),G(prop_2 -> prop_1)
G ( ! ( let_go_apple ) ) | pick_up_fruit,G(!(let_go_apple | pick_up_fruit))
( prop_1 | G ( F prop_2 ) ),prop_1 | G(prop_2 )
( ! ( prop_3 & prop_1 ) -> prop_2 ),G((!(prop_3 & prop_1)) -> prop_2)
<>[]street_2,F(street_2 ) & G(street_2 )
[]<>(intersection_4&&photo),G(photo -> F(photo))
G(!( motorbike_catches_fire & car_enters )) | F(( motorbike_catches_fire & car_enters ) & F( manager_collect_claims & semaphore_is_broken )),F (motorbike_catches_fire & car_enters & F (manager_collect_claims & F (semaphore_is_broken)))
( ( prop_2 U prop_1 ) & ( prop_3 -> prop_4 ) ),(prop_2 R prop_1) & G(prop_3 -> prop_4)
G F charger_2 & F ( table_2 & F ( p_plate_4 & F ( table_4 & pd ) ) ),G((p_plate_4 & table_2) -> F(charger_2))
F ( blue_room & F red_room ),blue_room -> F(red_room)
G ( photo_flood & X deliver_aid_safe_hostile -> X X get_help ),G((photo_flood & deliver_aid_safe_hostile) -> X(X(get_help)))
( ! prop_1 ) U prop_2,G(!(prop_1) U prop_2)
!parking_lot_4 U building_8,!building_8 U parking_lot_4
! G ( ! ( record_car_south_1st_avenue & X record_car_south_1st_avenue ) ),G(record_car_south_1st_avenue | X(record_car_south_1st_avenue) | X(X(record_car_south_1st_avenue)))
F ( capture_pear ) | ! ( F ( pick_up_anything ) ),G(capture_pear | !pick_up_anything)
G(!( constructor_creates_instances | table_is_old )) | F(( constructor_creates_instances | table_is_old ) & F( brake_is_pressed | motorbike_has_started )),F (constructor_creates_instances | table_is_old) & F (brake_is_pressed | motorbike_has_started)
G ( ( prop_1 | prop_3 ) -> ( prop_2 U prop_4 ) ),G((prop_1 | prop_3) -> (prop_2 R prop_4))
G ( F prop_1 | F prop_2 ),G(prop_2 -> prop_1)
G ( ( prop_2 | prop_3 ) -> ( prop_4 | prop_1 ) ),G((prop_2 | prop_3) -> (prop_4 | X(!prop_1)))
( ( ( prop_4 U prop_3 ) -> prop_2 ) -> prop_1 ),G((!prop_3) -> prop_4 ) & G((prop_3) -> (prop_2 & prop_1 ))
G ( prop_1 -> G prop_2 ),G(prop_1 -> prop_2)
( F ( prop_2 & prop_3 ) -> prop_1 ),F((prop_2 & prop_3) & F(prop_1))
( G prop_2 -> ( prop_3 & prop_1 ) ),G(prop_2 -> (prop_3 & prop_1))
G ( ! ( let_go ) ) | F ( go_by_flag ),G(!let_go | F(go_by_flag))
G ( move_around ) U F ( go_visit_house ),move_around U go_visit_house
G ( prop_2 -> ( prop_1 U prop_3 ) ),G((prop_2) -> (prop_1 R prop_3))
park_2 U ( monument_13 & photo ),park_2 U photo
[]<>(area_9&&photo)&&[]<>(camp_4&&<>(p_ordnance_3&&<>(camp_9&&pd))),G((photo & area_9) -> F(p_ordnance_3 & camp_4 & X(camp_9)))
G ( ( prop_3 & prop_2 ) -> ! ( G prop_1 ) ),G((prop_3 & prop_2) -> G(!prop_1))
F ( prop_1 & G ( ! prop_2 ) ),G((prop_1 ) -> G(!prop_2 ))
F ( prop_1 U G prop_2 ),F(prop_1 & G(prop_2))
( G ( ! prop_1 ) -> prop_2 ),G(!prop_1 -> prop_2)
F ( have_pear ) U F ( make_way_waste_basket ),G(have_pear U make_way_waste_basket)
( ( prop_1 <-> prop_2 ) & F prop_3 ),G(prop_1 <-> prop_2) & F(prop_3)
[]locality_7&&<>(office_4&&<>(p_letter_1&&<>(house_1&&pd))),G(locality_7 & pd & office_4 & p_letter_1 -> F(house_1))
<>[]house_5,G(house_5 & !X(!house_5))
[]!parking_lot_8&&<>street_5,G(street_5 -> G(!parking_lot_8))
G F ( landmark_21 & photo ),G(photo)
F ( withhold_apple ) | F ( bring_pear ),G((bring_pear) -> (withhold_apple))
( ( prop_1 <-> prop_2 ) U ! prop_3 ),G((prop_3 ) -> ((prop_1 <-> prop_2 ) R (!prop_3 )))
G ( prop_1 | G ( F prop_2 ) ),G(prop_1 ) | G(prop_2 )
F ( have_pear ) -> G ( F ( grab_tree ) ),G(have_pear -> F(grab_tree))
G F get_help -> G F record_person_northeast_1st_street,G(F(get_help) -> G(F(record_person_northeast_1st_street)))
G ( photo_collision_southwest_5th_avenue -> F photo_vehicle_east_10th_avenue ) -> G F get_help,G((photo_collision_southwest_5th_avenue -> F(photo_vehicle_east_10th_avenue)) -> G(F(get_help)))
F ( store_5 & F ( p_box_8 & F ( house_1 & pd ) ) ),G((store_5 & p_box_8) -> F(house_1))
( prop_2 & ( prop_1 -> prop_3 ) ),prop_1 -> F(prop_3)
( prop_1 U F prop_2 ),prop_1 U G(prop_2)
G ( photo_person_southeast_4th_street -> record_car_northeast_6th_street ),G((record_car_northeast_6th_street ) -> (photo_person_southeast_4th_street ))
( ( prop_1 & prop_3 ) -> prop_2 ),G((prop_1 & prop_3) -> prop_2)
F ( prop_1 | G ( ! prop_2 ) ),G(prop_1 | G(!prop_2))
( ! prop_3 -> ( prop_2 <-> prop_1 ) ),G((!prop_3) -> (prop_2 <-> prop_1))
G(!( engine_breaks | car_enters )) | F(( engine_breaks | car_enters ) & F( sensor_gathers_information )),F(engine_breaks | (car_enters & F(sensor_gathers_information)))
F ( venture_house ) | ! ( let_go_pear ),G((venture_house | !let_go_pear))
F ( present_at_flag ) U F ( reach_flag ),G((present_at_flag) -> (present_at_flag U reach_flag))
( ! prop_3 & ( prop_2 | prop_1 ) ),G(!prop_3) & G(prop_2 | prop_1)
F ( bench_4 & photo & G bench_4 ),G((photo) -> G(bench_4))
G ( ! ( let_go_orange ) ) -> going_to_tree,G(!let_go_orange )
G( brake_is_pressed & manager_collect_claims & elevator_rises ),G(brake_is_pressed -> (manager_collect_claims & elevator_rises))
G(!( motorbike_falls_down | manager_collect_claims )) | F(( motorbike_falls_down | manager_collect_claims ) & F( manager_collect_claims & sensor_captures_data )),F((motorbike_falls_down | manager_collect_claims) & F(manager_collect_claims & sensor_captures_data))
[]<>charger_1&&<>(house_4&&<>(box_4&&<>(house_9&&pd))),G((box_4 & house_4) -> F((charger_1) & F((box_4 & house_9))))
<>section_3&&[]!hall_5,section_3 & G(!hall_5)
F ( p_crate_4  & F ( park_1  & pd & G park_1 ) ),F(p_crate_4  & X(park_1  & pd & G(park_1 )))
G ( ( get_help <-> pickup_spoon ) -> ( pickup_spoon <-> pickup_sink ) ),G((pickup_spoon <-> pickup_sink) -> (get_help <-> pickup_spoon))
G ( ! prop_1 & F prop_2 ),G(!prop_1 ) & prop_2
travel_to_waste_bin | F ( steal_apple ),G((travel_to_waste_bin) -> (steal_apple))
( F photo_car_northeast_5th_avenue ) -> ( ! photo_car_northeast_5th_avenue U ( get_help & ! photo_car_northeast_5th_avenue ) ),G(photo_car_northeast_5th_avenue -> F(get_help))
G ( ( prop_3 & prop_2 ) -> G prop_1 ),G((prop_3 & prop_2) -> prop_1)
( ( prop_2 <-> prop_3 ) & F prop_1 ),G(prop_2 <-> prop_3) & F(prop_1)
[]<>charger_6&&[]<>(table_4&&p_brochure_4),G(charger_6 -> F(table_4 & p_brochure_4))
( ( prop_3 -> prop_1 ) & ( prop_2 | prop_4 ) ),G((prop_3 ) -> (prop_1  & (prop_2  | prop_4 )))
F ( pass_by_waste_receptacle ) & ! ( let_go_pear ),G((!let_go_pear) -> (pass_by_waste_receptacle))
G(!( sensor_retrieves_data | bridge_closes )) | F(( sensor_retrieves_data | bridge_closes ) & F( train_has_arrived )),F((sensor_retrieves_data | bridge_closes) & F(train_has_arrived))
( ( prop_2 & prop_4 ) U ( prop_3 -> prop_1 ) ),G((prop_2 & prop_4) -> ((prop_2 & prop_4) U (prop_3 & prop_1)))
( ( prop_3 <-> prop_1 ) | F prop_2 ),G(prop_3 <-> prop_1) | F(prop_2)
( G prop_3 <-> ( prop_2 <-> prop_1 ) ),G(prop_3 <-> (prop_2 <-> prop_1))
( ( prop_3 -> prop_2 ) & F prop_1 ),G(prop_3 -> prop_2) & F(prop_1)
( record_vehicle_southeast_4th_avenue U photo_motorcycle_east_2nd_street ),record_vehicle_southeast_4th_avenue -> F(photo_motorcycle_east_2nd_street)
! ( let_go_orange ) | F ( journey_by_flag ),G(journey_by_flag -> let_go_orange)
( ( prop_4 <-> prop_1 ) -> ( prop_2 U prop_3 ) ),G((prop_4 <-> prop_1) -> (prop_2 U prop_3))
( ( prop_1 <-> prop_3 ) | ( prop_2 -> prop_4 ) ),G(((prop_1 <-> prop_3) | prop_2) -> prop_4)
( ( ( prop_3 & prop_4 ) U prop_2 ) | prop_1 ),G((prop_3 & prop_4) -> ((prop_3 & prop_4) U prop_2)) | prop_1
! ( ( prop_3 -> prop_2 ) U prop_1 ),!((prop_3 -> (prop_2 U prop_1 )))
( ( prop_3 -> prop_2 ) <-> ( prop_1 | prop_4 ) ),G((prop_3) -> (prop_2)) <-> (prop_1 | prop_4)
G ( ( prop_2 & prop_3 ) -> G prop_1 ),G((prop_2 & prop_3) -> prop_1)
( ( prop_3 -> prop_2 ) <-> ! prop_1 ),G((prop_3 -> prop_2) <-> !prop_1)
( ( prop_2 U prop_1 ) & ! prop_3 ),G((prop_2) -> ((!prop_3) U (prop_1)))
( ( prop_3 & prop_2 ) & G prop_1 ),G((prop_3 & prop_2) -> prop_1)
( search_clock U search_kite ) | G search_clock,search_clock R search_kite
F ( red_room & F blue_room ),G(red_room -> F(blue_room))
F green_room,G(green_room)
( ( prop_3 | prop_2 ) -> G prop_1 ),G((prop_3 | prop_2) -> G(prop_1 ))
G ( ! ( drop_orange ) ) | F ( scoop_up_apple ),G(!drop_orange) | G(scoop_up_apple)
G ( deliver_aid_safe_victim -> F photo_unsafe_rescuer ),G(photo_unsafe_rescuer -> F(deliver_aid_safe_victim))
G locality_5 & F ( office_3 & F ( p_package_5 & F ( office_6 & pd ) ) ),G((office_3 & p_package_5 & office_6) -> G(!locality_5))
! ( F prop_1 & F prop_2 ),F(prop_2 ) & G(!prop_1 )
G(!( car_stops | motorbike_has_started )) | F(( car_stops | motorbike_has_started ) & F( bridge_closes )),F(car_stops | (motorbike_has_started & F(bridge_closes)))
( F record_motorcycle_northeast_6th_avenue ) -> ( ! record_motorcycle_northeast_6th_avenue U ( record_car_southwest_9th_avenue & ! record_motorcycle_northeast_6th_avenue ) ),G(record_motorcycle_northeast_6th_avenue -> record_car_southwest_9th_avenue)
G ( move_around ) | take_to_trash_can,G(move_around | take_to_trash_can)
G ( get_help -> X G ! avoid_probable_unstable_beam ),G(get_help -> G(!avoid_probable_unstable_beam))
( prop_1 -> F prop_2 ),G(prop_1 -> G(prop_2))
F ( gather_pear ) -> acquire_orange,F(gather_pear & F(acquire_orange))
( ( prop_2 -> prop_1 ) & ( prop_3 -> prop_4 ) ),G(prop_2 -> prop_1) & G(prop_3 -> prop_4)
G ( deliver_aid_injured_rescuer -> deliver_aid_injured_hostile ),G(deliver_aid_injured_hostile -> deliver_aid_injured_rescuer)
( ( prop_2 | prop_1 ) U ( prop_4 -> prop_3 ) ),G((prop_2 | prop_1) -> ((prop_2 | prop_1) U (prop_4 & X(prop_3))))
G(!( bridge_closes )) | F(( bridge_closes ) & F( engine_stops & sensor_gathers_information )),F(bridge_closes & F(engine_stops & F(sensor_gathers_information)))
<>(landmark_9&&photo&&[]landmark_9),F (landmark_9 & photo)
G ( ! ( pickup_hot_dog & search_baseball_glove ) -> F idle ),G((!(pickup_hot_dog | search_baseball_glove)) -> F(idle ))
[]!street_6&&<>(car_1&&photo),G(!street_6) & photo
G ( ( prop_1 & prop_2 ) -> G ( F prop_3 ) ),G((prop_1 & prop_2) -> F(prop_3))
G ( ! ( photo_car_north_10th_avenue & photo_collision_southwest_1st_street ) -> F photo_collision_south_6th_avenue ),G((!(photo_car_north_10th_avenue) & !(photo_collision_southwest_1st_street)) -> F(photo_collision_south_6th_avenue))
F ( prop_1 | F prop_2 ),G(prop_1 ) | G(prop_2 )
F ( prop_1 & F prop_2 ),F(prop_1 ) & G(prop_2 )
G ( ( prop_3 | prop_1 ) -> G ( F prop_2 ) ),G((prop_3 | prop_1) -> F(prop_2))
( F prop_1 -> ! prop_2 ),G(prop_1 -> G(!prop_2))
( F prop_2 -> ( prop_1 | prop_3 ) ),G((prop_2 ) -> F(prop_1 | prop_3 ))
F ( prop_1 | prop_2 ),G(prop_1 | prop_2)
G(( train_has_arrived ) -> F( car_enters | motorbike_is_driven )),train_has_arrived -> F (car_enters | motorbike_is_driven)
go_by_waste_bin -> G ( ! ( drop_apple ) ),G(go_by_waste_bin -> G(!drop_apple))
( ! prop_1 -> F prop_2 ),G((!prop_1) -> prop_2)
F ( present_at_flag ) U F ( venture_to_house ),present_at_flag U venture_to_house
F ( go_past_house ) -> go_visit_flag,F(go_past_house -> go_visit_flag)
get_help U ( G ( F deliver_parking_meter_shelf ) ),get_help R F G(deliver_parking_meter_shelf)
G(!( bridge_closes & elevator_falls )) | F(( bridge_closes & elevator_falls ) & F( elevator_is_open & train_is_crossing )),F((bridge_closes & elevator_falls) & F(elevator_is_open & train_is_crossing))
G ( ( prop_3 | prop_1 ) -> F prop_2 ),G((prop_3 | prop_1) -> prop_2)
G ( ( prop_1 | prop_3 ) -> ! ( G prop_2 ) ),G((prop_1 | prop_3) -> !prop_2 )
G(!( escalator_moves & car_starts )) | F(( escalator_moves & car_starts ) & F( sensor_gathers_information )),F (escalator_moves & car_starts & F (sensor_gathers_information))
( ( prop_1 U prop_4 ) & ( prop_3 <-> prop_2 ) ),G((prop_1 U prop_4) & (prop_3 <-> prop_2))
[]<>(statue_4&&photo)&&[]<>charger_4,G(photo -> F(charger_4)) & G(photo)
F ( got_to_house ) U go_to_orange_bin,got_to_house U go_to_orange_bin
( ( prop_2 U prop_1 ) -> ! prop_3 ),G((prop_2 U prop_1) -> G(!prop_3))
( ( prop_2 & prop_1 ) -> F prop_3 ),G((prop_2 & prop_1) -> F(prop_3))
F ( obtain_orange ) & G ( touch_flag ),G(obtain_orange -> G(touch_flag))
( ( ( prop_2 -> prop_4 ) | prop_3 ) | prop_1 ),G(prop_2 -> prop_4) | G(!prop_2 -> prop_3) | G(!prop_2 & !prop_3 -> prop_1)
( G ( prop_1 <-> prop_3 ) | prop_2 ),G((prop_1 <-> prop_3) | prop_2)
G ( ( prop_1 | prop_2 ) -> G prop_3 ),G((prop_1 | prop_2) -> prop_3)
F get_help & F record_collision_east_2nd_street,F(get_help & F(record_collision_east_2nd_street))
F ( ( red_room | yellow_room ) & F blue_room ),F((red_room | yellow_room) & blue_room)
( ! prop_1 <-> ( prop_2 & prop_3 ) ),(G(!prop_1) <-> (prop_2 & prop_3))
( ! ( prop_3 <-> prop_2 ) <-> prop_1 ),G((prop_1 <-> !prop_2) <-> prop_3)
F ( prop_1 & prop_2 ),G((prop_2) -> (prop_1))
( ! prop_2 -> ( prop_3 | prop_1 ) ),G(!prop_2 -> (prop_3 | prop_1))
( ! prop_3 | ( prop_1 <-> prop_2 ) ),G(!prop_3) | (prop_1 <-> prop_2)
( ( prop_2 | prop_1 ) U ! prop_3 ),(prop_2) U (prop_1 | prop_3)
( ( prop_4 & prop_3 ) <-> ( prop_2 | prop_1 ) ),G((prop_4 & prop_3) <-> (prop_2 | prop_1))
( ( ( prop_3 <-> prop_2 ) U prop_4 ) | prop_1 ),F((prop_3 <-> prop_2) U prop_4) | prop_1
F ( prop_1 & G ( F prop_2 ) ),F(prop_1 ) & G(prop_2 )
area_5 U (store_2&&<>(p_package_8&&<>(house_9&&pd))),area_5 U (store_2 & p_package_8 & house_9)
( ( ( prop_4 | prop_3 ) | prop_2 ) -> prop_1 ),G((prop_4 | prop_3 | prop_2) -> prop_1)
G ( ( prop_2 & prop_3 ) -> G ( F prop_1 ) ),G((prop_2 & prop_3) -> F(prop_1))
( G prop_1 -> F prop_2 ),G(prop_1 -> prop_2)
<>[]building_3&&!building_3 U garage_3,G(!(building_3) U garage_3) & G(building_3)
F ( approach_house ) U F ( approach_flag ),G((approach_house) U (approach_flag))
G ( F ( make_way_to_house ) ) | hold_orange,G(F(make_way_to_house ) | F(hold_orange ))
( F ( yellow_room ) & G ( ! green_room ) ),G((!green_room) -> F(yellow_room))
( F prop_3 | ( prop_1 -> prop_2 ) ),F(prop_3) | G(prop_1 -> prop_2)
G ( ( prop_1 | prop_2 ) -> F prop_3 ),G((prop_1 | prop_2) -> F(!prop_3))
G ( ( prop_3 | prop_1 ) -> ( prop_4 U prop_2 ) ),G((prop_3 | prop_1) -> (F(prop_4) & !prop_2))
G ( ( prop_2 & prop_3 ) -> ! prop_1 ),G((!prop_2 & prop_3) -> !prop_1)
( ( prop_3 U prop_2 ) -> ( prop_1 | prop_4 ) ),G((prop_3 U prop_2) -> F(prop_1 | prop_4))
G ( prop_1 -> ( prop_2 U prop_3 ) ),G(prop_1 -> (prop_2 R prop_3))
<>(street_5&&<>house_4),street_5 -> F (house_4)
G(( elevator_rises & bar_is_closing ) -> F( semaphore_is_yellow )),F((elevator_rises & bar_is_closing) & semaphore_is_yellow)
G ( F ( go_to_waste_basket ) ) | F ( make_way_for_tree ),G(go_to_waste_basket -> F(make_way_for_tree))
( prop_1 -> ( prop_2 & prop_3 ) ),G(prop_1 -> (prop_2 & prop_3))
( ( prop_1 | prop_2 ) -> ! prop_3 ),G((prop_1 | prop_2) -> G(!prop_3))
G(!( escalator_is_blocked | sensor_captures_data )) | F(( escalator_is_blocked | sensor_captures_data ) & F( bridge_closes )),!(escalator_is_blocked & sensor_captures_data) | F(bridge_closes)
F ( go_to_house ) & go_visit_flag,F(go_to_house & go_visit_flag)
G ( ! ( prop_2 | prop_1 ) -> prop_3 ),G((!(prop_2) | !(prop_1)) -> prop_3)
( ( ( prop_1 U prop_4 ) -> prop_2 ) & prop_3 ),G((prop_1 U prop_4) -> (prop_2 & prop_3))
G ( F prop_1 U F prop_2 ),prop_1 U G(prop_2)
G ( ! ( let_go_orange ) ) U F ( going_to_house ),G(!(let_go_orange) U going_to_house)
( ( prop_1 & prop_2 ) -> ( prop_3 & prop_4 ) ),G((prop_1 & prop_2) -> (prop_3 & prop_4))
deliver_tennis_racket_loading_dock -> X ( ( idle U get_help ) | G idle ),G(deliver_tennis_racket_loading_dock -> X(idle U get_help)) | G(deliver_tennis_racket_loading_dock -> G(idle))
prop_2 -> ( prop_1 & prop_3 ),G(prop_2 -> F(prop_1 & prop_3))
G ( ( record_flood <-> photo_safe_victim ) -> ( photo_safe_victim <-> record_safe_victim ) ),G((record_flood & photo_safe_victim) -> (photo_safe_victim & record_safe_victim))
( ! prop_2 -> ( prop_3 & prop_1 ) ),G(!prop_2 -> (prop_3 & prop_1))
( ( prop_3 -> prop_1 ) & F prop_2 ),G((prop_3) -> (prop_1 & F(prop_2)))
( ! prop_1 & ( prop_2 <-> prop_3 ) ),G((!prop_1) -> (prop_2 <-> prop_3))
going_to_tree | F ( getting_pear ),G((getting_pear) -> (going_to_tree))
<>(mall_5&&<>(p_box_4&&<>(house_1&&pd))),F(mall_5 & F(p_box_4 & F(house_1)))
( F prop_1 -> F prop_2 ),G(prop_1 -> G(prop_2))
G ( ! ( go_home & deliver_aid_safe_victim ) -> F photo_unsafe_civilian ),G((!go_home & !deliver_aid_safe_victim) -> F(photo_unsafe_civilian))
G(!( train_has_arrived )) | F(( train_has_arrived ) & F( engine_breaks | manager_handles_requests )),F(train_has_arrived & F(engine_breaks | manager_handles_requests))
G ( F ( grab_tree ) ) | F ( spend_time_at_tree ),G((spend_time_at_tree) -> F(grab_tree))
G(!( sensor_gathers_information )) | F(( sensor_gathers_information ) & F( bridge_closes | semaphore_is_broken )),!sensor_gathers_information | F((sensor_gathers_information) & F(bridge_closes | semaphore_is_broken))
G ( ( prop_3 | prop_2 ) -> F ( G prop_1 ) ),G((prop_3 | prop_2) -> F(prop_1))
( ! prop_3 <-> ( prop_1 & prop_2 ) ),G((! prop_3 ) <-> (prop_1 & prop_2 ))
( prop_1 & F prop_2 ),(prop_1 ) & G(prop_2 )
( ! prop_2 -> ( prop_1 U prop_3 ) ),G(!prop_2 -> (prop_1 U prop_3))
( ( ( prop_3 -> prop_1 ) & prop_4 ) & prop_2 ),G((prop_3) -> (prop_1 & prop_4 & prop_2))
F ( go_home ) & take_pear,G(go_home & take_pear)
take_orange | G ( F ( go_to_pear ) ),take_orange | G(go_to_pear)
( G prop_1 & ( prop_3 & prop_2 ) ),G(prop_1) & G(prop_3 & prop_2)
( G prop_1 & ( prop_3 & prop_2 ) ),G(prop_1 & prop_3 & prop_2)
( F prop_1 | ( prop_3 & prop_2 ) ),F(prop_1) | G(prop_3 & prop_2)
( G ( ! prop_3 -> prop_1 ) | prop_2 ),G((!prop_3) -> prop_1) & G((prop_3) -> prop_2)
G ( ! ( let_go_apple ) ) & F ( make_way_for_tree ),G(!(let_go_apple & F(make_way_for_tree)))
G ( move ) | F ( pass_by_waste_receptacle ),G(move | pass_by_waste_receptacle)
G ( ( get_help <-> idle ) -> ( idle <-> search_sports_ball ) ),G((idle & search_sports_ball) -> (get_help & idle))
( ! ( prop_2 <-> prop_3 ) -> prop_1 ),G((!(prop_2 <-> prop_3)) -> prop_1)
( ! prop_3 | ( prop_2 U prop_1 ) ),G(!(prop_3 )) | (prop_2  U prop_1 )
G ( F ( go_to_pear ) ) U F ( go_to_trash_receptacle ),go_to_pear U go_to_trash_receptacle
( G ( ! ( prop_1 & prop_3 ) ) & prop_2 ),G(!(prop_1 & prop_3) & prop_2)
[]<>charger_9&&[]<>(warehouse_8&&<>(p_crate_2&&<>(store_2&&pd))),G((p_crate_2 & warehouse_8) -> F(store_2 & F(charger_9 & F(pd))))
( prop_1 & F prop_2 ),F(prop_1 & F(prop_2))
( ! prop_2 U ( prop_1 <-> prop_3 ) ),G(!(prop_1 <-> prop_3) -> G(!prop_2))
( ( prop_2 <-> prop_1 ) -> F prop_3 ),G((prop_2 <-> prop_1) -> F(prop_3))
parking_lot_4 U (car_5&&photo),parking_lot_4 U photo
G(!( bridge_opens | bar_is_up )) | F(( bridge_opens | bar_is_up ) & F( sensor_gathers_information & motorbike_catches_fire )),F(bridge_opens | bar_is_up) & F(sensor_gathers_information & F(motorbike_catches_fire))
G(!( sensor_captures_data & sensor_gathers_information )) | F(( sensor_captures_data & sensor_gathers_information ) & F( bridge_closes )),!(sensor_captures_data & sensor_gathers_information) | F((sensor_captures_data & sensor_gathers_information) & F(bridge_closes))
( ( prop_3 & prop_1 ) & ( prop_2 U prop_4 ) ),G((prop_3 & prop_1) -> (prop_2 U prop_4))
G ( moving ) | reach_house,G(moving | reach_house)
<>(park_5&&<>(monument_3&&photo)),park_5 -> F (photo & F (monument_3))
( G ( prop_3 -> prop_1 ) <-> prop_2 ),G((prop_2) -> G(prop_3 -> prop_1))
( F prop_1 & ( prop_2 <-> prop_3 ) ),F (prop_1 & (prop_2 <-> prop_3))
( G ( prop_2 <-> prop_3 ) | prop_1 ),G((prop_2 <-> prop_3) | prop_1)
( get_help U idle ) | G get_help,(get_help R idle) | G(get_help)
( prop_1 -> prop_2 ),prop_1 -> F(prop_2)
[]!street_4&&<>(store_7&&<>(p_package_8&&<>(house_2&&pd))),G((p_package_8 & store_7) -> (!street_4 U house_2))
G ( prop_1 U F prop_2 ),prop_1 U prop_2
procure_apple U F ( move_to_flag ),procure_apple U move_to_flag
( F prop_1 & ( prop_3 -> prop_2 ) ),F(prop_1 ) & G(prop_3  -> prop_2 )
G ! building_2 & F ( office_6 & p_letter_5 ),G(!(building_2 & p_letter_5))
<>(monument_1&&photo)&&!monument_1 U park_4,G((photo) -> (!monument_1 U park_4))
F ( proceed_to_tree ) U F ( travel_by_tree ),G((proceed_to_tree) -> (travel_by_tree))
F ( go_home ) | G ( ! ( drop_apple ) ),G((go_home | G(!drop_apple)))
( ( prop_3 <-> prop_2 ) | F prop_1 ),G((prop_3 <-> prop_2) | F(prop_1))
! prop_1,G(!prop_1)
G ( prop_3 -> ( prop_2 | prop_1 ) ),G(prop_3 -> X(prop_2 | prop_1))
G ( ! ( drop_apple ) ) & F ( bring_pear ),G(!drop_apple) & G(bring_pear)
( ! ( prop_3 & prop_1 ) -> prop_2 ),G((!(prop_3 ) & !(prop_1 )) -> (prop_2 ))
G ( prop_3 -> ( prop_1 U prop_2 ) ),G((prop_3 ) -> (prop_1  R prop_2 ))
G ! park_3 & F ( monument_3 & photo ),G(!(park_3 & photo))
F ( get_to_cup ) | move_to_trash_can,F(get_to_cup | move_to_trash_can)
( ( ( prop_1 <-> prop_2 ) U prop_3 ) -> prop_4 ),G(((prop_1 <-> prop_2) U prop_3) -> F(prop_4))
( ( ( prop_4 U prop_2 ) | prop_1 ) <-> prop_3 ),G((((prop_4 U prop_2) | prop_1)) <-> prop_3)
drop_by| F_grab_orange,drop_by | F(grab_orange)
F ( seize_pear ) U get_hold_of_pear,seize_pear U get_hold_of_pear
G ( ( prop_2 & prop_1 ) -> ( prop_4 U prop_3 ) ),G((prop_2 & prop_1) -> (prop_3 U prop_4))
F ( lay_hold_of_apple ) & G ( F ( go_to_apple_trashcan ) ),F(lay_hold_of_apple & G(go_to_apple_trashcan))
F ( start_going_to_house ) U approach_trash_can,start_going_to_house U approach_trash_can
F ( prop_1 | ! prop_2 ),G(prop_1 | !prop_2)
F ( ( green_room | yellow_room ) & F blue_room ),G(blue_room -> (yellow_room | green_room))
( ( ! prop_3 U prop_2 ) | prop_1 ),(prop_3 -> (!prop_3 U prop_2)) | prop_1
G(( semaphore_is_yellow ) -> G( brake_is_pressed & bar_is_down )),G((brake_is_pressed & bar_is_down) -> semaphore_is_yellow)
( ( ( prop_4 -> prop_1 ) & prop_2 ) | prop_3 ),G((prop_4 ) -> (prop_1 )) & (prop_2 | prop_3 )
( ( prop_4 -> prop_1 ) -> ( prop_3 <-> prop_2 ) ),G((prop_4 -> prop_1) -> G(prop_3 <-> prop_2))
hold_apple -> F ( make_contact_flag ),G(hold_apple -> F(make_contact_flag))
( ( prop_3 & prop_2 ) <-> G prop_1 ),G(prop_1) <-> F(prop_3 & prop_2)
F ( go_to_flag ) U F ( move_past_trash_can ),go_to_flag U move_past_trash_can
( F ( yellow_room ) & G ( ! red_room ) ),G(!(red_room))
! record_collision_northwest_9th_avenue U get_help,G(record_collision_northwest_9th_avenue -> F(get_help))
G F ( car_1 & photo ) & G ! parking_lot_9,G(photo & car_1 -> G(!parking_lot_9))
( ! ( prop_3 | prop_2 ) | prop_1 ),G(!(prop_3 | prop_2) | prop_1)
F ( make_to_flag ) | F ( withdraw_pear ),G(withdraw_pear -> make_to_flag)
G ( prop_2 -> ( prop_1 | prop_3 ) ),G((prop_2) -> (prop_1 | X(prop_3)))
G(!( train_has_arrived & bridge_closes )) | F(( train_has_arrived & bridge_closes ) & F( train_has_arrived )),F(train_has_arrived & bridge_closes & F(train_has_arrived))
G ( ! ( search_aeroplane & deliver_person_shelf ) -> F search_oven ),G((!(search_aeroplane ) & !(deliver_person_shelf )) -> F(search_oven ))
F ( contact_flag ) U pick_up_pear,G((pick_up_pear) -> (contact_flag))
G ( ! ( drop_pear ) ) & F ( obtain_orange ),G(!drop_pear) & G(obtain_orange)
F ( shift_to_flag ) -> F ( secure_pear ),G(shift_to_flag -> F(secure_pear))
( F pickup_aeroplane ) -> ( ! pickup_aeroplane U ( search_bus & ! pickup_aeroplane ) ),G(pickup_aeroplane -> F(search_bus))
G ( prop_3 -> ( prop_1 & prop_2 ) ),G((prop_3 ) -> (prop_1  & !prop_2 ))
F ( parking_lot_2 & F ( p_cone_5 & F ( street_1 & pd ) ) ),F((parking_lot_2 & p_cone_5) & F(street_1 & pd))
record_gas_leak U ( G ( F record_flood ) ),G(record_gas_leak -> (record_gas_leak U G(F(record_flood))))
( F prop_2 <-> ( prop_3 -> prop_1 ) ),F((prop_2 <-> (prop_3 & X(prop_1))))
G ( ( pickup_donut <-> idle ) -> ( idle <-> deliver_parking_meter_shelf ) ),G((pickup_donut & idle) -> (idle & deliver_parking_meter_shelf))
[]<>(store_2&&<>(p_crate_6&&<>(building_5&&pd))),G(F((p_crate_6 & store_2) & F(building_5)))
<>street_5&&[]!parking_lot_2,street_5 & G(!parking_lot_2)
<>(statue_7&&photo),F(statue_7 & F(photo))
( ( prop_2 | prop_1 ) -> G prop_3 ),G((prop_2 | prop_1) -> G(prop_3 ))
[]!building_2&&<>(office_6&&p_letter_5),G(!(building_2) -> F(p_letter_5))
F ( prop_1 & F prop_2 ),G((prop_1 ) -> (prop_2 ))
G(( table_is_brown & car_starts ) -> G( semaphore_is_green | sensor_retrieves_data )),G(semaphore_is_green | (!((table_is_brown & car_starts)) | F(sensor_retrieves_data)))
acquire_orange U F ( go_to_peach ),acquire_orange U go_to_peach
( prop_1 -> F prop_2 ),G((prop_1) -> (prop_2))
( ! prop_2 U ( prop_3 <-> prop_1 ) ),!(prop_2 <-> prop_3) U !prop_1
G(!( bar_has_to_be_repaired | table_is_old )) | F(( bar_has_to_be_repaired | table_is_old ) & F( table_is_brown | motorbike_has_started )),F(bar_has_to_be_repaired | (table_is_old & F(table_is_brown | motorbike_has_started )))
secure_apple -> F ( go_by_waste_basket ),F(go_by_waste_basket)
( F ( green_room ) & G ( ! yellow_room ) ),G(!(green_room) U green_room) & G(!yellow_room)
( F prop_1 <-> ( prop_2 <-> prop_3 ) ),F(prop_1) & G((prop_2 <-> prop_3))
( F get_help ) -> ( ! get_help U ( idle & ! get_help ) ),G(get_help -> F(idle))
F ( prop_1 | G ( F prop_2 ) ),G(prop_1 | prop_2 )
G ( ! prop_1 U F prop_2 ),G(!(prop_1 ) U G(prop_2 ))
( ( prop_3 -> prop_2 ) -> ( prop_1 -> prop_4 ) ),G(prop_3 -> prop_2) & G(prop_1 -> prop_4)
( ( prop_1 U prop_2 ) & ! prop_3 ),(prop_1 U prop_2) & G(!prop_3)
G F get_help -> G F communicate_injured_victim,G(F(get_help ) -> F(communicate_injured_victim ))
G ( ! ( let_go_orange ) ) | F ( visit_house ),G(!(let_go_orange)) | visit_house
grip_apple -> G ( F ( go_to_apple_trashcan ) ),G(grip_apple -> F(go_to_apple_trashcan))
( ( ( prop_1 -> prop_4 ) & prop_2 ) <-> prop_3 ),G((prop_1) -> ((prop_4 & prop_2) <-> prop_3))
<>(kitchen_1&&<>(p_bottle_2&&<>(hall_2&&[]hall_2))),G((kitchen_1 & p_bottle_2) -> F(hall_2))
( ! prop_2 <-> ( prop_1 & prop_3 ) ),G((! prop_2 ) <-> (prop_1 & prop_3))
( F prop_1 | ( prop_2 | prop_3 ) ),F(prop_1 ) | F(prop_2 ) | F(prop_3 )
F ( pass_by_house ) | G ( ! ( drop_pear ) ),G(!drop_pear) | pass_by_house
( ! prop_1 <-> ( prop_3 | prop_2 ) ),G((! prop_1 ) <-> (prop_3 | prop_2 ))
G ( ! ( drop_apple ) ) & F ( go_by_waste_basket ),G(!drop_apple) & G(go_by_waste_basket -> drop_apple)
( ( ( prop_4 U prop_3 ) <-> prop_2 ) & prop_1 ),G((prop_4 U prop_3) <-> (prop_2 & prop_1))
! locality_5 U ( house_2 & F ( p_pass_5 & F ( office_3 & pd ) ) ),(!locality_5) U (house_2 & p_pass_5 & F(office_3))
G(( train_derails ) -> G(( semaphore_is_green ) -> F( motorbike_catches_fire ))),G(semaphore_is_green -> F(motorbike_catches_fire))
hold_pear U F ( going_to_flag ),hold_pear U going_to_flag
G(!( semaphore_is_red & elevator_falls )) | F(( semaphore_is_red & elevator_falls ) & F( motorbike_falls_down | manager_collect_claims )),F (semaphore_is_red & elevator_falls & F (motorbike_falls_down | manager_collect_claims))
G ! parking_lot_5 & G F ( car_9 & photo ),G(!(parking_lot_5) | G(!(photo & car_9)))
( F record_cyclist_northwest_7th_street ) -> ( ! record_cyclist_northwest_7th_street U ( record_jaywalker_southwest_8th_avenue & ! record_cyclist_northwest_7th_street ) ),G(record_cyclist_northwest_7th_street -> F(record_jaywalker_southwest_8th_avenue))
G(( bar_is_closing | motorbike_has_started ) -> F( elevator_rises | elevator_falls )),(bar_is_closing | motorbike_has_started) -> F (elevator_rises | elevator_falls)
G(( sensor_captures_data | brake_is_released ) -> G( sensor_captures_data | train_has_been_launched )),G(sensor_captures_data | ((sensor_captures_data | brake_is_released) -> F(train_has_been_launched)))
come_to_tree & G ( hold_on_pear ),G(come_to_tree & hold_on_pear)
building_4 U (room_43&&<>(p_folder_3&&<>(room_12&&pd))),building_4 U (p_folder_3 & room_43 & room_12)
G ( go_by_trash_can ) | F ( travel_house ),G(go_by_trash_can | travel_house)
F ( withhold_apple ) | G ( ! ( drop_apple ) ),G((withhold_apple | G(!drop_apple)))
( ( prop_2 <-> prop_1 ) -> prop_3 ),G((prop_1 -> prop_2) <-> prop_3)
( F prop_3 & ( prop_2 & prop_1 ) ),F(prop_3) & F(prop_2) & F(prop_1)
( ( prop_1 U prop_2 ) & prop_3 ),prop_1 U (prop_2 & prop_3)
( ( prop_3 -> prop_4 ) U ( prop_1 -> prop_2 ) ),G((prop_1) -> (prop_2 U (prop_3 & prop_4)))
G(!( semaphore_is_yellow & bridge_closes )) | F(( semaphore_is_yellow & bridge_closes ) & F( sensor_gathers_information )),F(semaphore_is_yellow & bridge_closes & F(sensor_gathers_information))
( ( prop_4 & prop_3 ) -> ( prop_2 -> prop_1 ) ),G((prop_4 & prop_3) -> (prop_2 -> prop_1))
G ( ( prop_1 | prop_3 ) -> G prop_2 ),G((prop_1 | prop_3) -> F(prop_2))
( ( prop_4 -> prop_3 ) <-> ( prop_2 <-> prop_1 ) ),((prop_4 -> prop_3) <-> (prop_2 -> prop_1))
( prop_1 -> F prop_2 ),G(prop_1 -> F(prop_2))
G ( ! ( let_go_apple ) ) | move_to_tree,G(!(let_go_apple | move_to_tree))
( G ( prop_2 | prop_3 ) | prop_1 ),G(prop_2 | prop_3) | G(prop_1)
drop_orange U F ( start_going_to_tree ),drop_orange U start_going_to_tree
! G ( ! ( avoid_impending_debris & X avoid_impending_debris ) ),G(avoid_impending_debris | X(avoid_impending_debris) | X(X(avoid_impending_debris)))
( ( prop_2 | prop_3 ) & prop_1 ),G((prop_2 | prop_3) -> prop_1)
( ( prop_1 <-> prop_4 ) -> ( prop_3 -> prop_2 ) ),G((prop_1 <-> prop_4) -> (prop_3 -> prop_2))
G(( semaphore_is_yellow ) -> F( elevator_rises & bar_is_closing )),G((elevator_rises & bar_is_closing) -> semaphore_is_yellow)
G ( ! ( drop_apple ) ) | F ( withhold_apple ),G(!(drop_apple)) | withhold_apple
( ( ( prop_2 -> prop_4 ) U prop_3 ) & prop_1 ),G((prop_2 ) -> ((prop_4 ) U (prop_3 ))) & G(prop_1 )
put_in_bucket U F ( acquire_pear ),put_in_bucket U acquire_pear
( ( prop_2 & prop_4 ) U ( prop_3 <-> prop_1 ) ),G((prop_2 & prop_4) -> ((prop_3 <-> prop_1) R (prop_2 & prop_4)))
G ( ( prop_2 | prop_3 ) -> ! ( G prop_1 ) ),G((prop_2 | prop_3) -> G(!prop_1))
( ( prop_1 <-> prop_2 ) | G prop_3 ),G(prop_1 <-> prop_2) | G(prop_3)
G(!( bridge_closes )) | F(( bridge_closes ) & F( train_has_arrived )),F(bridge_closes & F(train_has_arrived))
G ( move ) | F ( move_past_trash_can ),G(move | move_past_trash_can)
G ( prop_1 | G ( ! prop_2 ) ),G(prop_1 ) | G(!prop_2 )
G ( ! prop_1 & prop_2 ),G(!(prop_1 )) & prop_2
F ( bring_pear ) -> G ( ! ( drop_apple ) ),bring_pear -> G(!drop_apple)
( F pickup_elephant ) -> ( ! pickup_elephant U ( pickup_bottle & ! pickup_elephant ) ),G(pickup_elephant -> F(pickup_bottle))
( ! prop_3 -> ( prop_1 U prop_2 ) ),G(!prop_3 -> (prop_1 U prop_2))
( F prop_1 | ( prop_2 & prop_3 ) ),F(prop_1) | F(prop_2 & prop_3)
F ( ! change_light_west_yellow ),F(change_light_west_yellow )
( ! prop_2 <-> ( prop_3 U prop_1 ) ),(G(!prop_2) <-> (prop_3 U prop_1))
G(!( brake_is_pressed | motorbike_has_started )) | F(( brake_is_pressed | motorbike_has_started ) & F( elevator_is_blocked | escalator_speeds_up )),!(brake_is_pressed & motorbike_has_started) | F((brake_is_pressed | motorbike_has_started) & F(elevator_is_blocked | escalator_speeds_up))
( F prop_1 -> ( prop_2 & prop_3 ) ),G(prop_1 -> (prop_2 & prop_3))
F ( make_way_waste_basket ) | ! ( let_go_pear ),G(make_way_waste_basket | !let_go_pear)
( ( ! prop_3 -> prop_1 ) | F prop_2 ),G((!prop_3) -> prop_1) | F(prop_2)
G(!( sensor_retrieves_data & house_collapses )) | F(( sensor_retrieves_data & house_collapses ) & F( bridge_closes )),F(sensor_retrieves_data & house_collapses & F(bridge_closes))
G(( escalator_moves & bar_is_closing ) -> G( brake_is_released | escalator_is_blocked )),G((escalator_moves & bar_is_closing) -> (brake_is_released | escalator_is_blocked))
G locality_7 & F ( office_4 & F ( p_letter_1 & F ( house_1 & pd ) ) ),G((office_4 & p_letter_1) -> (locality_7 U house_1))
( F prop_3 -> ( prop_2 | prop_1 ) ),G(prop_3 -> F(prop_2 | prop_1))
( ! ( prop_3 -> prop_1 ) <-> prop_2 ),!(prop_3 -> (prop_1 <-> prop_2))
G ( get_help <-> X change_light_east_yellow ),G(get_help -> X(change_light_east_yellow))
hold_orange & F ( go_to_trash_bin ),F(hold_orange & F(go_to_trash_bin))
( ( prop_2 & prop_4 ) <-> ( prop_1 | prop_3 ) ),G((prop_2 & prop_4) -> (prop_1 | prop_3))
( ( ( prop_3 <-> prop_1 ) -> prop_4 ) U prop_2 ),G((prop_3 <-> prop_1) -> (prop_4 U prop_2))
F ( prop_1 | ! prop_2 ),prop_1 | !prop_2
F ( blue_room & F green_room ),blue_room U green_room
G F get_help -> G F record_car_south_9th_avenue,G(F(get_help) -> F(record_car_south_9th_avenue))
G ( ( prop_3 & prop_1 ) -> F ( G prop_2 ) ),G((prop_3 ) -> (prop_1 ))
! ( let_go_orange ) U get_to_tree,!get_to_tree U let_go_orange
( ! ( prop_3 | prop_1 ) -> prop_2 ),G((!(prop_3 ) & !(prop_1 )) -> (prop_2 ))
get_help -> X ( ( photo_vehicle_southeast_7th_avenue U record_pedestrian_north_1st_street ) | G photo_vehicle_southeast_7th_avenue ),G(get_help -> X((photo_vehicle_southeast_7th_avenue U record_pedestrian_north_1st_street) | G(photo_vehicle_southeast_7th_avenue)))
[]street_5&&[]<>(parking_lot_4&&photo),G((photo & parking_lot_4) -> street_5)
G ( change_light_north_yellow -> X ( X ( X get_help ) ) ),G((X X X get_help ) -> (change_light_north_yellow ))
come_to_tree & F ( get_near_flag ),G(come_to_tree -> F(get_near_flag))
[]<>(locality_7&&photo)&&[]!park_3,G(!(park_3)) & G(photo & locality_7)
( ( ( prop_3 -> prop_2 ) & prop_1 ) -> prop_4 ),G((prop_3) -> (prop_2)) & G((prop_1) -> (prop_4))
( ( prop_1 -> prop_2 ) & ( prop_3 <-> prop_4 ) ),G(prop_1 -> (prop_2 & G(prop_3 <-> prop_4)))
( prop_3 -> ( prop_2 U prop_1 ) ),G(prop_3 -> (prop_2 U prop_1))
( ( ( prop_3 <-> prop_4 ) U prop_2 ) & prop_1 ),F((prop_3 <-> prop_4) U prop_2) & prop_1
F ( withhold_apple ) | G ( ! ( drop_apple ) ),G(withhold_apple | !drop_apple)
G ( pickup_sports_ball -> X G ! pickup_bus ),G((pickup_sports_ball ) -> G(!(pickup_bus )))
G(( sensor_captures_data & motorbike_falls_down ) -> G( semaphore_is_yellow & train_stops )),G((sensor_captures_data & motorbike_falls_down) -> (semaphore_is_yellow & F(train_stops)))
F ( arch_2 & photo & F ( park_8 & G park_8 ) ),photo & F(park_8 & G(park_8))
( ( prop_3 & prop_1 ) | ( prop_2 -> prop_4 ) ),(F(prop_3 & prop_1) | G(prop_2 -> prop_4))
! ( ( prop_2 U prop_1 ) & prop_3 ),!(prop_2 U (prop_1 & prop_3))
( prop_1 -> prop_2 ),G(prop_1 -> prop_2)
G F car_3 & F building_2,G((!building_2) -> car_3)
( ( prop_2 | prop_1 ) <-> ! prop_3 ),G(((prop_2 | prop_1) -> !prop_3) & (!prop_3 -> (prop_2 | prop_1)))
G(( engine_stops | table_is_brown ) -> G( car_starts & manager_collect_claims )),G((engine_stops | table_is_brown) -> (car_starts & manager_collect_claims))
! p_cone_2 U intersection_4,G((!p_cone_2) U intersection_4)
G(( semaphore_is_yellow ) -> G( semaphore_is_green | house_collapses )),G(semaphore_is_green | (semaphore_is_yellow -> F(house_collapses)))
G(( sensor_retrieves_data & sensor_captures_data ) -> G(!( motorbike_has_started & semaphore_is_red ))),G((motorbike_has_started & semaphore_is_red) -> G(!(motorbike_has_started & semaphore_is_red)))
( ( prop_4 & prop_3 ) -> ( prop_2 | prop_1 ) ),G((prop_4 & prop_3) -> (prop_2 | prop_1))
( ( prop_4 & prop_1 ) -> ( prop_3 <-> prop_2 ) ),G((prop_4 & prop_1) -> (prop_3 <-> prop_2))
( prop_1 & ! prop_2 ),G(prop_1 -> !prop_2)
G ( ! ( drop_apple ) ) U F ( reach_flag ),G(!(drop_apple) U reach_flag)
! G ( ! ( deliver_truck_loading_dock & X deliver_truck_loading_dock ) ),G(deliver_truck_loading_dock | X(deliver_truck_loading_dock) | X(X(deliver_truck_loading_dock)))
G ( F prop_1 -> prop_2 ),G(prop_1 -> prop_2)
F ( house_3 & F ( p_pass_2 & F ( office_2 & pd ) ) ) & ! street_5 U p_pass_2,G((house_3 & p_pass_2) -> (!street_5 U office_2))
F ( pass_by_waste_receptacle ) -> F ( grab_orange ),G(grab_orange -> pass_by_waste_receptacle)
( ! prop_1 ) U prop_2,prop_2 R !prop_1
F ( prop_1 | F prop_2 ),G(prop_1 | prop_2)
G ( F ( grab_tree ) ) | G ( ! ( drop_orange ) ),G(grab_tree -> F(drop_orange))
G(!( constructor_creates_instances | table_is_old )) | F(( constructor_creates_instances | table_is_old ) & F( engine_breaks | car_enters )),!(constructor_creates_instances | table_is_old) | F((constructor_creates_instances | table_is_old) & F(engine_breaks | car_enters))
( ( ( prop_4 <-> prop_2 ) & prop_3 ) -> prop_1 ),G((prop_4 & prop_2) <-> prop_3) & G(prop_3 -> prop_1)
( photo_person_northwest_8th_street U get_help ) | G photo_person_northwest_8th_street,photo_person_northwest_8th_street R get_help
G(( car_enters | train_has_arrived ) -> G( brake_is_released & bar_has_to_be_repaired )),G((car_enters | train_has_arrived) -> (brake_is_released & bar_has_to_be_repaired))
( ( ( prop_4 | prop_1 ) -> prop_2 ) -> prop_3 ),G((prop_4 | prop_1) -> F(prop_2 & F(prop_3)))
F ( venture_flag ) & ! ( let_go_orange ),G(!(venture_flag) -> G(!(let_go_orange)))
( G ( F prop_1 ) -> prop_2 ),G(prop_1 -> F(prop_2))
( ( ( prop_2 U prop_3 ) & prop_1 ) <-> prop_4 ),((G(prop_2 U prop_3) & prop_1) <-> prop_4)
G ( ( prop_4 & prop_2 ) -> ( prop_1 U prop_3 ) ),G((prop_4 & prop_2) -> (prop_1 R prop_3))
( ( prop_1 -> prop_3 ) & prop_2 ),G(prop_1 -> (prop_3 & prop_2))
F ( prop_1 & G ( ! prop_2 ) ),G((prop_1 ) -> G(! (prop_2 )))
( G prop_1 & ( prop_3 | prop_2 ) ),G(prop_1 ) & F(prop_3 | prop_2 )
( ( prop_1 | prop_2 ) U ( prop_3 & prop_4 ) ),G(((prop_1 | prop_2) -> ((prop_1 | prop_2) U (prop_3 & prop_4))))
( record_cyclist_southwest_6th_street U change_light_west_yellow ),!record_cyclist_southwest_6th_street | F(record_cyclist_southwest_6th_street & F(change_light_west_yellow))
!p_cone_2 U intersection_4,G((!intersection_4) -> (!p_cone_2))
G ( ! prop_1 & prop_2 ),G(!(prop_1 )) & G(!(prop_2 ))
( ( ( prop_1 -> prop_2 ) U prop_3 ) <-> prop_4 ),G((prop_1 & prop_2) U prop_3) <-> prop_4
( ( prop_3 | prop_4 ) | ( prop_2 | prop_1 ) ),F(prop_3 | prop_4 | prop_2 | prop_1)
G ! street_7 & F ( store_9 & F ( p_package_3 & F ( house_1 & pd ) ) ),G((p_package_3 & store_9 & !house_1) -> G(!street_7))
G ( record_motorcycle_north_10th_avenue -> X G ! record_car_northwest_6th_street ),G(record_motorcycle_north_10th_avenue -> G(!record_car_northwest_6th_street))
( ( prop_2 -> prop_3 ) -> ( prop_1 | prop_4 ) ),G((prop_2) -> (prop_3)) -> (prop_1 | prop_4)
G(!( brake_is_released & bar_is_up )) | F(( brake_is_released & bar_is_up ) & F( train_has_arrived & bar_is_down )),F((brake_is_released & bar_is_up) & F(train_has_arrived & bar_is_down))
( ( ( prop_1 | prop_3 ) | prop_2 ) & prop_4 ),F (prop_1 | prop_3 | (prop_2 & prop_4))
( ( ( prop_3 U prop_1 ) | prop_4 ) | prop_2 ),G((prop_1 | prop_4 | prop_2) -> (prop_3 U prop_1))
G ( ! prop_1 | G ( ! prop_2 ) ),G(!prop_1) | G(!prop_2)
F ( prop_1 | F prop_2 ),F(prop_1 ) | G(prop_2 )
park_1 U table_3,G(table_3 -> G(!park_1))
F ( warehouse_3 & F ( p_package_2 & F ( house_1 & pd & photo ) ) ),F(warehouse_3 & p_package_2 & F(house_1 & pd & photo))
( ( prop_3 | prop_2 ) & F prop_1 ),F((prop_3 | prop_2) & F(prop_1))
F ( get_pear ) & gather_apple,G((gather_apple & get_pear) -> get_pear)
G(!( house_is_open & elevator_rises )) | F(( house_is_open & elevator_rises ) & F( bar_has_to_be_repaired | table_is_old )),F(house_is_open & elevator_rises & F(bar_has_to_be_repaired | table_is_old))
( ( prop_1 <-> prop_4 ) | ( prop_2 & prop_3 ) ),G((prop_1 <-> prop_4) | (prop_2 & prop_3))
F ( prop_1 & G ( ! prop_2 ) ),G(prop_1 ) & G(!prop_2 )
( ( prop_2 <-> prop_3 ) & ! prop_1 ),G(prop_2 -> (prop_2 <-> prop_3 & !prop_1))
( prop_1 -> F prop_2 ),G((prop_2 ) -> (prop_1 ))
( G ( ! prop_2 -> prop_1 ) & prop_3 ),G((!prop_2) -> (prop_1 & prop_3))
( ( prop_3 | prop_2 ) & ! prop_1 ),(prop_3 | prop_2) & G(!prop_1)
G ( photo_jaywalker_northwest_7th_avenue -> X G ! photo_car_north_4th_avenue ),G(photo_jaywalker_northwest_7th_avenue -> G(!photo_car_north_4th_avenue))
( ( ! prop_3 <-> prop_2 ) & prop_1 ),G((! prop_3 ) <-> (prop_2  & prop_1 ))
F ( snatch_pear ) -> hold_on_to_pear,G(snatch_pear -> hold_on_to_pear)
G(( car_enters | train_has_arrived ) -> G( brake_is_released | escalator_is_blocked )),G((car_enters | train_has_arrived) -> F(brake_is_released | escalator_is_blocked))
( ( prop_1 U prop_3 ) U prop_2 ),prop_1 & F(prop_3 & F(prop_2))
( ( prop_2 & prop_3 ) -> ! prop_1 ),G((prop_2 & prop_3) -> G(!prop_1))
( ( prop_2 -> prop_3 ) | ! prop_1 ),G(prop_2 -> (prop_3 | G(!prop_1)))
G ( pickup_laptop -> F deliver_teddy_bear_shelf ) -> G F get_help,G((pickup_laptop -> F(deliver_teddy_bear_shelf)) -> G(F(get_help)))
G ( ( prop_1 | prop_2 ) -> ( prop_3 U prop_4 ) ),G((prop_1 | prop_2) -> (prop_4 U prop_3))
G ( hold_onto_orange ) | F ( go_near_pear ),G(hold_onto_orange | go_near_pear)
( ! prop_2 -> ( prop_3 -> prop_1 ) ),G((!prop_2) -> (prop_3 -> prop_1))
<>(house_5&&<>(p_box_4&&<>(office_2&&pd))),F (house_5 & p_box_4) & F (office_2 & pd)
F ( go_to_transh_can ) | ! ( let_go_orange ),G(!(go_to_transh_can & !let_go_orange))
( G prop_3 -> ( prop_2 <-> prop_1 ) ),G(prop_3 -> (prop_2 <-> prop_1))
F photo_pedestrian_north_1st_avenue & F photo_jaywalker_south_3rd_avenue,F(photo_pedestrian_north_1st_avenue & F(photo_jaywalker_south_3rd_avenue))
! intersection_1 U street_6 & F ( street_2 & F ( p_cone_3 & F ( intersection_1 & pd ) ) ),G(!(intersection_1) U street_6) & G(street_6 -> F(p_cone_3))
( ( prop_1 -> prop_3 ) -> ! prop_2 ),G((prop_1 -> prop_3) -> G(!prop_2))
( F change_light_north_yellow ) -> ( ! change_light_north_yellow U ( photo_car_southwest_3rd_street & ! change_light_north_yellow ) ),G(change_light_north_yellow -> F(photo_car_southwest_3rd_street))
G ( F ( go_to_pear ) ) | move_to_house,G(move_to_house | go_to_pear)
( prop_1 -> ( prop_3 -> prop_2 ) ),prop_1 & F(prop_3 & F(prop_2))
G F get_help -> G F record_motorcycle_southwest_8th_avenue,G(F(get_help) -> G(F(record_motorcycle_southwest_8th_avenue)))
G ( ( deliver_dining_table_shelf <-> pickup_banana ) -> ( pickup_banana <-> pickup_bus ) ),G((deliver_dining_table_shelf & pickup_banana) -> (pickup_banana & pickup_bus))
( ( ( prop_4 U prop_3 ) & prop_1 ) & prop_2 ),G((prop_4 -> (prop_1 & prop_2) U prop_3))
G(( bar_has_to_be_repaired | bar_is_up ) -> G( semaphore_is_green | sensor_retrieves_data )),G((bar_has_to_be_repaired | bar_is_up) -> (semaphore_is_green | sensor_retrieves_data))
( ( prop_2 U prop_3 ) <-> ! prop_1 ),G((prop_2 U prop_3) <-> !prop_1)
( ( ( prop_2 -> prop_1 ) <-> prop_3 ) -> prop_4 ),G(((prop_2 -> F(prop_1)) <-> prop_3) -> prop_4)
( ! ( prop_1 U prop_3 ) & prop_2 ),G(!(prop_1 U prop_3)) & G(!prop_2)
<>(arch_4&&photo)&&[]!park_2,photo & G(!park_2)
G ( hold_on_pear ) | F ( make_to_flag ),G(hold_on_pear | make_to_flag)
( ( ( prop_2 -> prop_3 ) | prop_4 ) U prop_1 ),(prop_2 -> prop_3) U prop_1
( prop_3 -> ( prop_1 & prop_2 ) ),G((prop_3) -> (prop_1 & prop_2))
G ( ( prop_2 & prop_3 ) -> G prop_1 ),G((prop_2 & prop_3) -> F(prop_1))
F ( migrate_to_tree ) & G ( F ( grab_tree ) ),G(migrate_to_tree -> G(grab_tree))
( ( prop_1 -> prop_2 ) | ! prop_3 ),G(prop_1 -> (prop_2 | G(!prop_3)))
F ( pick_up_apple ) & collect_pear,G(pick_up_apple & collect_pear)
G ( F ( grab_tree ) ) -> F ( stop_by_house ),G(grab_tree -> stop_by_house)
( ! prop_3 -> ( prop_1 -> prop_2 ) ),G((!prop_3) -> G((prop_1) -> F(prop_2)))
G ( ( prop_3 | prop_2 ) -> ! ( F prop_1 ) ),G((prop_3 | prop_2) -> !prop_1)
G(( brake_is_pressed | elevator_is_blocked ) -> G( escalator_moves & bar_is_closing )),G((brake_is_pressed | elevator_is_blocked) -> (escalator_moves & bar_is_closing))
G(!( semaphore_is_yellow & bridge_closes )) | F(( semaphore_is_yellow & bridge_closes ) & F( car_starts & semaphore_is_red )),!(semaphore_is_yellow & bridge_closes) | F((semaphore_is_yellow & bridge_closes) & F(car_starts & semaphore_is_red))
G(!( engine_stops & sensor_gathers_information )) | F(( engine_stops & sensor_gathers_information ) & F( table_is_brown & escalator_moves )),F(engine_stops & sensor_gathers_information & F(table_is_brown & escalator_moves))
( ( prop_3 | prop_1 ) -> F prop_2 ),G((prop_3 | prop_1) -> F(prop_2))
( deliver_aid_injured_victim U communicate_injured_victim ),deliver_aid_injured_victim -> F(communicate_injured_victim)
( ( prop_1 -> prop_2 ) & ! prop_3 ),G(prop_1 -> (prop_2 & G(!prop_3)))
( ( ( prop_4 <-> prop_1 ) | prop_3 ) | prop_2 ),G((prop_4 ) <-> (prop_1 ) | (prop_3 ) | (prop_2 ))
[]<>street_4,G(street_4)
F G ! deliver_scissors_shelf,G(!deliver_scissors_shelf)
G ( touch_flag ) U gather_orange,touch_flag U gather_orange
( F prop_1 | ( prop_2 & prop_3 ) ),F(prop_1) | G(prop_2 & prop_3)
! ( prop_1 & prop_2 ),G(!(prop_1) & !(prop_2))
( ( prop_2 & prop_1 ) & ( prop_4 | prop_3 ) ),G((prop_2 & prop_1) -> F(prop_4 | prop_3))
( ! prop_3 & ( prop_1 -> prop_2 ) ),G(! (prop_3 )) & G(prop_1 -> F(prop_2 ))
G(( brake_is_released | motorbike_has_started ) -> G( semaphore_is_yellow )),G((brake_is_released | motorbike_has_started) -> semaphore_is_yellow)
( F pickup_motorbike ) -> ( ! pickup_motorbike U ( pickup_traffic_light & ! pickup_motorbike ) ),G(pickup_motorbike -> F(pickup_traffic_light))
( F photo_injured_civilian ) -> ( ! photo_injured_civilian U ( photo_safe_rescuer & ! photo_injured_civilian ) ),G(photo_injured_civilian -> (!photo_safe_rescuer U photo_safe_rescuer))
G ( ( prop_2 | prop_3 ) -> G prop_1 ),G(((prop_2 | prop_3) -> prop_1))
( ( prop_2 & prop_4 ) <-> ( prop_3 -> prop_1 ) ),G((prop_2 & prop_4) <-> (prop_3 -> prop_1))
F ( monument_3 & photo & F ( pathway_8 & G pathway_8 ) ),photo & monument_3 -> F(pathway_8 & G(pathway_8))
locality_1 U intersection_4 & F ( warehouse_9 & F ( p_package_5 & F ( store_2 & pd ) ) ),(locality_1 U intersection_4) & G(intersection_4 -> F((warehouse_9 & p_package_5) & F(store_2)))
G F get_help -> G F photo_car_west_8th_avenue,G(F(get_help) -> F(photo_car_west_8th_avenue))
( ( ( prop_1 <-> prop_2 ) | prop_4 ) | prop_3 ),G((prop_1 <-> (prop_2 | prop_4 | prop_3 )))
( ( ( prop_1 <-> prop_3 ) U prop_4 ) -> prop_2 ),G(((prop_1 <-> prop_3) U prop_4) -> prop_2)
G(!( house_is_open & elevator_rises )) | F(( house_is_open & elevator_rises ) & F( sensor_gathers_information )),F (house_is_open & elevator_rises & F (sensor_gathers_information))
G(( semaphore_is_green | bar_is_up ) -> G(!( motorbike_has_stopped & car_starts ))),G(!(motorbike_has_stopped & (semaphore_is_green | bar_is_up) -> F(car_starts)))
G(( house_is_open & motorbike_has_started ) -> G( elevator_falls & engine_starts )),G((house_is_open & motorbike_has_started) -> (elevator_falls & F(engine_starts)))
( F go_home ) -> ( ! go_home U ( get_help & ! go_home ) ),G(go_home -> (!get_help U get_help))
G F charger_5 & G F ( region_4 & photo ),G F charger_5 & G F photo & G F region_4
! ( prop_1 | F prop_2 ),G(!prop_1) | F(prop_2)
( prop_1 -> F prop_2 ),G(prop_1 -> prop_2)
F ( go_past_house ) U F ( go_to_tree ),G(go_past_house -> go_to_tree)
G ( ! prop_1 & F prop_2 ),G(!prop_1) & G(prop_2 -> prop_2)
G ( ( prop_2 | prop_1 ) -> ( prop_3 & prop_4 ) ),G((prop_2 | !prop_1) -> (!prop_3 & X(prop_4)))
( ! prop_1 U prop_2 ),prop_1 -> F(prop_2)
G ( F ( make_way_to_house ) ) & G ( hold_onto_orange ),G(make_way_to_house) & G(hold_onto_orange)
locality_6 U ( store_8 & F ( p_package_3 & F ( house_5 & pd ) ) ),locality_6 U (p_package_3 & store_8 & F (house_5 & pd))
G ( F prop_1 U G ( ! prop_2 ) ),prop_1 U G(!prop_2)
( ( ( prop_3 -> prop_4 ) -> prop_2 ) & prop_1 ),G((prop_3) -> (prop_4 -> (prop_2 & prop_1)))
( ( prop_1 <-> prop_2 ) | G prop_3 ),G((prop_1 <-> prop_2) | prop_3)
F ( prop_1 | F prop_2 ),F(prop_1 ) | prop_2
( ! prop_3 U ( prop_2 -> prop_1 ) ),G((prop_2) -> (!prop_3 U prop_1))
G(!( motorbike_catches_fire & engine_starts )) | F(( motorbike_catches_fire & engine_starts ) & F( car_starts | semaphore_is_broken )),F((motorbike_catches_fire & engine_starts) & F(car_starts | semaphore_is_broken))
travel_to_apple | F ( make_to_flag ),F(travel_to_apple | make_to_flag)
( ( prop_3 -> prop_1 ) U ( prop_4 -> prop_2 ) ),G((!prop_3) -> (prop_4 -> prop_2))
F ( prop_1 & ! prop_2 ),G((!prop_2) -> prop_1)
!landmark_5 U park_5&&<>(landmark_5&&photo),G((!park_5) U (photo & landmark_5))
