Index,Requirement,Ground Truth,Response,Equivalent
3046,"If photo injured_person ever holds, avoid the impending_gas_leak must have held beforehand.",F photo_injured_person -> (!photo_injured_person U (avoid_impending_gas_leak & !photo_injured_person)),G(photo_injured_person -> (F avoid_impending_gas_leak V photo_injured_person)),False
3047,"Whenever get_help holds, idle holds exactly three steps later.",G(get_help -> XXX idle),G(get_help -> X X X idle),True
3048,never drop pear and put_in bin,put_in_bin & G!drop_pear,G(!(drop_pear & put_in_bin)),False
3049,Start by obtaining box 2 from office 4 and make sure it is delivered to house 1 afterward,F(office_4 & F(p_box_2 & F(house_1 & pd))),F(pd & office_4 & p_box_2) & F(F(pd & office_4 & p_box_2) -> F(pd & house_1 & p_box_2)),False
3050,Continuously take pictures of landmark 21 at regular intervals,GF(landmark_21 & photo),G(photo & landmark_21),False
3051,"sooner or later a sensor captures data, a table has been moved and the bridge closes",F(bridge_closes & sensor_captures_data & table_has_been_moved),F(sensor_captures_data & table_has_been_moved & bridge_closes),True
3052,Pick up the donut holds at all times.,G pickup_donut,G pickup_donut,True
3053,"as a house is built or a sensor captures data, it will happen that a manager handles requests and a table is brown",G((house_is_built | sensor_captures_data) -> F(manager_handles_requests & table_is_brown)),(house_is_built | sensor_captures_data) -> F(manager_handles_requests & table_is_brown),False
3054,Pick up stack_4 from house_4 and at street_2 and stay there,F(house_4 & F(p_stack_4 & F(street_2 & G street_2))),F(p_stack_4 & house_4 & F(street_2 & G street_2)),False
3055,"always when both the engine stops and a manager collect claims then finally, the sensor captures data",G((engine_stops & manager_collect_claims) -> F sensor_captures_data),G((engine_stops & manager_collect_claims) -> F sensor_captures_data),True
3056,"when a motorbike has stopped then after the constructor instantiate objects, sooner or later the engine starts afterwards",G(motorbike_has_stopped -> G(constructor_instantiate_objects -> F engine_starts)),G(motorbike_has_stopped -> G(constructor_instantiate_objects -> F engine_starts)),True
3057,avoid the yellow_room and enter the green_room through either the red or yellow_room,F((red_room | yellow_room) & F green_room),G(!yellow_room) & F((red_room | yellow_room) & X(green_room)),False
3059,Eventually (photo of landmark_9 and stay at landmark_9 permanently),F(landmark_9 & photo & G landmark_9),F(photo & landmark_9 & G(landmark_9)),True
3060,walk through any room except the green_room to enter the red_room,F red_room & G!green_room,(!green_room) U red_room,False
3062,"Either deliver_aid the injured_hostile happens infinitely often, or communicate the safe_hostile happens in the next step.",GF deliver_aid_injured_hostile | X communicate_safe_hostile,GF(deliver_aid_injured_hostile) | X(communicate_safe_hostile),True
3063,"Once record the jaywalker on northwest_5th_street has occurred, photo the cyclist on north_8th_street will never occur again.",G(record_jaywalker_northwest_5th_street -> XG!photo_cyclist_north_8th_street),G(record_jaywalker_northwest_5th_street -> G(!photo_cyclist_north_8th_street)),False
3064,never drop apple and stop_by flag,stop_by_flag & G!drop_apple,G(!drop_apple & stop_by_flag),False
3065,at any time a motorbike is driven,G motorbike_is_driven,G(motorbike_is_driven),True
3066,Ensure you do not go to park 6 before retrieving pass 4,!park_6 U p_pass_4,(!park_6 U p_pass_4),True
3067,come_to tree until grip apple,come_to_tree U grip_apple,come_to_tree U grip_apple,True
3068,never let_go orange and hold_on_to pear,hold_on_to_pear & G!let_go_orange,G(!let_go_orange & hold_on_to_pear),False
3070,"Either pickup the broccoli happens infinitely often, or search the cat happens in the next step.",GF pickup_broccoli | X search_cat,GF(pickup_broccoli) | X(search_cat),True
3071,"a house is built involves that after a table is brown, eventually, a car starts",G(house_is_built -> G(table_is_brown -> F car_starts)),house_is_built -> G(table_is_brown -> F car_starts),False
3072,Do not enter intersection_4 before reaching street_5,!intersection_4 U street_5,(!intersection_4) U street_5,True
3073,if a table is brown or the elevator rises then it is going to happen that a car enters or the bar is up,G((elevator_rises | table_is_brown) -> F(bar_is_up | car_enters)),(table_is_brown | elevator_rises) -> F (car_enters | bar_is_up),False
3074,"Do not at store_4 until you reach street_6, while ensuring you transport package_8 from office_2 to store_4",(!store_4 U street_6) & F(office_2 & F(p_package_8 & F(pd & store_4))),(!store_4 U street_6) & (F(office_2 & p_package_8) & F(store_4 & p_package_8)),False
3075,repeatedly grab tree or at some time go_to transh can,GF grab_tree | F go_to_transh_can,GF(grab_tree) | F(go_to_transh_can),True
3076,"Whenever get_help holds, from the next step onwards record the collision on north_3rd_avenue will eventually hold.",G(get_help -> XF record_collision_north_3rd_avenue),G(get_help -> X F record_collision_north_3rd_avenue),True
3077,at some time get pear until take pear,F get_pear U take_pear,F(get_pear U take_pear),False
3078,"When photo the car on northwest_9th_avenue happens, change light_north green must hold now or in the next step.",G(photo_car_northwest_9th_avenue -> (change_light_north_green | X change_light_north_green)),G(photo_car_northwest_9th_avenue -> (change_light_north_green | X change_light_north_green)),True
3079,whenever visit trash bin or never drop orange,F visit_trash_bin | G!drop_orange,G(visit_trash_bin | G(!drop_orange)),False
3081,"If idle holds and search the elephant holds next, then deliver the apple to the loading_dock holds in the step after that.",G((idle & X search_elephant) -> XX deliver_apple_loading_dock),G((idle & X search_elephant) -> XX deliver_apple_loading_dock),True
3082,sooner or later the motorbike has started or the train is crossing or an elevator falls,F(elevator_falls | motorbike_has_started | train_is_crossing),F(motorbike_has_started | train_is_crossing | elevator_falls),True
3083,Do not enter locality 5 until you pick up pass 5 from house 2 and put it in office 3,!locality_5 U (house_2 & F(p_pass_5 & F(office_3 & pd))),(!locality_5) U (p_pass_5 & F(office_3)),False
3084,"From some point onwards, record unstable_beam never occurs again.",FG!record_unstable_beam,FG(!record_unstable_beam),True
3085,"Whenever communicate the safe_rescuer and deliver_aid the safe_hostile are equal, deliver_aid the safe_hostile and record injured_victim are equal as well.",G((communicate_safe_rescuer <-> deliver_aid_safe_hostile) -> (deliver_aid_safe_hostile <-> record_injured_victim)),G((communicate_safe_rescuer & deliver_aid_safe_hostile) -> (deliver_aid_safe_hostile & record_injured_victim)),False
3086,Ensure you avoid park 3 while capturing a picture of monument 3,G!park_3 & F(monument_3 & photo),G(!(park_3 & photo & monument_3)),False
3087,Persistently photograph building_5 while maintaining consistent visits to charger_4,GF(building_5 & photo) & GF charger_4,G(photo & building_5 & charger_4),False
3088,when possible clutch orange or always hold_on pear,F clutch_orange | G hold_on_pear,F(clutch_orange) | G(hold_on_pear),True
3089,"Once idle has occurred, get_help will never occur again.",G(idle -> XG!get_help),G(idle -> G(!get_help)),False
3090,"Whenever deliver the toaster to the loading_dock holds, eventually idle will hold.",G(deliver_toaster_loading_dock -> F idle),G(deliver_toaster_loading_dock -> F idle),True
3091,"first, it will happen that either the escalator speeds up or the bar is closing, and then, finally, both a sensor gathers information and the motorbike catches fire",G!(bar_is_closing | escalator_speeds_up) | F((bar_is_closing | escalator_speeds_up) & F(motorbike_catches_fire & sensor_gathers_information)),F((escalator_speeds_up | bar_is_closing) & F(sensor_gathers_information & motorbike_catches_fire)),False
3092,"Avoid visiting landmark_5 until you reach park_5, and eventually take a photo of landmark_5",(!landmark_5 U park_5) & F(landmark_5 & photo),(!landmark_5 U park_5) & F photo,False
3094,Avoid picking up both cone_1 and cone_2 indefinitely,G!(p_cone_1 | p_cone_2),G(!(p_cone_1 & p_cone_2)),False
3095,"At every step, change light_west red equals the value of change light_east yellow in the next step.",G(change_light_west_red <-> X change_light_east_yellow),G(change_light_west_red <-> X change_light_east_yellow),True
3096,Repeatedly take box_2 from store_4 and deliver it to hall_8,GF(store_4 & F(p_box_2 & F(hall_8 & pd))),GF(p_box_2 & store_4 & F(p_box_2 & hall_8)),False
3097,"Globally, if get_help occurs then finally deliver the bear to the loading_dock happens.",G(get_help -> F deliver_bear_loading_dock),G(get_help -> F deliver_bear_loading_dock),True
3098,This controller must always maintain both record the car on northeast_2nd_street and photo the person on southeast_7th_avenue.,G(photo_person_southeast_7th_avenue & record_car_northeast_2nd_street),G(record_car_northeast_2nd_street & photo_person_southeast_7th_avenue),True
3099,if the manager handles requests or the table is old then in any case the motorbike has started or the escalator speeds up,G((manager_handles_requests | table_is_old) -> G(escalator_speeds_up | motorbike_has_started)),G((manager_handles_requests | table_is_old) -> (motorbike_has_started | escalator_speeds_up)),False
3100,"At every step, pickup the oven equals the value of search the fire_hydrant in the next step.",G(pickup_oven <-> X search_fire_hydrant),G(pickup_oven <-> X search_fire_hydrant),True
3102,"first, eventually, the engine breaks or the bar is down, and then, eventually, both the table is brown and a house is built",G!(bar_is_down | engine_breaks) | F((bar_is_down | engine_breaks) & F(house_is_built & table_is_brown)),F((engine_breaks | bar_is_down) & F(table_is_brown & house_is_built)),False
3103,never drop apple or venture_towards house,venture_towards_house | G!drop_apple,G(!drop_apple & !venture_towards_house),False
3104,Remain in area_5 at all times,G area_5,G area_5,True
3105,"after the elevator falls and the bar is up, it never happens that both a sensor captures data and the brake is released",G((bar_is_up & elevator_falls) -> G!(brake_is_released & sensor_captures_data)),F(elevator_falls & bar_is_up) -> G(!(sensor_captures_data & brake_is_released)),False
3106,"When photo debris happens, avoid the inactive_unstable_beam must hold now or in the next step.",G(photo_debris -> (avoid_inactive_unstable_beam | X avoid_inactive_unstable_beam)),G(photo_debris -> (avoid_inactive_unstable_beam | X avoid_inactive_unstable_beam)),True
3107,venture_towards house and secure apple,secure_apple & venture_towards_house,F(venture_towards_house & F secure_apple),False
3108,The robot must eventually get_help or record the collision on northwest_4th_avenue.,F(get_help | record_collision_northwest_4th_avenue),F (get_help | record_collision_northwest_4th_avenue),True
3109,at any time journey_by house and don't pick_up anything,F journey_by_house & !F pick_up_anything,G(journey_by_house & !pick_up_anything),False
3110,at some point in time a motorbike catches fire and the engine stops,F(engine_stops & motorbike_catches_fire),F(motorbike_catches_fire & engine_stops),True
3111,it is never the case that the escalator speeds up or the engine stops,G!(engine_stops | escalator_speeds_up),G(!(escalator_speeds_up | engine_stops)),True
3112,Keep capturing photos of area_9 while you also periodically taking ordnance_3 from camp_4 to camp_9,GF(area_9 & photo) & GF(camp_4 & F(p_ordnance_3 & F(camp_9 & pd))),G(photo & area_9) & GF(p_ordnance_3 & camp_4 & F(p_ordnance_3 & camp_9)),False
3113,when possible go_by flag and whenever haul pear,F go_by_flag & F haul_pear,GF(go_by_flag) & G(haul_pear -> go_by_flag),False
3114,come_to tree until come_to tree,come_to_tree,come_to_tree U come_to_tree,True
3115,"When get_help happens, deliver_aid the safe_rescuer must hold now or in the next step.",G(get_help -> (deliver_aid_safe_rescuer | X deliver_aid_safe_rescuer)),G(get_help -> (deliver_aid_safe_rescuer | X deliver_aid_safe_rescuer)),True
3116,"Whenever change light_east red and record the vehicle on southwest_4th_avenue are equal, record the vehicle on southwest_4th_avenue and record the collision on west_9th_avenue are equal as well.",G((change_light_east_red <-> record_vehicle_southwest_4th_avenue) -> (record_collision_west_9th_avenue <-> record_vehicle_southwest_4th_avenue)),G((change_light_east_red & record_vehicle_southwest_4th_avenue) -> (record_vehicle_southwest_4th_avenue & record_collision_west_9th_avenue)),False
3117,repeatedly make_way_to house and never drop orange,GF make_way_to_house & G!drop_orange,GF(make_way_to_house) & G(!drop_orange),True
3118,go into the room and find the chair then push it back into blue_room,F(red_room & F blue_room),F(blue_room & F(blue_room)),False
3119,Deliver the vase to the shelf and deliver the bicycle to the loading_dock are mutually exclusive at all times.,G!(deliver_bicycle_loading_dock & deliver_vase_shelf),G(!(deliver_vase_shelf & deliver_bicycle_loading_dock)),True
3120,drop pear or whenever go_to transh can,drop_pear | F go_to_transh_can,G(go_to_transh_can -> drop_pear),False
3121,"Whenever get_help holds, go_home holds as well.",G(get_help -> go_home),G(get_help -> go_home),True
3122,in any case the bar is down,G bar_is_down,G(bar_is_down),True
3123,Set light_west green and record the motorcycle on north_7th_street are mutually exclusive at all times.,G!(change_light_west_green & record_motorcycle_north_7th_street),G(!(change_light_west_green & record_motorcycle_north_7th_street)),True
3124,whenever migrate_to tree and at some time go_to transh can,F migrate_to_tree & F go_to_transh_can,G(migrate_to_tree -> F go_to_transh_can),False
3125,"If every deliver_aid the injured_rescuer is eventually followed by avoid the nearest_flood, then communicate the safe_hostile must occur infinitely often.",G(deliver_aid_injured_rescuer -> F avoid_nearest_flood) -> GF communicate_safe_hostile,G(deliver_aid_injured_rescuer -> F avoid_nearest_flood) -> GF communicate_safe_hostile,True
3126,Ensure you always stay in area 5,G area_5,G(area_5),True
3127,"after both the elevator falls and the escalator speeds up, eternally, a sensor captures data or the train has been launched",G((elevator_falls & escalator_speeds_up) -> G(sensor_captures_data | train_has_been_launched)),F(elevator_falls & escalator_speeds_up) -> G(sensor_captures_data | train_has_been_launched),False
3128,Pick up brochure 2 from table 8 and subsequently deliver it to table 1,F(table_8 & F(p_brochure_2 & F(pd & table_1))),F(pd & p_brochure_2 & table_8) & F(F(pd & p_brochure_2 & table_8) & F(pd & p_brochure_2 & table_1)),False
3129,at some point the bar is closing or a motorbike has started or the escalator moves,F(bar_is_closing | escalator_moves | motorbike_has_started),F (bar_is_closing | motorbike_has_started | escalator_moves),True
3130,"eternally, both a motorbike falls down and the escalator is blocked after either a motorbike falls down or a house collapses",G((house_collapses | motorbike_falls_down) -> G(escalator_is_blocked & motorbike_falls_down)),G((motorbike_falls_down | house_collapses) -> F(motorbike_falls_down & escalator_is_blocked)),False
3131,"after the elevator is open or the house is built, eternally, a semaphore is yellow",G((elevator_is_open | house_is_built) -> G semaphore_is_yellow),F(elevator_is_open | house_is_built) -> G(semaphore_is_yellow),False
3132,Pick up letter_4 from office_5 and deliver it to house_2,F(office_5 & F(p_letter_4 & F(house_2 & pd))),F(office_5 & p_letter_4 & pd) & F(house_2 & p_letter_4 & pd),False
3133,at some time visit house can infer that pick_up flag,F visit_house -> pick_up_flag,F(visit_house) -> F(pick_up_flag),False
3134,advance_to tree and do not let_go pear,advance_to_tree & !let_go_pear,F(advance_to_tree & G(!let_go_pear)),False
3135,at no time the constructor creates instances or a train has arrived or the sensor retrieves data,G!(constructor_creates_instances | sensor_retrieves_data | train_has_arrived),G(!(constructor_creates_instances | train_has_arrived | sensor_retrieves_data)),True
3136,"Globally, it is not the case that both photo the person on northwest_4th_avenue and photo the person on northeast_7th_street hold simultaneously.",G!(photo_person_northeast_7th_street & photo_person_northwest_4th_avenue),G(!(photo_person_northwest_4th_avenue & photo_person_northeast_7th_street)),True
3137,at some time contact flag or when possible touch tree,F contact_flag | F touch_tree,F(contact_flag | touch_tree),True
3138,Do not go to office 4 until you pick pass 6 as you deliver pass 6 from house 5 to office 4,(!office_4 U p_pass_6) & F(house_5 & F(p_pass_6 & F(office_4 & pd))),(!office_4) U p_pass_6,False
3139,when possible obtain orange and always go_by trash can,F obtain_orange & G go_by_trash_can,F(obtain_orange) & G(go_by_trash_can),True
3140,Go to street 5 and then go to building 2 and stay there,F(street_5 & F(building_2 & G building_2)),F(street_5 & F(G building_2)),True
3141,Call for help and idle will each happen at some point.,F get_help & F idle,F(get_help) & F(idle),True
3142,whenever travel_to flag or at some time procure pear,F travel_to_flag | F procure_pear,G(travel_to_flag | F procure_pear),False
3143,"Ensure you repeatedly transport crate_4 from warehouse_3 to store_9, and also periodically visit charger_3",GF(warehouse_3 & F(p_crate_4 & F(pd & store_9))) & GF charger_3,GF(warehouse_3 & p_crate_4 & F(store_9 & pd)) & GF(charger_3),False
3144,"after both a motorbike has started and a semaphore is red, it will not happen that either a sensor captures data or the escalator moves",G((motorbike_has_started & semaphore_is_red) -> G!(escalator_moves | sensor_captures_data)),F(motorbike_has_started & semaphore_is_red) -> G(!(sensor_captures_data | escalator_moves)),False
3145,The robot must Please deliver the bed to the shelf and then get_help.,deliver_bed_shelf U get_help,F(deliver_bed_shelf & F get_help),False
3146,Always avoid entering house 1,G!house_1,G(!house_1),True
3147,The robot must always avoid calling for help.,G!get_help,G(!get_help),True
3148,under no condition both a bridge closes and the brake is released,G!(brake_is_released & bridge_closes),G(!(bridge_closes & brake_is_released)),True
3149,Remain still can only happen after handing over the dining_table to the loading_dock.,!idle U deliver_dining_table_loading_dock,(!idle) U deliver_dining_table_loading_dock,True
3150,"If record the car on west_7th_street happens infinitely often, then so does get_help.",GF record_car_west_7th_street -> GF get_help,GF(record_car_west_7th_street) -> GF(get_help),True
3151,always stay or grip apple,grip_apple | G stay,G(stay | grip_apple),False
3152,"Our agent must eventually, avoid search the skateboard.",F!search_skateboard,F(!search_skateboard),True
3153,"If idle holds, then in the next step pickup the bed persists until picking up the sports_ball holds, or else pickup the bed holds forever.",idle -> X((pickup_bed U pickup_sports_ball) | G pickup_bed),G(idle -> X((pickup_bed U pickup_sports_ball) | G pickup_bed)),False
3154,always have_in orange or whenever make_to flag,G have_in_orange | F make_to_flag,G(have_in_orange | (make_to_flag -> have_in_orange)),False
3155,at any time an elevator falls or the elevator is open,G(elevator_falls | elevator_is_open),G(elevator_falls | elevator_is_open),True
3156,"first, eventually, a semaphore is green or the car starts, and then, sooner or later both an elevator is blocked and a train derails",G!(car_starts | semaphore_is_green) | F((car_starts | semaphore_is_green) & F(elevator_is_blocked & train_derails)),F((semaphore_is_green | car_starts) & F(elevator_is_blocked & train_derails)),False
3157,at no time the elevator falls,G!elevator_falls,G(!elevator_falls),True
3158,Our agent must eventually deliver the sheep to the shelf and get_help.,F(deliver_sheep_shelf & get_help),F(deliver_sheep_shelf & get_help),True
3159,when possible make_way waste basket or repeatedly grab tree,F make_way_waste_basket | GF grab_tree,GF(make_way_waste_basket | grab_tree),False
3160,capture orange until hold apple,capture_orange U hold_apple,capture_orange U hold_apple,True
3161,it is always true that both the train stops and the sensor gathers information after the sensor captures data and the motorbike falls down,G((motorbike_falls_down & sensor_captures_data) -> G(sensor_gathers_information & train_stops)),G((sensor_captures_data & motorbike_falls_down) -> F(train_stops & sensor_gathers_information)),False
3162,"Retrieve the bowl must hold until delivering the cake to the loading_dock does, or else pickup the bowl holds forever.",(pickup_bowl U deliver_cake_loading_dock) | G pickup_bowl,(pickup_bowl U deliver_cake_loading_dock) | G pickup_bowl,True
3163,always when the sensor captures data or the bar is up then at a certain moment a semaphore is red and the sensor retrieves data,G((bar_is_up | sensor_captures_data) -> F(semaphore_is_red & sensor_retrieves_data)),G((sensor_captures_data | bar_is_up) -> F(semaphore_is_red & sensor_retrieves_data)),True
3164,"at some point both the constructor creates instances and the train has been launched and, at some point in time either the bar is closing or a sensor retrieves data afterwards",G!(constructor_creates_instances & train_has_been_launched) | F(constructor_creates_instances & train_has_been_launched & F(bar_is_closing | sensor_retrieves_data)),F(constructor_creates_instances & train_has_been_launched) & F(bar_is_closing | F sensor_retrieves_data),False
3165,Keep visiting intersection_4 as you proceed to locality_9,GF intersection_4 & F locality_9,(intersection_4 U locality_9),False
3166,repeatedly go_to waste basket and put_in apple bucket,put_in_apple_bucket & GF go_to_waste_basket,GF(go_to_waste_basket & F put_in_apple_bucket),False
3167,when possible get_close flag or grasp orange,grasp_orange | F get_close_flag,GF(get_close_flag | grasp_orange),False
3168,"in any case either the brake is pressed, the elevator rises or the elevator falls",G(brake_is_pressed | elevator_falls | elevator_rises),G(brake_is_pressed | elevator_rises | elevator_falls),True
3169,when possible move_near tree and don't let_go pear,!let_go_pear & F move_near_tree,G(move_near_tree & !let_go_pear),False
3170,"after both the motorbike falls down and a table has been moved, all the time the semaphore is yellow",G((motorbike_falls_down & table_has_been_moved) -> G semaphore_is_yellow),F(motorbike_falls_down & table_has_been_moved) -> G(semaphore_is_yellow),False
3171,"if take pear , take_to tree",take_pear -> take_to_tree,G(take_pear -> take_to_tree),False
3172,Go to parking_lot_2 and pickup dish_2,F(p_dish_2 & parking_lot_2),F(parking_lot_2 & F p_dish_2),False
3173,Repeatedly transport brochure 8 from table 2 to street 9 while repeatedly visiting charger 6,GF(table_2 & F(p_brochure_8 & F(pd & street_9))) & GF charger_6,GF(pd & p_brochure_8 & table_2) & GF(pd & p_brochure_8 & street_9) & GF(charger_6),False
3174,whenever withhold apple or when possible reach flag,F withhold_apple | F reach_flag,G(withhold_apple | F reach_flag),False
3175,"at some point in time a sensor gathers information and, sooner or later either the engine breaks or a manager handles requests afterwards",G!sensor_gathers_information | F(sensor_gathers_information & F(engine_breaks | manager_handles_requests)),F(sensor_gathers_information & F(engine_breaks | manager_handles_requests)),False
3176,sooner or later a sensor captures data after the bar is up and a manager collect claims,G((bar_is_up & manager_collect_claims) -> F sensor_captures_data),F(bar_is_up & manager_collect_claims & F sensor_captures_data),False
3178,repeatedly go_to pear or take pear,take_pear | GF go_to_pear,GF(go_to_pear | take_pear),False
3179,Keep visiting charger 6 as you keep picking up brochure 4 from table 4,GF charger_6 & GF(p_brochure_4 & table_4),G(p_brochure_4 -> charger_6),False
3180,"Whenever get_help holds, eventually change light_north red will hold.",G(get_help -> F change_light_north_red),G(get_help -> F change_light_north_red),True
3181,Keep taking a picture of parking_lot_4 while you always stay in street_5,G street_5 & GF(parking_lot_4 & photo),G(street_5 -> photo),False
3182,under no circumstances both the brake is released and a semaphore is red,G!(brake_is_released & semaphore_is_red),G(!(brake_is_released & semaphore_is_red)),True
3183,"after the semaphore is green and the bar is down, at some point in time the brake is pressed or the escalator is blocked",G((bar_is_down & semaphore_is_green) -> F(brake_is_pressed | escalator_is_blocked)),G((semaphore_is_green & bar_is_down) -> F(brake_is_pressed | escalator_is_blocked)),True
3184,Every get_help is directly followed by change light_west green in the next step.,G(get_help -> X change_light_west_green),G(get_help -> X change_light_west_green),True
3185,"Stay in building_3, but only after reaching garage_3 first.",FG building_3 & (!building_3 U garage_3),(!building_3 U garage_3) & F G building_3,True
3186,"At every step, search the hair-drier equals the value of pickup the bicycle in the next step.",G(search_hair_drier <-> X pickup_bicycle),G(search_hair_drier <-> X pickup_bicycle),True
3187,move toward either the yellow or blue_room then into the green_room,F((blue_room | yellow_room) & F green_room),F((blue_room | yellow_room) & F green_room),True
3188,"at some point either the car starts or a train derails and, eventually, either the engine stops or the manager collect claims afterwards",G!(car_starts | train_derails) | F((car_starts | train_derails) & F(engine_stops | manager_collect_claims)),F((car_starts | train_derails) & F(engine_stops | manager_collect_claims)),False
3189,Return home and deliver_aid the safe_hostile are mutually exclusive at all times.,G!(deliver_aid_safe_hostile & go_home),G(!(go_home & deliver_aid_safe_hostile)),True
3190,"at some point in time the train stops, the engine starts and the engine stops",F(engine_starts & engine_stops & train_stops),F(train_stops & F(engine_starts & F(engine_stops))),False
3191,"Whenever search the sports_ball holds, search the bench holds exactly three steps later.",G(search_sports_ball -> XXX search_bench),G(search_sports_ball -> X(X(X search_bench))),True
3192,always touch flag and take orange,take_orange & G touch_flag,G(touch_flag & take_orange),False
3193,Take a picture of arch 2 and then go to park 8 and stay there,F(arch_2 & photo & F(park_8 & G park_8)),F(photo & arch_2 & F(park_8 & G park_8)),True
3194,"at a certain moment either the semaphore is red or the engine stops and, finally, both the engine stops and the car stops afterwards",G!(engine_stops | semaphore_is_red) | F((engine_stops | semaphore_is_red) & F(car_stops & engine_stops)),F((semaphore_is_red | engine_stops) & F(engine_stops & F car_stops)),False
3195,"after both the engine stops and a manager collect claims, finally, an elevator is blocked and the train derails",G((engine_stops & manager_collect_claims) -> F(elevator_is_blocked & train_derails)),F((engine_stops & manager_collect_claims) & F(elevator_is_blocked & train_derails)),False
3196,"first, at a certain moment the sensor retrieves data and a house collapses, and then, it is going to happen that a sensor gathers information",G!(house_collapses & sensor_retrieves_data) | F(house_collapses & sensor_retrieves_data & F sensor_gathers_information),F((sensor_retrieves_data & house_collapses) & F sensor_gathers_information),False
3197,never drop apple or at any time get_close tree,G!drop_apple | F get_close_tree,G(!drop_apple & !get_close_tree),False
3198,"after both an elevator rises and the bar is closing, it will happen that either the semaphore is red or a car stops",G((bar_is_closing & elevator_rises) -> F(car_stops | semaphore_is_red)),F(elevator_rises & bar_is_closing) -> F(semaphore_is_red | car_stops),False
3199,"first, eventually, both the train has arrived and an elevator falls, and then, it is going to happen that either the table is old or the bar has to be repaired",G!(elevator_falls & train_has_arrived) | F(elevator_falls & train_has_arrived & F(bar_has_to_be_repaired | table_is_old)),F((train_has_arrived & elevator_falls) & F(table_is_old | bar_has_to_be_repaired)),False
3200,it is always the case that either an elevator is open or the elevator is blocked,G(elevator_is_blocked | elevator_is_open),G(elevator_is_open | elevator_is_blocked),True
3201,Call for help can only happen after change light_west red.,!get_help U change_light_west_red,(!get_help) U change_light_west_red,True
3202,"Get help should always hold, with at most a two-step grace period for recovery.",!G!(get_help & X get_help),G(get_help | X get_help | XX get_help),False
3203,You capture a photo of building 4 and proceed to parking lot 2 and stay there,F(building_4 & photo & F(parking_lot_2 & G parking_lot_2)),F(photo & building_4 & F(parking_lot_2 & G parking_lot_2)),True
3204,"eternally, both a house is built and the bar is up",G(bar_is_up & house_is_built),G(house_is_built & bar_is_up),True
3206,whenever make_contact_with house can infer that whenever get_hold_of orange,F make_contact_with_house -> F get_hold_of_orange,G(make_contact_with_house -> G(get_hold_of_orange -> get_hold_of_orange)),False
3207,"it is going to happen that the train has arrived and, in the future the train is crossing or a manager collect claims afterwards",G!train_has_arrived | F(train_has_arrived & F(manager_collect_claims | train_is_crossing)),F(train_has_arrived & F(train_is_crossing | manager_collect_claims)),False
3208,"eternally, a manager collect claims or a sensor gathers information after both the motorbike catches fire and the engine breaks",G((engine_breaks & motorbike_catches_fire) -> G(manager_collect_claims | sensor_gathers_information)),G((motorbike_catches_fire & engine_breaks) -> F(manager_collect_claims | sensor_gathers_information)),False
3209,always have_in orange means that take_to trashcan,G have_in_orange -> take_to_trashcan,G(have_in_orange -> take_to_trashcan),False
3210,"if either a motorbike has stopped or the semaphore is broken then eternally, either a motorbike falls down or the escalator is blocked",G((motorbike_has_stopped | semaphore_is_broken) -> G(escalator_is_blocked | motorbike_falls_down)),(motorbike_has_stopped | semaphore_is_broken) -> G(motorbike_falls_down | escalator_is_blocked),False
3211,repeatedly go_to pear until venture_to trash can,GF go_to_pear U venture_to_trash_can,(G(go_to_pear)) U venture_to_trash_can,False
3212,"If search the motorbike happens infinitely often, then so does deliver the snowboard to the shelf.",GF search_motorbike -> GF deliver_snowboard_shelf,GF(search_motorbike) -> GF(deliver_snowboard_shelf),True
3213,"as a car starts and the engine stops, finally, the sensor captures data",G((car_starts & engine_stops) -> F sensor_captures_data),F(car_starts & engine_stops & F sensor_captures_data),False
3214,"At every step, get_help equals the value of record the pedestrian on southwest_2nd_street in the next step.",G(get_help <-> X record_pedestrian_southwest_2nd_street),G(get_help <-> X record_pedestrian_southwest_2nd_street),True
3215,Take a video of the collision on north_5th_avenue and change light_west red will each happen at some point.,F record_collision_north_5th_avenue & F change_light_west_red,F(record_collision_north_5th_avenue) & F(change_light_west_red),True
3216,Either photo flood or deliver_aid the safe_rescuer happens infinitely often.,GF photo_flood | GF deliver_aid_safe_rescuer,GF(photo_flood | deliver_aid_safe_rescuer),True
3217,Stay out of house 3 indefinitely,G!house_3,G(!house_3),True
3218,the brake is pressed involves that it is going to happen that the semaphore is green after a car enters,G(brake_is_pressed -> G(car_enters -> F semaphore_is_green)),G(brake_is_pressed -> F(car_enters & F semaphore_is_green)),False
3219,Keep picking up trash can 4 from house 2,GF(house_2 & p_trash_can_4),G(house_2 & p_trash_can_4),False
3220,Find your way to park 8 and stay there permanently,FG park_8,F G park_8,True
3221,forever moving or at some time clutch orange,G moving | F clutch_orange,G(moving) | F(clutch_orange),True
3222,Do not go to building 1 until you arrive at street 4.,!building_1 U street_4,(!building_1) U street_4,True
3223,"the train has arrived implies that as a motorbike catches fire, at some point a bridge closes",G(train_has_arrived -> G(motorbike_catches_fire -> F bridge_closes)),train_has_arrived -> (motorbike_catches_fire -> F bridge_closes),False
3224,"Our agent must Eventually, both deliver the suitcase to the loading_dock and deliver the snowboard to the shelf hold simultaneously.",F(deliver_snowboard_shelf & deliver_suitcase_loading_dock),F (deliver_suitcase_loading_dock & deliver_snowboard_shelf),True
3225,"If record gas_leak holds, then in the next step avoid the nearest_fire_source persists until deliver_aid the injured_hostile holds, or else avoid the nearest_fire_source holds forever.",record_gas_leak -> X((avoid_nearest_fire_source U deliver_aid_injured_hostile) | G avoid_nearest_fire_source),G(record_gas_leak -> (X(avoid_nearest_fire_source U deliver_aid_injured_hostile) | G(avoid_nearest_fire_source))),False
3226,"You must eventually, avoid going home.",F!go_home,F(!go_home),True
3227,Ensure you at intersection_4 and remain in that location forever,FG intersection_4,F(G(intersection_4)),True
3228,at any time go_to peach means that at any time advance_to house,F go_to_peach -> F advance_to_house,G(go_to_peach -> G(advance_to_house)),False
3229,"after either a sensor captures data or the train is crossing, it never happens that both a car stops and the engine stops",G((sensor_captures_data | train_is_crossing) -> G!(car_stops & engine_stops)),G((sensor_captures_data | train_is_crossing) -> G(!(car_stops & engine_stops))),True
3230,"From some point onwards, change light_west red never occurs again.",FG!change_light_west_red,FG(!change_light_west_red),True
3231,get_to tree and repeatedly go_to apple trashcan,get_to_tree & GF go_to_apple_trashcan,F(get_to_tree & GF go_to_apple_trashcan),False
3232,"Collect tin can 4 from table 4, move it to trash can 5, while always staying out of hallway 2",F(table_4 & F(p_tin_can_4 & F(pd & trash_can_5))) & G!hallway_2,F(pd & p_tin_can_4 & table_4) & F(pd & p_tin_can_4 & trash_can_5) & G(!hallway_2),False
3233,every time a train derails then at some point in time the semaphore is green or a car enters,G(train_derails -> F(car_enters | semaphore_is_green)),G(train_derails -> F(semaphore_is_green | car_enters)),True
3234,"the car starts implies that as the motorbike has stopped, in the future the table is old",G(car_starts -> G(motorbike_has_stopped -> F table_is_old)),car_starts -> (motorbike_has_stopped -> F table_is_old),False
3235,"it will happen that either the escalator speeds up or the bar is closing and, finally, the sensor gathers information afterwards",G!(bar_is_closing | escalator_speeds_up) | F((bar_is_closing | escalator_speeds_up) & F sensor_gathers_information),F((escalator_speeds_up | bar_is_closing) & F sensor_gathers_information),False
3236,"Whenever photo the vehicle on south_9th_avenue holds, record the car on northwest_7th_avenue holds as well.",G(photo_vehicle_south_9th_avenue -> record_car_northwest_7th_avenue),G(photo_vehicle_south_9th_avenue -> record_car_northwest_7th_avenue),True
3237,"Go to kitchen 2 to grab bottle 3, staying away from living room 1",F(kitchen_2 & p_bottle_3) & G!living_room_1,(!living_room_1) U (kitchen_2 & p_bottle_3),False
3238,"after the table is old and the sensor retrieves data, eventually, a semaphore is yellow",G((sensor_retrieves_data & table_is_old) -> F semaphore_is_yellow),G((table_is_old & sensor_retrieves_data) -> F semaphore_is_yellow),True
3239,at some point the engine starts and an elevator is open,F(elevator_is_open & engine_starts),F(engine_starts & elevator_is_open),True
3240,"eventually, either the motorbike catches fire or a semaphore is broken",F(motorbike_catches_fire | semaphore_is_broken),F(motorbike_catches_fire | semaphore_is_broken),True
3241,at some time venture_to house or never drop apple,F venture_to_house | G!drop_apple,F(venture_to_house) | G(!drop_apple),True
3242,"Whenever neither pickup the bicycle nor get_help holds, pickup the person eventually holds.",G(!(get_help & pickup_bicycle) -> F pickup_person),G(!pickup_bicycle & !get_help -> F pickup_person),False
3243,"Take a video of the collision on northwest_8th_avenue must keep holding until, from some point on, get_help holds infinitely often.",record_collision_northwest_8th_avenue U GF get_help,record_collision_northwest_8th_avenue U (FG (GF get_help)),True
3244,You must always have either record the collision on south_1st_avenue or get_help.,G(get_help | record_collision_south_1st_avenue),G(record_collision_south_1st_avenue | get_help),True
3245,whenever get_close tree until put_in apple bucket,F get_close_tree U put_in_apple_bucket,G(get_close_tree -> (get_close_tree U put_in_apple_bucket)),False
3246,"as either the escalator is blocked or the engine stops, eventually, a semaphore is yellow",G((engine_stops | escalator_is_blocked) -> F semaphore_is_yellow),(escalator_is_blocked | engine_stops) -> F semaphore_is_yellow,False
3247,"The system must avoid the nearest_flood must hold until returning to base does, or else avoid the nearest_flood holds forever.",(avoid_nearest_flood U go_home) | G avoid_nearest_flood,(avoid_nearest_flood U go_home) | G avoid_nearest_flood,True
3248,"Whenever neither photo the motorcycle on east_3rd_avenue nor photo the car on southeast_5th_street holds, record the collision on northeast_7th_street eventually holds.",G(!(photo_car_southeast_5th_street & photo_motorcycle_east_3rd_avenue) -> F record_collision_northeast_7th_street),G(!photo_motorcycle_east_3rd_avenue & !photo_car_southeast_5th_street -> F record_collision_northeast_7th_street),False
3249,"if either a car starts or the elevator falls then forever, a semaphore is yellow",G((car_starts | elevator_falls) -> G semaphore_is_yellow),(car_starts | elevator_falls) -> G semaphore_is_yellow,False
3250,"at a certain moment the escalator is blocked and the sensor captures data and, it will happen that either the engine stops or a manager collect claims afterwards",G!(escalator_is_blocked & sensor_captures_data) | F(escalator_is_blocked & sensor_captures_data & F(engine_stops | manager_collect_claims)),F((escalator_is_blocked & sensor_captures_data) & F(engine_stops | manager_collect_claims)),False
3251,acquire orange means that when possible journey_to flag,acquire_orange -> F journey_to_flag,G(journey_to_flag -> F acquire_orange),False
3252,Persistently return to charger_12 while regularly delivering box_1 from house_5 to house_23,GF charger_12 & GF(house_5 & F(p_box_1 & F(house_23 & pd))),GF(charger_12) & GF(p_box_1 & house_5 & F(p_box_1 & house_23)),False
3253,when possible present_at flag or when possible reach flag,F present_at_flag | F reach_flag,GF(present_at_flag | reach_flag),False
3254,"whenever the engine stops and a sensor gathers information then finally, a semaphore is yellow and the engine starts",G((engine_stops & sensor_gathers_information) -> F(engine_starts & semaphore_is_yellow)),G((engine_stops & sensor_gathers_information) -> F(semaphore_is_yellow & engine_starts)),True
3255,Keep taking a picture of area 51 while you also keep visiting charger 4,GF(area_51 & photo) & GF charger_4,G(photo & area_51 & charger_4),False
3256,go_to orange bin until snatch_up pear,go_to_orange_bin U snatch_up_pear,go_to_orange_bin U snatch_up_pear,True
3257,"first, at some point in time a table has been moved and a train derails, and then, it will happen that the semaphore is yellow and the bridge closes",G!(table_has_been_moved & train_derails) | F(table_has_been_moved & train_derails & F(bridge_closes & semaphore_is_yellow)),F((table_has_been_moved & train_derails) & F(semaphore_is_yellow & bridge_closes)),False
3258,"always when an elevator rises or the elevator falls then eventually, the sensor captures data",G((elevator_falls | elevator_rises) -> F sensor_captures_data),G((elevator_rises | elevator_falls) -> F sensor_captures_data),True
3259,"If deliver the chair to the loading_dock holds, then in the next step search the scissors persists until idle holds, or else search the scissors holds forever.",deliver_chair_loading_dock -> X((search_scissors U idle) | G search_scissors),G(deliver_chair_loading_dock -> (X(search_scissors U idle) | G search_scissors)),False
3260,Both idle and pickup the surfboard hold at every step.,G(idle & pickup_surfboard),G(idle & pickup_surfboard),True
3261,always when the train derails then in the future both the bar has to be repaired and the sensor gathers information,G(train_derails -> F(bar_has_to_be_repaired & sensor_gathers_information)),G(train_derails -> F(bar_has_to_be_repaired & sensor_gathers_information)),True
3262,never let_go apple can infer that at some time grab pear,G!let_go_apple -> F grab_pear,G(!let_go_apple) -> F(grab_pear),True
3263,"Hand over the surfboard to the shelf and idle never coincide, yet one of them is always true.",G!(deliver_surfboard_shelf & idle) & G(deliver_surfboard_shelf | idle),G(!(deliver_surfboard_shelf & idle) & (deliver_surfboard_shelf | idle)),True
3264,"Our agent must eventually, avoid searching for the skateboard.",F!search_skateboard,F(!search_skateboard),True
3265,"it should not happen that a semaphore is broken and, at the same time, the engine stops and the bridge opens",G!(bridge_opens & engine_stops & semaphore_is_broken),G(!(semaphore_is_broken & engine_stops & bridge_opens)),True
3266,whenever make_way waste basket until never drop orange,F make_way_waste_basket U G!drop_orange,G(make_way_waste_basket -> (!drop_orange U !drop_orange)),False
3267,"Request assistance and record the cyclist on south_3rd_avenue never coincide, yet one of them is always true.",G!(get_help & record_cyclist_south_3rd_avenue) & G(get_help | record_cyclist_south_3rd_avenue),G(!(get_help & record_cyclist_south_3rd_avenue) & (get_help | record_cyclist_south_3rd_avenue)),True
3268,Either change light_north red or get_help happens infinitely often.,GF change_light_north_red | GF get_help,GF(change_light_north_red | get_help),True
3269,"first, finally, a sensor gathers information, and then, at some point the escalator is blocked or the table is old",G!sensor_gathers_information | F(sensor_gathers_information & F(escalator_is_blocked | table_is_old)),F(sensor_gathers_information & F(escalator_is_blocked | table_is_old)),False
3270,secure apple and whenever withhold apple,secure_apple & F withhold_apple,secure_apple & G(withhold_apple -> secure_apple),False
3271,go through the opposite of the red_room to reach the yellow_room,F yellow_room & G!red_room,(!red_room) U yellow_room,False
3272,if both the elevator rises and the train has arrived then it is never the case that both the motorbike has stopped and a sensor gathers information,G((elevator_rises & train_has_arrived) -> G!(motorbike_has_stopped & sensor_gathers_information)),(elevator_rises & train_has_arrived) -> G(!(motorbike_has_stopped & sensor_gathers_information)),False
3273,"If idle holds, then in the next step get_help persists until search the apple holds, or else get_help holds forever.",idle -> X((get_help U search_apple) | G get_help),G(idle -> (X(get_help U search_apple) | G get_help)),False
3274,"in the future a sensor gathers information and, it will happen that either the bridge closes or the escalator is blocked afterwards",G!sensor_gathers_information | F(sensor_gathers_information & F(bridge_closes | escalator_is_blocked)),F(sensor_gathers_information & F(bridge_closes | X escalator_is_blocked)),False
3275,You must always have either communicate the injured_rescuer or get_help.,G(communicate_injured_rescuer | get_help),G(communicate_injured_rescuer | get_help),True
3276,at any time go_to transh can or repeatedly grab tree,F go_to_transh_can | GF grab_tree,G(go_to_transh_can | grab_tree),False
3277,"when repeatedly go_to pear , move_to house",GF go_to_pear -> move_to_house,G(go_to_pear -> F move_to_house),False
3278,venture_to trash can or take_to tree,take_to_tree | venture_to_trash_can,venture_to_trash_can | take_to_tree,True
3279,"after both a motorbike falls down and a semaphore is red, never, a car stops or a house collapses",G((motorbike_falls_down & semaphore_is_red) -> G!(car_stops | house_collapses)),G((motorbike_falls_down & semaphore_is_red) -> G(!(car_stops | house_collapses))),True
3280,Stay in street 4 until you take a photo of house 1,street_4 U (house_1 & photo),street_4 U (photo & house_1),True
3281,"it is going to happen that either a constructor creates instances or a table is old and, finally, either the bar is closing or the brake is pressed afterwards",G!(constructor_creates_instances | table_is_old) | F((constructor_creates_instances | table_is_old) & F(bar_is_closing | brake_is_pressed)),F((constructor_creates_instances | table_is_old) & F(bar_is_closing | X brake_is_pressed)),False
3282,go through the red and to the yellow,F yellow_room & G!red_room,F(red_room & F yellow_room),False
3283,Stay in locality 1 until you reach intersection 4 as you take package 5 from warehouse 9 to store 2,(locality_1 U intersection_4) & F(warehouse_9 & F(p_package_5 & F(pd & store_2))),locality_1 U intersection_4,False
3284,"after either a motorbike catches fire or the motorbike falls down, in the future either a house is open or a bridge closes",G((motorbike_catches_fire | motorbike_falls_down) -> F(bridge_closes | house_is_open)),G((motorbike_catches_fire | motorbike_falls_down) -> F(house_is_open | bridge_closes)),True
3285,if both a motorbike has started and the train is crossing then it never happens that both a car stops and the engine stops,G((motorbike_has_started & train_is_crossing) -> G!(car_stops & engine_stops)),G((motorbike_has_started & train_is_crossing) -> G(!(car_stops & engine_stops))),True
3286,"Avoid visiting store 4 before reaching street 6, as you take package 8 from office 2 to store 4",(!store_4 U street_6) & F(office_2 & F(p_package_8 & F(pd & store_4))),(!store_4 U street_6),False
3287,"If search the train happens infinitely often, then so does pickup the traffic_light.",GF search_train -> GF pickup_traffic_light,GF(search_train) -> GF(pickup_traffic_light),True
3288,Go to parking lot 2 to collect dish 2,F(p_dish_2 & parking_lot_2),F(parking_lot_2 & F p_dish_2),False
3289,"finally, either the semaphore is green or the bar is up and, it is going to happen that a train has arrived afterwards",G!(bar_is_up | semaphore_is_green) | F((bar_is_up | semaphore_is_green) & F train_has_arrived),F((semaphore_is_green | bar_is_up) & F(train_has_arrived)),False
3290,"it never happens that the bar has to be repaired, the train is crossing and the train has arrived",G!(bar_has_to_be_repaired & train_has_arrived & train_is_crossing),G(!(bar_has_to_be_repaired & train_is_crossing & train_has_arrived)),True
3291,pick_up fruit or forever touch flag,pick_up_fruit | G touch_flag,F pick_up_fruit | G touch_flag,False
3292,every time the semaphore is yellow then sooner or later a semaphore is green or a car enters,G(semaphore_is_yellow -> F(car_enters | semaphore_is_green)),G(semaphore_is_yellow -> F(semaphore_is_green | car_enters)),True
3293,"Avoid entering intersection 1 until you reach street 6, and then transport cone 3 from street 2 to intersection 1",(!intersection_1 U street_6) & F(street_2 & F(p_cone_3 & F(intersection_1 & pd))),(!intersection_1 U street_6) & F(street_2 & p_cone_3 & F(intersection_1 & p_cone_3)),False
3294,Do not go to street 4 until you reach intersection 6 as you go to and stay in street 4,(!street_4 U intersection_6) & FG street_4,(!street_4) U intersection_6,False
3295,"in the future the bridge closes and, finally, either the bar is down or the motorbike is driven afterwards",G!bridge_closes | F(bridge_closes & F(bar_is_down | motorbike_is_driven)),F(bridge_closes & F(bar_is_down | X motorbike_is_driven)),False
3297,"Remain still must hold until handing over the tie to the shelf does, or else idle holds forever.",(idle U deliver_tie_shelf) | G idle,(!deliver_tie_shelf U deliver_tie_shelf) | G idle,False
3298,at some time venture house and at some time visit waste basket,F venture_house & F visit_waste_basket,F(venture_house) & F(visit_waste_basket),True
3299,at some time grab apple or repeatedly go_to waste basket,F grab_apple | GF go_to_waste_basket,F(grab_apple) | GF(go_to_waste_basket),True
3300,Retrieve box 8 from house 3 and deliver it to office 2,F(house_3 & F(p_box_8 & F(office_2 & pd))),F(house_3 & p_box_8 & F(pd & office_2)),False
3301,acquire apple and approach tree,acquire_apple & approach_tree,F(acquire_apple & approach_tree),False
3302,go through the green_room to the yellow_room,F(green_room & F yellow_room),F(green_room & F yellow_room),True
3303,You must always have either record the collision on southeast_2nd_street or record the pedestrian on west_10th_avenue.,G(record_collision_southeast_2nd_street | record_pedestrian_west_10th_avenue),G(record_collision_southeast_2nd_street | record_pedestrian_west_10th_avenue),True
3304,Remain still can only happen after calling for help.,!idle U get_help,(!idle U get_help),True
3305,whenever both the constructor instantiate objects and the elevator rises then it is going to happen that a semaphore is red or the escalator speeds up,G((constructor_instantiate_objects & elevator_rises) -> F(escalator_speeds_up | semaphore_is_red)),G((constructor_instantiate_objects & elevator_rises) -> F(semaphore_is_red | escalator_speeds_up)),True
3306,always a car stops or a house collapses implies that it will not happen that a bridge opens and an elevator is blocked,G((car_stops | house_collapses) -> G!(bridge_opens & elevator_is_blocked)),G((car_stops | house_collapses) -> !(bridge_opens & elevator_is_blocked)),False
3307,Keep taking box 2 from store 4 to hall 8,GF(store_4 & F(p_box_2 & F(hall_8 & pd))),G(F(pd & p_box_2 & store_4 & F(pd & p_box_2 & hall_8))),False
3308,whenever both the motorbike has stopped and the escalator moves then it is going to happen that the train derails,G((escalator_moves & motorbike_has_stopped) -> F train_derails),G((motorbike_has_stopped & escalator_moves) -> F train_derails),True
3309,at some time contact flag until hold pear,F contact_flag U hold_pear,F(contact_flag U hold_pear),False
3310,"If search the oven happens infinitely often, then so does get_help.",GF search_oven -> GF get_help,GF search_oven -> GF get_help,True
3311,"Whenever get_help holds, communicate the safe_hostile holds exactly three steps later.",G(get_help -> XXX communicate_safe_hostile),G(get_help -> X(X(X communicate_safe_hostile))),True
3312,"Retrieve bottle 2 from kitchen 1 and move to hall 2, staying there indefintely",F(kitchen_1 & F(p_bottle_2 & F(hall_2 & G hall_2))),F(kitchen_1 & p_bottle_2 & F(hall_2 & G hall_2)),False
3313,Every change light_east green is directly followed by geting help in the next step.,G(change_light_east_green -> X get_help),G(change_light_east_green -> X get_help),True
3314,"The system must eventually, avoid looking for the tie.",F!search_tie,F(!search_tie),True
3315,"Refrain from visiting building 3 until you arrive at street 6, and then ensure you move box 8 from store 3 to house 2",(!building_3 U street_6) & F(store_3 & F(p_box_8 & F(house_2 & pd))),(!building_3 U street_6) & F(store_3 & p_box_8 & F(house_2 & p_box_8)),False
3316,Request assistance can only happen after doing not go near the impending_flood.,!get_help U avoid_impending_flood,(!get_help) U (!avoid_impending_flood),False
3317,Deliver box_8 from store_5 to house_1,F(store_5 & F(p_box_8 & F(house_1 & pd))),F(p_box_8 & store_5) & F(p_box_8 & house_1),False
3318,at some time gather pear or never drop orange,F gather_pear | G!drop_orange,F(gather_pear) | G(!drop_orange),True
3319,grip apple and travel_to apple,grip_apple & travel_to_apple,F(grip_apple & F travel_to_apple),False
3320,Either pickup the pizza or pickup the tennis_racket happens infinitely often.,GF pickup_pizza | GF pickup_tennis_racket,GF(pickup_pizza | pickup_tennis_racket),True
3321,Do not enter park_4 until you reach street_3 as you take takeout_2 from store_7 to bench_3,(!park_4 U street_3) & F(store_7 & F(p_takeout_2 & F(bench_3 & pd))),(!park_4) U street_3,False
3322,"forever, both a motorbike is driven and a train derails",G(motorbike_is_driven & train_derails),G(motorbike_is_driven & train_derails),True
3323,"If communicate the injured_rescuer ever holds, deliver_aid the injured_victim must have held beforehand.",F communicate_injured_rescuer -> (!communicate_injured_rescuer U (!communicate_injured_rescuer & deliver_aid_injured_victim)),G(communicate_injured_rescuer -> (deliver_aid_injured_victim U communicate_injured_rescuer)),False
3324,whenever bring pear or at some time withhold apple,F bring_pear | F withhold_apple,G(bring_pear | F withhold_apple),False
3325,seize apple or seize apple,seize_apple,seize_apple | seize_apple,True
3326,"From some point onwards, search the backpack never occurs again.",FG!search_backpack,F G !search_backpack,True
3327,"Whenever neither photo the car on northeast_5th_avenue nor record the person on southwest_7th_avenue holds, record the collision on west_10th_avenue eventually holds.",G(!(photo_car_northeast_5th_avenue & record_person_southwest_7th_avenue) -> F record_collision_west_10th_avenue),G(!photo_car_northeast_5th_avenue & !record_person_southwest_7th_avenue -> F record_collision_west_10th_avenue),False
3328,"at no time either an elevator falls, a sensor captures data or the escalator is blocked",G!(elevator_falls | escalator_is_blocked | sensor_captures_data),G(!(elevator_falls | sensor_captures_data | escalator_is_blocked)),True
3329,secure apple and never drop apple,secure_apple & G!drop_apple,secure_apple & G(!drop_apple),True
3330,"first, eventually, a train derails and a manager handles requests, and then, eventually, either the semaphore is green or the bar is up",G!(manager_handles_requests & train_derails) | F(manager_handles_requests & train_derails & F(bar_is_up | semaphore_is_green)),F((train_derails & manager_handles_requests) & F(semaphore_is_green | bar_is_up)),False
3331,"Whenever change light_west green holds, from the next step onwards record the jaywalker on northeast_2nd_street will eventually hold.",G(change_light_west_green -> XF record_jaywalker_northeast_2nd_street),G(change_light_west_green -> X F record_jaywalker_northeast_2nd_street),True
3332,"if grasp orange , whenever move_past trash can",grasp_orange -> F move_past_trash_can,G(grasp_orange -> G(move_past_trash_can -> move_past_trash_can)),False
3333,it is never the case that both the car starts and the brake is released,G!(brake_is_released & car_starts),G(!(car_starts & brake_is_released)),True
3334,"if drop pear , advance_to tree",drop_pear -> advance_to_tree,G(drop_pear -> X advance_to_tree),False
3335,"always, the house is built and, at the same time, the manager handles requests and the motorbike has started",G(house_is_built & manager_handles_requests & motorbike_has_started),G(house_is_built & manager_handles_requests & motorbike_has_started),True
3336,"eternally, the car stops and, at the same time, a train stops and the bar has to be repaired",G(bar_has_to_be_repaired & car_stops & train_stops),G(car_stops & train_stops & bar_has_to_be_repaired),True
3337,Locate the pizza can only happen after pickuping the suitcase.,!search_pizza U pickup_suitcase,(!search_pizza U pickup_suitcase),True
3338,Persistently take pictures of area 4 while repeatedly capturing images of area 3,GF(area_4 & photo) & GF(area_3 & photo),G(photo & area_4) & GF(photo & area_3),False
3339,"In this task, avoid the probable_debris, then go_home.",avoid_probable_debris U go_home,(!probable_debris U go_home),False
3340,at any time either a sensor captures data or the bridge closes,G(bridge_closes | sensor_captures_data),G(sensor_captures_data | bridge_closes),True
3341,"each time a car enters then eventually, a sensor captures data after the escalator moves",G(car_enters -> G(escalator_moves -> F sensor_captures_data)),G(car_enters -> F(escalator_moves & F sensor_captures_data)),False
3342,at any time contact house can infer that move_to tree,F contact_house -> move_to_tree,G(contact_house -> move_to_tree),False
3343,"forever, both the motorbike has stopped and a manager collect claims",G(manager_collect_claims & motorbike_has_stopped),G(motorbike_has_stopped & manager_collect_claims),True
3344,"Eventually you need to at monument_1 to photo, but do not visit monument_1 until you arrive at park_4",F(monument_1 & photo) & (!monument_1 U park_4),F(monument_1 & photo) & (!monument_1 U park_4),True
3345,This controller must always have either record the person on south_3rd_street or get_help.,G(get_help | record_person_south_3rd_street),G(record_person_south_3rd_street | get_help),True
3346,when possible make_contact_with house and always touch flag,F make_contact_with_house & G touch_flag,F(make_contact_with_house) & G(touch_flag),True
3347,if an elevator is open and the train has been launched then all the time the semaphore is yellow,G((elevator_is_open & train_has_been_launched) -> G semaphore_is_yellow),G((elevator_is_open & train_has_been_launched) -> G semaphore_is_yellow),True
3348,at any time go_to transh can or whenever get_near flag,F go_to_transh_can | F get_near_flag,G(get_near_flag -> go_to_transh_can),False
3349,Ensure you at intersection_5 and remain in that location forever,FG intersection_5,F(G(intersection_5)),True
3350,at any time withold apple and whenever visit waste basket,F withold_apple & F visit_waste_basket,G(withold_apple & (visit_waste_basket -> withold_apple)),False
3351,at the blue_room,F blue_room,blue_room,False
3352,Both deliver the remote to the shelf and idle hold at every step.,G(deliver_remote_shelf & idle),G(deliver_remote_shelf & idle),True
3353,at some time move_past trash can until whenever travel_to house,F move_past_trash_can U F travel_to_house,F(move_past_trash_can U travel_to_house),True
3354,Talk to the safe_hostile and deliver_aid the safe_rescuer will each happen at some point.,F communicate_safe_hostile & F deliver_aid_safe_rescuer,F(communicate_safe_hostile) & F(deliver_aid_safe_rescuer),True
3355,Keep revisiting car 3 on your path to eventually reaching building 2,GF car_3 & F building_2,GF car_3 U building_2,False
3356,"at any time either the table has been moved, the motorbike catches fire or the escalator moves",G(escalator_moves | motorbike_catches_fire | table_has_been_moved),G(table_has_been_moved | motorbike_catches_fire | escalator_moves),True
3357,You must eventually avoid the active_unstable_beam and communicate the safe_hostile.,F(avoid_active_unstable_beam & communicate_safe_hostile),F(avoid_active_unstable_beam & communicate_safe_hostile),True
3358,"first, finally, a train has arrived, and then, eventually, a semaphore is red or the engine stops",G!train_has_arrived | F(train_has_arrived & F(engine_stops | semaphore_is_red)),F(train_has_arrived & F(semaphore_is_red | engine_stops)),False
3359,every time both the semaphore is red and the motorbike falls down then at some point either the table is old or a train has arrived,G((motorbike_falls_down & semaphore_is_red) -> F(table_is_old | train_has_arrived)),G((semaphore_is_red & motorbike_falls_down) -> F(table_is_old | train_has_arrived)),True
3360,"after the elevator rises and the escalator moves, at a certain moment a semaphore is yellow",G((elevator_rises & escalator_moves) -> F semaphore_is_yellow),F(elevator_rises & escalator_moves & F semaphore_is_yellow),False
3361,go through the red or yellow_room to get to the green_room,F((red_room | yellow_room) & F green_room),(!green_room U (red_room | yellow_room)) & F green_room,False
3362,"whenever a bridge closes or the bridge opens then always, both a manager collect claims and the escalator is blocked",G((bridge_closes | bridge_opens) -> G(escalator_is_blocked & manager_collect_claims)),G((bridge_closes | bridge_opens) -> G(manager_collect_claims & escalator_is_blocked)),True
3363,First go to park 5 and then make sure to photograph monument 3,F(park_5 & F(monument_3 & photo)),F(park_5 & F(photo & monument_3)),True
3364,if the sensor captures data then in the future the elevator is open and the motorbike falls down,G(sensor_captures_data -> F(elevator_is_open & motorbike_falls_down)),G(sensor_captures_data -> F(elevator_is_open & motorbike_falls_down)),True
3365,The robot must Please change light_west red and then photo the pedestrian on southeast_4th_street.,change_light_west_red U photo_pedestrian_southeast_4th_street,F(change_light_west_red & F photo_pedestrian_southeast_4th_street),False
3366,"Either record the person on southeast_6th_street happens infinitely often, or get_help happens in the next step.",GF record_person_southeast_6th_street | X get_help,GF(record_person_southeast_6th_street) | X(get_help),True
3367,it will not happen that the bar is up or the elevator is open or the motorbike is driven,G!(bar_is_up | elevator_is_open | motorbike_is_driven),!(bar_is_up | elevator_is_open | motorbike_is_driven),False
3368,"Either search the toaster happens infinitely often, or search the bowl happens in the next step.",GF search_toaster | X search_bowl,GF search_toaster | X search_bowl,True
3369,Call for help and record the person on northwest_2nd_avenue will each happen at some point.,F get_help & F record_person_northwest_2nd_avenue,F(get_help) & F(record_person_northwest_2nd_avenue),True
3370,"when whenever journey_by flag , do not let_go orange",F journey_by_flag -> !let_go_orange,G(journey_by_flag -> !let_go_orange),False
3371,it will not happen that the elevator is open and a bridge opens,G!(bridge_opens & elevator_is_open),G(!(elevator_is_open & bridge_opens)),True
3372,"If change light_west yellow holds and record the car on southeast_9th_street holds next, then get_help holds in the step after that.",G((change_light_west_yellow & X record_car_southeast_9th_street) -> XX get_help),G((change_light_west_yellow & X record_car_southeast_9th_street) -> XX get_help),True
3373,Take a picture of monument 12 and then stay there,F(monument_12 & photo & G monument_12),F(photo & monument_12 & G(monument_12)),True
3374,Remain in area 3 at all times,G area_3,G(area_3),True
3375,"if the escalator is blocked and a semaphore is yellow then never, either the semaphore is green or the bar is up",G((escalator_is_blocked & semaphore_is_yellow) -> G!(bar_is_up | semaphore_is_green)),G((escalator_is_blocked & semaphore_is_yellow) -> G(!(semaphore_is_green | bar_is_up))),True
3376,Deliver the surfboard to the loading_dock can only happen after search the skis.,!deliver_surfboard_loading_dock U search_skis,!deliver_surfboard_loading_dock U search_skis,True
3377,"if hold apple , when possible journey_to flag",hold_apple -> F journey_to_flag,G(hold_apple -> F journey_to_flag),False
3378,"it will happen that a semaphore is red and, at the same time, the bar is up and the escalator moves",F(bar_is_up & escalator_moves & semaphore_is_red),F (semaphore_is_red & bar_is_up & escalator_moves),True
3379,"always either the car stops or the house collapses implies that absolutely never, both a car stops and an elevator falls",G((car_stops | house_collapses) -> G!(car_stops & elevator_falls)),G(car_stops | house_collapses) -> G(!(car_stops & elevator_falls)),False
3380,"finally, a train has arrived and, finally, the escalator speeds up and a bridge opens afterwards",G!train_has_arrived | F(train_has_arrived & F(bridge_opens & escalator_speeds_up)),F(train_has_arrived & F(escalator_speeds_up & F(bridge_opens))),False
3381,in the future the engine starts or the train stops,F(engine_starts | train_stops),F (engine_starts | train_stops),True
3382,Ensure you go to park 8 and remain in that location forever,FG park_8,F G park_8,True
3383,"when at any time collect orange , get_hold_of pear",F collect_orange -> get_hold_of_pear,G(collect_orange -> F get_hold_of_pear),False
3384,You must Please change light_north green and then photo the car on south_1st_avenue.,change_light_north_green U photo_car_south_1st_avenue,F(change_light_north_green & F photo_car_south_1st_avenue),False
3385,"From some point onwards, get_help never occurs again.",FG!get_help,FG !get_help,True
3386,advance_to tree or when possible spend_time_at tree,advance_to_tree | F spend_time_at_tree,GF(advance_to_tree | spend_time_at_tree),False
3387,"Whenever idle and pickup the hair-drier are equal, pickup the hair-drier and pickup the skis are equal as well.",G((idle <-> pickup_hair_drier) -> (pickup_hair_drier <-> pickup_skis)),G((idle & pickup_hair_drier) -> (pickup_hair_drier <-> pickup_skis)),False
3388,never let_go and at any time proceed_to tree,G!let_go & F proceed_to_tree,G(!let_go & FG proceed_to_tree),False
3389,"From some point onwards, get_help never occurs again.",FG!get_help,FG !get_help,True
3390,Stay in park_2 until you photo of monument_13,park_2 U (monument_13 & photo),park_2 U photo,False
3391,You must Please communicate the safe_rescuer and then deliver_aid the safe_victim.,communicate_safe_rescuer U deliver_aid_safe_victim,F(communicate_safe_rescuer & F deliver_aid_safe_victim),False
3392,whenever the bar has to be repaired and a manager collect claims then it is going to happen that a train has arrived,G((bar_has_to_be_repaired & manager_collect_claims) -> F train_has_arrived),G((bar_has_to_be_repaired & manager_collect_claims) -> F train_has_arrived),True
3393,go_visit flag or put_in bin,go_visit_flag | put_in_bin,go_visit_flag | put_in_bin,True
3394,at some point in time both the manager handles requests and the bar is down after a bridge closes or the escalator moves,G((bridge_closes | escalator_moves) -> F(bar_is_down & manager_handles_requests)),F((manager_handles_requests & bar_is_down) & (bridge_closes | escalator_moves)),False
3395,"Go home must hold until geting help does, or else go_home holds forever.",(go_home U get_help) | G go_home,(go_home U get_help) | G go_home,True
3396,"first, finally, either the elevator falls or the brake is pressed, and then, eventually, a bridge closes",G!(brake_is_pressed | elevator_falls) | F((brake_is_pressed | elevator_falls) & F bridge_closes),F((elevator_falls | brake_is_pressed) & F bridge_closes),False
3397,if the escalator moves and the bar is closing then all the time a manager handles requests or a table is old,G((bar_is_closing & escalator_moves) -> G(manager_handles_requests | table_is_old)),(escalator_moves & bar_is_closing) -> G(manager_handles_requests | table_is_old),False
3398,"when whenever venture flag , forever hold_on pear",F venture_flag -> G hold_on_pear,G(venture_flag -> G hold_on_pear),False
3399,"Record the pedestrian on east_3rd_avenue and photo the car on northeast_4th_avenue never coincide, yet one of them is always true.",G!(photo_car_northeast_4th_avenue & record_pedestrian_east_3rd_avenue) & G(photo_car_northeast_4th_avenue | record_pedestrian_east_3rd_avenue),G(!(record_pedestrian_east_3rd_avenue & photo_car_northeast_4th_avenue) & (record_pedestrian_east_3rd_avenue | photo_car_northeast_4th_avenue)),True
3400,"Either record the jaywalker on northeast_1st_avenue happens infinitely often, or change light_north yellow happens in the next step.",GF record_jaywalker_northeast_1st_avenue | X change_light_north_yellow,GF(record_jaywalker_northeast_1st_avenue) | X(change_light_north_yellow),True
3401,"When get_help happens, photo the motorcycle on southwest_4th_avenue must hold now or in the next step.",G(get_help -> (photo_motorcycle_southwest_4th_avenue | X photo_motorcycle_southwest_4th_avenue)),G(get_help -> (photo_motorcycle_southwest_4th_avenue | X photo_motorcycle_southwest_4th_avenue)),True
3402,"it is going to happen that the sensor gathers information and, it will happen that the brake is pressed and the motorbike has stopped afterwards",G!sensor_gathers_information | F(sensor_gathers_information & F(brake_is_pressed & motorbike_has_stopped)),F(sensor_gathers_information & F(brake_is_pressed & F(motorbike_has_stopped))),False
3403,"Record unsafe_civilian should always hold, with at most a two-step grace period for recovery.",!G!(record_unsafe_civilian & X record_unsafe_civilian),G(record_unsafe_civilian | X record_unsafe_civilian | XX record_unsafe_civilian),False
3404,This controller must eventually communicate the injured_victim and go_home.,F(communicate_injured_victim & go_home),F(communicate_injured_victim & go_home),True
3405,if the house is open and a motorbike has started then under no circumstances both the sensor retrieves data and the sensor captures data,G((house_is_open & motorbike_has_started) -> G!(sensor_captures_data & sensor_retrieves_data)),G((house_is_open & motorbike_has_started) -> !(sensor_retrieves_data & sensor_captures_data)),False
3406,"absolutely never, a car stops or a semaphore is broken or the sensor gathers information",G!(car_stops | semaphore_is_broken | sensor_gathers_information),G(!(car_stops | semaphore_is_broken | sensor_gathers_information)),True
3407,gather apple and never let_go orange,gather_apple & G!let_go_orange,F(gather_apple) & G(!let_go_orange),False
3408,Do not touch letter 8 under any circumstances,G!p_letter_8,G(!p_letter_8),True
3409,"eventually, both a table is old and the bar has to be repaired and, eventually, the train stops or a motorbike has stopped afterwards",G!(bar_has_to_be_repaired & table_is_old) | F(bar_has_to_be_repaired & table_is_old & F(motorbike_has_stopped | train_stops)),F(table_is_old & bar_has_to_be_repaired) & F(train_stops | X motorbike_has_stopped),False
3410,"as a train has arrived, sooner or later either the sensor gathers information or the motorbike has started",G(train_has_arrived -> F(motorbike_has_started | sensor_gathers_information)),G(train_has_arrived -> F(sensor_gathers_information | motorbike_has_started)),True
3411,You must eventually deliver_aid the injured_rescuer or deliver_aid the safe_rescuer.,F(deliver_aid_injured_rescuer | deliver_aid_safe_rescuer),F (deliver_aid_injured_rescuer | deliver_aid_safe_rescuer),True
3412,Never pick up package 4,G!p_package_4,G(!p_package_4),True
3413,at some time grab orange or repeatedly go_to waste basket,F grab_orange | GF go_to_waste_basket,F(grab_orange) | GF(go_to_waste_basket),True
3414,move_to trash can can infer that at any time make_contact_with house,move_to_trash_can -> F make_contact_with_house,G(move_to_trash_can -> G(make_contact_with_house)),False
3416,Take brochure 3 from table 9 and move it to park 2,F(table_9 & F(p_brochure_3 & F(park_2 & pd))),F(p_brochure_3 & table_9 & pd) & F(p_brochure_3 & park_2 & pd),False
3417,"finally, both a motorbike has stopped and the escalator moves after both the bar has to be repaired and the manager collect claims",G((bar_has_to_be_repaired & manager_collect_claims) -> F(escalator_moves & motorbike_has_stopped)),F((bar_has_to_be_repaired & manager_collect_claims) U (motorbike_has_stopped & escalator_moves)),False
3418,"whenever either the semaphore is yellow or the brake is released then never, both the constructor creates instances and the engine breaks",G((brake_is_released | semaphore_is_yellow) -> G!(constructor_creates_instances & engine_breaks)),G((semaphore_is_yellow | brake_is_released) -> G(!(constructor_creates_instances & engine_breaks))),True
3419,"at some point in time the engine starts or the elevator falls and, at some point both the sensor gathers information and a motorbike catches fire afterwards",G!(elevator_falls | engine_starts) | F((elevator_falls | engine_starts) & F(motorbike_catches_fire & sensor_gathers_information)),(F (engine_starts | elevator_falls)) & (F (sensor_gathers_information & F motorbike_catches_fire)),False
3420,"Record injured_rescuer and get_help never coincide, yet one of them is always true.",G!(get_help & record_injured_rescuer) & G(get_help | record_injured_rescuer),G(!(record_injured_rescuer & get_help) & (record_injured_rescuer | get_help)),True
3421,"Go to house_4, collect trash_4, and place it at garbage_dump_1",F(house_4 & F(p_trash_4 & F(garbage_dump_1 & pd))),F(house_4 & F(p_trash_4 & F(garbage_dump_1))),False
3422,Keep returning to charger 3 as you repeatedly take photos of area 3,GF charger_3 & GF(area_3 & photo),G(photo & area_3 -> F charger_3),False
3423,move through the green or red_room to the blue_room,F((green_room | red_room) & F blue_room),F(blue_room) & ((green_room | red_room) U blue_room),False
3424,Remain in locality 2 while transporting document 5 from office 4 to office 9,G locality_2 & F(office_4 & F(p_document_5 & F(office_9 & pd))),(p_document_5 & office_4) U (p_document_5 & office_9) & G((p_document_5 & !office_9) -> locality_2),False
3425,Return to base holds at all times.,G go_home,G go_home,True
3426,Stay within parking lot 9 until you capture a photo of car 2,parking_lot_9 U (car_2 & photo),parking_lot_9 U (photo & car_2),True
3427,"at some point in time either the engine breaks or a car enters and, at a certain moment the bar is down or the motorbike is driven afterwards",G!(car_enters | engine_breaks) | F((car_enters | engine_breaks) & F(bar_is_down | motorbike_is_driven)),F((engine_breaks | car_enters) & F(bar_is_down | X motorbike_is_driven)),False
3428,Go to street 2 and stay there,FG street_2,F G street_2,True
3429,"first, at some point in time both the sensor captures data and the sensor gathers information, and then, in the future a train has arrived",G!(sensor_captures_data & sensor_gathers_information) | F(sensor_captures_data & sensor_gathers_information & F train_has_arrived),F((sensor_captures_data & sensor_gathers_information) & F train_has_arrived),False
3430,acquire orange until when possible travel_to trash can,acquire_orange U F travel_to_trash_can,acquire_orange U travel_to_trash_can,False
3431,hold orange can infer that stop_by flag,hold_orange -> stop_by_flag,G(hold_orange -> stop_by_flag),False
3432,"if a constructor instantiate objects or the bar is up then finally, either the engine stops or the train stops",G((bar_is_up | constructor_instantiate_objects) -> F(engine_stops | train_stops)),(constructor_instantiate_objects | bar_is_up) -> F(engine_stops | train_stops),False
3433,Never touch letter_8,G!p_letter_8,G(!p_letter_8),True
3434,"Continuously take pictures of monument 8, but avoid going to monument 8 until you arrive at park 4",GF(monument_8 & photo) & (!monument_8 U park_4),G(photo) & (!monument_8 U park_4),False
3435,whenever capture pear means that take pear,F capture_pear -> take_pear,G(capture_pear -> take_pear),False
3436,"as the sensor captures data, it will happen that a car stops and the elevator is blocked",G(sensor_captures_data -> F(car_stops & elevator_is_blocked)),G(sensor_captures_data -> F(car_stops & elevator_is_blocked)),True
3437,"Whenever get_help holds, from the next step onwards photo the motorcycle on east_2nd_avenue will eventually hold.",G(get_help -> XF photo_motorcycle_east_2nd_avenue),G(get_help -> X F photo_motorcycle_east_2nd_avenue),True
3438,"Once get_help has occurred, record the jaywalker on north_9th_avenue will never occur again.",G(get_help -> XG!record_jaywalker_north_9th_avenue),G(get_help -> G(!record_jaywalker_north_9th_avenue)),False
3439,Continuously transport crate 8 from warehouse 4 to store 8 while repeatedly visiting charger 2,GF(warehouse_4 & F(p_crate_8 & F(pd & store_8))) & GF charger_2,G(F(p_crate_8 & warehouse_4) & F(p_crate_8 & store_8) & F(charger_2)),False
3440,The robot must always have either deliver the apple to the loading_dock or get_help.,G(deliver_apple_loading_dock | get_help),G(deliver_apple_loading_dock | get_help),True
3441,move the robot from the red_room to the green or red_room to the big blue_room,F((green_room | red_room) & F blue_room),F(red_room & F(green_room | blue_room)),False
3443,"after a semaphore is yellow and the sensor retrieves data, sooner or later both a train has arrived and the motorbike falls down",G((semaphore_is_yellow & sensor_retrieves_data) -> F(motorbike_falls_down & train_has_arrived)),G((semaphore_is_yellow & sensor_retrieves_data) -> F(train_has_arrived & motorbike_falls_down)),True
3444,Eventually go to house 2 and pick up trash can 2,F(house_2 & p_trash_can_2),F(house_2 & p_trash_can_2),True
3445,always when both a car enters and a train is crossing then it is going to happen that either a train stops or the house is open,G((car_enters & train_is_crossing) -> F(house_is_open | train_stops)),G((car_enters & train_is_crossing) -> F(train_stops | house_is_open)),True
3446,at any time travel_to trash can and at any time take_possession_of bear,F travel_to_trash_can & F take_possession_of_bear,F(travel_to_trash_can) & F(take_possession_of_bear),True
3447,"first, it will happen that either a train is crossing or the elevator rises, and then, in the future both a table has been moved and a motorbike is driven",G!(elevator_rises | train_is_crossing) | F((elevator_rises | train_is_crossing) & F(motorbike_is_driven & table_has_been_moved)),F((train_is_crossing | elevator_rises) & F(table_has_been_moved & motorbike_is_driven)),False
3448,always both a sensor retrieves data and the sensor captures data implies that it will not happen that either the escalator is blocked or a car starts,G((sensor_captures_data & sensor_retrieves_data) -> G!(car_starts | escalator_is_blocked)),G((sensor_retrieves_data & sensor_captures_data) -> !(escalator_is_blocked | car_starts)),False
3449,"Return home must hold until avoid the active_debris does, or else go_home holds forever.",(go_home U avoid_active_debris) | G go_home,(go_home U avoid_active_debris) | G go_home,True
3450,Continuously revisit intersection_4 while ensuring you eventually at locality_9,GF intersection_4 & F locality_9,GF(intersection_4) & F(locality_9),True
3451,"Whenever photo injured_civilian holds, communicate the injured_victim holds exactly three steps later.",G(photo_injured_civilian -> XXX communicate_injured_victim),G(photo_injured_civilian -> X(X(X communicate_injured_victim))),True
3452,Take a video of the pedestrian on north_1st_street holds at all times.,G record_pedestrian_north_1st_street,G(record_pedestrian_north_1st_street),True
3453,"at any time a table has been moved and, at the same time, the engine stops and the sensor captures data",G(engine_stops & sensor_captures_data & table_has_been_moved),G(table_has_been_moved & engine_stops & sensor_captures_data),True
3454,Avoid going to garage 1 until you take a picture as you take a picture of landmark 5,(!garage_1 U photo) & F(landmark_5 & photo),(!garage_1) U (photo & landmark_5),False
3455,it is always the case that the motorbike has stopped or the elevator falls or the bar is down,G(bar_is_down | elevator_falls | motorbike_has_stopped),G(motorbike_has_stopped | elevator_falls | bar_is_down),True
3456,Ensure you keep revisiting charging station 9 as you repeatedly move crate 4 from warehouse 5 to mall 4,GF charging_station_9 & GF(warehouse_5 & F(p_crate_4 & F(mall_4 & pd))),GF(charging_station_9) & GF(p_crate_4 & warehouse_5 & F(p_crate_4 & mall_4)),False
3457,You must always have either pickup the surfboard or pickup the sports_ball.,G(pickup_sports_ball | pickup_surfboard),G(pickup_surfboard | pickup_sports_ball),True
3458,"If every search the truck is eventually followed by delivering the dog to the loading_dock, then get_help must occur infinitely often.",G(search_truck -> F deliver_dog_loading_dock) -> GF get_help,G(search_truck -> F deliver_dog_loading_dock) -> GF get_help,True
3459,at some point both the constructor instantiate objects and the semaphore is red after a semaphore is yellow,G(semaphore_is_yellow -> F(constructor_instantiate_objects & semaphore_is_red)),F(semaphore_is_yellow & F(constructor_instantiate_objects & semaphore_is_red)),False
3460,every time the table is brown and the bar is up then it will happen that both a manager handles requests and the bridge opens,G((bar_is_up & table_is_brown) -> F(bridge_opens & manager_handles_requests)),G((table_is_brown & bar_is_up) -> F(manager_handles_requests & bridge_opens)),True
3461,sooner or later the motorbike is driven or a table is old,F(motorbike_is_driven | table_is_old),F (motorbike_is_driven | table_is_old),True
3462,going_to tree can infer that when possible visit flag,going_to_tree -> F visit_flag,G(going_to_tree -> F visit_flag),False
3463,whenever both the elevator is blocked and the escalator is blocked then in any case a manager handles requests and the house collapses,G((elevator_is_blocked & escalator_is_blocked) -> G(house_collapses & manager_handles_requests)),G((elevator_is_blocked & escalator_is_blocked) -> (manager_handles_requests & house_collapses)),False
3464,"sooner or later a train has arrived and, at some point both the semaphore is yellow and a bridge closes afterwards",G!train_has_arrived | F(train_has_arrived & F(bridge_closes & semaphore_is_yellow)),F(train_has_arrived) & F(semaphore_is_yellow & F(bridge_closes)),False
3465,"Whenever get_help holds, deliver the cow to the loading_dock holds exactly three steps later.",G(get_help -> XXX deliver_cow_loading_dock),G(get_help -> X X X deliver_cow_loading_dock),True
3466,"first, eventually, either the engine stops or a train is crossing, and then, sooner or later the engine breaks or the semaphore is yellow",G!(engine_stops | train_is_crossing) | F((engine_stops | train_is_crossing) & F(engine_breaks | semaphore_is_yellow)),F((engine_stops | train_is_crossing) & F(engine_breaks | semaphore_is_yellow)),False
3467,every time the train has been launched and the bar is closing after the bar has to be repaired and the bridge opens,G((bar_has_to_be_repaired & bridge_opens) -> G(bar_is_closing & train_has_been_launched)),G((train_has_been_launched & F(bar_has_to_be_repaired & F(bridge_opens & bar_is_closing)))),False
3468,"if whenever grab flag , whenever migrate_to tree",F grab_flag -> F migrate_to_tree,G(grab_flag -> G(migrate_to_tree)),False
3469,Photograph safe_victim can only happen after avoid the impending_fire_source.,!photo_safe_victim U avoid_impending_fire_source,(!photo_safe_victim) U avoid_impending_fire_source,True
3470,if the engine breaks and the bar is closing then it will not happen that the engine starts or the train is crossing,G((bar_is_closing & engine_breaks) -> G!(engine_starts | train_is_crossing)),G((engine_breaks & bar_is_closing) -> !(engine_starts | train_is_crossing)),False
3471,"sooner or later either the bar is up, a sensor gathers information or a motorbike has stopped",F(bar_is_up | motorbike_has_stopped | sensor_gathers_information),F (bar_is_up | sensor_gathers_information | motorbike_has_stopped),True
3472,drop orange until at any time go_to trash bin,drop_orange U F go_to_trash_bin,drop_orange U go_to_trash_bin,False
3473,Stay in park_1 until you reach table_3,park_1 U table_3,park_1 U table_3,True
3474,forever go_by trash can and never drop orange,G go_by_trash_can & G!drop_orange,G(go_by_trash_can & !drop_orange),True
3475,never let_go orange and at some time set_out_to house,G!let_go_orange & F set_out_to_house,G(!let_go_orange) & F(set_out_to_house),True
3476,"Either get_help happens infinitely often, or record the car on south_3rd_avenue happens in the next step.",GF get_help | X record_car_south_3rd_avenue,GF get_help | X record_car_south_3rd_avenue,True
3477,"If photo injured_person holds, then in the next step avoid the nearest_debris persists until delivering aid to the safe_victim holds, or else avoid the nearest_debris holds forever.",photo_injured_person -> X((avoid_nearest_debris U deliver_aid_safe_victim) | G avoid_nearest_debris),G(photo_injured_person -> (X(avoid_nearest_debris U deliver_aid_safe_victim) | G(X avoid_nearest_debris))),False
3478,"Whenever neither record the cyclist on east_8th_street nor change light_north green holds, change light_south red eventually holds.",G(!(change_light_north_green & record_cyclist_east_8th_street) -> F change_light_south_red),G(!record_cyclist_east_8th_street & !change_light_north_green -> F change_light_south_red),False
3479,seize apple until whenever pass_by house,seize_apple U F pass_by_house,seize_apple U pass_by_house,False
3480,"Go to table 8, pick up brochure 2, and deliver it to table 1",F(table_8 & F(p_brochure_2 & F(pd & table_1))),F(table_8 & F(p_brochure_2 & F(table_1))),False
3481,go_by waste bin or never drop apple,go_by_waste_bin | G!drop_apple,go_by_waste_bin | G(!drop_apple),True
3482,"each time the house is open then after the house collapses, it will happen that the car starts",G(house_is_open -> G(house_collapses -> F car_starts)),G(house_is_open -> F(house_collapses -> F car_starts)),False
3483,"first, at some point the train has arrived, and then, finally, both a house collapses and the house is open",G!train_has_arrived | F(train_has_arrived & F(house_collapses & house_is_open)),F(train_has_arrived & F(house_collapses & house_is_open)),False
3484,Be in park_5 until you photo of monument_2 and then at intersection_5 and stay there,park_5 U (monument_2 & photo & F(intersection_5 & G intersection_5)),(park_5 U (photo & monument_2)) & F G intersection_5,True
3485,Continuously take pictures of landmark_21 at regular intervals,GF(landmark_21 & photo),G(F(photo & landmark_21)),True
3486,"first, sooner or later the engine breaks or a semaphore is yellow, and then, it will happen that the train has arrived",G!(engine_breaks | semaphore_is_yellow) | F((engine_breaks | semaphore_is_yellow) & F train_has_arrived),F((engine_breaks | semaphore_is_yellow) & F train_has_arrived),False
3487,Ensure you never go into park 2,G!park_2,G(!park_2),True
3488,The robot must eventually search the bed or search the vase.,F(search_bed | search_vase),F (search_bed | search_vase),True
3489,Place letter 2 in building 3 after getting it from post office 1,F(post_office_1 & F(p_lettter_2 & F(building_3 & pd))),F(p_lettter_2 & post_office_1) -> F(p_lettter_2 & building_3),False
3490,"Whenever communicate the safe_hostile holds, photo injured_civilian holds exactly three steps later.",G(communicate_safe_hostile -> XXX photo_injured_civilian),G(communicate_safe_hostile -> X(X(X(photo_injured_civilian)))),True
3491,pick_up pear can infer that at some time get apple,pick_up_pear -> F get_apple,G(pick_up_pear -> F get_apple),False
3492,whenever the engine stops or a train stops then it is never the case that a train stops or a semaphore is red,G((engine_stops | train_stops) -> G!(semaphore_is_red | train_stops)),G((engine_stops | train_stops) -> ! (train_stops | semaphore_is_red)),False
3493,never drop orange or pick_up pear,pick_up_pear | G!drop_orange,G(!drop_orange & !pick_up_pear),False
3494,"Refrain from going to parking lot 4 until you arrive at street 5, and then ensure you enter and stay in parking lot 4",(!parking_lot_4 U street_5) & F(parking_lot_4 & G parking_lot_4),(!parking_lot_4 U (street_5 & F(G parking_lot_4))),True
3495,Stay within building_2 and do not leave until you reach path_3,building_2 U path_3,(building_2 U path_3),True
3496,"first, eventually, a sensor gathers information, and then, in the future the table has been moved and the train derails",G!sensor_gathers_information | F(sensor_gathers_information & F(table_has_been_moved & train_derails)),F(sensor_gathers_information & F(table_has_been_moved & F train_derails)),False
3497,in the future both a motorbike falls down and a train is crossing after both a train derails and the escalator moves,G((escalator_moves & train_derails) -> F(motorbike_falls_down & train_is_crossing)),F((train_derails & escalator_moves) U (motorbike_falls_down & train_is_crossing)),False
3498,grasp orange and travel_to waste bin,grasp_orange & travel_to_waste_bin,F(grasp_orange & F travel_to_waste_bin),False
3499,venture_towards house can infer that venture_towards house,1,venture_towards_house -> venture_towards_house,True
3500,Reach park_8 and remain there indefinitely,FG park_8,F G park_8,True
3501,Avoid picking up cone_2 until you have reached intersection_4,!p_cone_2 U intersection_4,(!p_cone_2) U intersection_4,True
3502,every time the elevator rises or the sensor retrieves data or the elevator is open,G(elevator_is_open | elevator_rises | sensor_retrieves_data),G(elevator_rises | sensor_retrieves_data | elevator_is_open),True
3503,at the red_room but do not enter the blue_room,F red_room & G!blue_room,red_room & !blue_room,False
3504,Either change light_east yellow or photo the collision on southeast_1st_avenue happens infinitely often.,GF change_light_east_yellow | GF photo_collision_southeast_1st_avenue,GF(change_light_east_yellow | photo_collision_southeast_1st_avenue),True
3505,pick_up flag and seize apple,pick_up_flag & seize_apple,F(pick_up_flag & seize_apple),False
3506,"If photo safe_rescuer holds and go_home holds next, then record debris holds in the step after that.",G((photo_safe_rescuer & X go_home) -> XX record_debris),G((photo_safe_rescuer & X go_home) -> XX record_debris),True
3507,"at a certain moment both the brake is pressed and a motorbike has stopped and, in the future a sensor captures data and a sensor gathers information afterwards",G!(brake_is_pressed & motorbike_has_stopped) | F(brake_is_pressed & motorbike_has_stopped & F(sensor_captures_data & sensor_gathers_information)),F((brake_is_pressed & motorbike_has_stopped) & F(sensor_captures_data & F sensor_gathers_information)),False
3508,"Continue staying in park 5 until you photograph monument 2, and then move to intersection 5 and remain there",park_5 U (monument_2 & photo & F(intersection_5 & G intersection_5)),(park_5 U (photo & monument_2)) & F(G intersection_5),True
3509,always when the sensor captures data and the escalator speeds up then in the future the bridge opens and the brake is released,G((escalator_speeds_up & sensor_captures_data) -> F(brake_is_released & bridge_opens)),G((sensor_captures_data & escalator_speeds_up) -> F(bridge_opens & brake_is_released)),True
3510,at some point both the motorbike catches fire and the brake is released,F(brake_is_released & motorbike_catches_fire),F(motorbike_catches_fire & brake_is_released),True
3511,never let_go or gather apple,gather_apple | G!let_go,G(!let_go | gather_apple),False
3512,"When communicate the injured_rescuer happens, photo flood must hold now or in the next step.",G(communicate_injured_rescuer -> (photo_flood | X photo_flood)),G(communicate_injured_rescuer -> (photo_flood | X photo_flood)),True
3513,"The robot must eventually, avoid calling for help.",F!get_help,F(!get_help),True
3514,"sooner or later a bridge closes and, it is going to happen that both the sensor gathers information and the motorbike catches fire afterwards",G!bridge_closes | F(bridge_closes & F(motorbike_catches_fire & sensor_gathers_information)),F(bridge_closes & F(sensor_gathers_information & F(motorbike_catches_fire))),False
3515,Either idle or deliver the boat to the shelf happens infinitely often.,GF idle | GF deliver_boat_shelf,GF(idle | deliver_boat_shelf),True
3516,always have_in orange or approach trash can,approach_trash_can | G have_in_orange,G(have_in_orange | approach_trash_can),False
3517,"At every step, get_help equals the value of photo unstable_beam in the next step.",G(get_help <-> X photo_unstable_beam),G(get_help <-> X photo_unstable_beam),True
3518,when possible bring pear means that whenever venture_to house,F bring_pear -> F venture_to_house,G(venture_to_house -> bring_pear),False
3519,approach trash can until repeatedly grab tree,approach_trash_can U GF grab_tree,GF(approach_trash_can U grab_tree),True
3520,"if never let_go apple , at any time going_to flag",G!let_go_apple -> F going_to_flag,G(!let_go_apple) -> G(going_to_flag),False
3521,"At every step, communicate the safe_rescuer equals the value of photo flood in the next step.",G(communicate_safe_rescuer <-> X photo_flood),G(communicate_safe_rescuer <-> X photo_flood),True
3522,at some time present_at flag until go_by waste bin,F present_at_flag U go_by_waste_bin,F(present_at_flag U go_by_waste_bin),False
3523,sooner or later a semaphore is red or a train stops,F(semaphore_is_red | train_stops),F (semaphore_is_red | train_stops),True
3524,every time either the table is old or the sensor retrieves data then it will happen that the sensor captures data,G((sensor_retrieves_data | table_is_old) -> F sensor_captures_data),G((table_is_old | sensor_retrieves_data) -> F sensor_captures_data),True
3525,Collect box_8 from house_3 and transport it to office_2,F(house_3 & F(p_box_8 & F(office_2 & pd))),F(p_box_8 & house_3 & F(p_box_8 & office_2)),False
3526,always when a sensor captures data then it is going to happen that the table is old or the train has arrived,G(sensor_captures_data -> F(table_is_old | train_has_arrived)),G(sensor_captures_data -> F(table_is_old | train_has_arrived)),True
3527,"as either a motorbike has stopped or the house is built, it will happen that a train has arrived",G((house_is_built | motorbike_has_stopped) -> F train_has_arrived),(motorbike_has_stopped | house_is_built) -> F train_has_arrived,False
3528,Get package_2 from store_3 and take it to house_2 but do not enter mall_1,F(store_3 & F(p_package_2 & F(house_2 & pd))) & G!mall_1,F(store_3 & p_package_2 & F(house_2 & pd)) & G(!mall_1),False
3529,You must always maintain both go_home and deliver_aid the injured_hostile.,G(deliver_aid_injured_hostile & go_home),G(go_home & deliver_aid_injured_hostile),True
3530,"If every get_help is eventually followed by going home, then communicate the injured_rescuer must occur infinitely often.",G(get_help -> F go_home) -> GF communicate_injured_rescuer,(G(get_help -> F go_home)) -> GF communicate_injured_rescuer,True
3531,forever have_in orange and approach trash can,approach_trash_can & G have_in_orange,G(have_in_orange & approach_trash_can),False
3532,at any time get_hold orange means that when possible obtain apple,F get_hold_orange -> F obtain_apple,G(get_hold_orange -> F obtain_apple),False
3533,"If every search the remote is eventually followed by search the snowboard, then search the zebra must occur infinitely often.",G(search_remote -> F search_snowboard) -> GF search_zebra,G(search_remote -> F search_snowboard) -> GF search_zebra,True
3534,"The system must eventually, avoid looking for the clock.",F!search_clock,F(!search_clock),True
3535,move to yellow_room,F yellow_room,F yellow_room,True
3536,Keep taking box_2 from store_4 to hall_8,GF(store_4 & F(p_box_2 & F(hall_8 & pd))),G(p_box_2 & store_4 -> F(p_box_2 & hall_8)),False
3537,The robot must eventually avoid the inactive_fire_source or communicate the safe_rescuer.,F(avoid_inactive_fire_source | communicate_safe_rescuer),F(avoid_inactive_fire_source | communicate_safe_rescuer),True
3538,do not pick_up anything and at any time journey_by house,!F pick_up_anything & F journey_by_house,G(!pick_up_anything & journey_by_house),False
3539,forever move and at some time be_at house,G move & F be_at_house,G(move) & F(be_at_house),True
3540,"it will happen that a sensor gathers information and, eventually, the table is brown and the bar is down afterwards",G!sensor_gathers_information | F(sensor_gathers_information & F(bar_is_down & table_is_brown)),F(sensor_gathers_information & F(table_is_brown & F(bar_is_down))),False
3541,Avoid going to park_5 until you reach intersection_5 as you take a photo of monument_3,(!park_5 U intersection_5) & F(monument_3 & photo),(!park_5) U (intersection_5 & photo),False
3542,The robot must eventually change light_north green or record the pedestrian on southeast_6th_street.,F(change_light_north_green | record_pedestrian_southeast_6th_street),F (change_light_north_green | record_pedestrian_southeast_6th_street),True
3543,"If record safe_person holds, then in the next step record safe_rescuer persists until deliver_aid the injured_victim holds, or else record safe_rescuer holds forever.",record_safe_person -> X((record_safe_rescuer U deliver_aid_injured_victim) | G record_safe_rescuer),record_safe_person -> (X (record_safe_rescuer U deliver_aid_injured_victim) | G record_safe_rescuer),False
3544,under no circumstances both the engine starts and the semaphore is broken after both the bar is closing and the elevator is blocked,G((bar_is_closing & elevator_is_blocked) -> G!(engine_starts & semaphore_is_broken)),G((bar_is_closing & elevator_is_blocked) -> G(!(engine_starts & semaphore_is_broken))),True
3545,at the red_room avoiding the yellow_room,F red_room & G!yellow_room,red_room & !yellow_room,False
3546,Always avoid going to hall 1 to pick up file 6,G!(hall_1 & p_file_6),G(!(hall_1 & p_file_6)),True
3547,"when at any time approach house , pick_up pear",F approach_house -> pick_up_pear,G(approach_house -> F pick_up_pear),False
3548,"eventually, the elevator rises or a motorbike has stopped or the bar is up",F(bar_is_up | elevator_rises | motorbike_has_stopped),F (elevator_rises | motorbike_has_stopped | bar_is_up),True
3549,pick_up flag or collect pear,collect_pear | pick_up_flag,pick_up_flag | collect_pear,True
3550,in any case the house collapses or the escalator speeds up,G(escalator_speeds_up | house_collapses),(house_collapses | escalator_speeds_up),False
3551,"if at some time get orange , when possible go_visit house",F get_orange -> F go_visit_house,F(get_orange) -> F(go_visit_house),True
3552,move_to tree or drop orange,drop_orange | move_to_tree,move_to_tree | drop_orange,True
3553,First at park_7 and after that photo of monument_4,F(park_7 & F(monument_4 & photo)),F(park_7 & F photo),False
3554,"Begin recording unstable_beam must keep holding until, from some point on, communicate the safe_victim holds infinitely often.",record_unstable_beam U GF communicate_safe_victim,record_unstable_beam U (G (F communicate_safe_victim)),True
3555,forever touch flag and take_to tree,take_to_tree & G touch_flag,G(touch_flag & take_to_tree),False
3556,move to green_room,F green_room,F green_room,True
3557,"whenever the engine breaks or a sensor gathers information then never, the train stops or the semaphore is red",G((engine_breaks | sensor_gathers_information) -> G!(semaphore_is_red | train_stops)),G((engine_breaks | sensor_gathers_information) -> G(!(train_stops | semaphore_is_red))),True
3558,"Whenever communicate the injured_hostile holds, record gas_leak holds as well.",G(communicate_injured_hostile -> record_gas_leak),G(communicate_injured_hostile -> record_gas_leak),True
3559,Take trash_4 from house_4 to garbage_dump_1,F(house_4 & F(p_trash_4 & F(garbage_dump_1 & pd))),F(pd & p_trash_4 & house_4) & F(pd & p_trash_4 & garbage_dump_1),False
3560,"Do not take any pictures before reaching park 5, and ensure you eventually take a picture of landmark 4",(!photo U park_5) & F(landmark_4 & photo),(!photo U park_5) & F(photo & landmark_4),True
3561,"If every avoid the nearest_fire_source is eventually followed by begining recording unsafe_civilian, then communicate the injured_victim must occur infinitely often.",G(avoid_nearest_fire_source -> F record_unsafe_civilian) -> GF communicate_injured_victim,G(avoid_nearest_fire_source -> F record_unsafe_civilian) -> GF communicate_injured_victim,True
3562,You must always maintain both search the broccoli and pickup the kite.,G(pickup_kite & search_broccoli),G(search_broccoli & pickup_kite),True
3563,sooner or later the elevator is open and an elevator falls,F(elevator_falls & elevator_is_open),F (elevator_is_open & elevator_falls),True
3564,don't let_go pear or approach tree,approach_tree | !let_go_pear,G(!let_go_pear & !approach_tree),False
3565,forever have apple and do not pick_up anything,G have_apple & !F pick_up_anything,G(have_apple & !pick_up_anything),True
3566,"always when either the escalator moves or the car enters then eventually, the car starts or a car stops",G((car_enters | escalator_moves) -> F(car_starts | car_stops)),G((escalator_moves | car_enters) -> F(car_starts | car_stops)),True
3567,Pick up bottle 3 from store 1 and deliver it to hospital 2.,F(shop_1 & F(p_bottle_3 & F(hospital_2 & pd))),F(p_bottle_3 & shop_1 & pd & F(p_bottle_3 & hospital_2 & pd)),False
3568,Never at hall_1 to collect file_6 under any circumstances,G!(hall_1 & p_file_6),G(!(hall_1 & p_file_6)),True
3569,it is always true that an elevator falls and a car starts,G(car_starts & elevator_falls),G(elevator_falls & car_starts),True
3570,at the red_room move the yellow thing into the green_room,F(red_room & F green_room),F(red_room & F(green_room)),True
3571,whenever present_at flag or at any time present_at flag,F present_at_flag,G(present_at_flag),False
3572,"if hold pear , pick_up orange",hold_pear -> pick_up_orange,G(hold_pear -> pick_up_orange),False
3573,forever have_in orange and at any time go_to trashcan,G have_in_orange & F go_to_trashcan,G(have_in_orange) & GF(go_to_trashcan),False
3574,"Whenever get_help holds, pickup the potted_plant holds as well.",G(get_help -> pickup_potted_plant),G(get_help -> pickup_potted_plant),True
3575,"Whenever change light_north green holds, from the next step onwards record the jaywalker on south_1st_avenue will eventually hold.",G(change_light_north_green -> XF record_jaywalker_south_1st_avenue),G(change_light_north_green -> X F record_jaywalker_south_1st_avenue),True
3576,Locate the chair holds at all times.,G search_chair,G search_chair,True
3577,grab_hold pear or never drop orange,grab_hold_pear | G!drop_orange,grab_hold_pear | G(!drop_orange),True
3578,Our agent must eventually photo the person on southwest_10th_avenue and change light_north green.,F(change_light_north_green & photo_person_southwest_10th_avenue),F(photo_person_southwest_10th_avenue & change_light_north_green),True
3579,Move to parking lot 5 and stay in that location permanently.,FG parking_lot_5,F G parking_lot_5,True
3580,Ensure you repeatedly ccapture images of landmark 21,GF(landmark_21 & photo),GF(photo & landmark_21),True
3581,under no condition the manager collect claims or the bar is down,G!(bar_is_down | manager_collect_claims),G(!(manager_collect_claims | bar_is_down)),True
3582,"first, at some point in time a train has been launched and the semaphore is yellow, and then, sooner or later the train has been launched and the constructor creates instances",G!(semaphore_is_yellow & train_has_been_launched) | F(semaphore_is_yellow & train_has_been_launched & F(constructor_creates_instances & train_has_been_launched)),F((train_has_been_launched & semaphore_is_yellow) & F(train_has_been_launched & constructor_creates_instances)),False
3583,Keep visiting parking_lot_4 as you take document_4 from car_5 to car_6,GF parking_lot_4 & F(car_5 & F(p_document_4 & F(car_6 & pd))),G(parking_lot_4) & (p_document_4 & car_5) U (p_document_4 & car_6),False
3584,go through the green_room to the red_room,F(green_room & F red_room),F(green_room & F red_room),True
3585,"If change light_north red holds and record the cyclist on northeast_2nd_street holds next, then record the car on southeast_10th_street holds in the step after that.",G((change_light_north_red & X record_cyclist_northeast_2nd_street) -> XX record_car_southeast_10th_street),(change_light_north_red & X record_cyclist_northeast_2nd_street) -> XX record_car_southeast_10th_street,False
3586,Go to park 8 and never leave,FG park_8,F G park_8,True
3587,forever stay and whenever migrate_to tree,G stay & F migrate_to_tree,G(stay & (migrate_to_tree -> stay)),False
3588,Stay out of building 1 until you get to street 4.,!building_1 U street_4,(!building_1) U street_4,True
3589,"Request assistance should always hold, with at most a two-step grace period for recovery.",!G!(get_help & X get_help),G(get_help | X get_help | XX get_help),False
3590,it will happen that the escalator speeds up and together the escalator is blocked and a semaphore is green,F(escalator_is_blocked & escalator_speeds_up & semaphore_is_green),F(escalator_speeds_up & (escalator_is_blocked & semaphore_is_green)),True
3591,"Eventually go to house 3, pick up pass 2, and deliver it to office 2, while ensuring you do not enter street 5 before picking up pass 2",F(house_3 & F(p_pass_2 & F(office_2 & pd))) & (!street_5 U p_pass_2),F(house_3 & F(p_pass_2 & F(office_2))) & (!street_5 U p_pass_2),False
3592,"sooner or later either a train is crossing or the elevator rises and, it is going to happen that either the engine breaks or the semaphore is yellow afterwards",G!(elevator_rises | train_is_crossing) | F((elevator_rises | train_is_crossing) & F(engine_breaks | semaphore_is_yellow)),F((train_is_crossing | elevator_rises) & F(engine_breaks | X semaphore_is_yellow)),False
3593,get_to tree or reach house,get_to_tree | reach_house,F (get_to_tree | reach_house),False
3594,at any time a constructor instantiate objects and together the bar is down and a manager collect claims,G(bar_is_down & constructor_instantiate_objects & manager_collect_claims),G(constructor_instantiate_objects & bar_is_down & manager_collect_claims),True
3595,whenever either the bridge closes or the bridge opens then it is always the case that the semaphore is yellow,G((bridge_closes | bridge_opens) -> G semaphore_is_yellow),G((bridge_closes | bridge_opens) -> G(semaphore_is_yellow)),True
3596,never let_go orange means that acquire apple,G!let_go_orange -> acquire_apple,G(!let_go_orange -> acquire_apple),False
3597,never let_go apple or when possible go_near pear,G!let_go_apple | F go_near_pear,G(!let_go_apple | F go_near_pear),False
3598,always hold_on pear until at some time venture flag,G hold_on_pear U F venture_flag,G(hold_on_pear U venture_flag),False
3599,Do not leave park_4 until you have taken a photograph of statue_9,park_4 U (photo & statue_9),park_4 U photo,False
3600,Ensure you repeatedly photograph area 9 while regularly moving ordnance 3 from camp 4 to camp 9,GF(area_9 & photo) & GF(camp_4 & F(p_ordnance_3 & F(camp_9 & pd))),GF(photo & area_9) & GF(p_ordnance_3 & camp_4) & GF(p_ordnance_3 & camp_9),False
3601,"it never happens that the sensor gathers information and, at the same time, the bar is down and a house is open",G!(bar_is_down & house_is_open & sensor_gathers_information),G(!(sensor_gathers_information & bar_is_down & house_is_open)),True
3602,"Get help and record the jaywalker on east_2nd_street never coincide, yet one of them is always true.",G!(get_help & record_jaywalker_east_2nd_street) & G(get_help | record_jaywalker_east_2nd_street),G(!(get_help & record_jaywalker_east_2nd_street) & (get_help | record_jaywalker_east_2nd_street)),True
3603,when possible stop_by trash can until at some time set_out_to house,F stop_by_trash_can U F set_out_to_house,G(stop_by_trash_can U set_out_to_house),False
3604,if either a sensor captures data or the train has been launched then at any time either the car stops or the brake is released,G((sensor_captures_data | train_has_been_launched) -> G(brake_is_released | car_stops)),(sensor_captures_data | train_has_been_launched) -> G(car_stops | brake_is_released),False
3605,stop_by flag until never let_go orange,stop_by_flag U G!let_go_orange,stop_by_flag U !let_go_orange,False
3606,at some point a train has arrived and together a manager handles requests and the escalator is blocked,F(escalator_is_blocked & manager_handles_requests & train_has_arrived),F(train_has_arrived & manager_handles_requests & escalator_is_blocked),True
3607,whenever the semaphore is yellow then all the time both a semaphore is yellow and the train stops,G(semaphore_is_yellow -> G(semaphore_is_yellow & train_stops)),G(semaphore_is_yellow -> G(semaphore_is_yellow & train_stops)),True
3608,it should not happen that both the constructor creates instances and the table has been moved,G!(constructor_creates_instances & table_has_been_moved),G(!(constructor_creates_instances & table_has_been_moved)),True
3609,Ensure you continuously stay in locality 7 as you move letter 1 from office 4 to house 1,G locality_7 & F(office_4 & F(p_letter_1 & F(house_1 & pd))),G(locality_7) & (p_letter_1 & office_4) U (p_letter_1 & house_1),False
3610,Go to hotel 3 and stay there,FG hotel_3,F G hotel_3,True
3611,Continuously take pictures of intersection_4 at regular intervals,GF(intersection_4 & photo),G(photo & intersection_4),False
3612,repeatedly make_way_to house or at some time go_near pear,GF make_way_to_house | F go_near_pear,GF(make_way_to_house) | F(go_near_pear),True
3613,whenever obtain orange or at some time snatch pear,F obtain_orange | F snatch_pear,G(obtain_orange | F snatch_pear),False
3614,Continue staying in street 6 until you successfully arrive at intersection 8,street_6 U intersection_8,street_6 U intersection_8,True
3615,Ensure you continuously take pictures of statue_4 while regularly visiting charger_4,GF(photo & statue_4) & GF charger_4,G(photo & statue_4) & GF(charger_4),False
3616,"If photo safe_person happens infinitely often, then so does go_home.",GF photo_safe_person -> GF go_home,GF(photo_safe_person) -> GF(go_home),True
3617,"If every record safe_person is eventually followed by photoing injured_civilian, then communicate the injured_hostile must occur infinitely often.",G(record_safe_person -> F photo_injured_civilian) -> GF communicate_injured_hostile,G(record_safe_person -> F photo_injured_civilian) -> GF communicate_injured_hostile,True
3618,Pick up brochure_5 from table_2 and put it in street_5,F(table_2 & F(p_brochure_5 & F(pd & street_5))),F(p_brochure_5 & table_2 & pd) & F(p_brochure_5 & street_5 & pd),False
3619,"when drop_by , never drop orange",drop_by -> G!drop_orange,G(drop_by -> !drop_orange),False
3620,it is going to happen that both a constructor instantiate objects and a semaphore is red after a train derails,G(train_derails -> F(constructor_instantiate_objects & semaphore_is_red)),F(train_derails -> F(constructor_instantiate_objects & semaphore_is_red)),False
3621,if a motorbike catches fire or the sensor gathers information then sooner or later either the brake is released or the engine breaks,G((motorbike_catches_fire | sensor_gathers_information) -> F(brake_is_released | engine_breaks)),(motorbike_catches_fire | sensor_gathers_information) -> F (brake_is_released | engine_breaks),False
3622,"Whenever record the person on northeast_8th_street holds, get_help holds as well.",G(record_person_northeast_8th_street -> get_help),G(record_person_northeast_8th_street -> get_help),True
3623,"under no circumstances the brake is released, the train stops and a semaphore is yellow",G!(brake_is_released & semaphore_is_yellow & train_stops),G(!(brake_is_released & train_stops & semaphore_is_yellow)),True
3624,"at some point in time either the constructor creates instances or a motorbike is driven and, at some point a sensor gathers information afterwards",G!(constructor_creates_instances | motorbike_is_driven) | F((constructor_creates_instances | motorbike_is_driven) & F sensor_gathers_information),F((constructor_creates_instances | motorbike_is_driven) & F sensor_gathers_information),False
3625,whenever snag orange or don't let_go pear,!let_go_pear | F snag_orange,G((snag_orange | !let_go_pear)),False
3626,if both a house is open and a motorbike has started then it is always the case that the constructor creates instances and a car stops,G((house_is_open & motorbike_has_started) -> G(car_stops & constructor_creates_instances)),(house_is_open & motorbike_has_started) -> G(constructor_creates_instances & car_stops),False
3627,at some time touch house until when possible pass_by house,F touch_house U F pass_by_house,F(touch_house U pass_by_house),True
3628,"Eventually (at intersection_7, photo there, and remain at intersection_7 permanently)",F(intersection_7 & photo & G intersection_7),F(intersection_7 & photo & G intersection_7),True
3629,"after either the table is old or a manager collect claims, sooner or later the manager collect claims and a train has arrived",G((manager_collect_claims | table_is_old) -> F(manager_collect_claims & train_has_arrived)),F((table_is_old | manager_collect_claims) & F(manager_collect_claims & train_has_arrived)),False
3630,"always, the sensor captures data, a constructor creates instances and the engine stops",G(constructor_creates_instances & engine_stops & sensor_captures_data),G(sensor_captures_data & constructor_creates_instances & engine_stops),True
3631,"first, at a certain moment either a semaphore is green or the bar is closing, and then, it will happen that the brake is released and the sensor captures data",G!(bar_is_closing | semaphore_is_green) | F((bar_is_closing | semaphore_is_green) & F(brake_is_released & sensor_captures_data)),F((semaphore_is_green | bar_is_closing) & F(brake_is_released & sensor_captures_data)),False
3632,Continuously visit parking lot 4 while delivering document 4 from car 5 to car 6,GF parking_lot_4 & F(car_5 & F(p_document_4 & F(car_6 & pd))),G(pd & p_document_4 & car_5 & car_6 -> parking_lot_4),False
3633,Remain in park_2 until you photo of monument_13,park_2 U (monument_13 & photo),park_2 U photo,False
3634,Our agent must always have either communicate the safe_rescuer or get_help.,G(communicate_safe_rescuer | get_help),G(communicate_safe_rescuer | get_help),True
3635,"Whenever change light_north red and photo the person on northwest_6th_street are equal, photo the person on northwest_6th_street and get_help are equal as well.",G((change_light_north_red <-> photo_person_northwest_6th_street) -> (get_help <-> photo_person_northwest_6th_street)),G((change_light_north_red & photo_person_northwest_6th_street) -> (photo_person_northwest_6th_street & get_help)),False
3636,"Get help and go_home never coincide, yet one of them is always true.",G!(get_help & go_home) & G(get_help | go_home),G(!(get_help & go_home) & (get_help | go_home)),True
3637,at some time travel_to house and repeatedly make_way_to house,F travel_to_house & GF make_way_to_house,F(travel_to_house & GF make_way_to_house),True
3638,reach trash can or at any time go_to house,reach_trash_can | F go_to_house,F(reach_trash_can) | GF(go_to_house),False
3639,at some point the escalator moves and the motorbike falls down,F(escalator_moves & motorbike_falls_down),F(escalator_moves & motorbike_falls_down),True
3640,"after the train has arrived, it will happen that either the table has been moved or the house is built",G(train_has_arrived -> F(house_is_built | table_has_been_moved)),F(train_has_arrived & F(table_has_been_moved | house_is_built)),False
3642,"When get_help happens, idle must hold now or in the next step.",G(get_help -> (idle | X idle)),G(get_help -> (idle | X idle)),True
3643,Keep returning to charger 5 as you repeatedly take a picture of region 4,GF charger_5 & GF(photo & region_4),G((photo & region_4) -> F charger_5),False
3644,when possible get_close tree and don't let_go pear,!let_go_pear & F get_close_tree,GF(get_close_tree) & G(!let_go_pear),False
3645,"eventually, the bar is down or the motorbike is driven and, in the future a train has arrived afterwards",G!(bar_is_down | motorbike_is_driven) | F((bar_is_down | motorbike_is_driven) & F train_has_arrived),F((bar_is_down | motorbike_is_driven) & F train_has_arrived),False
3646,it is going to happen that the engine starts or the sensor gathers information,F(engine_starts | sensor_gathers_information),F (engine_starts | sensor_gathers_information),True
3647,The system must Please get_help and then record the motorcycle on east_1st_street.,get_help U record_motorcycle_east_1st_street,F(get_help & F record_motorcycle_east_1st_street),False
3648,at any time withdraw pear or do not let_go orange,!let_go_orange | F withdraw_pear,G(withdraw_pear | !let_go_orange),False
3649,if the train has arrived then at a certain moment either the sensor captures data or the house is open,G(train_has_arrived -> F(house_is_open | sensor_captures_data)),G(train_has_arrived -> F(sensor_captures_data | house_is_open)),True
3650,"When search the scissors happens, idle must hold now or in the next step.",G(search_scissors -> (idle | X idle)),G(search_scissors -> (idle | X idle)),True
3651,at no time a sensor captures data or the train has been launched or the engine breaks,G!(engine_breaks | sensor_captures_data | train_has_been_launched),G(!(sensor_captures_data | train_has_been_launched | engine_breaks)),True
3652,You must avoid the active_fire_source and avoid the probable_gas_leak are mutually exclusive at all times.,G!(avoid_active_fire_source & avoid_probable_gas_leak),G(!(avoid_active_fire_source & avoid_probable_gas_leak)),True
3653,"Take a photo of the vehicle on northwest_4th_avenue should always hold, with at most a two-step grace period for recovery.",!G!(photo_vehicle_northwest_4th_avenue & X photo_vehicle_northwest_4th_avenue),"G(F[0,2] photo_vehicle_northwest_4th_avenue)",False
3654,"always, the engine breaks and, at the same time, the bar has to be repaired and the engine starts",G(bar_has_to_be_repaired & engine_breaks & engine_starts),G(engine_breaks & bar_has_to_be_repaired & engine_starts),True
3655,"Stay away from the active_flood must hold until establishing communication with the injured_victim does, or else avoid the active_flood holds forever.",(avoid_active_flood U communicate_injured_victim) | G avoid_active_flood,(avoid_active_flood U communicate_injured_victim) | G avoid_active_flood,True
3656,You must always avoid deliver the truck to the loading_dock.,G!deliver_truck_loading_dock,G(!deliver_truck_loading_dock),True
3657,"sooner or later a sensor gathers information and, at the same time, the house is built and a semaphore is red",F(house_is_built & semaphore_is_red & sensor_gathers_information),F(sensor_gathers_information & house_is_built & semaphore_is_red),True
3658,move into the yellow_room but only via the green_room,F(green_room & F yellow_room),F(yellow_room) & (!yellow_room U green_room),False
3659,at the yellow_room,F yellow_room,yellow_room,False
3660,never let_go orange or at some time stand_by tree,G!let_go_orange | F stand_by_tree,G(!let_go_orange) | F(stand_by_tree),True
3661,"Whenever search the mouse holds, eventually search the sink will hold.",G(search_mouse -> F search_sink),G(search_mouse -> F search_sink),True
3662,Ensure you keep moving box_2 from store_4 to hall_8,GF(store_4 & F(p_box_2 & F(hall_8 & pd))),G(p_box_2 & store_4 -> F(p_box_2 & hall_8)),False
3663,"eventually, a car stops or the brake is released and, it is going to happen that a bridge closes afterwards",G!(brake_is_released | car_stops) | F((brake_is_released | car_stops) & F bridge_closes),F((car_stops | brake_is_released) & F bridge_closes),False
3665,approach tree or forever go_by trash can,approach_tree | G go_by_trash_can,approach_tree | G go_by_trash_can,True
3666,"Once search the skis has occurred, deliver the carrot to the loading_dock will never occur again.",G(search_skis -> XG!deliver_carrot_loading_dock),G(search_skis -> G(!deliver_carrot_loading_dock)),False
3667,never drop apple and never let_go apple,G!drop_apple & G!let_go_apple,G(!drop_apple & !let_go_apple),True
3668,it is always the case that a train has been launched and a semaphore is yellow,G(semaphore_is_yellow & train_has_been_launched),G(train_has_been_launched & semaphore_is_yellow),True
3669,"when when possible touch tree , pick_up flag",F touch_tree -> pick_up_flag,G(touch_tree -> F pick_up_flag),False
3670,"after the brake is released or the bar is down, sooner or later both a sensor retrieves data and the escalator moves",G((bar_is_down | brake_is_released) -> F(escalator_moves & sensor_retrieves_data)),F((brake_is_released | bar_is_down) -> F(sensor_retrieves_data & escalator_moves)),False
3671,"Whenever change light_north red holds, get_help holds as well.",G(change_light_north_red -> get_help),G(change_light_north_red -> get_help),True
3672,"From some point onwards, go_home never occurs again.",FG!go_home,F G !go_home,True
3673,"Globally, if go_home occurs then finally deliver_aid the injured_rescuer happens.",G(go_home -> F deliver_aid_injured_rescuer),G(go_home -> F deliver_aid_injured_rescuer),True
3674,it should not happen that either the sensor gathers information or a manager handles requests,G!(manager_handles_requests | sensor_gathers_information),G(!(sensor_gathers_information | manager_handles_requests)),True
3675,"first, it will happen that the train has arrived, and then, at some point in time a sensor captures data and the sensor gathers information",G!train_has_arrived | F(train_has_arrived & F(sensor_captures_data & sensor_gathers_information)),F(train_has_arrived & F(sensor_captures_data & sensor_gathers_information)),False
3676,Eventually (Take a photo of monument 12 and also stay at monument 12 forever),F(monument_12 & photo & G monument_12),F(photo & monument_12 & G(monument_12)),True
3677,"Whenever neither record the motorcycle on west_8th_street nor record the pedestrian on north_3rd_avenue holds, photo the pedestrian on west_5th_street eventually holds.",G(!(record_motorcycle_west_8th_street & record_pedestrian_north_3rd_avenue) -> F photo_pedestrian_west_5th_street),G(!record_motorcycle_west_8th_street & !record_pedestrian_north_3rd_avenue -> F photo_pedestrian_west_5th_street),False
3678,Capture an image of car 1 while avoiding street 6 indefinitely,G!street_6 & F(car_1 & photo),F(photo & car_1) & G(!street_6),True
3679,"Whenever neither communicate the injured_rescuer nor record debris holds, get_help eventually holds.",G(!(communicate_injured_rescuer & record_debris) -> F get_help),G(!communicate_injured_rescuer & !record_debris -> F get_help),False
3680,"Globally, if get_help occurs then finally avoid the inactive_flood happens.",G(get_help -> F avoid_inactive_flood),G(get_help -> F avoid_inactive_flood),True
3681,at some point the sensor captures data or a house collapses or the sensor gathers information,F(house_collapses | sensor_captures_data | sensor_gathers_information),F(sensor_captures_data | house_collapses | sensor_gathers_information),True
3682,Go to hotel_3 and never leave,FG hotel_3,F G hotel_3,True
3683,every time the train derails then it will happen that both the semaphore is red and the sensor retrieves data,G(train_derails -> F(semaphore_is_red & sensor_retrieves_data)),G(train_derails -> (semaphore_is_red & sensor_retrieves_data)),False
3684,"if the train derails then eventually, a manager handles requests or a motorbike catches fire",G(train_derails -> F(manager_handles_requests | motorbike_catches_fire)),G(train_derails -> F(manager_handles_requests | motorbike_catches_fire)),True
3685,at some point in time the bar has to be repaired and together a train stops and a bridge opens,F(bar_has_to_be_repaired & bridge_opens & train_stops),F(bar_has_to_be_repaired & train_stops & bridge_opens),True
3686,"If every photo injured_rescuer is eventually followed by calling for help, then deliver_aid the injured_hostile must occur infinitely often.",G(photo_injured_rescuer -> F get_help) -> GF deliver_aid_injured_hostile,G(photo_injured_rescuer -> F get_help) -> GF deliver_aid_injured_hostile,True
3687,never let_go or whenever steal apple,G!let_go | F steal_apple,G(!let_go | (steal_apple -> G steal_apple)),False
3688,take_to trashcan or take_to trashcan,take_to_trashcan,F take_to_trashcan,False
3689,The system must always avoid calling for help.,G!get_help,G(!get_help),True
3690,at any time yield pear until at any time get_close tree,F yield_pear U F get_close_tree,yield_pear U get_close_tree,False
3691,"if when possible go_by waste basket , secure apple",F go_by_waste_basket -> secure_apple,GF(go_by_waste_basket) -> F(secure_apple),False
3692,"Idle must keep holding until, from some point on, pickup the refrigerator holds infinitely often.",idle U GF pickup_refrigerator,idle U (G F pickup_refrigerator),True
3693,don't let_go orange until at some time lay_hold_of apple,!let_go_orange U F lay_hold_of_apple,(!let_go_orange) U lay_hold_of_apple,False
3694,"first, sooner or later both the train stops and the brake is pressed, and then, at a certain moment both a sensor retrieves data and a house collapses",G!(brake_is_pressed & train_stops) | F(brake_is_pressed & train_stops & F(house_collapses & sensor_retrieves_data)),F((train_stops & brake_is_pressed) & F(sensor_retrieves_data & house_collapses)),False
3695,The system must always avoid go_home.,G!go_home,G(!go_home),True
3696,"first, it will happen that both the table is brown and the bar is up, and then, it is going to happen that the sensor gathers information",G!(bar_is_up & table_is_brown) | F(bar_is_up & table_is_brown & F sensor_gathers_information),F((table_is_brown & bar_is_up) & F(sensor_gathers_information)),False
3697,Keep taking a picture of statue 4 and also keep visiting charger 4,GF(photo & statue_4) & GF charger_4,G(photo & statue_4 & charger_4),False
3698,when possible journey_to house until approach tree,F journey_to_house U approach_tree,G(journey_to_house U approach_tree),False
3699,Refrain from handling package 5 at all times,G!p_package_5,G(!p_package_5),True
3700,it will not happen that either a motorbike has started or the table has been moved,G!(motorbike_has_started | table_has_been_moved),!(motorbike_has_started | table_has_been_moved),False
3701,under no condition the sensor captures data or a train is crossing after the brake is released or the engine starts,G((brake_is_released | engine_starts) -> G!(sensor_captures_data | train_is_crossing)),G((brake_is_released | engine_starts) -> G(!(sensor_captures_data | train_is_crossing))),True
3702,when possible make_way waste basket and forever have_in orange,F make_way_waste_basket & G have_in_orange,F(make_way_waste_basket) & G(have_in_orange),True
3703,Stand by and pickup the bear will each happen at some point.,F idle & F pickup_bear,F(idle) & F(pickup_bear),True
3704,take the yellow or blue_room into the green_room,F((blue_room | yellow_room) & F green_room),F((blue_room | yellow_room) & F green_room),True
3705,The robot must always maintain both search the bottle and pickup the toothbrush.,G(pickup_toothbrush & search_bottle),G(search_bottle & pickup_toothbrush),True
3706,all the time a manager collect claims or the brake is pressed,G(brake_is_pressed | manager_collect_claims),G(manager_collect_claims | brake_is_pressed),True
3707,Always avoid: go to house 4 and pick up bottle 2 at any time,G!(house_4 & p_bottle_2),G(!(house_4 & p_bottle_2)),True
3708,Never visit house_3 under any circumstances,G!house_3,G(!house_3),True
3709,Avoid going to streets 3 and 4 indefinitely,G!(street_3 | street_4),G(!street_3 & !street_4),True
3710,every time the house is open and a motorbike has started then every time either the escalator speeds up or a sensor gathers information,G((house_is_open & motorbike_has_started) -> G(escalator_speeds_up | sensor_gathers_information)),G((house_is_open & motorbike_has_started) -> G(escalator_speeds_up | sensor_gathers_information)),True
3711,Continue staying in locality 6 until you retrieve package 3 from store 8 and deliver it to house 5,locality_6 U (store_8 & F(p_package_3 & F(house_5 & pd))),locality_6 U (p_package_3 & store_8 & F (pd & house_5)),False
3712,when possible go_to trashcan or forever hold_on pear,F go_to_trashcan | G hold_on_pear,F(go_to_trashcan) | G(hold_on_pear),True
3713,"Either pickup the refrigerator happens infinitely often, or get_help happens in the next step.",GF pickup_refrigerator | X get_help,GF pickup_refrigerator | X get_help,True
3714,"eventually, the table has been moved and a train stops",F(table_has_been_moved & train_stops),F(table_has_been_moved & train_stops),True
3715,"Eventually go to building 9 and stay there permanently, but do not enter building 9 before reaching street 6",FG building_9 & (!building_9 U street_6),F(building_9 & G building_9) & (!building_9 U street_6),True
3716,at some time get_hold_of orange until whenever move_to flag,F get_hold_of_orange U F move_to_flag,F(get_hold_of_orange U move_to_flag),True
3717,acquire apple or repeatedly go_to waste basket,acquire_apple | GF go_to_waste_basket,F(acquire_apple) | G(go_to_waste_basket),False
3718,"always, an elevator is blocked and together a sensor retrieves data and a train stops",G(elevator_is_blocked & sensor_retrieves_data & train_stops),G(elevator_is_blocked & sensor_retrieves_data & train_stops),True
3719,at yellow but not through blue,F yellow_room & G!blue_room,F(yellow_room) & G(!blue_room),True
3720,in any case the constructor creates instances and a house collapses,G(constructor_creates_instances & house_collapses),F(constructor_creates_instances & house_collapses),False
3721,Keep going back to street_4 repeatedly,GF street_4,GF street_4,True
3722,Drop any item you have and move to parking lot 2,F(pd & F parking_lot_2),F(pd & F parking_lot_2),True
3723,"as a car starts and a table is brown, finally, a semaphore is yellow",G((car_starts & table_is_brown) -> F semaphore_is_yellow),(car_starts & table_is_brown) -> F semaphore_is_yellow,False
3724,repeatedly go_to pear or when possible stand_by tree,GF go_to_pear | F stand_by_tree,GF(go_to_pear | stand_by_tree),False
3725,if the table has been moved or the train stops then at some point the train derails,G((table_has_been_moved | train_stops) -> F train_derails),(table_has_been_moved | train_stops) -> F train_derails,False
3726,"first, at some point in time either the engine starts or the elevator is open, and then, at some point the sensor gathers information",G!(elevator_is_open | engine_starts) | F((elevator_is_open | engine_starts) & F sensor_gathers_information),F((engine_starts | elevator_is_open) & F sensor_gathers_information),False
3727,venture_towards house and at some time venture_to house,venture_towards_house & F venture_to_house,venture_towards_house & F venture_to_house,True
3728,Never touch letter 8,G!p_letter_8,G(!p_letter_8),True
3729,"The system must eventually, avoid returning home.",F!go_home,F(!go_home),True
3730,The system must always have either record the motorcycle on northeast_10th_avenue or get_help.,G(get_help | record_motorcycle_northeast_10th_avenue),G(record_motorcycle_northeast_10th_avenue | get_help),True
3731,"sooner or later a train is crossing, the motorbike has stopped and the brake is released",F(brake_is_released & motorbike_has_stopped & train_is_crossing),F(train_is_crossing & motorbike_has_stopped & brake_is_released),True
3732,Give aid to the injured_rescuer holds at all times.,G deliver_aid_injured_rescuer,G(deliver_aid_injured_rescuer),True
3733,"Globally, if avoid the impending_flood occurs then finally get_help happens.",G(avoid_impending_flood -> F get_help),G(avoid_impending_flood -> F get_help),True
3734,Every photo the motorcycle on north_6th_avenue is directly followed by change light_east red in the next step.,G(photo_motorcycle_north_6th_avenue -> X change_light_east_red),G(photo_motorcycle_north_6th_avenue -> X change_light_east_red),True
3735,it should not happen that the motorbike has started and the elevator is blocked,G!(elevator_is_blocked & motorbike_has_started),G(!(motorbike_has_started & elevator_is_blocked)),True
3736,under no circumstances either a car enters or the brake is released after a table is brown or the car stops,G((car_stops | table_is_brown) -> G!(brake_is_released | car_enters)),G((table_is_brown | car_stops) -> G(!(car_enters | brake_is_released))),True
3737,never let_go orange until at any time venture_to flag,G!let_go_orange U F venture_to_flag,(!let_go_orange) U venture_to_flag,False
3738,gather apple or never drop apple,gather_apple | G!drop_apple,gather_apple | G(!drop_apple),True
3739,Either record the car on northwest_7th_street or change light_east yellow happens infinitely often.,GF record_car_northwest_7th_street | GF change_light_east_yellow,GF(record_car_northwest_7th_street | change_light_east_yellow),True
3740,at some point in time a bridge closes and the engine starts after either the table is brown or the elevator rises,G((elevator_rises | table_is_brown) -> F(bridge_closes & engine_starts)),F(bridge_closes & ((table_is_brown | elevator_rises) U engine_starts)),False
3741,"If get_help holds, then in the next step search the oven persists until looking for the bed holds, or else search the oven holds forever.",get_help -> X((search_oven U search_bed) | G search_oven),G(get_help -> (X(search_oven U search_bed) | G search_oven)),False
3742,"every time a sensor captures data then finally, either the bridge closes or the train has arrived",G(sensor_captures_data -> F(bridge_closes | train_has_arrived)),G(sensor_captures_data -> F(bridge_closes | train_has_arrived)),True
3743,"Whenever deliver the carrot to the loading_dock and search the cat are equal, search the cat and idle are equal as well.",G((deliver_carrot_loading_dock <-> search_cat) -> (idle <-> search_cat)),G((deliver_carrot_loading_dock <-> search_cat) -> (search_cat <-> idle)),True
3744,every time the semaphore is yellow then it is always the case that a constructor creates instances or the escalator is blocked,G(semaphore_is_yellow -> G(constructor_creates_instances | escalator_is_blocked)),G(semaphore_is_yellow -> G(constructor_creates_instances | escalator_is_blocked)),True
3745,You must always avoid establishing communication with the injured_victim.,G!communicate_injured_victim,G(!communicate_injured_victim),True
3746,"Whenever change light_west red holds, eventually photo the vehicle on east_1st_street will hold.",G(change_light_west_red -> F photo_vehicle_east_1st_street),G(change_light_west_red -> F photo_vehicle_east_1st_street),True
3747,approach trash can or when possible journey_by flag,approach_trash_can | F journey_by_flag,F(approach_trash_can | journey_by_flag),False
3748,"Whenever neither photo the pedestrian on southeast_8th_street nor photo the car on southeast_9th_avenue holds, record the collision on north_9th_street eventually holds.",G(!(photo_car_southeast_9th_avenue & photo_pedestrian_southeast_8th_street) -> F record_collision_north_9th_street),G(!photo_pedestrian_southeast_8th_street & !photo_car_southeast_9th_avenue -> F record_collision_north_9th_street),False
3749,"at some point a sensor gathers information and, in the future the escalator speeds up or the bar is closing afterwards",G!sensor_gathers_information | F(sensor_gathers_information & F(bar_is_closing | escalator_speeds_up)),F(sensor_gathers_information & F(escalator_speeds_up | bar_is_closing)),False
3750,repeatedly go_to waste basket or when possible get pear,GF go_to_waste_basket | F get_pear,GF(go_to_waste_basket) | GF(get_pear),False
3751,"at some point in time a sensor gathers information and, eventually, a constructor creates instances or the table is old afterwards",G!sensor_gathers_information | F(sensor_gathers_information & F(constructor_creates_instances | table_is_old)),F(sensor_gathers_information & F(constructor_creates_instances | table_is_old)),False
3752,move_to trashcan and when possible lay_hold_of apple,move_to_trashcan & F lay_hold_of_apple,F(move_to_trashcan & F(lay_hold_of_apple)),False
3753,repeatedly go_to apple trashcan or move_to trashcan,move_to_trashcan | GF go_to_apple_trashcan,GF(go_to_apple_trashcan | move_to_trashcan),False
3754,The robot must always maintain both get_help and deliver_aid the injured_rescuer.,G(deliver_aid_injured_rescuer & get_help),G(get_help & deliver_aid_injured_rescuer),True
3755,Every search the sheep is directly followed by looking for the bed in the next step.,G(search_sheep -> X search_bed),G(search_sheep -> X search_bed),True
3756,repeatedly go_to pear or whenever go_to trash receptacle,GF go_to_pear | F go_to_trash_receptacle,GF(go_to_pear) | G(go_to_trash_receptacle -> GF(go_to_pear)),False
3757,"eventually, either the house collapses or a house is open",F(house_collapses | house_is_open),F (house_collapses | house_is_open),True
3758,always when a house collapses or the escalator moves then sooner or later a sensor captures data,G((escalator_moves | house_collapses) -> F sensor_captures_data),G((house_collapses | escalator_moves) -> F sensor_captures_data),True
3759,Every search the snowboard is directly followed by calling for help in the next step.,G(search_snowboard -> X get_help),G(search_snowboard -> X get_help),True
3760,never let_go orange and at some time get_to cup,G!let_go_orange & F get_to_cup,G(!let_go_orange) & F(get_to_cup),True
3761,go from the blue_room to the red_room then go from the red_room to the blue_room,F(red_room & F blue_room),F(blue_room & F(red_room & F(blue_room))),False
3762,always have_in orange or when possible go_near house,G have_in_orange | F go_near_house,G(have_in_orange | F go_near_house),False
3763,"under no condition either the escalator is blocked, an elevator falls or the bridge closes",G!(bridge_closes | elevator_falls | escalator_is_blocked),G(!(escalator_is_blocked | elevator_falls | bridge_closes)),True
3764,"Whenever communicate the injured_rescuer and photo debris are equal, photo debris and record gas_leak are equal as well.",G((communicate_injured_rescuer <-> photo_debris) -> (photo_debris <-> record_gas_leak)),G((communicate_injured_rescuer <-> photo_debris) -> (photo_debris <-> record_gas_leak)),True
3765,repeatedly make_way_to house until whenever approach house,GF make_way_to_house U F approach_house,(G(make_way_to_house)) U approach_house,False
3766,Keep revisiting charger_6 as you regularly collect brochure_4 from table_4,GF charger_6 & GF(p_brochure_4 & table_4),G(p_brochure_4 & table_4 -> F charger_6),False
3767,Eventually(Take a picture of monument 12 and remain there permanently),F(monument_12 & photo & G monument_12),F(photo & monument_12 & G(monument_12)),True
3768,Remain in street 4 until you take a picture of house 1,street_4 U (house_1 & photo),street_4 U photo,False
3769,"first, at some point either the car enters or the bar has to be repaired, and then, eventually, a house is open and the bar is up",G!(bar_has_to_be_repaired | car_enters) | F((bar_has_to_be_repaired | car_enters) & F(bar_is_up & house_is_open)),F((car_enters | bar_has_to_be_repaired) & F(house_is_open & bar_is_up)),False
3770,"first, at some point the bar has to be repaired and the sensor retrieves data, and then, it will happen that the sensor gathers information",G!(bar_has_to_be_repaired & sensor_retrieves_data) | F(bar_has_to_be_repaired & sensor_retrieves_data & F sensor_gathers_information),F((bar_has_to_be_repaired & sensor_retrieves_data) & F(sensor_gathers_information)),False
3771,"Start by reaching park 5, and then proceed to take a photo of monument 3",F(park_5 & F(monument_3 & photo)),F(park_5 & F(photo & monument_3)),True
3772,under no circumstances the motorbike has stopped and together a table has been moved and the escalator is blocked,G!(escalator_is_blocked & motorbike_has_stopped & table_has_been_moved),G(!(motorbike_has_stopped & table_has_been_moved & escalator_is_blocked)),True
3773,forever touch flag or at some time go_near pear,G touch_flag | F go_near_pear,G(touch_flag) | F(go_near_pear),True
3774,You must eventually go_home or record unstable_beam.,F(go_home | record_unstable_beam),F (go_home | record_unstable_beam),True
3775,every time either the manager handles requests or a motorbike has started then it is always the case that a bridge closes or a bridge opens,G((manager_handles_requests | motorbike_has_started) -> G(bridge_closes | bridge_opens)),G((manager_handles_requests | motorbike_has_started) -> G(bridge_closes | bridge_opens)),True
3776,always the brake is released or the engine starts implies that at no time both the motorbike has stopped and the car starts,G((brake_is_released | engine_starts) -> G!(car_starts & motorbike_has_stopped)),G((brake_is_released | engine_starts) -> G(!(motorbike_has_stopped & car_starts))),True
3777,"Find the fork must hold until picking up the person does, or else search the fork holds forever.",(search_fork U pickup_person) | G search_fork,(search_fork U pickup_person) | G search_fork,True
3778,Deliver package 8 from store 7 to house 2 without entering street 4,G!street_4 & F(store_7 & F(p_package_8 & F(house_2 & pd))),F(pd & house_2) & G(!street_4),False
3779,move_to trash can until at any time make_your_way flag,move_to_trash_can U F make_your_way_flag,move_to_trash_can U make_your_way_flag,False
3780,every time the semaphore is yellow then all the time both a sensor captures data and the motorbike falls down,G(semaphore_is_yellow -> G(motorbike_falls_down & sensor_captures_data)),G(semaphore_is_yellow -> G(sensor_captures_data & motorbike_falls_down)),True
3781,Always refrain from entering building_2 as you collect letter_5 from office_6,G!building_2 & F(office_6 & p_letter_5),G(!(building_2 & (office_6 & p_letter_5))),False
3782,whenever withhold apple until when possible reach flag,F withhold_apple U F reach_flag,G(withhold_apple U reach_flag),False
3783,Change light_west green holds at all times.,G change_light_west_green,G change_light_west_green,True
3784,whenever get_hold apple or never drop orange,F get_hold_apple | G!drop_orange,G(get_hold_apple | !F drop_orange),False
3785,at any time either a motorbike has stopped or the escalator speeds up after the engine stops and a bridge opens,G((bridge_opens & engine_stops) -> G(escalator_speeds_up | motorbike_has_stopped)),G(motorbike_has_stopped | ((engine_stops & bridge_opens) -> F escalator_speeds_up)),False
3786,never let_go orange or at any time make_contact_with house,G!let_go_orange | F make_contact_with_house,G(!let_go_orange & !make_contact_with_house),False
3787,never drop apple and when possible go_by waste basket,G!drop_apple & F go_by_waste_basket,G(!drop_apple) & GF(go_by_waste_basket),False
3788,"Never enter street 3, and ensure that you eventually go to building 4",G!street_3 & F building_4,G(!street_3) & F(building_4),True
3789,at no time a manager handles requests or the semaphore is broken,G!(manager_handles_requests | semaphore_is_broken),G(!(manager_handles_requests | semaphore_is_broken)),True
3790,Avoid entering street_6 while you photo of car_1,G!street_6 & F(car_1 & photo),G(!(street_6 & photo & car_1)),False
3791,take pear or at any time move_forward trash can,take_pear | F move_forward_trash_can,take_pear | F move_forward_trash_can,True
3792,"as either the bridge closes or an elevator is blocked, eventually, the escalator is blocked and the manager collect claims",G((bridge_closes | elevator_is_blocked) -> F(escalator_is_blocked & manager_collect_claims)),(bridge_closes | elevator_is_blocked) -> F(escalator_is_blocked & manager_collect_claims),False
3793,at any time go_by tree or move_to house,move_to_house | F go_by_tree,G(go_by_tree | move_to_house),False
3794,when possible reach flag until venture_towards house,F reach_flag U venture_towards_house,F(reach_flag U venture_towards_house),False
3795,when possible start_going_to house and repeatedly go_to apple trashcan,F start_going_to_house & GF go_to_apple_trashcan,F(start_going_to_house & GF go_to_apple_trashcan),True
3796,at some time withhold apple until venture_towards house,F withhold_apple U venture_towards_house,F(withhold_apple U venture_towards_house),False
3797,Our agent must always avoid begining recording the collision on southwest_10th_avenue.,G!record_collision_southwest_10th_avenue,G(!record_collision_southwest_10th_avenue),True
3798,go the red or yellow_room into the blue_room,F((red_room | yellow_room) & F blue_room),F((red_room | yellow_room) U blue_room),False
3799,every time either the sensor retrieves data or the house is built,G(house_is_built | sensor_retrieves_data),G((sensor_retrieves_data | house_is_built)),True
3800,if the semaphore is yellow then in any case the motorbike catches fire and the engine breaks,G(semaphore_is_yellow -> G(engine_breaks & motorbike_catches_fire)),G(semaphore_is_yellow -> (motorbike_catches_fire & engine_breaks)),False
3801,move_towards trash can or acquire apple,acquire_apple | move_towards_trash_can,move_towards_trash_can | acquire_apple,True
3802,This controller must eventually photo the motorcycle on northwest_4th_street or change light_north yellow.,F(change_light_north_yellow | photo_motorcycle_northwest_4th_street),F (photo_motorcycle_northwest_4th_street | change_light_north_yellow),True
3803,"if the engine stops or a train stops then eventually, a semaphore is yellow",G((engine_stops | train_stops) -> F semaphore_is_yellow),G((engine_stops | train_stops) -> F semaphore_is_yellow),True
3804,"Request assistance should always hold, with at most a two-step grace period for recovery.",!G!(get_help & X get_help),G(get_help | X get_help | XX get_help),False
3805,every time a house is open and the motorbike has started then it never happens that both the sensor captures data and the escalator is blocked,G((house_is_open & motorbike_has_started) -> G!(escalator_is_blocked & sensor_captures_data)),G((house_is_open & motorbike_has_started) -> G(!(sensor_captures_data & escalator_is_blocked))),True
3806,You must eventually get_help or photo unsafe_rescuer.,F(get_help | photo_unsafe_rescuer),F (get_help | photo_unsafe_rescuer),True
3807,"whenever the motorbike falls down or the escalator is blocked then eternally, either a semaphore is yellow or the engine breaks",G((escalator_is_blocked | motorbike_falls_down) -> G(engine_breaks | semaphore_is_yellow)),G((motorbike_falls_down | escalator_is_blocked) -> G(semaphore_is_yellow | engine_breaks)),True
3808,"every time either a bridge opens, a house is open or the manager collect claims",G(bridge_opens | house_is_open | manager_collect_claims),G(bridge_opens | house_is_open | manager_collect_claims),True
3809,at some time go_near house and whenever spend_time_at tree,F go_near_house & F spend_time_at_tree,F(go_near_house) & G(spend_time_at_tree -> spend_time_at_tree),False
3810,Record unsafe_rescuer and communicate the injured_hostile will each happen at some point.,F record_unsafe_rescuer & F communicate_injured_hostile,F(record_unsafe_rescuer) & F(communicate_injured_hostile),True
3811,"if take_to trashcan , whenever make_way waste basket",take_to_trashcan -> F make_way_waste_basket,G(take_to_trashcan -> G(make_way_waste_basket)),False
3812,it is never the case that the engine breaks or the engine stops,G!(engine_breaks | engine_stops),G(!(engine_breaks | engine_stops)),True
3813,at some time proceed_to house until at any time visit house,F proceed_to_house U F visit_house,F(proceed_to_house U F visit_house),True
3814,drive through the room that is not green and enter the yellow_room,F yellow_room & G!green_room,(!green_room) U yellow_room,False
3815,Photograph the jaywalker on north_4th_avenue can only happen after change light_west red.,!photo_jaywalker_north_4th_avenue U change_light_west_red,(!photo_jaywalker_north_4th_avenue) U change_light_west_red,True
3816,Keep take pictures of car_1 while refraining from visiting parking_lot_9,GF(car_1 & photo) & G!parking_lot_9,G(photo & car_1 & !parking_lot_9),False
3817,"forever, either the brake is pressed, a semaphore is red or the brake is released",G(brake_is_pressed | brake_is_released | semaphore_is_red),G(brake_is_pressed | semaphore_is_red | brake_is_released),True
3818,when possible go_to house or at some time get_close flag,F go_to_house | F get_close_flag,GF(go_to_house) | F(get_close_flag),False
3819,every time the train stops and the elevator is open,G(elevator_is_open & train_stops),G((train_stops & elevator_is_open)),True
3820,"first, at some point the train derails and the train is crossing, and then, eventually, the bridge closes",G!(train_derails & train_is_crossing) | F(train_derails & train_is_crossing & F bridge_closes),F((train_derails & train_is_crossing) & F bridge_closes),False
3821,"Whenever neither get_help nor search the bear holds, idle eventually holds.",G(!(get_help & search_bear) -> F idle),G(!get_help & !search_bear -> F idle),False
3822,whenever stop_by house until grip apple,F stop_by_house U grip_apple,G(stop_by_house -> (stop_by_house U grip_apple)),False
3823,when possible get pear and grasp orange,grasp_orange & F get_pear,F(get_pear & grasp_orange),False
3824,never drop orange and at some time approach flag,G!drop_orange & F approach_flag,G(!drop_orange) & F(approach_flag),True
3825,"when at some time get_hold apple , whenever seize pear",F get_hold_apple -> F seize_pear,F(get_hold_apple & G(seize_pear -> seize_pear)),False
3827,it should not happen that the bar is down or the house is open after either the motorbike is driven or the escalator speeds up,G((escalator_speeds_up | motorbike_is_driven) -> G!(bar_is_down | house_is_open)),G((motorbike_is_driven | escalator_speeds_up) -> G(!(bar_is_down | house_is_open))),True
3828,Pick up trash_4 from house_4 and deliver it to garbage_dump_1,F(house_4 & F(p_trash_4 & F(garbage_dump_1 & pd))),F(pd & house_4 & p_trash_4 & F(pd & garbage_dump_1 & p_trash_4)),False
3830,The robot must always avoid begining recording injured_rescuer.,G!record_injured_rescuer,G(!record_injured_rescuer),True
3831,"Ensure you transport box_1 from store_6 to house_9, and afterward, at intersection_5 and stay there indefinitely",F(store_6 & F(p_box_1 & F(house_9 & pd))) & F(intersection_5 & G intersection_5),F(pd & p_box_1 & house_9) & F(G(intersection_5)),False
3832,"Whenever change light_north red holds, change light_south green holds as well.",G(change_light_north_red -> change_light_south_green),G(change_light_north_red -> change_light_south_green),True
3833,"Whenever communicate the safe_hostile and communicate the safe_victim are equal, communicate the safe_victim and record unstable_beam are equal as well.",G((communicate_safe_hostile <-> communicate_safe_victim) -> (communicate_safe_victim <-> record_unstable_beam)),G((communicate_safe_hostile <-> communicate_safe_victim) -> (communicate_safe_victim <-> record_unstable_beam)),True
3834,Continuously transport crate 6 to building 5 after picking it up from store 2,GF(store_2 & F(p_crate_6 & F(building_5 & pd))),G((pd & store_2 & p_crate_6) -> G(pd & building_5 & p_crate_6)),False
3835,Go to street 5 and stay away from parking lot 2,F street_5 & G!parking_lot_2,F(street_5) & G(!parking_lot_2),True
3836,Pick up dish 2 from parking lot 2,F(p_dish_2 & parking_lot_2),F(p_dish_2 & parking_lot_2),True
3837,Take a picture of monument 3 without ever entering park 3,G!park_3 & F(monument_3 & photo),F(photo & monument_3) & G(!park_3),True
3838,whenever a train stops and the sensor gathers information then it is always the case that the constructor creates instances or the escalator is blocked,G((sensor_gathers_information & train_stops) -> G(constructor_creates_instances | escalator_is_blocked)),G((train_stops & sensor_gathers_information) -> (constructor_creates_instances | escalator_is_blocked)),False
3839,travel_to apple until whenever venture flag,travel_to_apple U F venture_flag,travel_to_apple U venture_flag,False
3840,every time both a sensor captures data and a motorbike falls down then every time both an elevator is open and the train has been launched,G((motorbike_falls_down & sensor_captures_data) -> G(elevator_is_open & train_has_been_launched)),G((sensor_captures_data & motorbike_falls_down) -> G((elevator_is_open & train_has_been_launched) -> (elevator_is_open & train_has_been_launched))),False
3841,"first, in the future a table is old or a constructor creates instances, and then, finally, the bar is closing or a motorbike has stopped",G!(constructor_creates_instances | table_is_old) | F((constructor_creates_instances | table_is_old) & F(bar_is_closing | motorbike_has_stopped)),F((table_is_old | constructor_creates_instances) & F(bar_is_closing | motorbike_has_stopped)),False
3842,approach tree can infer that whenever have_possession_of apple,approach_tree -> F have_possession_of_apple,G(have_possession_of_apple -> approach_tree),False
3843,move to the blue_room but don t go through the yellow_room,F blue_room & G!yellow_room,F(blue_room) & G(!yellow_room),True
3845,go from the blue room to the red_room then push the yellow object from the red_room into the green_room,F(red_room & F green_room),F(red_room & F(green_room)),True
3846,every time both an elevator is blocked and a train derails then in the future either a semaphore is broken or the bar has to be repaired,G((elevator_is_blocked & train_derails) -> F(bar_has_to_be_repaired | semaphore_is_broken)),G((elevator_is_blocked & train_derails) -> F(semaphore_is_broken | bar_has_to_be_repaired)),True
3847,always stay and always have_in orange,G stay & G have_in_orange,G(stay & have_in_orange),True
3848,never drop apple or whenever venture_to house,G!drop_apple | F venture_to_house,G(!drop_apple | (venture_to_house -> !drop_apple)),False
3849,enter the yellow or red_room and proceed until the green_room,F((red_room | yellow_room) & F green_room),(yellow_room | red_room) U green_room,False
3850,"This controller must Eventually, both change light_east red and get_help hold simultaneously.",F(change_light_east_red & get_help),F(change_light_east_red & get_help),True
3851,Get brochure 9 from table 2 and go to park 4 and stay there,F(table_2 & F(p_brochure_9 & F(park_4 & G park_4))),F(table_2 & p_brochure_9 & F(park_4 & G park_4)),False
3852,when possible grab orange or never let_go orange,F grab_orange | G!let_go_orange,G(grab_orange | !let_go_orange),False
3853,never let_go orange and when possible touch tree,G!let_go_orange & F touch_tree,G(!let_go_orange) & GF(touch_tree),False
3854,Reach garage_4 before going to building_3 and stay there indefinitely,F(garage_4 & F(building_3 & G building_3)),(!building_3 U garage_4) & F G garage_4,False
3855,venture_towards house until when possible bring pear,venture_towards_house U F bring_pear,venture_towards_house U bring_pear,False
3856,"eventually, the train has been launched and the escalator is blocked and, at some point the engine stops or the constructor instantiate objects afterwards",G!(escalator_is_blocked & train_has_been_launched) | F(escalator_is_blocked & train_has_been_launched & F(constructor_instantiate_objects | engine_stops)),F(train_has_been_launched & escalator_is_blocked & F(engine_stops | X constructor_instantiate_objects)),False
3857,Ensure you never enter parking_lot_5 while consistently capturing photos of car_9,G!parking_lot_5 & GF(car_9 & photo),G(!(parking_lot_5 & photo & car_9)),False
3859,at some point in time either the escalator moves or the bar is closing after either the semaphore is red or the motorbike has stopped,G((motorbike_has_stopped | semaphore_is_red) -> F(bar_is_closing | escalator_moves)),F((semaphore_is_red | motorbike_has_stopped) -> (escalator_moves | bar_is_closing)),False
3860,"after either the car starts or the bar is closing, eternally, either a bridge closes or a bridge opens",G((bar_is_closing | car_starts) -> G(bridge_closes | bridge_opens)),F(car_starts | bar_is_closing) & G(F(car_starts | bar_is_closing) -> G(bridge_closes | bridge_opens)),False
3861,Keep making visits to street 5 repeatedly.,GF street_5,GF street_5,True
3862,move_to trashcan and always have_in orange,move_to_trashcan & G have_in_orange,F(move_to_trashcan) & G(have_in_orange),False
3863,if a motorbike is driven or an elevator is open then sooner or later either a train has arrived or the elevator rises,G((elevator_is_open | motorbike_is_driven) -> F(elevator_rises | train_has_arrived)),(motorbike_is_driven | elevator_is_open) -> F(train_has_arrived | elevator_rises),False
3864,Do not leave building 4 until you have taken folder 3 from room 43 and delivered it to room 12,building_4 U (room_43 & F(p_folder_3 & F(pd & room_12))),(!building_4) U (p_folder_3 & room_43 & F(p_folder_3 & room_12)),False
3865,"eventually, both a motorbike catches fire and the house is built",F(house_is_built & motorbike_catches_fire),F(motorbike_catches_fire & house_is_built),True
3866,"first, finally, a train stops and the elevator is blocked, and then, sooner or later both the house is open and the bar is up",G!(elevator_is_blocked & train_stops) | F(elevator_is_blocked & train_stops & F(bar_is_up & house_is_open)),F((train_stops & elevator_is_blocked) & F(house_is_open & bar_is_up)),False
3867,whenever journey_to house or never let_go apple,F journey_to_house | G!let_go_apple,G(journey_to_house | G(!let_go_apple)),False
3868,"Provide assistance to the safe_victim and deliver_aid the safe_rescuer never coincide, yet one of them is always true.",G!(deliver_aid_safe_rescuer & deliver_aid_safe_victim) & G(deliver_aid_safe_rescuer | deliver_aid_safe_victim),G(!(deliver_aid_safe_victim & deliver_aid_safe_rescuer) & (deliver_aid_safe_victim | deliver_aid_safe_rescuer)),True
3869,Every change light_west yellow is directly followed by change light_north red in the next step.,G(change_light_west_yellow -> X change_light_north_red),G(change_light_west_yellow -> X change_light_north_red),True
3870,it will happen that an elevator is blocked and the bar is up,F(bar_is_up & elevator_is_blocked),F (elevator_is_blocked & bar_is_up),True
3871,at the blue_room,F blue_room,blue_room,False
3872,always have_in orange and at some time get_near flag,G have_in_orange & F get_near_flag,G(have_in_orange) & F(get_near_flag),True
3873,if both a house is built and the bar is closing then under no circumstances both a car stops and a constructor instantiate objects,G((bar_is_closing & house_is_built) -> G!(car_stops & constructor_instantiate_objects)),G((house_is_built & bar_is_closing) -> !(car_stops & constructor_instantiate_objects)),False
3874,"From some point onwards, get_help never occurs again.",FG!get_help,FG !get_help,True
3875,at the green_room,F green_room,green_room,False
3876,if the sensor captures data or the table has been moved then under no circumstances a train stops or a semaphore is red,G((sensor_captures_data | table_has_been_moved) -> G!(semaphore_is_red | train_stops)),G((sensor_captures_data | table_has_been_moved) -> G(!(train_stops | semaphore_is_red))),True
3877,Refrain from ever picking up crate_8,G!p_crate_8,G(!p_crate_8),True
3878,"it will happen that the table is brown and the bar is closing and, it will happen that a bridge closes afterwards",G!(bar_is_closing & table_is_brown) | F(bar_is_closing & table_is_brown & F bridge_closes),F(table_is_brown & bar_is_closing & F bridge_closes),False
3879,it is going to happen that a car enters or an elevator is blocked or a constructor creates instances,F(car_enters | constructor_creates_instances | elevator_is_blocked),F (car_enters | elevator_is_blocked | constructor_creates_instances),True
3880,"If change light_south green holds and photo the person on east_6th_street holds next, then change light_east green holds in the step after that.",G((change_light_south_green & X photo_person_east_6th_street) -> XX change_light_east_green),(change_light_south_green & X photo_person_east_6th_street) -> XX change_light_east_green,False
3881,all the time the motorbike has started or the bar is down,G(bar_is_down | motorbike_has_started),G(motorbike_has_started | bar_is_down),True
3882,if the manager collect claims or the escalator speeds up then it is always the case that both a train has been launched and the bar is closing,G((escalator_speeds_up | manager_collect_claims) -> G(bar_is_closing & train_has_been_launched)),(manager_collect_claims | escalator_speeds_up) -> G(train_has_been_launched & bar_is_closing),False
3883,in the future the train stops,F train_stops,F train_stops,True
3884,"This controller must Eventually, both deliver the dining_table to the shelf and pickup the aeroplane hold simultaneously.",F(deliver_dining_table_shelf & pickup_aeroplane),F(deliver_dining_table_shelf & pickup_aeroplane),True
3885,"Whenever get_help holds, from the next step onwards idle will eventually hold.",G(get_help -> XF idle),G(get_help -> X F idle),True
3886,Our agent must always avoid begining recording the motorcycle on west_8th_street.,G!record_motorcycle_west_8th_street,G(!record_motorcycle_west_8th_street),True
3887,take pear or never let_go orange,take_pear | G!let_go_orange,take_pear | G(!let_go_orange),True
3888,Eventually go to park 5,F park_5,F park_5,True
3889,go_visit flag until when possible grab pear,go_visit_flag U F grab_pear,go_visit_flag U grab_pear,False
3890,"Collect the car should always hold, with at most a two-step grace period for recovery.",!G!(pickup_car & X pickup_car),G(!pickup_car -> X(!pickup_car -> X pickup_car)),False
3891,"Photograph injured_person must keep holding until, from some point on, avoid the inactive_flood holds infinitely often.",photo_injured_person U GF avoid_inactive_flood,photo_injured_person U G ! (G ! avoid_inactive_flood),True
3892,at any time approach flag or never drop apple,F approach_flag | G!drop_apple,G(approach_flag | !drop_apple),False
3893,"always, the engine breaks, the escalator is blocked and the bar has to be repaired",G(bar_has_to_be_repaired & engine_breaks & escalator_is_blocked),G(engine_breaks -> (escalator_is_blocked & bar_has_to_be_repaired)),False
3894,"whenever the train derails then eventually, both the manager collect claims and the train has arrived",G(train_derails -> F(manager_collect_claims & train_has_arrived)),G(train_derails -> F(manager_collect_claims & train_has_arrived)),True
3895,never drop apple or whenever journey_to tree,G!drop_apple | F journey_to_tree,G(!drop_apple | (journey_to_tree -> !drop_apple)),False
3896,walk until at any time arrive_at tree,walk U F arrive_at_tree,walk U arrive_at_tree,False
3897,when possible going_to flag until always hold_onto orange,F going_to_flag U G hold_onto_orange,G(going_to_flag -> (going_to_flag U G hold_onto_orange)),False
3898,"first, at some point a train has arrived, and then, at some point a sensor gathers information",G!train_has_arrived | F(train_has_arrived & F sensor_gathers_information),F(train_has_arrived & F sensor_gathers_information),False
3899,drop orange or gather orange,drop_orange | gather_orange,drop_orange | gather_orange,True
3900,forever hold_on pear or at any time migrate_to tree,G hold_on_pear | F migrate_to_tree,G(hold_on_pear) | F(migrate_to_tree),True
3901,"if at some time pick_up apple , never drop pear",F pick_up_apple -> G!drop_pear,F(pick_up_apple) -> G(!drop_pear),True
3903,"The robot must eventually, avoid requesting assistance.",F!get_help,F(!get_help),True
3904,"never, the semaphore is yellow and, at the same time, a sensor gathers information and the train has arrived",G!(semaphore_is_yellow & sensor_gathers_information & train_has_arrived),G(!(semaphore_is_yellow & sensor_gathers_information & train_has_arrived)),True
3905,venture_towards house and secure apple,secure_apple & venture_towards_house,F(venture_towards_house & F secure_apple),False
3906,"finally, either the bridge opens or the bar is up and, it is going to happen that the engine stops or a train is crossing afterwards",G!(bar_is_up | bridge_opens) | F((bar_is_up | bridge_opens) & F(engine_stops | train_is_crossing)),F((bridge_opens | bar_is_up) & F(engine_stops | X train_is_crossing)),False
3907,at some point a train derails after the elevator falls or an elevator is open,G((elevator_falls | elevator_is_open) -> F train_derails),F((elevator_falls | elevator_is_open) & F train_derails),False
3908,"it will happen that a table is brown and the escalator moves and, it is going to happen that a train has arrived afterwards",G!(escalator_moves & table_is_brown) | F(escalator_moves & table_is_brown & F train_has_arrived),F(table_is_brown & escalator_moves & F train_has_arrived),False
3909,Stay in street 8,G street_8,G street_8,True
3910,"Transport the vase to the loading_dock must keep holding until, from some point on, pickup the fork holds infinitely often.",deliver_vase_loading_dock U GF pickup_fork,deliver_vase_loading_dock U GF pickup_fork,True
3911,"after a car starts and a table is brown, it will happen that either a train derails or the escalator moves",G((car_starts & table_is_brown) -> F(escalator_moves | train_derails)),F((car_starts & table_is_brown) -> F(train_derails | escalator_moves)),False
3912,every time the semaphore is green and the elevator falls then in any case a sensor captures data or the engine breaks,G((elevator_falls & semaphore_is_green) -> G(engine_breaks | sensor_captures_data)),G((semaphore_is_green & elevator_falls) -> (sensor_captures_data | engine_breaks)),False
3913,Stay within locality_2 as you pickup document_5 from office_4 and deliver it to office_9,G locality_2 & F(office_4 & F(p_document_5 & F(office_9 & pd))),G(locality_2) & (F(office_4 & p_document_5) & F(F(office_4 & p_document_5) -> F(office_9 & pd))),False
3914,"At every step, record the vehicle on west_1st_street equals the value of photo the collision on west_4th_avenue in the next step.",G(record_vehicle_west_1st_street <-> X photo_collision_west_4th_avenue),G(record_vehicle_west_1st_street <-> X photo_collision_west_4th_avenue),True
3915,at some time go_to apple and collect pear,collect_pear & F go_to_apple,F(go_to_apple & F collect_pear),False
3916,Every photo the motorcycle on east_8th_avenue is directly followed by calling for help in the next step.,G(photo_motorcycle_east_8th_avenue -> X get_help),G(photo_motorcycle_east_8th_avenue -> X get_help),True
3917,Go to landmark_6 and photo of it,F(landmark_6 & photo),F(landmark_6 & F photo),False
3918,pass through the yellow_room to reach the green_room,F(yellow_room & F green_room),(!green_room U yellow_room) & F green_room,False
3919,"If get_help happens infinitely often, then so does pickup the handbag.",GF get_help -> GF pickup_handbag,GF get_help -> GF pickup_handbag,True
3920,at no time a motorbike falls down or the escalator moves,G!(escalator_moves | motorbike_falls_down),G(!(motorbike_falls_down | escalator_moves)),True
3921,every time either a constructor creates instances or the elevator rises,G(constructor_creates_instances | elevator_rises),G(constructor_creates_instances | elevator_rises),True
3922,"if the house is open or a table has been moved then finally, a car starts or the train derails",G((house_is_open | table_has_been_moved) -> F(car_starts | train_derails)),(house_is_open | table_has_been_moved) -> F (car_starts | train_derails),False
3923,"If record the collision on northwest_4th_street holds, then in the next step photo the motorcycle on northeast_6th_street persists until geting help holds, or else photo the motorcycle on northeast_6th_street holds forever.",record_collision_northwest_4th_street -> X((photo_motorcycle_northeast_6th_street U get_help) | G photo_motorcycle_northeast_6th_street),record_collision_northwest_4th_street -> (X(photo_motorcycle_northeast_6th_street U get_help) | G photo_motorcycle_northeast_6th_street),False
3924,Ensure you stay in street 5 at all times while repeatedly capturing photos of parking lot 4,G street_5 & GF(parking_lot_4 & photo),G(street_5) & GF(photo & parking_lot_4),True
3925,it never happens that both an elevator is open and a train stops,G!(elevator_is_open & train_stops),G(!(elevator_is_open & train_stops)),True
3926,"Whenever change light_east red holds, change light_south green holds exactly three steps later.",G(change_light_east_red -> XXX change_light_south_green),G(change_light_east_red -> X(X(X(change_light_south_green)))),True
3927,approach trash can and at any time snag orange,approach_trash_can & F snag_orange,F(approach_trash_can & FG snag_orange) | F(approach_trash_can & F snag_orange) -> F(approach_trash_can & F snag_orange),False
3928,Ensure you keep taking images of locality 7 and never enter park 3,GF(locality_7 & photo) & G!park_3,G((photo & locality_7) & !park_3),False
3929,"always, either an elevator rises, the semaphore is broken or the escalator is blocked",G(elevator_rises | escalator_is_blocked | semaphore_is_broken),G(elevator_rises | semaphore_is_broken | escalator_is_blocked),True
3930,Take a picture of building 2,F(building_2 & photo),F(photo & building_2),True
3931,go_by waste bin and secure apple,go_by_waste_bin & secure_apple,F(go_by_waste_bin & F secure_apple),False
3932,Every deliver the motorbike to the loading_dock is directly followed by requesting assistance in the next step.,G(deliver_motorbike_loading_dock -> X get_help),G(deliver_motorbike_loading_dock -> X get_help),True
3933,when possible gather pear or never drop pear,F gather_pear | G!drop_pear,GF(gather_pear) | G(!drop_pear),False
3934,"Either record the person on southeast_9th_avenue happens infinitely often, or change light_west red happens in the next step.",GF record_person_southeast_9th_avenue | X change_light_west_red,GF(record_person_southeast_9th_avenue) | X(change_light_west_red),True
3935,"Once deliver the person to the shelf has occurred, get_help will never occur again.",G(deliver_person_shelf -> XG!get_help),G(deliver_person_shelf -> G(!get_help)),False
3936,if the manager collect claims and the escalator is blocked then it is always the case that both a table is brown and a car starts,G((escalator_is_blocked & manager_collect_claims) -> G(car_starts & table_is_brown)),(manager_collect_claims & escalator_is_blocked) -> G(table_is_brown & car_starts),False
3937,"Photograph statue_6 and then move to bench_4, staying there continuously",F(photo & statue_6 & F(bench_4 & G bench_4)),F((photo & statue_6) & F(G(bench_4))),True
3938,venture_towards house or go_by waste bin,go_by_waste_bin | venture_towards_house,venture_towards_house | go_by_waste_bin,True
3939,repeatedly go_to waste basket and whenever set_out_to house,GF go_to_waste_basket & F set_out_to_house,GF(go_to_waste_basket) & G(set_out_to_house -> F(go_to_waste_basket)),False
3940,"Our agent must Eventually, both pickup the scissors and pickup the bowl hold simultaneously.",F(pickup_bowl & pickup_scissors),F(pickup_scissors & pickup_bowl),True
3941,it is always the case that both the sensor retrieves data and the engine breaks after the constructor creates instances or a house is built,G((constructor_creates_instances | house_is_built) -> G(engine_breaks & sensor_retrieves_data)),G((constructor_creates_instances | house_is_built) -> F(sensor_retrieves_data & engine_breaks)),False
3942,"after either a table is old or a car starts, every time both the motorbike falls down and the escalator is blocked",G((car_starts | table_is_old) -> G(escalator_is_blocked & motorbike_falls_down)),F((table_is_old | car_starts) & G((motorbike_falls_down & escalator_is_blocked) -> (motorbike_falls_down & escalator_is_blocked))),False
3943,Avoid entering building_1 until street_4 has been reached.,!building_1 U street_4,(!building_1) U street_4,True
3944,every time a semaphore is yellow then it is always true that either the bar is up or the elevator rises,G(semaphore_is_yellow -> G(bar_is_up | elevator_rises)),G(semaphore_is_yellow -> G(bar_is_up | elevator_rises)),True
3945,"after both the escalator is blocked and a house is open, under no circumstances the bar is up and the engine stops",G((escalator_is_blocked & house_is_open) -> G!(bar_is_up & engine_stops)),F((escalator_is_blocked & house_is_open) & G(!(bar_is_up & engine_stops))),False
3946,"after both the bridge opens and a sensor retrieves data, it will not happen that the brake is released or the engine starts",G((bridge_opens & sensor_retrieves_data) -> G!(brake_is_released | engine_starts)),F(bridge_opens & sensor_retrieves_data) -> G(!(brake_is_released | engine_starts)),False
3947,when possible journey_by house or always hold_onto orange,F journey_by_house | G hold_onto_orange,F(journey_by_house) | G(hold_onto_orange),True
3948,Do not visit house_4 under any circumstances,G!house_4,G(!house_4),True
3949,never let_go orange until whenever yield pear,G!let_go_orange U F yield_pear,(!let_go_orange) U yield_pear,False
3950,"Photograph fire_source should always hold, with at most a two-step grace period for recovery.",!G!(photo_fire_source & X photo_fire_source),G(photo_fire_source | X photo_fire_source | XX photo_fire_source),False
3951,"Communicate with the safe_rescuer must keep holding until, from some point on, communicate the injured_rescuer holds infinitely often.",communicate_safe_rescuer U GF communicate_injured_rescuer,communicate_safe_rescuer U (FG (F communicate_injured_rescuer)),True
3952,at any time get orange means that at some time get_close tree,F get_orange -> F get_close_tree,G(get_orange -> F get_close_tree),False
3953,Either idle or pickup the frisbee happens infinitely often.,GF idle | GF pickup_frisbee,GF(idle | pickup_frisbee),True
3954,"it will happen that either a sensor retrieves data or a bridge closes and, eventually, either a car enters or the motorbike has started afterwards",G!(bridge_closes | sensor_retrieves_data) | F((bridge_closes | sensor_retrieves_data) & F(car_enters | motorbike_has_started)),F((sensor_retrieves_data | bridge_closes) & F(car_enters | X motorbike_has_started)),False
3955,"Get help must hold until recording unsafe_rescuer does, or else get_help holds forever.",(get_help U record_unsafe_rescuer) | G get_help,(get_help U record_unsafe_rescuer) | G get_help,True
3956,Do not pickup box_3 at any time,G!p_box_3,G(!p_box_3),True
3957,"whenever either the motorbike has stopped or an elevator is blocked then forever, the motorbike has stopped and the elevator falls",G((elevator_is_blocked | motorbike_has_stopped) -> G(elevator_falls & motorbike_has_stopped)),G((motorbike_has_stopped | elevator_is_blocked) -> G(motorbike_has_stopped & elevator_falls)),True
3958,Remain in parking_lot_9 at all times,G parking_lot_9,G(parking_lot_9),True
3959,do not let_go pear and at any time get_near flag,!let_go_pear & F get_near_flag,G(!let_go_pear & F get_near_flag),False
3960,"At every step, photo injured_victim equals the value of communicate the safe_rescuer in the next step.",G(photo_injured_victim <-> X communicate_safe_rescuer),G(photo_injured_victim <-> X communicate_safe_rescuer),True
3961,always have apple or at any time capture pear,G have_apple | F capture_pear,G(have_apple) | GF(capture_pear),False
3962,whenever both a house collapses and a semaphore is red then it never happens that either the brake is released or the train has been launched,G((house_collapses & semaphore_is_red) -> G!(brake_is_released | train_has_been_launched)),G((house_collapses & semaphore_is_red) -> G(!(brake_is_released | train_has_been_launched))),True
3963,"In this task, deliver_aid the injured_victim, then record flood.",deliver_aid_injured_victim U record_flood,F(deliver_aid_injured_victim & F record_flood),False
3964,Take a video of gas_leak and photo fire_source are mutually exclusive at all times.,G!(photo_fire_source & record_gas_leak),G(!(record_gas_leak & photo_fire_source)),True
3965,"Whenever get_help holds, from the next step onwards photo the pedestrian on north_9th_street will eventually hold.",G(get_help -> XF photo_pedestrian_north_9th_street),G(get_help -> X F photo_pedestrian_north_9th_street),True
3966,Do not go to park 5 until you reach intersection 4,!park_5 U intersection_4,(!park_5) U intersection_4,True
3967,"Whenever get_help holds, photo injured_civilian holds as well.",G(get_help -> photo_injured_civilian),G(get_help -> photo_injured_civilian),True
3968,This controller must always maintain both change light_north red and photo the cyclist on northeast_10th_street.,G(change_light_north_red & photo_cyclist_northeast_10th_street),G(change_light_north_red & photo_cyclist_northeast_10th_street),True
3969,the bar has to be repaired involves that every time a constructor instantiate objects then sooner or later the train is crossing,G(bar_has_to_be_repaired -> G(constructor_instantiate_objects -> F train_is_crossing)),bar_has_to_be_repaired -> G(constructor_instantiate_objects -> F train_is_crossing),False
3970,"Once pickup the remote has occurred, get_help will never occur again.",G(pickup_remote -> XG!get_help),G(pickup_remote -> G(!get_help)),False
3971,"first, it is going to happen that a table is old and the bar has to be repaired, and then, finally, both the motorbike catches fire and a semaphore is red",G!(bar_has_to_be_repaired & table_is_old) | F(bar_has_to_be_repaired & table_is_old & F(motorbike_catches_fire & semaphore_is_red)),F((table_is_old & bar_has_to_be_repaired) & F(motorbike_catches_fire & semaphore_is_red)),False
3972,Begin recording the cyclist on southeast_2nd_street and photo the car on northwest_8th_avenue are mutually exclusive at all times.,G!(photo_car_northwest_8th_avenue & record_cyclist_southeast_2nd_street),G(!(record_cyclist_southeast_2nd_street & photo_car_northwest_8th_avenue)),True
3973,at some point a car starts and a house is open after the train has been launched or a constructor instantiate objects,G((constructor_instantiate_objects | train_has_been_launched) -> F(car_starts & house_is_open)),F((train_has_been_launched | constructor_instantiate_objects) & F(car_starts & house_is_open)),False
3974,"it is never the case that a constructor instantiate objects and, at the same time, the table is old and the table is brown",G!(constructor_instantiate_objects & table_is_brown & table_is_old),G(!(constructor_instantiate_objects & table_is_old & table_is_brown)),True
3975,it will happen that either the bar is closing or a semaphore is red,F(bar_is_closing | semaphore_is_red),F (bar_is_closing | semaphore_is_red),True
3976,Stay on street 6 until you reach intersection 8,street_6 U intersection_8,street_6 U intersection_8,True
3977,whenever bring pear and secure apple,secure_apple & F bring_pear,G((bring_pear & secure_apple)),False
3978,"it is never the case that either the sensor retrieves data, a semaphore is yellow or the bar is up",G!(bar_is_up | semaphore_is_yellow | sensor_retrieves_data),G(!(sensor_retrieves_data | semaphore_is_yellow | bar_is_up)),True
3979,"If get_help holds and search the sports_ball holds next, then idle holds in the step after that.",G((get_help & X search_sports_ball) -> XX idle),G((get_help & X search_sports_ball) -> XX idle),True
3980,"it is going to happen that the escalator moves and a car starts and, finally, either the escalator speeds up or a house collapses afterwards",G!(car_starts & escalator_moves) | F(car_starts & escalator_moves & F(escalator_speeds_up | house_collapses)),F(escalator_moves & F(car_starts & F(escalator_speeds_up | F house_collapses))),False
3981,every time the semaphore is yellow then sooner or later a train has arrived,G(semaphore_is_yellow -> F train_has_arrived),G(semaphore_is_yellow -> F train_has_arrived),True
3982,"finally, both a car stops and a house collapses after the train has arrived",G(train_has_arrived -> F(car_stops & house_collapses)),F(train_has_arrived & F(car_stops & house_collapses)),False
3983,sooner or later the elevator falls or the brake is pressed,F(brake_is_pressed | elevator_falls),F (elevator_falls | brake_is_pressed),True
3984,"Once go_home has occurred, photo fire_source will never occur again.",G(go_home -> XG!photo_fire_source),G(go_home -> G(!photo_fire_source)),False
3985,"at no time the engine breaks, the motorbike is driven and the motorbike has started",G!(engine_breaks & motorbike_has_started & motorbike_is_driven),G(!(engine_breaks & motorbike_is_driven & motorbike_has_started)),True
3986,whenever get_to flag can infer that grab_hold pear,F get_to_flag -> grab_hold_pear,G(get_to_flag -> grab_hold_pear),False
3987,whenever either the engine breaks or a semaphore is yellow then it is always true that the escalator speeds up or the sensor gathers information,G((engine_breaks | semaphore_is_yellow) -> G(escalator_speeds_up | sensor_gathers_information)),G((engine_breaks | semaphore_is_yellow) -> G(escalator_speeds_up | sensor_gathers_information)),True
3988,every time both a motorbike has started and an elevator rises then in the future either the train has arrived or an elevator rises,G((elevator_rises & motorbike_has_started) -> F(elevator_rises | train_has_arrived)),G((motorbike_has_started & elevator_rises) -> F(train_has_arrived | elevator_rises)),True
3989,"If every communicate the injured_rescuer is eventually followed by requesting assistance, then go_home must occur infinitely often.",G(communicate_injured_rescuer -> F get_help) -> GF go_home,G(communicate_injured_rescuer -> F get_help) -> GF go_home,True
3990,every time either a semaphore is green or the bar is up then it should not happen that either the escalator is blocked or a motorbike has started,G((bar_is_up | semaphore_is_green) -> G!(escalator_is_blocked | motorbike_has_started)),G((semaphore_is_green | bar_is_up) -> ! (escalator_is_blocked | motorbike_has_started)),False
3991,always touch flag or at some time go_by flag,G touch_flag | F go_by_flag,G(touch_flag) | F(go_by_flag),True
3992,move to the red_room,F red_room,F red_room,True
3993,Retrieve document 1 from office 3 and deliver it to street 2,F(office_3 & F(p_document_1 & F(pd & street_2))),F(office_3 & p_document_1 & pd & F(street_2 & p_document_1 & pd)),False
3995,every time the engine starts and a train has arrived,G(engine_starts & train_has_arrived),G((engine_starts & train_has_arrived)),True
3996,Stay within area_5 continuously,G area_5,G area_5,True
3997,at no time a sensor captures data or a motorbike is driven,G!(motorbike_is_driven | sensor_captures_data),G(!(sensor_captures_data | motorbike_is_driven)),True
3998,Take a video of the pedestrian on east_1st_avenue and record the jaywalker on east_7th_avenue will each happen at some point.,F record_pedestrian_east_1st_avenue & F record_jaywalker_east_7th_avenue,F(record_pedestrian_east_1st_avenue) & F(record_jaywalker_east_7th_avenue),True
3999,whenever both the sensor captures data and the brake is released then it never happens that either an elevator is open or the bar is closing,G((brake_is_released & sensor_captures_data) -> G!(bar_is_closing | elevator_is_open)),G((sensor_captures_data & brake_is_released) -> G(!(elevator_is_open | bar_is_closing))),True
4001,"Whenever photo the cyclist on northeast_7th_street holds, from the next step onwards change light_north green will eventually hold.",G(photo_cyclist_northeast_7th_street -> XF change_light_north_green),G(photo_cyclist_northeast_7th_street -> X F change_light_north_green),True
4002,repeatedly go_to apple trashcan or travel_to apple,travel_to_apple | GF go_to_apple_trashcan,GF(go_to_apple_trashcan | travel_to_apple),False
4003,"after both the engine stops and a bridge opens, every time either the sensor captures data or the brake is released",G((bridge_opens & engine_stops) -> G(brake_is_released | sensor_captures_data)),F(engine_stops & bridge_opens) & G((sensor_captures_data | brake_is_released) -> (sensor_captures_data | brake_is_released)),False
4004,"If record unstable_beam happens infinitely often, then so does communicate the safe_hostile.",GF record_unstable_beam -> GF communicate_safe_hostile,GF(record_unstable_beam) -> GF(communicate_safe_hostile),True
4005,"Whenever change light_south red and get_help are equal, get_help and photo the motorcycle on east_9th_street are equal as well.",G((change_light_south_red <-> get_help) -> (get_help <-> photo_motorcycle_east_9th_street)),G((change_light_south_red <-> get_help) -> (get_help <-> photo_motorcycle_east_9th_street)),True
4006,"after either the brake is released or the motorbike has started, it is always true that the car enters or a train has arrived",G((brake_is_released | motorbike_has_started) -> G(car_enters | train_has_arrived)),F(brake_is_released | motorbike_has_started) -> G(car_enters | train_has_arrived),False
4007,"Call for help must keep holding until, from some point on, go_home holds infinitely often.",get_help U GF go_home,get_help U (GF go_home),True
4008,Pick up bottle 3 from kitchen 2 but do not enter living room 1,F(kitchen_2 & p_bottle_3) & G!living_room_1,F(p_bottle_3 & kitchen_2) & G(!living_room_1),True
4009,"Whenever deliver the frisbee to the shelf holds, pickup the mouse holds exactly three steps later.",G(deliver_frisbee_shelf -> XXX pickup_mouse),G(deliver_frisbee_shelf -> X(X(X pickup_mouse))),True
4010,forever hold_onto orange or at any time shift_to flag,G hold_onto_orange | F shift_to_flag,G(hold_onto_orange) | F(shift_to_flag),True
4011,"Once get_help has occurred, pickup the cake will never occur again.",G(get_help -> XG!pickup_cake),G(get_help -> G(!pickup_cake)),False
4012,gather apple and take pear,gather_apple & take_pear,F(gather_apple & F take_pear),False
4013,at any time get pear and repeatedly make_way_to house,F get_pear & GF make_way_to_house,F(get_pear & G(F make_way_to_house)),True
4014,"after the engine starts or a motorbike catches fire, never, both the train is crossing and the bar has to be repaired",G((engine_starts | motorbike_catches_fire) -> G!(bar_has_to_be_repaired & train_is_crossing)),F(engine_starts | motorbike_catches_fire) -> G(!(train_is_crossing & bar_has_to_be_repaired)),False
4015,venture_towards house and at any time present_at flag,venture_towards_house & F present_at_flag,venture_towards_house & G present_at_flag,False
4016,"Eventually you need to go to monument 1 to take a picture, but do not visit monument 1 until you arrive at park 4",F(monument_1 & photo) & (!monument_1 U park_4),F(monument_1 & photo) & (!monument_1 U park_4),True
4017,"if repeatedly go_to apple trashcan , when possible lay_hold_of apple",GF go_to_apple_trashcan -> F lay_hold_of_apple,GF(go_to_apple_trashcan) -> GF(lay_hold_of_apple),False
4018,"If avoid the impending_debris holds and communicate the safe_victim holds next, then photo fire_source holds in the step after that.",G((avoid_impending_debris & X communicate_safe_victim) -> XX photo_fire_source),(avoid_impending_debris & X communicate_safe_victim) -> XX photo_fire_source,False
4019,if a manager handles requests or a table is old then in any case both the bar is down and a semaphore is red,G((manager_handles_requests | table_is_old) -> G(bar_is_down & semaphore_is_red)),G((manager_handles_requests | table_is_old) -> (bar_is_down & semaphore_is_red)),False
4020,"first, sooner or later the manager handles requests and a motorbike falls down, and then, finally, the semaphore is red and the manager collect claims",G!(manager_handles_requests & motorbike_falls_down) | F(manager_handles_requests & motorbike_falls_down & F(manager_collect_claims & semaphore_is_red)),F((manager_handles_requests & motorbike_falls_down) & F(semaphore_is_red & manager_collect_claims)),False
4021,"first, at some point the escalator moves and the train stops, and then, eventually, the house is open and the bar is up",G!(escalator_moves & train_stops) | F(escalator_moves & train_stops & F(bar_is_up & house_is_open)),F((escalator_moves & train_stops) & F(house_is_open & bar_is_up)),False
4022,"after either the escalator speeds up or a sensor gathers information, every time the constructor creates instances and a car stops",G((escalator_speeds_up | sensor_gathers_information) -> G(car_stops & constructor_creates_instances)),F((escalator_speeds_up | sensor_gathers_information) & G((constructor_creates_instances & car_stops) -> (constructor_creates_instances & car_stops))),False
4023,"after the motorbike is driven or the escalator speeds up, it should not happen that both the bridge opens and the sensor retrieves data",G((escalator_speeds_up | motorbike_is_driven) -> G!(bridge_opens & sensor_retrieves_data)),F(motorbike_is_driven | escalator_speeds_up) -> G(!(bridge_opens & sensor_retrieves_data)),False
4024,"In this task, go_home, then record gas_leak.",go_home U record_gas_leak,F(go_home & F record_gas_leak),False
4025,Stay within building 2 and do not leave until you reach path 3,building_2 U path_3,(building_2 U path_3),True
4026,it never happens that the bar has to be repaired or a train has arrived after either a car enters or the brake is released,G((brake_is_released | car_enters) -> G!(bar_has_to_be_repaired | train_has_arrived)),G !((car_enters | brake_is_released) -> F (bar_has_to_be_repaired | train_has_arrived)),False
4027,"When go_home happens, record safe_civilian must hold now or in the next step.",G(go_home -> (record_safe_civilian | X record_safe_civilian)),G(go_home -> (record_safe_civilian | X record_safe_civilian)),True
4028,Keep visiting area 5,GF area_5,G F area_5,True
4029,"From some point onwards, record unstable_beam never occurs again.",FG!record_unstable_beam,FG(!record_unstable_beam),True
4030,always moving and do not let_go orange,!let_go_orange & G moving,G(moving & !let_go_orange),False
4031,Stand by and get_help will each happen at some point.,F idle & F get_help,F(idle) & F(get_help),True
4032,"If get_help ever holds, record the pedestrian on northwest_5th_street must have held beforehand.",F get_help -> (!get_help U (!get_help & record_pedestrian_northwest_5th_street)),G(get_help -> (record_pedestrian_northwest_5th_street V get_help)),False
4033,Hand over the giraffe to the shelf holds at all times.,G deliver_giraffe_shelf,G(deliver_giraffe_shelf),True
4034,at any time the elevator is open or a car stops or the house is open,G(car_stops | elevator_is_open | house_is_open),G(elevator_is_open | car_stops | house_is_open),True
4036,"If deliver the bear to the loading_dock holds and search the chair holds next, then deliver the bed to the loading_dock holds in the step after that.",G((deliver_bear_loading_dock & X search_chair) -> XX deliver_bed_loading_dock),(deliver_bear_loading_dock & X search_chair) -> XX deliver_bed_loading_dock,False
4037,"Set light_east red and get_help never coincide, yet one of them is always true.",G!(change_light_east_red & get_help) & G(change_light_east_red | get_help),G(!(change_light_east_red & get_help) & (change_light_east_red | get_help)),True
4038,Hand over the cow to the shelf and idle are mutually exclusive at all times.,G!(deliver_cow_shelf & idle),G(!(deliver_cow_shelf & idle)),True
4039,"Take a picture of statue_6, then at bench_4 and remain there",F(photo & statue_6 & F(bench_4 & G bench_4)),F((photo & statue_6) & F(G bench_4)),True
4040,Remain in locality_1 until you arrive intersection_4 as you take package_5 from warehouse_9 to store_2,(locality_1 U intersection_4) & F(warehouse_9 & F(p_package_5 & F(pd & store_2))),locality_1 U intersection_4,False
4041,"If photo the jaywalker on west_5th_avenue happens infinitely often, then so does photo the cyclist on south_5th_avenue.",GF photo_jaywalker_west_5th_avenue -> GF photo_cyclist_south_5th_avenue,GF(photo_jaywalker_west_5th_avenue) -> GF(photo_cyclist_south_5th_avenue),True
4042,if a semaphore is yellow then it is always the case that either a house collapses or a table is old,G(semaphore_is_yellow -> G(house_collapses | table_is_old)),G(semaphore_is_yellow -> G(house_collapses | table_is_old)),True
4043,Either go_home or avoid the impending_gas_leak happens infinitely often.,GF go_home | GF avoid_impending_gas_leak,GF(go_home | avoid_impending_gas_leak),True
4044,"first, it is going to happen that both a constructor creates instances and a motorbike has stopped, and then, at a certain moment the train has arrived",G!(constructor_creates_instances & motorbike_has_stopped) | F(constructor_creates_instances & motorbike_has_stopped & F train_has_arrived),F((constructor_creates_instances & motorbike_has_stopped) & F(train_has_arrived)),False
4045,always either the brake is released or the table is brown implies that it is never the case that both the bridge opens and the engine starts,G((brake_is_released | table_is_brown) -> G!(bridge_opens & engine_starts)),G((brake_is_released | table_is_brown) -> G(!(bridge_opens & engine_starts))),True
4046,whenever both the motorbike has started and the constructor instantiate objects then at any time a constructor creates instances and a car stops,G((constructor_instantiate_objects & motorbike_has_started) -> G(car_stops & constructor_creates_instances)),G((motorbike_has_started & constructor_instantiate_objects) -> G(constructor_creates_instances & car_stops)),True
4047,"If search the spoon ever holds, deliver the cup to the loading_dock must have held beforehand.",F search_spoon -> (!search_spoon U (deliver_cup_loading_dock & !search_spoon)),G(search_spoon -> (deliver_cup_loading_dock V search_spoon)),False
4048,Keep returning to charger_3 as you periodically take photos of area_3,GF charger_3 & GF(area_3 & photo),GF(photo & area_3) & GF(charger_3),True
4049,always when both a car enters and the table is old then sooner or later a bridge closes and the engine starts,G((car_enters & table_is_old) -> F(bridge_closes & engine_starts)),G((car_enters & table_is_old) -> F(bridge_closes & engine_starts)),True
4050,"Whenever get_help holds, from the next step onwards photo the car on west_4th_street will eventually hold.",G(get_help -> XF photo_car_west_4th_street),G(get_help -> X F photo_car_west_4th_street),True
4051,it will not happen that the motorbike has stopped and a bridge closes,G!(bridge_closes & motorbike_has_stopped),G(!(motorbike_has_stopped & bridge_closes)),True
4052,whenever present_at flag until at any time bring pear,F present_at_flag U F bring_pear,G(present_at_flag -> (present_at_flag U bring_pear)),False
4053,under no condition the table has been moved or the brake is pressed or a train derails,G!(brake_is_pressed | table_has_been_moved | train_derails),G(!(table_has_been_moved | brake_is_pressed | train_derails)),True
4054,Stay in building_9 until you take bottle_3 from room_2 to room_6,building_9 U (room_2 & F(p_bottle_3 & F(pd & room_6))),building_9 U (p_bottle_3 & room_6),False
4055,"eventually, either the sensor captures data, the motorbike has stopped or the house is built",F(house_is_built | motorbike_has_stopped | sensor_captures_data),F (sensor_captures_data | motorbike_has_stopped | house_is_built),True
4056,at some point a house is built or the constructor creates instances or a motorbike has stopped,F(constructor_creates_instances | house_is_built | motorbike_has_stopped),F (house_is_built | constructor_creates_instances | motorbike_has_stopped),True
4057,Ensure you never go into house_1,G!house_1,G(!house_1),True
4058,"first, finally, the car starts and the bar is down, and then, it will happen that the semaphore is red or the engine stops",G!(bar_is_down & car_starts) | F(bar_is_down & car_starts & F(engine_stops | semaphore_is_red)),F((car_starts & bar_is_down) & F(semaphore_is_red | engine_stops)),False
4059,at any time go_to transh can or travel_to apple,travel_to_apple | F go_to_transh_can,G(go_to_transh_can | travel_to_apple),False
4060,Do not enter street 5 until you reach store 1 as you pick up package 4 from store 1,(!street_5 U store_1) & F(p_package_4 & store_1),(!street_5) U (store_1 & p_package_4),False
4061,Begin recording the motorcycle on east_4th_street holds at all times.,G record_motorcycle_east_4th_street,G record_motorcycle_east_4th_street,True
4062,every time an elevator falls and the escalator speeds up then all the time the bridge opens and a constructor creates instances,G((elevator_falls & escalator_speeds_up) -> G(bridge_opens & constructor_creates_instances)),G((elevator_falls & escalator_speeds_up) -> G(bridge_opens & constructor_creates_instances)),True
4063,Pick up water bottle_4 from hospital_3 while staying away from pharmacy_2,F(hospital_3 & p_bottle_4) & G!pharmacy_2,F(p_bottle_4 & hospital_3) & G(!pharmacy_2),True
10413,"For all time (prop_1) is true, and (prop_3) is equivalent to (prop_2) .",(prop_2 <-> prop_3) & G prop_1,G(prop_1 & (prop_3 <-> prop_2)),False
10414,( prop_1 ) or when possible ( prop_2 ),prop_1 | F prop_2,prop_1 | GF prop_2,False
10415,( prop_1 ) and when possible ( prop_2 ),prop_1 & F prop_2,G(prop_1) & GF(prop_2),False
10416,at some time ( prop_1 ) and at some time ( prop_2 ),F(prop_1 & F prop_2),F prop_1 & F prop_2,False
10417,( prop_1 ) and repeatedly ( prop_2 ),prop_1 & GF prop_2,prop_1 & GF prop_2,True
10418,"Globally , everytime when ( prop_1 ) then in response ( prop_2 ) or at the same time ( prop_3 ) .",G(prop_1 -> (prop_2 | prop_3)),G(prop_1 -> (F prop_2 | prop_3)),False
10419,"While ( prop_1 ) or ( prop_2 ) then all of the following conditions hold : for each moment in the future until the execution ends , there needs to exist a time in the future before the execution ends , at which the event that ( prop_3 ) will have to get detected .",G((prop_1 | prop_2) -> GF prop_3),G((prop_1 | prop_2) -> G(F prop_3)),True
10420,when possible ( prop_1 ) until repeatedly ( prop_2 ),F(prop_1 U GF prop_2),GF(prop_1 U GF prop_2),True
10421,whenever ( prop_1 ) or repeatedly ( prop_2 ),F(prop_1 | GF prop_2),G(prop_1 | GF prop_2),False
10422,"If (prop_3) implies (prop_1), then you should make (prop_2) happen .",(prop_3 -> prop_1) -> F prop_2,(prop_3 -> prop_1) -> F prop_2,True
10423,"In case that the transition action that ( prop_1 ) occurs , then in response simultaneously ( prop_2 ) .",G(prop_1 -> prop_2),G(prop_1 -> prop_2),True
10424,(prop_1) or (prop_3). (prop_2) until (prop_4).,(prop_1 | prop_3) & (prop_2 U prop_4),(prop_1 | prop_3) & (prop_2 U prop_4),True
10425,"(prop_3) doesn't happen, and either (prop_2) or (prop_1) happens .",!prop_3 & (prop_1 | prop_2),(!prop_3) & (prop_2 | prop_1),True
10426,"If ( prop_3 ) then ( prop_4 ) , is equivalent to ( prop_1 ) , and also ( prop_2 ) .",prop_2 & (prop_1 <-> (prop_3 -> prop_4)),((prop_3 -> prop_4) <-> prop_1) & prop_2,True
10427,"if ( prop_1 ) , whenever ( prop_2 )",prop_1 -> F prop_2,G(prop_1 -> G(prop_2 -> prop_2)),False
10428,"(prop_1) is always true and (prop_2) is true at some point, or (prop_3) should not be true .",!prop_3 | (prop_2 & G prop_1),(G prop_1 & F prop_2) | !prop_3,False
10429,always ( prop_1 ) and at any time ( prop_2 ),G(prop_1 & F prop_2),G(prop_1) & GF(prop_2),True
10430,"If ( prop_1 ) is not true then ( prop_3 ) , and ( prop_2 ) .",prop_2 & (!prop_1 -> prop_3),(!prop_1 -> prop_3) & prop_2,True
10431,when possible ( prop_1 ) until ( prop_2 ),F(prop_1 U prop_2),prop_1 U prop_2,False
10432,at any time ( prop_1 ) means that ( prop_2 ),F prop_1 -> prop_2,G(prop_1 -> prop_2),False
10433,"In the case ( prop_1 ) , or ( prop_3 ) then at a certain time point in the future before the execution ends , ( prop_2 ) .",G((prop_1 | prop_3) -> F prop_2),(prop_1 | prop_3) -> F prop_2,False
10434,"For all time (prop_3) is true, is equivalent to the scenario in which either not (prop_2) or (prop_1) happens .",(prop_1 | !prop_2) <-> G prop_3,G(prop_3) <-> ( !prop_2 | prop_1 ),True
10435,"It is not the case that ( prop_2 ) is equivalent to ( prop_1 ) , or else ( prop_3 ) .",prop_3 | !(prop_1 <-> prop_2),!(prop_2 <-> prop_1) | prop_3,True
10436,"If (prop_2) is equivalent to (prop_1), then make sure (prop_3) is always true .",(prop_1 <-> prop_2) -> G prop_3,(prop_1 <-> prop_2) -> G prop_3,True
10437,"First (prop_3) unless (prop_1) happens, then make sure to (prop_2) after you have witnessed (prop_4).",(prop_3 U prop_1) -> (prop_2 -> prop_4),(prop_3 U prop_1) & (F prop_1 -> F (prop_4 U prop_2)),False
10438,"The scenario that ( prop_2 ) is not detected or ( prop_3 ) is detected , the above state will keep happening until ( prop_1 ) happens .",(!prop_2 | prop_3) U prop_1,((!prop_2 | prop_3) U prop_1),True
10439,"If (prop_2), (prop_1) and (prop_3).",prop_2 -> (prop_1 & prop_3),G(prop_2 -> (prop_1 & prop_3)),False
10440,Please (prop_1),F prop_1,prop_1,False
10441,always ( prop_1 ) until ( prop_2 ),G(prop_1 U prop_2),G(prop_1) U prop_2,False
10442,"For each time instant in the future either if ( prop_2 ) then ( prop_3 ) happens , or else ( prop_1 ) .",prop_1 | G(prop_2 -> prop_3),G((prop_2 -> prop_3) | prop_1),False
10443,"If (prop_1) or (prop_3) happens, then (prop_2) until (prop_4) .",(prop_1 | prop_3) -> (prop_2 U prop_4),(prop_1 | prop_3) -> (prop_2 U prop_4),True
10444,"It is always the case that while ( prop_1 ) or ( prop_2 ) then there ought to be a certain moment in the future before the end of the simulation , at which ( prop_4 ) , and before that consecutively ( prop_3 ) .",G((prop_1 | prop_2) -> (prop_4 U prop_3)),G((prop_1 | prop_2) -> F(prop_3 & F prop_4)),False
10445,The scenario in which ( prop_1 ) and ( prop_4 ) and ( prop_2 ) is equivalent to the scenario in which ( prop_3 ) .,prop_3 <-> (prop_1 & prop_2 & prop_4),(prop_1 & prop_4 & prop_2) <-> prop_3,True
10446,when possible ( prop_1 ) or at any time ( prop_2 ),F(prop_1 | F prop_2),F(prop_1 | prop_2),True
10447,"(prop_1) is not the case, or (prop_3) should be equivalent to (prop_2) .",!prop_1 | (prop_2 <-> prop_3),!prop_1 | (prop_3 <-> prop_2),True
10448,when possible ( prop_1 ) or always ( prop_2 ),F(prop_1 | G prop_2),F(prop_1) | G(prop_2),False
10449,"Either ensure that (prop_2) in the end happens or, if (prop_3), then make sure that (prop_1) happens .",(prop_3 -> prop_1) | F prop_2,F prop_2 | (prop_3 -> F prop_1),False
10450,"It should be the case that if ( prop_1 ) is not detected then ( prop_2 ) , and equivalently ( prop_3 ) should be detected .",prop_3 <-> (!prop_1 -> prop_2),G((!prop_1 -> prop_2) <-> prop_3),False
10451,( prop_1 ) or ( prop_2 ),prop_1 | prop_2,prop_1 | prop_2,True
10452,If ( prop_3 ) then ( prop_2 ) and also ( prop_1 ) .,prop_1 & (prop_3 -> prop_2),prop_3 -> (prop_2 & prop_1),False
10453,"In the case ( prop_1 ) , then in response ultimately at a certain time point in the future before the end of the simulation continuously ( prop_2 ) .",G(prop_1 -> FG prop_2),G(prop_1 -> F G prop_2),True
10454,( prop_1 ) or repeatedly ( prop_2 ),prop_1 | GF prop_2,prop_1 | GF prop_2,True
10455,don't ( prop_1 ) or at any time ( prop_2 ),!(F prop_1 | F prop_2),!prop_1 | F prop_2,False
10456,"If both ( prop_2 ) and ( prop_3 ) happen, then ( prop_1 ) should always be true.",(prop_2 & prop_3) -> G prop_1,G((prop_2 & prop_3) -> G prop_1),False
10457,"Once (prop_3) happens, then (prop_2) should be in the same state as (prop_1) .",F prop_3 -> (prop_1 <-> prop_2),G(prop_3 -> G(prop_2 <-> prop_1)),False
10458,"If ( prop_2 ) and ( prop_1 ) are equivalent then ( prop_4 ) , or ( prop_3 ) is true .",prop_3 | ((prop_1 <-> prop_2) -> prop_4),((prop_2 <-> prop_1) -> prop_4) | prop_3,True
10459,never ( prop_1 ) and at some time ( prop_2 ),G(!prop_1 & F prop_2),G(!prop_1) & F(prop_2),False
10460,"If at some point ( prop_4 ) and ( prop_3 ) , and is equivalent to ( prop_1 ) , and this scenario will hold until at some other point ( prop_2 ) is detected .",(prop_1 <-> (prop_3 & prop_4)) U prop_2,F((prop_4 & prop_3) <-> prop_1) U prop_2,False
10461,It is always the case that if ( prop_1 ) then the following condition is true : ( prop_3 ) and right away ( prop_2 ) .,G(prop_1 -> (prop_2 & prop_3)),G(prop_1 -> (prop_3 & X prop_2)),False
10462,"It is always the case that when ( prop_2 ) and ( prop_3 ) happen, then ( prop_1 ) will eventually happen sometime in the future before the end of the simulation.",G((prop_2 & prop_3) -> F prop_1),G((prop_2 & prop_3) -> F prop_1),True
10463,never ( prop_1 ) until forever ( prop_2 ),G(!prop_1 U G prop_2),(!prop_1) U G prop_2,True
10464,The scenario in which (prop_3) and (prop_4) both happen is equivalent to the scenario in which (prop_1) happens and continues until (prop_2) .,(prop_3 & prop_4) <-> (prop_1 U prop_2),(prop_3 & prop_4) <-> (prop_1 U prop_2),True
10465,It is always the case that in case that the transition action that ( prop_3 ) does not occur and ( prop_2 ) ( prop_1 ) .,G((prop_2 & prop_3) -> GF prop_1),G(!prop_3 -> (prop_2 & prop_1)),False
10466,whenever ( prop_1 ) until whenever ( prop_2 ),F(prop_1 U F prop_2),G(prop_1 U prop_2),False
10467,do not ( prop_1 ) can infer that ( prop_2 ),!F prop_1 -> prop_2,!prop_1 -> !prop_2,False
10468,"If ( prop_3 ) does not happen is equivalent to ( prop_1 ) , then ( prop_2 ) .",(prop_1 <-> !prop_3) -> prop_2,(!prop_3 <-> prop_1) -> prop_2,True
10469,"Make sure that (prop_3) is always true, then (prop_1) and (prop_2) will happen .",G prop_3 -> (prop_1 & prop_2),G(prop_3) -> F(prop_1 & prop_2),False
10470,"( prop_1 ) should not happen if ( prop_3 ) does happen , and ( prop_2 ) should also be true all the time . ",(prop_1 -> !prop_3) & G prop_2,G(!prop_3 | !prop_1) & G(prop_2),False
10471,"Do (prop_1) and (prop_2) , and also do (prop_3) and (prop_4) .",prop_1 & prop_2 & prop_3 & prop_4,prop_1 & prop_2 & prop_3 & prop_4,True
10472,"On the way to achieve (prop_2), if (prop_4) occurs, then do (prop_3), but don't (prop_1) no matter what happens.",!prop_1 & prop_2 & (prop_4 -> prop_3),G(!prop_1 & (prop_4 -> prop_3)) U prop_2,False
10473,"Do not let (prop_3) happen, or else, either (prop_2) or (prop_1) should happen.",prop_1 | prop_2 | !prop_3,G(prop_3 -> (prop_1 | prop_2)),False
10474,repeatedly ( prop_1 ) and at any time ( prop_2 ),G(F prop_1 & F prop_2),GF(prop_1) & G(prop_2),False
10475,The scenario in which (prop_2) or (prop_4) is true is equivalent to the scenario in which (prop_1) and (prop_3) are both true .,(prop_2 | prop_4) <-> (prop_1 & prop_3),(prop_2 | prop_4) <-> (prop_1 & prop_3),True
10476,The scenario that ( prop_1 ) or the scenario that ( prop_4 ) or the scenario that ( prop_3 ) or the scenario that ( prop_2 ) should be detected .,prop_1 | prop_2 | prop_3 | prop_4,F (prop_1 | prop_4 | prop_3 | prop_2),False
10477,"In case that ( prop_1 ) happens and continues to happen until ( prop_4 ) , or else ( prop_2 ) , or else ( prop_3 ) .",prop_2 | prop_3 | (prop_1 U prop_4),(prop_1 U prop_4) | prop_2 | prop_3,True
10478,"If it is not the case that at some future time ( prop_1 ) or ( prop_3 ) , then ( prop_2 ) is true , and vice versa .",prop_2 <-> !F(prop_1 | prop_3),(!(F (prop_1 | prop_3))) <-> prop_2,True
10479,The scenario in which (prop_4) implies (prop_2) is equivalent to the scenario in which (prop_1) and (prop_3) both happen .,(prop_4 -> prop_2) <-> (prop_1 & prop_3),(prop_4 -> prop_2) <-> (prop_1 & prop_3),True
10480,"The scenario in which ( prop_2 ) is equivalent to the scenario in which ( prop_3 ) happens , and this should continue until ( prop_1 ) is not detected .",(prop_2 <-> prop_3) U !prop_1,((prop_2 <-> prop_3) U !prop_1),True
10481,"Globally , during the interval that ( prop_1 ) , and ( prop_2 ) , then in response ( prop_3 ) .",G((prop_1 & prop_2) -> prop_3),G((prop_1 & prop_2) -> F prop_3),False
10482,Either make sure (prop_3) finally happens or else either (prop_2) or (prop_1) should be true .,prop_1 | prop_2 | F prop_3,F prop_3 | prop_2 | prop_1,True
10483,never ( prop_1 ) or when possible ( prop_2 ),G(!prop_1 | F prop_2),G(!prop_1 | F prop_2),True
10484,The scenario in which (prop_1) happens until (prop_4) happens is equivalent to the scenario in which (prop_2) is equivalent to (prop_3) .,(prop_2 <-> prop_3) <-> (prop_1 U prop_4),(prop_1 U prop_4) <-> (prop_2 <-> prop_3),True
10485,Either (prop_3) or (prop_1) is true is equal to (prop_4) is equivalent to (prop_2) .,(prop_2 <-> prop_4) <-> (prop_1 | prop_3),((prop_3 | prop_1) <-> prop_4) <-> prop_2,True
10486,at some time ( prop_1 ) and ( prop_2 ),F(prop_1 & prop_2),F(prop_1 & prop_2),True
10487,(prop_2) and then (prop_1).,prop_2 U prop_1,F(prop_2 & F prop_1),False
10488,"Either ( prop_3 ) or ( prop_2 ) happens , or else ( prop_1 ) does not happen .",!prop_1 | prop_2 | prop_3,(prop_3 | prop_2) | !prop_1,True
10489,"If (prop_3), then do (prop_1), but keep doing (prop_2) until (prop_4) .",(prop_3 -> prop_1) & (prop_2 U prop_4),G(prop_3 -> (prop_1 & (prop_2 U prop_4))),False
10490,"Everytime when ( prop_4 ) and ( prop_1 ) , then the following condition is true : at once ( prop_2 ) , or at the same time instant the event that ( prop_3 ) never occurs .",G((prop_1 & prop_4) -> (prop_2 | prop_3)),G((prop_4 & prop_1) -> (prop_2 | G(!prop_3))),False
10491,"If you observe (prop_1) and do (prop_2), then you should not do (prop_3) .",(prop_1 & prop_2) -> !prop_3,G((prop_1 & prop_2) -> !prop_3),False
10492,"Whenever ( prop_2 ) and ( prop_1 ) , then all of the following conditions hold : in the future before the execution ends without interruption ( prop_3 ) .",G((prop_1 & prop_2) -> G prop_3),G((prop_1 & prop_2) -> F prop_3),False
10493,"If at some point ( prop_2 ) or ( prop_4 ) is detected and this scenario continues to hold until ( prop_1 ) is detected , and ( prop_3 ) .",prop_3 & ((prop_2 | prop_4) U prop_1),F((prop_2 | prop_4) & ((prop_2 | prop_4) U prop_1) & prop_3),False
10494,"Make sure that (prop_2) is always true, and either (prop_1) or (prop_3) should also happen.",(prop_1 | prop_3) & G prop_2,G(prop_2) & F(prop_1 | prop_3),False
10495,"Globally , everytime when ( prop_1 ) , or ( prop_2 ) then all of the following conditions hold : ( prop_4 ) , or at the same time instant ( prop_3 ) .",G((prop_1 | prop_2) -> (prop_3 | prop_4)),G((prop_1 | prop_2) -> (prop_4 | prop_3)),True
10496,( prop_1 ) or never ( prop_2 ),prop_1 | G!prop_2,prop_1 | G(!prop_2),True
10497,"If (prop_3) happens and continues until (prop_1), then (prop_2) should not happen .",(prop_3 U prop_1) -> !prop_2,G((prop_3 & (prop_3 U prop_1)) -> !prop_2),False
10498,"Either (prop_3) and (prop_4) happen together, or else (prop_2) or (prop_1) .",prop_1 | prop_2 | (prop_3 & prop_4),((prop_3 & prop_4) | (prop_2 | prop_1)),True
10499,"If (prop_3) is not the case, or do (prop_1) until you detect (prop_2) .",!prop_3 | (prop_1 U prop_2),(!prop_3) | (prop_1 U prop_2),True
10500,"Either ( prop_3 ) or ( prop_1 ) should happen at the same time , or else if ( prop_2 ) then ( prop_4 ) .",prop_1 | prop_3 | (prop_2 -> prop_4),(prop_3 & prop_1) | (prop_2 -> prop_4),False
10501,"If (prop_2), then (prop_3), and keep doing so until (prop_1) is the same as (prop_4) .",(prop_2 -> prop_3) U (prop_1 <-> prop_4),G(prop_2 -> (prop_3 U (prop_1 <-> prop_4))),False
10502,"If at some point (prop_3) happens and implies (prop_1), then (prop_2) should not happen .",(prop_3 -> prop_1) -> !prop_2,G((prop_3 & prop_1) -> !prop_2),False
10503,"when forever ( prop_1 ) , at some time ( prop_2 )",G prop_1 -> F prop_2,G(prop_1) -> F(prop_2),True
10504,"It is always the case that if ( prop_3 ) , or ( prop_1 ) , then the following condition is true : at the same moment ( prop_2 ) .",G((prop_1 | prop_3) -> prop_2),G((prop_3 | prop_1) -> prop_2),True
10505,"In the case ( prop_1 ) , and ( prop_2 ) then the condition that ( prop_3 ) shall not be true .",G((prop_1 & prop_2) -> !F prop_3),G((prop_1 & prop_2) -> !prop_3),False
10506,"Until (prop_3) happens and then (prop_2) follows, keep (prop_4) being equivalent to (prop_1) .",(prop_2 <-> prop_3) U (prop_4 -> prop_1),((prop_4 <-> prop_1) U (prop_3 & X prop_2)),False
10507,"( prop_4 ) and ( prop_1 ) should happen , or else if ( prop_2 ) then ( prop_3 ) .",(prop_2 -> prop_3) | (prop_1 & prop_4),(F(prop_4 & prop_1)) | G(prop_2 -> prop_3),False
10508,"It should be the case that either (prop_1) is equivalent to (prop_2), or else (prop_3) is always true .",(prop_1 <-> prop_2) | G prop_3,(prop_1 <-> prop_2) | G prop_3,True
10509,"In the event that ( prop_3 ) and ( prop_2 ) then all of the following conditions hold : the event that ( prop_4 ) should be simultaneously detected , and instantly ( prop_1 ) .",G((prop_2 & prop_3) -> (prop_1 & prop_4)),G((prop_3 & prop_2) -> (prop_4 & X prop_1)),False
10510,"Always make sure that (prop_1) is true, and if (prop_3) is true, then (prop_2) should also be true.",(prop_3 -> prop_2) & G prop_1,G(prop_1 & (prop_3 -> prop_2)),False
10511,"If (prop_3), (prop_2) until (prop_1).",prop_3 -> (prop_2 U prop_1),prop_3 -> (prop_2 U prop_1),True
10512,It is not the case that ( prop_2 ) and ( prop_3 ) is detected and this scenario will hold until ( prop_1 ) .,!(prop_2 & prop_3) U prop_1,(! (prop_2 & prop_3)) U prop_1,True
10513,"It is not the case that ( prop_3 ) is true , and also ( prop_1 ) is true , and ( prop_2 ) .",prop_1 & prop_2 & !prop_3,(!prop_3 & prop_1 & prop_2),True
10514,"Either (prop_2) is equivalent to the scenario in which (prop_3) happens, or else (prop_1) at some point .",(prop_2 <-> prop_3) | F prop_1,(prop_2 <-> prop_3) | F prop_1,True
10515,( prop_1 ) until at any time ( prop_2 ),prop_1 U F prop_2,prop_1 U prop_2,False
10516,The scenario in which ( prop_1 ) is detected is equivalent to the scenario in which ( prop_2 ) is detected .,prop_1 <-> prop_2,G(prop_1 <-> prop_2),False
10517,"In the case ( prop_1 ) , then ( prop_2 ) .",G(prop_1 -> G prop_2),G(prop_1 -> prop_2),False
10518,at some time ( prop_1 ) or never ( prop_2 ),F(prop_1 | G!prop_2),F(prop_1) | G(!prop_2),False
10519,when possible ( prop_1 ) or ( prop_2 ),F(prop_1 | prop_2),GF(prop_1 | prop_2),False
10520,forever ( prop_1 ) and repeatedly ( prop_2 ),G(prop_1 & GF prop_2),G(prop_1) & GF(prop_2),True
10521,"(prop_1) does not occur, and do (prop_2) until (prop_3) .",!prop_1 & (prop_2 U prop_3),G(!prop_1) & (prop_2 U prop_3),False
10522,forever ( prop_1 ) or do not ( prop_2 ),G(prop_1 | !prop_2),G(prop_1) | !prop_2,False
10523,( prop_1 ) or forever ( prop_2 ),prop_1 | G prop_2,prop_1 | G prop_2,True
10524,In case that the scenario that ( prop_2 ) gets observed or the scenario that ( prop_1 ) occurs then all of the following conditions hold : ( prop_3 ) .,G((prop_1 | prop_2) -> G prop_3),G((prop_2 | prop_1) -> prop_3),False
10525,"For each time instant ( prop_1 ) should happen , the former scenario is equivalent to the case that if ( prop_2 ) then ( prop_3 ) .",(prop_2 -> prop_3) <-> G prop_1,G(prop_1 -> (prop_2 -> prop_3)),False
10526,"Until (prop_3) is equal to (prop_1), make sure that (prop_2) is not true .",!prop_3 U (prop_1 <-> prop_2),(!prop_2) U (prop_3 & prop_1),False
10527,"Once (prop_2) is accomplished, if (prop_3) happens, then be sure to ensure (prop_1) as well.",F prop_2 -> (prop_3 -> prop_1),F(prop_2 & G(prop_3 -> prop_1)),False
10528,"If (prop_2) is equivalent to (prop_3), and (prop_1), then (prop_4) .",(prop_2 <-> prop_3) & (prop_1 -> prop_4),((prop_2 <-> prop_3) & prop_1) -> prop_4,False
10529,Ensure that (prop_2) happens soon and that if (prop_3) occurs then (prop_1) should also happen .,(prop_3 -> prop_1) & F prop_2,F(prop_2) & G(prop_3 -> F(prop_1)),False
10530,"when at any time ( prop_1 ) , whenever ( prop_2 )",F prop_1 -> F prop_2,G(prop_1 -> G(prop_2)),False
10531,never ( prop_1 ) or ( prop_2 ),G(!prop_1 | prop_2),G(!(prop_1 | prop_2)),False
10532,"If (prop_2) is always true, then whenever (prop_3), (prop_1) should be as well .",G prop_2 -> (prop_3 -> prop_1),G prop_2 -> G (prop_3 -> prop_1),False
10533,Always avoid (prop_1),G!prop_1,G(!prop_1),True
10534,"If (prop_3) is always true, then either (prop_1) or (prop_2) must be true as well.",G prop_3 -> (prop_1 | prop_2),G prop_3 -> (G prop_1 | G prop_2),False
10535,"It is always the case that if ( prop_3 ) , or the event that ( prop_4 ) does n't take place , then at the same time ( prop_2 ) , and right away the event that ( prop_1 ) must be observed .",G((prop_3 | prop_4) -> (prop_1 & prop_2)),G((prop_3 | !prop_4) -> (prop_2 & X prop_1)),False
10536,(prop_3) does not happen is equivalent to the scenario in which (prop_1) and (prop_2) are equivalent .,!prop_3 <-> (prop_1 <-> prop_2),(!prop_3) <-> (prop_1 <-> prop_2),True
10537,( prop_1 ) means that never ( prop_2 ),prop_1 -> G!prop_2,G(prop_1 -> G(!prop_2)),False
10538,"It is always the case that while ( prop_3 ) or ( prop_1 ) , then there will have to finally exist sometime in the future before the execution ends , after which ( prop_2 ) then this scenario will have to hold consistently in the future until the execution ends .",G((prop_1 | prop_3) -> FG prop_2),G((prop_3 | prop_1) -> F G prop_2),True
10539,whenever ( prop_1 ) can infer that never ( prop_2 ),F prop_1 -> G!prop_2,G(prop_1 -> G(!prop_2)),False
10540,"Check if (prop_2) is equivalent to (prop_3), and also (prop_1) or else (prop_4) .",(prop_2 <-> prop_3) & (prop_1 | prop_4),((prop_2 <-> prop_3) & (prop_1 | prop_4)),True
10541,( prop_1 ) and ( prop_2 ),prop_1 & prop_2,prop_1 & prop_2,True
10542,"If ( prop_3 ) and ( prop_2 ) happens and continues to happen until ( prop_4 ) is detected , then the scenario is equivalent to ( prop_1 ) .",prop_1 <-> ((prop_2 & prop_3) U prop_4),G((prop_3 & prop_2) & (prop_2 U prop_4) -> prop_1),False
10543,"Globally , when the transition action that ( prop_2 ) gets observed , then all of the following conditions hold : finally there will be a certain moment in the future before the end of the execution , at which ( prop_3 ) , until then ( prop_1 ) .",G(prop_2 -> (prop_3 U prop_1)),G(prop_2 -> (prop_1 U prop_3)),False
10544,You need to wait until (prop_2) before (prop_1).,!prop_2 U prop_1,(!prop_1) U prop_2,False
10545,"If (prop_4), then (prop_1) should happen, or else (prop_2) should continue to happen until (prop_3) occurs.",(prop_4 -> prop_1) | (prop_2 U prop_3),prop_4 -> (F prop_1 | (prop_2 U prop_3)),False
10546,If ( prop_4 ) and ( prop_3 ) or ( prop_2 ) then the scenario is equivalent to ( prop_1 ) .,prop_1 <-> (prop_2 | (prop_3 & prop_4)),((prop_4 & prop_3) | prop_2) -> prop_1,False
10547,repeatedly ( prop_1 ) or at some time ( prop_2 ),G(F prop_1 | F prop_2),GF prop_1 | F prop_2,False
10548,The scenario in which you do (prop_3) and observe (prop_2) is equivalent to the scenario in which you do not do (prop_1) .,!prop_1 <-> (prop_2 & prop_3),(prop_3 & prop_2) <-> !prop_1,True
10549,"If you do (prop_3) or (prop_2), then you should keep doing (prop_4) until (prop_1), and vice versa .",(prop_2 | prop_3) <-> (prop_4 U prop_1),((prop_3 | prop_2) -> (prop_4 U prop_1)) & (prop_1 -> (prop_4 U (prop_3 | prop_2))),False
10550,"In case that ( prop_4 ) and ( prop_2 ) happens and continues to happen until ( prop_3 ) , or else ( prop_1 ) .",prop_1 | ((prop_2 & prop_4) U prop_3),((prop_4 & prop_2) U prop_3) | prop_1,True
10551,The scenario that ( prop_1 ) is not detected is equivalent to the scenario that ( prop_2 ) is detected .,!prop_1 <-> prop_2,(!prop_1) <-> prop_2,True
10552,The scenario in which (prop_3) or (prop_2) happens is equivalent to the scenario in which (prop_1) does not happen .,!prop_1 <-> (prop_2 | prop_3),(prop_3 | prop_2) <-> !prop_1,True
10553,"Do ( prop_2 ) and ( prop_1 ), and eventually, make sure to achieve ( prop_3 ).",prop_1 & prop_2 & F prop_3,(prop_1 & prop_2) & F prop_3,True
10554,never ( prop_1 ) and forever ( prop_2 ),G(!prop_1 & G prop_2),G(!prop_1) & G(prop_2),True
10555,"The scenario that ( prop_4 ) should happen if ( prop_2 ) and ( prop_1 ) , and the scenario that ( prop_3 ) should also happen .",prop_3 & ((prop_2 & prop_4) -> prop_1),((prop_2 & prop_1) -> prop_4) & prop_3,False
10556,(prop_2) as you (prop_1).,prop_2 -> prop_1,G(prop_1 -> prop_2),False
10557,"If (prop_3) happens, then (prop_2), but do not do (prop_1) .",!prop_1 & (prop_3 -> prop_2),G(prop_3 -> (!prop_1 & prop_2)),False
10558,(prop_2) is always true if and only if either (prop_3) or (prop_1) is true .,(prop_1 | prop_3) <-> G prop_2,G(prop_2) <-> (prop_3 | prop_1),True
10559,"If it is always the case that whenever ( prop_2 ) is detected then as a response ( prop_1 ) should happen , then ( prop_3 ) .",G(prop_2 -> prop_1) -> prop_3,(G(prop_2 -> F prop_1)) -> prop_3,False
10560,don't ( prop_1 ) can infer that ( prop_2 ),!prop_1 -> prop_2,!prop_1 -> prop_2,True
10561,"The scenario that ( prop_4 ) and ( prop_1 ) should always be detected until ( prop_2 ) is true at some time in the future , and ( prop_3 ) shoud be true .",prop_3 & ((prop_1 & prop_4) U prop_2),((prop_4 & prop_1) U prop_2) & prop_3,True
10562,"Until (prop_3) and (prop_2) happen at the same time, keep (prop_1) from happening .",!prop_3 U (prop_1 & prop_2),(!prop_1) U (prop_2 & prop_3),False
10563,"It is necessary that either the scenario in which ( prop_1 ) is not the case and then ( prop_2 ) , or ( prop_3 ) .",prop_3 | (!prop_1 -> prop_2),G((!prop_1 & FX prop_2) | prop_3),False
10564,when possible ( prop_1 ) and repeatedly ( prop_2 ),F(prop_1 & GF prop_2),GF(prop_1) & GF(prop_2),False
10565,"You should do either (prop_3) or (prop_1), or always do (prop_2) .",prop_1 | prop_3 | G prop_2,(prop_3 | prop_1) | G prop_2,True
10566,It should be the case that at the same time (prop_1) and (prop_2) are true and that (prop_3) is equivalent to (prop_4) .,prop_1 & prop_2 & (prop_3 <-> prop_4),(prop_1 & prop_2) & (prop_3 <-> prop_4),True
10567,"if never ( prop_1 ) , at some time ( prop_2 )",G!prop_1 -> F prop_2,G(!prop_1) -> F(prop_2),True
10568,"The scenario that either ( prop_4 ) or ( prop_1 ) should be detected until ( prop_3 ) , or else ( prop_2 ) .",prop_2 | ((prop_1 | prop_4) U prop_3),((prop_4 | prop_1) U prop_3) | prop_2,True
10569,"If ( prop_3 ) or ( prop_4 ) , and ( prop_2 ) , or that ( prop_1 ) .",prop_1 | (prop_2 & (prop_3 | prop_4)),((prop_3 | prop_4) & prop_2) | prop_1,True
10570,"If at some point (prop_2) happens and is equivalent to (prop_3), or if (prop_1) never happens .",!prop_1 | (prop_3 <-> F prop_2),F(prop_2 & prop_3) | G(!prop_1),False
10571,Keep doing (prop_2) after doing (prop_1),F(prop_2 -> G prop_1),F(prop_1 & G(prop_2)),False
10572,It is not the case that ( prop_3 ) or ( prop_2 ) is detected until ( prop_1 ) is detected .,!(prop_2 | prop_3) U prop_1,!( (prop_3 | prop_2) U prop_1 ),False
10573,"If (prop_3) eventually happens or (prop_1) happens, then (prop_2) should not happen.",(prop_1 | F prop_3) -> !prop_2,(F prop_3 | prop_1) -> G !prop_2,False
10574,"In case that the scenario that ( prop_2 ) takes place and ( prop_1 ) then the following condition is true : at a certain time point in the future before the simulation ends , the transition action that ( prop_4 ) has to be ultimately detected , and until then continuously ( prop_3 ) .",G((prop_1 & prop_2) -> (prop_4 U prop_3)),G((prop_2 & prop_1) -> (prop_3 U prop_4)),False
10575,"( prop_1 ) is not true should be equivalent to the case that ( prop_3 ) is true , and also ( prop_2 ) .",prop_2 & (!prop_1 <-> prop_3),(!prop_1 <-> prop_3) & prop_2,True
10576,"It is not the case that ( prop_2 ) is true , and also ( prop_1 ) is true , and ( prop_3 ) .",prop_1 & !prop_2 & prop_3,!(prop_2) & prop_1 & prop_3,True
10577,( prop_2 ) is equivalent to ( prop_1 ) and ( prop_3 ) is not true .,!prop_3 & (prop_1 <-> prop_2),prop_2 <-> (prop_1 & !prop_3),False
10578,"If (prop_4) then (prop_2) happens, then (prop_1) should be equivalent to (prop_3) .",(prop_4 -> prop_2) -> (prop_1 <-> prop_3),G((prop_4 & F prop_2) -> (prop_1 <-> prop_3)),False
10579,"If (prop_2), then do (prop_3) which is equivalent to saying that (prop_1) should happen eventually .",(prop_2 -> prop_3) <-> F prop_1,prop_2 -> (prop_3 <-> F prop_1),False
10580,"If (prop_2) occurs then do (prop_1), until (prop_4) or (prop_3) happens .",(prop_2 -> prop_1) U (prop_3 | prop_4),G(prop_2 -> (prop_1 U (prop_3 | prop_4))),False
10581,If ( prop_4 ) or ( prop_3 ) is equivalent to ( prop_1 ) then ( prop_2 ) .,(prop_1 <-> (prop_3 | prop_4)) -> prop_2,((prop_4 | prop_3) <-> prop_1) -> prop_2,True
10582,( prop_1 ) until repeatedly ( prop_2 ),prop_1 U GF prop_2,prop_1 U GF prop_2,True
10583,"If (prop_3) is achieved at some point, then either (prop_2) or (prop_1) should have happened .",F prop_3 -> (prop_1 | prop_2),F(prop_3) -> (F(prop_1) | F(prop_2)),False
10584,always ( prop_1 ) and ( prop_2 ),G(prop_1 & prop_2),G(prop_1 & prop_2),True
10585,"If it is the case that for the event that ( prop_4 ) happens then ( prop_1 ) , and this in turn implies ( prop_2 ) , then ( prop_3 ) has to be true .",((prop_4 -> prop_1) -> prop_2) -> prop_3,((prop_4 -> prop_1) & (prop_1 -> prop_2)) -> prop_3,False
10586,"It is equivalent to have ( prop_3 ) if ( prop_4 ) , ( prop_2 ) , or ( prop_1 ) .",prop_1 <-> (prop_2 | prop_3 | prop_4),(prop_4 | prop_2 | prop_1) <-> prop_3,False
10587,Either if (prop_1) then (prop_3) or else not (prop_2) .,!prop_2 | (prop_1 -> prop_3),(prop_1 -> prop_3) | !prop_2,True
10588,always ( prop_1 ) or ( prop_2 ),G(prop_1 | prop_2),G(prop_1 | prop_2),True
10589,"If ( prop_3 ) then ( prop_1 ) , or else ( prop_4 ) , and also ( prop_2 ) .",prop_2 & (prop_4 | (prop_3 -> prop_1)),((prop_3 -> prop_1) | (!prop_3 & prop_4)) & prop_2,False
10590,"It is not the case that ( prop_1 ) happens until ( prop_2 ) , or else ( prop_3 ) .",prop_3 | !(prop_1 U prop_2),!(prop_1 U prop_2) | prop_3,True
10591,"If not (prop_2), then both (prop_1) and (prop_3) .",!prop_2 -> (prop_1 & prop_3),(!prop_2) -> (prop_1 & prop_3),True
10592,"If the occurrence of (prop_3) is equivalent to the occurrence of (prop_1), then it implies that (prop_2) should not happen.",(prop_1 <-> F prop_3) -> !prop_2,(prop_3 <-> prop_1) -> !prop_2,False
10593,The scenario in which ( prop_1 ) does not happen is equivalent to the scenario in which ( prop_3 ) happens and continues until ( prop_2 ) happens .,!prop_1 <-> (prop_3 U prop_2),(!F prop_1) <-> (prop_3 U prop_2),False
10594,"If at some point ( prop_2 ) is equivalent to ( prop_1 ) and this scenario continues to hold until ( prop_4 ) is detected , then ( prop_3 ) .",((prop_1 <-> prop_2) U prop_4) -> prop_3,F((prop_1 <-> prop_2) U prop_4) -> prop_3,False
10595,"On condition that ( prop_2 ) or ( prop_1 ) , then the condition that ( prop_3 ) is n't true .",G((prop_1 | prop_2) -> !G prop_3),G((prop_2 | prop_1) -> !prop_3),False
10596,"It is required that either ( prop_3 ) or ( prop_2 ) happens , and in the same time either ( prop_1 ) or ( prop_4 ) happens .",(prop_2 | prop_3) & (prop_1 | prop_4),((prop_3 | prop_2) & (prop_1 | prop_4)),True
10597,"It is always the case that ( prop_3 ) is not true is equal to ( prop_2 ) is true , and ( prop_1 ) .",prop_1 & G(prop_2 <-> !prop_3),G((!prop_3 <-> prop_2) & prop_1),False
10598,The scenario in which (prop_2) happens and continues until (prop_4) happens is equivalent to the scenario in which (prop_3) happens and then (prop_1) happens .,(prop_3 -> prop_1) <-> (prop_2 U prop_4),(prop_2 U prop_4) <-> (prop_3 & F prop_1),False
10599,"For each time instant in the future ( prop_2 ) happens , is equivalent to the case that ( prop_1 ) and ( prop_3 ) happen at the same time .",(prop_1 & prop_3) <-> G prop_2,G(prop_2 <-> (prop_1 & prop_3)),False
10600,( prop_3 ) or ( prop_2 ) happens is equivalent to the case that if ( prop_4 ) then ( prop_1 ) .,(prop_4 -> prop_1) <-> (prop_2 | prop_3),((prop_3 | prop_2)) <-> (prop_4 -> prop_1),True
10601,"If (prop_3) or (prop_1), then either do (prop_4) or make sure (prop_2) is true .",(prop_1 | prop_3) -> (prop_2 | prop_4),(prop_3 | prop_1) -> (prop_4 | prop_2),True
10602,"If you do not do (prop_1), then you should either do (prop_2) or (prop_3) .",!prop_1 -> (prop_2 | prop_3),(!prop_1 -> (prop_2 | prop_3)),True
10603,"Whenever ( prop_3 ) , and ( prop_2 ) , then the following condition is true : after sometime in the future before ( prop_1 ) .",G((prop_2 & prop_3) -> FG prop_1),G((prop_3 & prop_2) -> F(prop_1)),False
10604,"If (prop_2) occurs and continues until (prop_3), then do (prop_1) and also (prop_4) .",(prop_2 U prop_3) -> (prop_1 & prop_4),(prop_2 U prop_3) -> (prop_1 & prop_4),True
10605,"For each time instant ( prop_3 ) and ( prop_1 ) should be true , or else ( prop_2 ) .",prop_2 | G(prop_1 & prop_3),G((prop_3 & prop_1) | prop_2),False
10606,"If (prop_1) has not occurred yet, then keep waiting until either (prop_2) or (prop_3) happens .",!prop_1 U (prop_2 | prop_3),(!prop_1) -> (!prop_1 U (prop_2 | prop_3)),False
10607,( prop_1 ) and never ( prop_2 ),prop_1 & G!prop_2,prop_1 & G(!prop_2),True
10608,"If ( prop_2 ) happens and continues to happen until ( prop_1 ) is detected is equivalent to ( prop_4 ) , then ( prop_3 ) .",(prop_4 <-> (prop_2 U prop_1)) -> prop_3,((prop_2 U prop_1) <-> prop_4) -> prop_3,True
10609,"Either (prop_1) and (prop_2) happen at the same time, or (prop_3) happens for all time .",(prop_1 & prop_2) | G prop_3,(prop_1 & prop_2) | G prop_3,True
10610,"If ( prop_4 ) is equivalent to ( prop_2 ) and also ( prop_1 ) , then ( prop_3 ) .",(prop_1 & (prop_2 <-> prop_4)) -> prop_3,((prop_4 <-> prop_2) & prop_1) -> prop_3,True
10611,whenever ( prop_1 ) until never ( prop_2 ),F(prop_1 U G!prop_2),G(prop_1 U !prop_2),False
10612,"If it is not the case that ( prop_2 ) is equivalent to ( prop_3 ) , then ( prop_1 ) .",!(prop_2 <-> prop_3) -> prop_1,(!(prop_2 <-> prop_3)) -> prop_1,True
10613,"If ( prop_4 ) is equivalent to ( prop_3 ) or ( prop_1 ) is true , then ( prop_2 ) .",(prop_1 | (prop_3 <-> prop_4)) -> prop_2,((prop_4 <-> prop_3) | prop_1) -> prop_2,True
10614,"If (prop_3) implies (prop_2), then it should always be the case that (prop_1) is true .",(prop_3 -> prop_2) -> G prop_1,(prop_3 -> prop_2) -> G prop_1,True
10615,repeatedly ( prop_1 ) or ( prop_2 ),G(prop_2 | F prop_1),GF(prop_1 | prop_2),False
10616,"Keep (prop_3) true forever, or if (prop_1), then make (prop_2) true .",(prop_1 -> prop_2) | G prop_3,G(prop_3) | G(prop_1 -> F prop_2),False
10617,"If (prop_1) is equivalent to (prop_2), then at some point (prop_3) should happen .",(prop_1 <-> prop_2) -> F prop_3,((prop_1 <-> prop_2) -> F prop_3),True
10618,If (prop_1) then (prop_2) if and only if (prop_4) then (prop_3) .,(prop_1 -> prop_2) <-> (prop_4 -> prop_3),(prop_1 -> (prop_2 <-> (prop_4 -> prop_3))),False
10619,"(prop_2) doesn't happen, or make sure (prop_1) and (prop_3) both happen .",!prop_2 | (prop_1 & prop_3),G(!prop_2) | (F prop_1 & F prop_3),False
10620,"If (prop_2) and (prop_3) happen at the same time, then keep this condition until (prop_1) is not true .",(prop_2 & prop_3) U !prop_1,G((prop_2 & prop_3) -> ((prop_2 & prop_3) U !prop_1)),False
10621,"Either for all time (prop_1), or else not (prop_3) or (prop_2) should be true .",prop_2 | !prop_3 | G prop_1,G(prop_1) | (!prop_3 | prop_2),True
10622,( prop_1 ) can infer that don't ( prop_2 ),prop_1 -> !prop_2,G(prop_1 -> !prop_2),False
10623,If ( prop_3 ) is equivalent to ( prop_1 ) and also ( prop_2 ) .,prop_2 & (prop_1 <-> prop_3),(prop_3 <-> (prop_1 & prop_2)),False
10624,"( prop_2 ) will not happen until ( prop_1 ) is detected , and ( prop_3 ) .",prop_3 & (!prop_2 U prop_1),(!prop_2 U prop_1) & prop_3,True
10625,"In case that ( prop_2 ) happens and implies ( prop_1 ) and this scenario is continued until ( prop_3 ) is detected , and ( prop_4 ) .",prop_4 & ((prop_2 -> prop_1) U prop_3),((prop_2 & (prop_2 -> prop_1)) U prop_3) & prop_4,False
10626,at some time ( prop_1 ) and never ( prop_2 ),F(prop_1 & G!prop_2),F(prop_1) & G(!prop_2),False
10627,"If it is not the case that ( prop_2 ) , or ( prop_3 ) , or ( prop_1 ) .",prop_1 | !prop_2 | prop_3,(!prop_2 | prop_3 | prop_1),True
10628,"If ( prop_2 ) is equivalent to ( prop_1 ) , then ( prop_3 ) , and also ( prop_4 ) .",prop_4 & ((prop_1 <-> prop_2) -> prop_3),((prop_2 <-> prop_1) -> (prop_3 & prop_4)),False
10629,"If it is not the case that at some point ( prop_1 ) happens and continues to happen until ( prop_3 ) is detected , then ( prop_2 ) .",!(prop_1 U prop_3) -> prop_2,!(F(prop_1 U prop_3)) -> prop_2,False
10630,"It is not the case that ( prop_3 ) until ( prop_2 ) happens at some point in the future , which is equivalent to ( prop_1 ) .",prop_1 <-> !(prop_3 U prop_2),(!prop_3 U prop_2) <-> prop_1,False
10631,"Ensure to do (prop_1) and observe (prop_4), and you should keep doing (prop_3) until you also observe (prop_2) .",prop_1 & prop_4 & (prop_3 U prop_2),prop_1 & prop_4 & (prop_3 U prop_2),True
10632,whenever ( prop_1 ) can infer that always ( prop_2 ),F prop_1 -> G prop_2,G(prop_1 -> G prop_2),False
10633,"If at some point ( prop_1 ) or ( prop_4 ) is detected and continues to happen until ( prop_3 ) is detected , then ( prop_2 ) .",((prop_1 | prop_4) U prop_3) -> prop_2,F((prop_1 | prop_4) & ((prop_1 | prop_4) U prop_3)) -> prop_2,False
10634,"If (prop_2) and (prop_4) happen at the same time, then wait until (prop_3) and (prop_1) happen at the same time .",(prop_2 & prop_4) U (prop_1 & prop_3),G((prop_2 & prop_4) -> (! (prop_3 & prop_1) U (prop_3 & prop_1))),False
10635,"It is required that in a future moment ( prop_3 ) and ( prop_1 ) should be equivalent , and that ( prop_2 ) should be always true .",prop_2 & F(prop_1 <-> prop_3),F(prop_3 <-> prop_1) & G(prop_2),False
10636,"If (prop_3) finally happens, then make sure both (prop_2) and (prop_1) happen .",F prop_3 -> (prop_1 & prop_2),F prop_3 -> (F prop_1 & F prop_2),False
10637,"If ( prop_1 ) or ( prop_3 ) then ( prop_2 ) , the above condition is equivalent to ( prop_4 ) .",prop_4 <-> ((prop_1 | prop_3) -> prop_2),G(((prop_1 | prop_3) -> prop_2) <-> prop_4),False
10638,"Globally , whenever there will be a certain time instant in the future before the execution ends , at which ultimately ( prop_1 ) , until then ( prop_3 ) then there must be finally a time in the future before the execution ends , after which in the future till the execution ends ( prop_2 ) .",G((prop_1 U prop_3) -> FG prop_2),G(F(prop_3 U prop_1) -> F(G prop_2)),False
10639,"If at some point ( prop_2 ) happens and continues to happen until ( prop_3 ) is detected , and also ( prop_1 ) , or else ( prop_4 ) .",prop_4 | (prop_1 & (prop_2 U prop_3)),F(prop_2 U (prop_3 & prop_1)) | prop_4,False
10640,"If ( prop_4 ) or ( prop_1 ) happens and continues to happen until ( prop_2 ) is detected , then the scenario is equivalent to ( prop_3 ) .",prop_3 <-> ((prop_1 | prop_4) U prop_2),((prop_4 | prop_1) U prop_2) -> prop_3,False
10641,If ( prop_1 ) then ( prop_2 ) globally and ( prop_3 ) .,prop_3 & G(prop_1 -> prop_2),prop_1 -> (G prop_2 & prop_3),False
10642,While ( prop_1 ) or ( prop_3 ) then the condition that ( prop_2 ) .,G((prop_1 | prop_3) -> !F prop_2),G((prop_1 | prop_3) -> prop_2),False
10643,never ( prop_1 ) until never ( prop_2 ),G(!prop_1 U G!prop_2),(!prop_1) U (!prop_2),False
10644,"If you do either (prop_1) or (prop_3), then you should always do (prop_2) .",(prop_1 | prop_3) -> G prop_2,(prop_1 | prop_3) -> G prop_2,True
10645,don't ( prop_1 ) or ( prop_2 ),!(prop_1 | prop_2),!(prop_1 | prop_2),True
10646,repeatedly ( prop_1 ) and always ( prop_2 ),G(F prop_1 & G prop_2),GF(prop_1) & G(prop_2),True
10647,don't ( prop_1 ) or at some time ( prop_2 ),!(prop_1 | F prop_2),!prop_1 | F prop_2,False
10648,(prop_1).,prop_1,prop_1,True
10649,"At some point in the future, (prop_1) should happen, and either (prop_2) or (prop_3) should also happen.",(prop_2 | prop_3) & F prop_1,F(prop_1 & (prop_2 | prop_3)),False
10650,never ( prop_1 ) and ( prop_2 ),G(!prop_1 & prop_2),G(!(prop_1 & prop_2)),False
10651,whenever ( prop_1 ) and do not ( prop_2 ),F(prop_1 & !prop_2),G((prop_1 & !prop_2) -> (prop_1 & !prop_2)),False
10652,"If (prop_3), then make (prop_1), and (prop_2) and (prop_4) both happen .",prop_2 & prop_4 & (prop_3 -> prop_1),G(prop_3 -> F(prop_1 & prop_2 & prop_4)),False
10653,"If ( prop_1 ) is equivalent to ( prop_2 ) , then ( prop_3 ) should not happen .",(prop_1 <-> prop_2) -> !prop_3,G((prop_1 <-> prop_2) -> !prop_3),False
10654,when possible ( prop_1 ) and forever ( prop_2 ),F(prop_1 & G prop_2),F(prop_1) & G(prop_2),False
10655,"Either ( prop_3 ) or ( prop_1 ) should not happen , and ( prop_2 ) .",prop_2 & !(prop_1 | prop_3),(!prop_3 | !prop_1) & prop_2,False
10656,"You do not do (prop_1), and you should do (prop_2) and (prop_3) .",!prop_1 & prop_2 & prop_3,!prop_1 & prop_2 & prop_3,True
10657,( prop_2 ) implies ( prop_3 ) happening and this scenario will hold until ( prop_1 ) is false .,(prop_2 -> prop_3) U !prop_1,(prop_2 -> prop_3) U !prop_1,True
10658,repeatedly ( prop_1 ) until ( prop_2 ),G(F prop_1 U prop_2),(G(prop_1)) U prop_2,False
10659,"If (prop_1) is always true, then (prop_2) should be equivalent to (prop_3) .",G prop_1 -> (prop_2 <-> prop_3),G(prop_1) -> G(prop_2 <-> prop_3),False
10660,(prop_2) until (prop_1). Then (prop_3).,(prop_2 U prop_1) -> prop_3,(prop_2 U prop_1) & F(prop_3),False
10661,"If ( prop_3 ) leads to ( prop_4 ), or if ( prop_1 ) is equivalent to ( prop_2 ).",(prop_3 -> prop_4) | (prop_1 <-> prop_2),(G(prop_3 -> F prop_4)) | (G(prop_1 <-> prop_2)),False
10662,always ( prop_1 ) or always ( prop_2 ),G(prop_1 | G prop_2),G(prop_1) | G(prop_2),False
10663,If it is not the case that ( prop_2 ) or ( prop_3 ) then ( prop_1 ) .,!(prop_2 | prop_3) -> prop_1,(! (prop_2 | prop_3)) -> prop_1,True
10664,"If (prop_1) and (prop_2) occur, then make sure (prop_3) happens next, and vice versa .",(prop_1 & prop_2) <-> F prop_3,G((prop_1 & prop_2) <-> X prop_3),False
10665,"If any of the following happens: (prop_2) or (prop_3), then (prop_4) should happen and only then (prop_1) .",(prop_2 | prop_3) -> (prop_4 -> prop_1),G((prop_2 | prop_3) -> (F(prop_4 & (!prop_1 U (prop_4 & X prop_1))))),False
10666,"Either ( prop_3 ) is equivalent to ( prop_4 ), or both ( prop_2 ) and ( prop_1 ) are true.",(prop_3 <-> prop_4) | (prop_1 & prop_2),(prop_3 <-> prop_4) | (prop_2 & prop_1),True
10667,"The scenario that ( prop_3 ) and ( prop_4 ) , or ( prop_2 ) should happen at the same time , until the scenario that ( prop_1 ) happens .",(prop_2 | (prop_3 & prop_4)) U prop_1,((prop_3 & prop_4) | prop_2) U prop_1,True
10668,"In case that ( prop_3 ) happens and continues until ( prop_4 ) or else ( prop_2 ) , and also ( prop_1 ) .",prop_1 & (prop_2 | (prop_3 U prop_4)),(prop_3 U (prop_4 | prop_2)) & prop_1,False
10669,never ( prop_1 ) and never ( prop_2 ),G(!prop_1 & G!prop_2),G(!prop_1 & !prop_2),True
10670,"It is not the case that ( prop_2 ) and ( prop_1 ), which is equal to the case that ( prop_3 ) is observed .",prop_3 <-> !(prop_1 & prop_2),!(prop_2 & prop_1) <-> prop_3,True
10671,"If at some point ( prop_2 ) and ( prop_4 ) happens and continues to happen until ( prop_3 ) is detected , then ( prop_1 ) .",((prop_2 & prop_4) U prop_3) -> prop_1,F((prop_2 & prop_4) & ((prop_4 U prop_3) -> prop_1)),False
10672,( prop_2 ) does not happen is equivalent to the scenario in which ( prop_3 ) happens and then ( prop_1 ) happens .,!prop_2 <-> (prop_3 -> prop_1),G(!prop_2) <-> (prop_3 & F prop_1),False
10673,"If you do (prop_1), then you should do (prop_4), and if you do (prop_3), then you should do (prop_2) .",(prop_1 -> prop_4) & (prop_3 -> prop_2),G((prop_1 -> F prop_4) & (prop_3 -> F prop_2)),False
10674,"( prop_1 ) is detected all the time until at some point in the future that ( prop_4 ) is detected, the above condition should be equivalent to the condition that ( prop_2 ), or ( prop_3 ) should be true .",prop_3 | (prop_2 <-> (prop_1 U prop_4)),(prop_1 U prop_4) <-> (prop_2 | prop_3),False
10675,whenever ( prop_1 ) and do not ( prop_2 ),F(prop_1 & !F prop_2),G((prop_1 & !prop_2) -> (prop_1 & !prop_2)),False
10676,"In case that ( prop_2 ) or ( prop_4 ) then ( prop_1 ) should happen , or else ( prop_3 ) .",prop_3 | ((prop_2 | prop_4) -> prop_1),G((prop_2 | prop_4) -> F prop_1) | G(!prop_2 & !prop_4 -> prop_3),False
10677,do not ( prop_1 ) until whenever ( prop_2 ),!(prop_1 U F prop_2),(!prop_1) U prop_2,False
10678,If ( prop_4 ) or ( prop_1 ) then ( prop_2 ) and also ( prop_3 ) .,prop_3 & ((prop_1 | prop_4) -> prop_2),(prop_4 | prop_1) -> (prop_2 & prop_3),False
10679,"If ( prop_1 ) then ( prop_3 ) and also ( prop_2 ) is true , the above scenario is equivalent to ( prop_4 ) .",prop_4 <-> (prop_2 & (prop_1 -> prop_3)),((prop_1 -> (prop_3 & prop_2)) <-> prop_4),False
10680,"If it is not the case that ( prop_2 ) implies ( prop_3 ) should happen, or else ( prop_1 ) should be true .",prop_1 | !(prop_2 -> prop_3),(! (prop_2 -> F prop_3)) | prop_1,False
10681,"If at some point ( prop_2 ) then ( prop_4 ) happens and this scenario will hold until ( prop_1 ) , or else ( prop_3 ) .",prop_3 | ((prop_2 -> prop_4) U prop_1),G(prop_2 -> (prop_4 U prop_1)) | prop_3,False
10682,don't ( prop_1 ) and ( prop_2 ),!(prop_2 & F prop_1),!(prop_1 & prop_2),False
10683,"If (prop_1) doesn't happen, then make sure (prop_2) happens until (prop_3) .",!prop_1 -> (prop_2 U prop_3),!prop_1 -> (prop_2 U prop_3),True
10684,( prop_1 ) or do not ( prop_2 ),prop_1 | !prop_2,prop_1 | !prop_2,True
10685,never ( prop_1 ) or forever ( prop_2 ),G(!prop_1 | G prop_2),G(!prop_1) | G(prop_2),False
10686,"If at some point ( prop_3 ) is equivalent to ( prop_2 ) and this scenario continues until ( prop_1 ) , or else ( prop_4 ) .",prop_4 | ((prop_2 <-> prop_3) U prop_1),F((prop_3 <-> prop_2) U prop_1) | prop_4,False
10687,"if forever ( prop_1 ) , ( prop_2 )",G prop_1 -> prop_2,G(prop_1) -> prop_2,True
10688,repeatedly ( prop_1 ) means that at some time ( prop_2 ),GF prop_1 -> F prop_2,GF prop_1 -> F prop_2,True
10689,"If both ( prop_3 ) and ( prop_1 ) do not happen , then ( prop_2 ) .",!(prop_1 & prop_3) -> prop_2,(!prop_3 & !prop_1) -> prop_2,False
10690,"Globally , during the interval that ( prop_1 ) , then all of the following conditions are true : the transition action that ( prop_2 ) shall eventually happen at a certain time point in the future before the execution ends .",G(prop_1 -> F prop_2),G(prop_1 -> F prop_2),True
10691,"If not (prop_1), then (prop_4), otherwise while (prop_5), do (prop_2) or (prop_3).",(!prop_1 -> prop_4) | (prop_5 -> (prop_2 | prop_3)),(!prop_1 -> prop_4) & (prop_1 -> G(prop_5 -> (prop_2 | prop_3))),False
10692,Either keep (prop_1) until (prop_2) or make sure that (prop_3) is equivalent to (prop_4) .,(prop_3 <-> prop_4) | (prop_1 U prop_2),(prop_1 U prop_2) | G(prop_3 <-> prop_4),False
10693,"In the case ( prop_2 ) and ( prop_3 ) , then the condition that consistently ( prop_1 ) is n't true .",G((prop_2 & prop_3) -> !G prop_1),(prop_2 & prop_3) -> !G(prop_1),False
10694,"Always (prop_1), and at the same time, negation (prop_3) is equivalent to (prop_2) .",(prop_2 <-> !prop_3) & G prop_1,G(prop_1 & (!prop_3 <-> prop_2)),False
10695,"If ( prop_1 ) and ( prop_2 ), then ( prop_6 ) until ( prop_5 ) happens , and ( prop_4 ) until ( prop_3 ) does not happen .",((prop_1 & prop_2) -> (prop_6 U prop_5)) & (prop_4 U !prop_3),(prop_1 & prop_2) -> ((prop_6 U prop_5) & (prop_4 U prop_3)),False
10696,"It is required that at a certain point ( prop_2 ), is equivalent to the scenario in which ( prop_1 ) or ( prop_3 ) happens .",(prop_1 | prop_3) <-> F prop_2,F prop_2 <-> (prop_1 | prop_3),True
10697,forever ( prop_1 ) or repeatedly ( prop_2 ),G(prop_1 | GF prop_2),G(prop_1) | GF(prop_2),True
10698,"If at some point (prop_1) or (prop_3) occurs, then keep doing that until (prop_2) and (prop_4) are equivalent .",(prop_1 | prop_3) U (prop_2 <-> prop_4),F((prop_1 | prop_3) -> ((prop_1 | prop_3) U (prop_2 <-> prop_4))),False
10699,The scenario in which not (prop_2) and (prop_1) is equivalent to the scenario in which (prop_3) is always true .,(prop_1 & !prop_2) <-> G prop_3,(!prop_2 & prop_1) <-> G prop_3,True
10700,If ( prop_3 ) and if ( prop_2 ) then it should be the case that ( prop_1 ) .,(prop_2 & prop_3) -> prop_1,G((prop_3 & prop_2) -> prop_1),False
10701,"If (prop_2) doesn't happen, then make sure (prop_3) and (prop_1) are equivalent .",!prop_2 -> (prop_1 <-> prop_3),G(!prop_2 -> (prop_3 <-> prop_1)),False
10702,"If at some point (prop_2) or (prop_1), then keep doing that until you no longer see (prop_3) .",(prop_1 | prop_2) U !prop_3,F((prop_1 | prop_2) -> ((prop_1 | prop_2) U !prop_3)),False
10703,"Until ( prop_4 ) happens and ( prop_2 ) is true as a result, allow ( prop_3 ) or ( prop_1 ) to occur.",(prop_1 | prop_3) U (prop_4 -> prop_2),(prop_3 | prop_1) U (prop_4 & prop_2),False
10704,"If ( prop_2 ) or if ( prop_4 ) is detected , and if ( prop_3 ) then ( prop_1 ) .",(prop_3 & (prop_2 | prop_4)) -> prop_1,((prop_2 | prop_4) & prop_3) -> prop_1,True
10705,"( prop_2 ) should happen if and only if ( prop_1 ) happens , and at some point ( prop_3 ) happens .",(prop_1 <-> prop_2) & F prop_3,(prop_2 <-> prop_1) & F prop_3,True
10706,"While (prop_1) implies (prop_3), choose either (prop_4) or (prop_2) to happen.",(prop_1 -> prop_3) & (prop_2 | prop_4),(G(prop_1 -> prop_3)) -> (F(prop_4 | prop_2)),False
10707,"Until (prop_2) happens and (prop_3) is true as a result, make sure that both (prop_1) and (prop_4) are true.",(prop_1 & prop_4) U (prop_2 -> prop_3),(prop_1 & prop_4) U (prop_2 & prop_3),False
10708,"For all times, (prop_2) is true if and only if (prop_3) is true if and only if (prop_1) is true.",(prop_1 <-> prop_3) <-> G prop_2,G(prop_2 <-> (prop_3 <-> prop_1)),False
10709,"If it is not the case that ( prop_3 ) or ( prop_1 ) then ( prop_2 ) is true , and vice versa .",prop_2 <-> !(prop_1 | prop_3),(! (prop_3 | prop_1)) <-> prop_2,True
10710,"If (prop_4) is equivalent to (prop_2), then do (prop_1) until (prop_3) .",(prop_2 <-> prop_4) -> (prop_1 U prop_3),(prop_4 <-> prop_2) -> (prop_1 U prop_3),True
10711,"If (prop_4) is equivalent to (prop_2), or if (prop_1) then (prop_3) .",(prop_2 <-> prop_4) | (prop_1 -> prop_3),((prop_4 <-> prop_2) | (prop_1 -> prop_3)),True
10712,"Do (prop_3) and (prop_1) together, and ensure that (prop_2) is happening at all times.",prop_1 & prop_3 & G prop_2,G(prop_1 & prop_2 & prop_3),False
10713,Always (prop_1),G prop_1,G prop_1,True
10714,( prop_1 ) until never ( prop_2 ),prop_1 U G!prop_2,prop_1 U !F prop_2,True
10715,do not ( prop_1 ) and at any time ( prop_2 ),!(F prop_1 & F prop_2),!prop_1 & G prop_2,False
10716,"It is equivalent to have the scenario that ( prop_2 ) if and only if either of the following two conditions is true : the scenario that ( prop_1 ) should lead to ( prop_3 ) , or the scenario that ( prop_4 ) .",prop_4 <-> (prop_3 | (prop_2 -> prop_1)),prop_2 <-> ((G(prop_1 -> F prop_3)) | prop_4),False
10717,"If it is always the case that (prop_1), then (prop_2), then (prop_3) should not happen .",(G prop_1 -> prop_2) -> !prop_3,(G prop_1 -> prop_2) -> G !prop_3,False
10718,forever ( prop_1 ) and always ( prop_2 ),G(prop_1 & G prop_2),G(prop_1) & G(prop_2),True
10719,don't ( prop_1 ) means that whenever ( prop_2 ),!prop_1 -> F prop_2,G(prop_2 -> !prop_1),False
10720,"( prop_4 ) implies ( prop_1 ) , and ( prop_3 ) happens if and only if ( prop_2 ) .",(prop_4 -> prop_1) & (prop_2 <-> prop_3),(prop_4 -> prop_1) & (prop_3 <-> prop_2),True
10721,"First, hold (prop_2) until (prop_1) happens, and at the same time, ensure that (prop_3) happens if and only if (prop_4) happens.",(prop_3 <-> prop_4) & (prop_2 U prop_1),(prop_2 U prop_1) & G(prop_3 <-> prop_4),False
10722,"If you do (prop_3) and observe (prop_1), then you should do (prop_2) soon .",(prop_1 & prop_3) -> F prop_2,G((prop_3 & prop_1) -> F prop_2),False
10723,"You should always do (prop_2), and either you don't do (prop_3) or you do (prop_1) .",(prop_1 | !prop_3) & G prop_2,G(prop_2 & (!prop_3 | prop_1)),False
10724,"It is equivalent if ( prop_3 ) or ( prop_2 ) is detected and ( prop_1 ) is also detected to that ( prop_4 ) happens , and vice versa .",prop_4 <-> (prop_1 & (prop_2 | prop_3)),((prop_3 | prop_2) & prop_1) <-> prop_4,True
10725,don't ( prop_1 ) or do not ( prop_2 ),!(prop_1 | !prop_2),(!prop_1 | !prop_2),False
10726,"If (prop_4) and (prop_3) are both true, then the above condition is equal to either (prop_1) or (prop_2) should also be true .",(prop_3 & prop_4) <-> (prop_1 | prop_2),G((prop_4 & prop_3) -> (prop_1 | prop_2)),False
10727,If at a certain time instant ( prop_2 ) or ( prop_4 ) or ( prop_3 ) is detected then in response ( prop_1 ) should be satisfied .,(prop_2 | prop_3 | prop_4) -> prop_1,G((prop_2 | prop_3 | prop_4) -> prop_1),False
10728,"If ( prop_2 ) is equivalent to ( prop_4 ) , then ( prop_3 ) and ( prop_1 ) .",(prop_2 <-> prop_4) -> (prop_1 & prop_3),((prop_2 <-> prop_4) -> (prop_3 & prop_1)),True
10729,( prop_1 ) and do not ( prop_2 ),prop_1 & !prop_2,prop_1 & !prop_2,True
10730,"If (prop_2) happens and continues until (prop_1), then (prop_3) or (prop_4) should also happen .",(prop_2 U prop_1) -> (prop_3 | prop_4),(prop_2 & (prop_2 U prop_1)) -> F (prop_3 | prop_4),False
10731,"If (prop_3) or (prop_2), then not (prop_1) .",(prop_2 | prop_3) -> !prop_1,G((prop_3 | prop_2) -> !prop_1),False
10732,"If ( prop_4 ) happens and continues to happen until ( prop_2 ) is detected , then ( prop_1 ) , and ( prop_3 ) .",prop_3 & ((prop_4 U prop_2) -> prop_1),(prop_4 U prop_2) -> (prop_1 & prop_3),False
10733,never ( prop_1 ) until ( prop_2 ),G(!prop_1 U prop_2),(!prop_1) U prop_2,False
10734,"If (prop_3) and (prop_2), then (prop_4) and (prop_1) .",(prop_2 & prop_3) -> (prop_1 & prop_4),G((prop_3 & prop_2) -> (prop_4 & prop_1)),False
10735,"It is required that at a certain point ( prop_3 ) is equivalent to ( prop_1 ) , and only then ( prop_2 ) .",F(prop_1 <-> prop_3) -> prop_2,F((prop_3 <-> prop_1) & (!prop_2 U (prop_3 <-> prop_1)) & X prop_2),False
10736,"when never ( prop_1 ) , ( prop_2 )",G!prop_1 -> prop_2,G(!prop_1 -> prop_2),False
10737,finally prop_2 and always do not prop_1,F prop_2 & G!prop_1,F (prop_2 & G !prop_1),False
10738,"At some point ( prop_1 ) happens , or else ( prop_2 ) and ( prop_3 ) should happen .",(prop_2 & prop_3) | F prop_1,F(prop_1) | (prop_2 & prop_3),True
10739,"It is globally always the case that ( prop_2 ) and ( prop_1 ) are not both detected , and at the same time ( prop_3 ) should be observed .",prop_3 & G!(prop_1 & prop_2),G(!(prop_1 & prop_2) & prop_3),False
10740,"If ( prop_3 ) does not happen until ( prop_1 ) is detected , then ( prop_2 ) .",(!prop_3 U prop_1) -> prop_2,(!prop_3 U prop_1) -> prop_2,True
10741,"It is required that ( prop_3 ) continues to happen until ( prop_1 ) , and ( prop_2 ) .",prop_2 & (prop_3 U prop_1),(prop_3 U prop_1) & prop_2,True
10742,"For each time instant either ( prop_3 ) is equivalent to ( prop_1 ) , or else ( prop_2 ) .",prop_2 | G(prop_1 <-> prop_3),G((prop_3 <-> prop_1) | prop_2),False
10743,always ( prop_1 ) until when possible ( prop_2 ),G(prop_1 U F prop_2),prop_1 U prop_2,False
10744,forever ( prop_1 ) and never ( prop_2 ),G(prop_1 & G!prop_2),G(prop_1 & !prop_2),True
10745,"It is not the case that ( prop_2 ) is equivalent to ( prop_1 ) , and this case has continued to happen until at some point ( prop_3 ) happens .",!(prop_1 <-> prop_2) U prop_3,(!(prop_2 <-> prop_1)) U prop_3,True
10746,Do not (prop_1) at this point!,!prop_1,!prop_1,True
10747,repeatedly ( prop_1 ) or forever ( prop_2 ),G(F prop_1 | G prop_2),GF(prop_1) | G(prop_2),False
10748,"If eventually ( prop_1 ) happens and then ( prop_3 ) happens, it implies that ( prop_2 ) should not happen.",(F prop_1 -> prop_3) -> !prop_2,F(prop_1 & F prop_3) -> G(!prop_2),False
10749,"If at some point ( prop_3 ) is not detected and continues to not be detected until ( prop_2 ) is detected , or else ( prop_1 ) .",prop_1 | (!prop_3 U prop_2),F(!prop_3 U prop_2) | prop_1,False
10750,"If ( prop_1 ) then ( prop_4 ) , and ( prop_3 ) , or else ( prop_2 ) .",prop_2 | (prop_3 & (prop_1 -> prop_4)),((prop_1 -> (prop_4 & prop_3)) | prop_2),False
10751,Make sure that (prop_3) happens eventually and that it is equivalent to (prop_1) happening if and only if (prop_2) happens .,(prop_1 <-> prop_2) <-> F prop_3,F prop_3 & (prop_1 <-> prop_2),False
10752,never ( prop_1 ) until at some time ( prop_2 ),G(!prop_1 U F prop_2),(!prop_1) U prop_2,False
10753,repeatedly ( prop_1 ) or repeatedly ( prop_2 ),G(F prop_1 | GF prop_2),GF(prop_1) | GF(prop_2),True
10754,"It is always the case that whenever ( prop_1 ) then all of the following conditions hold : for every moment in the future before the execution ends , finally ( prop_2 ) .",G(prop_1 -> GF prop_2),G(prop_1 -> G F prop_2),True
10755,"It is required that for a time instant when ( prop_3 ) continues to happen until ( prop_2 ) happens , this is equivalent to ( prop_4 ) being true , and ( prop_1 ) .",prop_1 & (prop_4 <-> (prop_3 U prop_2)),(prop_3 U prop_2) <-> (prop_4 & prop_1),False
10756,It is required that at some point ( prop_2 ) or ( prop_4 ) is equivalent to ( prop_3 ) and this scenario will hold until ( prop_1 ) is detected .,(prop_3 <-> (prop_2 | prop_4)) U prop_1,((prop_2 | (prop_4 <-> prop_3)) U prop_1),False
10757,"If ( prop_1 ) is equivalent to ( prop_3 ) , then ( prop_2 ) .",(prop_1 <-> prop_3) -> prop_2,(prop_1 <-> prop_3) -> prop_2,True
10758,If ( prop_3 ) then ( prop_2 ) happens and this scenario continues until if ( prop_1 ) then ( prop_4 ) .,(prop_3 -> prop_2) U (prop_1 -> prop_4),(prop_3 -> prop_2) U (prop_1 -> prop_4),True
10759,"If (prop_4) and (prop_3) happen, then if (prop_2) happens, make sure (prop_1) happens .",(prop_3 & prop_4) -> (prop_2 -> prop_1),G((prop_4 & prop_3) -> G(prop_2 -> F prop_1)),False
10760,"The scenario in which (prop_1) happens and then (prop_4) , is equivalent to the scenario in which (prop_2) and (prop_3) are equal .",(prop_1 -> prop_4) <-> (prop_2 <-> prop_3),(F(prop_1 & F prop_4)) <-> (prop_2 <-> prop_3),False
10761,"It is always the case that either globally ( prop_3 ) or ( prop_1 ) is detected , or else ( prop_2 ) is true .",prop_2 | G(prop_1 | prop_3),G(G prop_3 | prop_1 | prop_2),False
10762,"Either (prop_2) or (prop_3) should happen, or (prop_1) happens if and only if (prop_4) happens.",prop_2 | prop_3 | (prop_1 <-> prop_4),(F prop_2 | F prop_3) | (prop_1 <-> prop_4),False
10763,"The scenario that ( prop_3 ) is false if and only if the scenario that ( prop_1 ) is true, and this should happen until at some time  point in the future that ( prop_2 ) is observed .",(prop_1 <-> !prop_3) U prop_2,((!prop_3 <-> prop_1) U prop_2),True
10764,"Eventually at some point ( prop_1 ) and ( prop_2 ) , or else ( prop_3 ) .",prop_3 | F(prop_1 & prop_2),F(prop_1 & prop_2) | prop_3,True
10765,"( prop_2 ) or ( prop_3 ) , and ( prop_1 ) .",prop_1 & (prop_2 | prop_3),(prop_2 | prop_3) & prop_1,True
10766,"If (prop_2) is equivalent to (prop_1), then (prop_3) implies (prop_4) .",(prop_1 <-> prop_2) -> (prop_3 -> prop_4),((prop_2 <-> prop_1) -> (prop_3 -> prop_4)),True
10767,"Until (prop_1) is equivalent to (prop_3), keep (prop_2) and (prop_4) happen at the same time .",(prop_1 & prop_3) U (prop_2 <-> prop_4),((prop_2 & prop_4) U (prop_1 <-> prop_3)),False
10768,"If ( prop_5 ) and ( prop_3 ), then ( prop_1 ) until ( prop_2 ) does not happen , and ( prop_6 ) until ( prop_4 ) does not happen .",((prop_3 & prop_5) -> (prop_1 U !prop_2)) & (prop_6 U !prop_4),(prop_5 & prop_3) -> (!(prop_1 U prop_2) & !(prop_6 U prop_4)),False
10769,"It is not the case that ( prop_2 ) and ( prop_3 ) , or ( prop_1 ) .",prop_1 | !(prop_2 & prop_3),!(prop_2 & prop_3) | prop_1,True
10770,"when never ( prop_1 ) , repeatedly ( prop_2 )",G!prop_1 -> GF prop_2,G(!prop_1) -> GF(prop_2),True
10771,"If (prop_1) is equivalent to (prop_3), then either (prop_2) or (prop_4) should happen .",(prop_1 <-> prop_3) -> (prop_2 | prop_4),(prop_1 <-> prop_3) -> (F prop_2 | F prop_4),False
10772,"Either ensure that (prop_2) happens eventually, or if (prop_3) does not happen, then make sure (prop_1) happens.",(!prop_3 -> prop_1) | F prop_2,F prop_2 | (!F prop_3 -> F prop_1),False
10773,"If ( prop_3 ) happens and continues until ( prop_2 ) happens , then the scenario in which ( prop_1 ) happens is equivalent to the scenario in which ( prop_4 ) happens .",(prop_3 U prop_2) -> (prop_1 <-> prop_4),(prop_3 U prop_2) -> (prop_1 <-> prop_4),True
10774,"if whenever ( prop_1 ) , repeatedly ( prop_2 )",F prop_1 -> GF prop_2,G(prop_1 -> G prop_2),False
10775,"It is not the case that if ( prop_3 ) then imply ( prop_2 ) , which is equal to ( prop_1 ) .",prop_1 <-> !(prop_3 -> prop_2),!(prop_3 -> (prop_2 <-> prop_1)),False
10776,when possible ( prop_1 ) or do not ( prop_2 ),F(prop_1 | !prop_2),G(prop_1 | !prop_2),False
10777,"If the scenario that ( prop_3 ) is detected then ( prop_2 ) , and ( prop_1 ) , then ( prop_4 ) .",(prop_1 & (prop_3 -> prop_2)) -> prop_4,G((prop_3 & prop_2 & prop_1) -> prop_4),False
10778,"If at some point ( prop_2 ) is equivalent to ( prop_4 ) and this scenario continues until ( prop_3 ) is detected , and ( prop_1 ) .",prop_1 & ((prop_2 <-> prop_4) U prop_3),F((prop_2 <-> prop_4) U prop_3) & prop_1,False
10779,Repeatedly (prop_1),GF prop_1,GF prop_1,True
10780,It is not the case that ( prop_1 ) happens and continues to happen until ( prop_3 ) is detected and also ( prop_2 ) .,!(prop_2 & (prop_1 U prop_3)),!(prop_1 U (prop_3 & prop_2)),False
10781,"It should be the case that either not (prop_3) is equivalent to (prop_2) , or else (prop_1) finally happens .",(prop_2 <-> !prop_3) | F prop_1,(!prop_3 <-> prop_2) | F prop_1,True
10782,"If (prop_3) and (prop_1), then either (prop_2) or (prop_4) .",(prop_1 & prop_3) -> (prop_2 | prop_4),(prop_3 & prop_1) -> (prop_2 | prop_4),True
10783,"If (prop_2) and (prop_1), then (prop_4) should be equivalent to (prop_3) .",(prop_1 & prop_2) -> (prop_3 <-> prop_4),G((prop_2 & prop_1) -> (prop_4 <-> prop_3)),False
10784,( prop_1 ) and always ( prop_2 ),prop_1 & G prop_2,prop_1 & G prop_2,True
10785,"If (prop_1) is observed and (prop_2), then keep doing (prop_4) until you do (prop_3) .",(prop_1 & prop_2) -> (prop_4 U prop_3),G((prop_1 & prop_2) -> (prop_4 U prop_3)),False
10786,It is not the case that either ( prop_3 ) happens and continues to happen until ( prop_1 ) or else ( prop_2 ) .,!(prop_2 | (prop_3 U prop_1)),!( (prop_3 U prop_1) | prop_2 ),True
10787,"If it is the case that ( prop_2 ) or ( prop_3 ) then ( prop_1 ) should be true , then ( prop_4 ) .",((prop_2 | prop_3) -> prop_1) -> prop_4,G((prop_2 | prop_3) -> (prop_1 U prop_4)),False
10788,"If ( prop_3 ) or ( prop_2 ) happens , then the scenario in which ( prop_4 ) happens is equivalent to the scenario in which ( prop_1 ) happens .",(prop_2 | prop_3) -> (prop_1 <-> prop_4),G((prop_3 | prop_2) -> (prop_4 <-> prop_1)),False
10789,"if repeatedly ( prop_1 ) , ( prop_2 )",GF prop_1 -> prop_2,GF(prop_1) -> prop_2,True
10790,"If (prop_4) or (prop_1) happens, then wait until (prop_3) and (prop_2) both happen .",(prop_1 | prop_4) U (prop_2 & prop_3),G((prop_4 | prop_1) -> (! (prop_3 & prop_2) U (prop_3 & prop_2))),False
10791,"If at some point ( prop_1 ) then ( prop_2 ) happens and this scenario continues to hold until ( prop_4 ) is detected , this is equivalent to ( prop_3 ) .",prop_3 <-> ((prop_1 -> prop_2) U prop_4),F(prop_1 -> (prop_2 U prop_4)) <-> prop_3,False
10792,"If finally that ( prop_3 ) is detected then ( prop_1 ) , then ( prop_2 ) .",(F prop_3 -> prop_1) -> prop_2,F(prop_3) -> (prop_1 -> prop_2),False
10793,"At least one of the following scenarios is detected : ( prop_4 ) , or ( prop_2 ) , or ( prop_1 ). And in the meantime, ( prop_3 ) happens .",prop_3 & (prop_1 | prop_2 | prop_4),(prop_4 | prop_2 | prop_1) & prop_3,True
10794,never ( prop_1 ) or never ( prop_2 ),G(!prop_1 | G!prop_2),G(!prop_1) | G(!prop_2),False
10795,whenever ( prop_1 ) or do not ( prop_2 ),F(prop_1 | !F prop_2),G((prop_1 | !prop_2)),False
10796,"It is always the case that if ( prop_3 ) does not happen then ( prop_1 ), and ( prop_2 ) .",prop_2 & G(!prop_3 -> prop_1),G(!prop_3 -> (prop_1 & prop_2)),False
10797,"( prop_1 ) should not happen if ( prop_2 ) does not happen , and ( prop_3 ) should also be true all the time . ",(!prop_1 -> !prop_2) & G prop_3,G(!prop_2 -> !prop_1) & G(prop_3),False
10798,"Start by (prop_2). Then, (prop_1). Lastly, (prop_3).",(prop_2 U prop_1) U prop_3,prop_2 & X(F(prop_1 & F prop_3)),False
10799,"If you do not do (prop_1), then if you do (prop_3) you should also do (prop_2) .",!prop_1 -> (prop_3 -> prop_2),G(!prop_1 -> (prop_3 -> prop_2)),False
10800,"If either ( prop_3 ) or ( prop_1 ) happens, then both ( prop_4 ) and ( prop_2 ) should happen.",(prop_1 | prop_3) -> (prop_2 & prop_4),G((prop_3 | prop_1) -> F(prop_4 & prop_2)),False
10801,do not ( prop_1 ) and don't ( prop_2 ),!(prop_1 & !prop_2),(!prop_1 & !prop_2),False
10802,"It is not the case that ( prop_3 ) is happening until ( prop_1 ) happens at some point in the future , and ( prop_2 ) .",prop_2 & !(prop_3 U prop_1),!(prop_3 U prop_1) & prop_2,True
10803,"Either ( prop_3 ) and ( prop_4 ) both happen, or ( prop_2 ) occurs and continues until ( prop_1 ) takes place.",(prop_3 & prop_4) | (prop_2 U prop_1),(prop_3 & prop_4) | (prop_2 U prop_1),True
10804,"If (prop_1) or (prop_3), make sure (prop_2) eventually happens .",(prop_1 | prop_3) -> F prop_2,G((prop_1 | prop_3) -> F prop_2),False
10805,"( prop_2 ) happens if ( prop_1 ) does not happen , and ( prop_3 ) should also be true all the time . ",(!prop_2 -> prop_1) & G prop_3,(!prop_1 -> prop_2) & G prop_3,True
10806,don't ( prop_1 ) and ( prop_2 ),!(prop_1 & prop_2),!(prop_1 & prop_2),True
10807,"Both scenarios should happen: either ( prop_4 ) or ( prop_3 ), and simultaneously, ( prop_1 ) and ( prop_2 ).",prop_1 & prop_2 & (prop_3 | prop_4),((prop_4 | prop_3) & (prop_1 & prop_2)),True
10808,"For each time instant in the future either it is not the case that ( prop_3 ) or else ( prop_1 ) , or else ( prop_2 ) .",prop_1 | prop_2 | G!prop_3,G(!prop_3 | prop_1 | prop_2),False
10809,"If (prop_1) leads to (prop_4), then both (prop_3) and (prop_2) must happen.",(prop_1 -> prop_4) -> (prop_2 & prop_3),(G(prop_1 -> F prop_4)) -> (F prop_3 & F prop_2),False
10810,It is not the case that ( prop_1 ) happens and continues to happen until ( prop_2 ) is detected is equivalent to ( prop_3 ) .,!(prop_3 <-> (prop_1 U prop_2)),!(prop_1 U prop_2) <-> prop_3,True
10811,"If ( prop_3 ) and ( prop_4 ) and ( prop_2 ) , or else ( prop_1 ) .",prop_1 | (prop_2 & prop_3 & prop_4),((prop_3 & prop_4 & prop_2) | prop_1),True
10812,If it is equivalent to have ( prop_4 ) and ( prop_1 ) or to have ( prop_3 ) then ( prop_2 ) .,(prop_3 <-> (prop_1 & prop_4)) -> prop_2,((prop_4 & prop_1) | prop_3) -> prop_2,False
10813,( prop_1 ) or don't ( prop_2 ),prop_1 | !F prop_2,prop_1 | !prop_2,False
10814,"Avoid ( prop_2 ) happening until the point when ( prop_3 ) is true and, as a result, ( prop_1 ) is also true.",!prop_2 U (prop_3 -> prop_1),(!prop_2) U (prop_3 & prop_1),False
